type,close,button,739,16,31,31
type,slider,slider,744,47,22,534
type,base,base,0,0,800,600
file,close,backlog@close%button;on,0,0,31,31,on
file,close,backlog@close%button;over,0,0,31,31,over
file,close,backlog@close%button;normal,0,0,31,31,normal
file,slider,backlog@slider%slider;on,0,0,22,23,on
file,slider,backlog@slider%slider;over,0,0,22,23,over
file,slider,backlog@slider%slider;normal,0,0,22,23,normal
file,slider,backlog@slider%slider;nosave,0,0,22,534,nosave
file,base,backlog@base%base;text;nosave,23,51,706,514,text,nosave
file,base,backlog@base%base,0,0,800,600,
