type,disable4,layer,273,149,254,68
type,disable10,layer,273,302,254,68
type,allbtns,cref,10,72,780,502
type,ch0,button,10,72,254,68
type,ch1,button,273,72,254,68
type,ch2,button,536,72,254,68
type,ch3,button,10,149,254,68
type,ch4,button,273,149,254,68
type,ch5,button,536,149,254,68
type,ch6,button,10,225,254,68
type,ch7,button,273,225,254,68
type,ch8,button,536,225,254,68
type,ch9,button,10,302,254,68
type,ch10,button,273,302,254,68
type,ch11,button,536,302,254,68
type,ch12,button,10,380,254,68
type,ch13,button,273,380,254,68
type,ch14,button,536,380,254,68
type,ch15,button,10,457,254,68
type,ch16,button,273,457,254,68
type,ch17,button,536,457,254,68
type,ok,button,325,536,151,38
type,base,base,0,0,800,600
file,disable4,chselect@disable4%layer,0,0,254,68,
file,disable10,chselect@disable10%layer,0,0,254,68,
file,allbtns,chselect@allbtns%cref;on,0,0,780,502,on
file,allbtns,chselect@allbtns%cref;over,0,0,780,502,over
file,allbtns,chselect@allbtns%cref;normal,0,0,780,502,normal
file,ch0,chselect@ch0%button;nosave,0,0,254,68,nosave
file,ch1,chselect@ch1%button;nosave,0,0,254,68,nosave
file,ch2,chselect@ch2%button;nosave,0,0,254,68,nosave
file,ch3,chselect@ch3%button;nosave,0,0,254,68,nosave
file,ch4,chselect@ch4%button;nosave,0,0,254,68,nosave
file,ch5,chselect@ch5%button;nosave,0,0,254,68,nosave
file,ch6,chselect@ch6%button;nosave,0,0,254,68,nosave
file,ch7,chselect@ch7%button;nosave,0,0,254,68,nosave
file,ch8,chselect@ch8%button;nosave,0,0,254,68,nosave
file,ch9,chselect@ch9%button;nosave,0,0,254,68,nosave
file,ch10,chselect@ch10%button;nosave,0,0,254,68,nosave
file,ch11,chselect@ch11%button;nosave,0,0,254,68,nosave
file,ch12,chselect@ch12%button;nosave,0,0,254,68,nosave
file,ch13,chselect@ch13%button;nosave,0,0,254,68,nosave
file,ch14,chselect@ch14%button;nosave,0,0,254,68,nosave
file,ch15,chselect@ch15%button;nosave,0,0,254,68,nosave
file,ch16,chselect@ch16%button;nosave,0,0,254,68,nosave
file,ch17,chselect@ch17%button;nosave,0,0,254,68,nosave
file,ok,chselect@ok%button;nosave,0,0,151,38,nosave
file,base,chselect@base%base,0,0,800,600,
