type,offlabel0,layer,110,106,54,18
type,allchar,cref,10,79,782,333
type,ch0,button,10,79,154,45
type,ch1,button,167,79,154,45
type,ch2,button,324,79,154,45
type,ch3,button,481,79,154,45
type,ch4,button,638,79,154,45
type,ch5,button,10,127,154,45
type,ch6,button,167,127,154,45
type,ch7,button,324,127,154,45
type,ch8,button,481,127,154,45
type,ch9,button,638,127,154,45
type,ch10,button,10,175,154,45
type,ch11,button,167,175,154,45
type,ch12,button,324,175,154,45
type,ch13,button,481,175,154,45
type,ch14,button,638,175,154,45
type,ch15,button,10,223,154,45
type,ch16,button,167,223,154,45
type,ch17,button,324,223,154,45
type,ch18,button,481,223,154,45
type,ch19,button,638,223,154,45
type,ch20,button,10,271,154,45
type,ch21,button,167,271,154,45
type,ch22,button,324,271,154,45
type,ch23,button,481,271,154,45
type,ch24,button,638,271,154,45
type,ch25,button,10,319,154,45
type,ch26,button,167,319,154,45
type,ch27,button,324,319,154,45
type,ch28,button,481,319,154,45
type,ch29,button,638,319,154,45
type,ch30,button,10,367,154,45
type,ch31,button,167,367,154,45
type,ch32,button,324,367,154,45
type,chv_on,button,234,468,154,18
type,chv_off,button,412,468,154,18
type,chv_test,button,190,494,30,29
type,chvolume,slider,226,497,351,23
type,chname,layer,238,432,329,22
type,allsys,cref,161,562,607,23
type,shortcut,button,154,561,161,24
type,init,button,318,561,111,24
type,back,button,432,561,108,24
type,title,button,543,561,122,24
type,exit,button,668,561,105,24
type,alltabs,cref,476,25,273,33
type,tab_system,button,476,25,132,33
type,tab_voice,button,617,25,132,33
type,base,base,0,0,800,600
file,offlabel0,config_voice@offlabel0%layer,0,0,54,18,
file,allchar,config_voice@allchar%cref;on,0,0,782,333,on
file,allchar,config_voice@allchar%cref;over,0,0,782,333,over
file,allchar,config_voice@allchar%cref;normal,0,0,782,333,normal
file,ch0,config_voice@ch0%button;nosave,0,0,154,45,nosave
file,ch1,config_voice@ch1%button;nosave,0,0,154,45,nosave
file,ch2,config_voice@ch2%button;nosave,0,0,154,45,nosave
file,ch3,config_voice@ch3%button;nosave,0,0,154,45,nosave
file,ch4,config_voice@ch4%button;nosave,0,0,154,45,nosave
file,ch5,config_voice@ch5%button;nosave,0,0,154,45,nosave
file,ch6,config_voice@ch6%button;nosave,0,0,154,45,nosave
file,ch7,config_voice@ch7%button;nosave,0,0,154,45,nosave
file,ch8,config_voice@ch8%button;nosave,0,0,154,45,nosave
file,ch9,config_voice@ch9%button;nosave,0,0,154,45,nosave
file,ch10,config_voice@ch10%button;nosave,0,0,154,45,nosave
file,ch11,config_voice@ch11%button;nosave,0,0,154,45,nosave
file,ch12,config_voice@ch12%button;nosave,0,0,154,45,nosave
file,ch13,config_voice@ch13%button;nosave,0,0,154,45,nosave
file,ch14,config_voice@ch14%button;nosave,0,0,154,45,nosave
file,ch15,config_voice@ch15%button;nosave,0,0,154,45,nosave
file,ch16,config_voice@ch16%button;nosave,0,0,154,45,nosave
file,ch17,config_voice@ch17%button;nosave,0,0,154,45,nosave
file,ch18,config_voice@ch18%button;nosave,0,0,154,45,nosave
file,ch19,config_voice@ch19%button;nosave,0,0,154,45,nosave
file,ch20,config_voice@ch20%button;nosave,0,0,154,45,nosave
file,ch21,config_voice@ch21%button;nosave,0,0,154,45,nosave
file,ch22,config_voice@ch22%button;nosave,0,0,154,45,nosave
file,ch23,config_voice@ch23%button;nosave,0,0,154,45,nosave
file,ch24,config_voice@ch24%button;nosave,0,0,154,45,nosave
file,ch25,config_voice@ch25%button;nosave,0,0,154,45,nosave
file,ch26,config_voice@ch26%button;nosave,0,0,154,45,nosave
file,ch27,config_voice@ch27%button;nosave,0,0,154,45,nosave
file,ch28,config_voice@ch28%button;nosave,0,0,154,45,nosave
file,ch29,config_voice@ch29%button;nosave,0,0,154,45,nosave
file,ch30,config_voice@ch30%button;nosave,0,0,154,45,nosave
file,ch31,config_voice@ch31%button;nosave,0,0,154,45,nosave
file,ch32,config_voice@ch32%button;nosave,0,0,154,45,nosave
file,chv_on,config_voice@chv__on%button;on,0,0,154,18,on
file,chv_on,config_voice@chv__on%button;over,0,0,154,18,over
file,chv_on,config_voice@chv__on%button;normal,0,0,154,18,normal
file,chv_off,config_voice@chv__off%button;on,0,0,154,18,on
file,chv_off,config_voice@chv__off%button;over,0,0,154,18,over
file,chv_off,config_voice@chv__off%button;normal,0,0,154,18,normal
file,chv_test,config_voice@chv__test%button;on,0,0,30,29,on
file,chv_test,config_voice@chv__test%button;over,0,0,30,29,over
file,chv_test,config_voice@chv__test%button;normal,0,0,30,29,normal
file,chvolume,config_voice@chvolume%slider;on,0,0,22,23,on
file,chvolume,config_voice@chvolume%slider;over,0,0,22,23,over
file,chvolume,config_voice@chvolume%slider;normal,0,0,22,23,normal
file,chvolume,config_voice@chvolume%slider;nosave,0,0,351,23,nosave
file,chname,config_voice@chname%layer;0,76,0,176,21,0
file,chname,config_voice@chname%layer;1,77,0,175,21,1
file,chname,config_voice@chname%layer;2,54,0,221,22,2
file,chname,config_voice@chname%layer;3,61,0,206,22,3
file,chname,config_voice@chname%layer;4,62,0,205,22,4
file,chname,config_voice@chname%layer;5,54,0,221,22,5
file,chname,config_voice@chname%layer;6,61,0,206,22,6
file,chname,config_voice@chname%layer;7,69,0,190,22,7
file,chname,config_voice@chname%layer;8,69,0,190,22,8
file,chname,config_voice@chname%layer;9,61,0,206,22,9
file,chname,config_voice@chname%layer;10,61,0,206,21,10
file,chname,config_voice@chname%layer;11,61,0,206,22,11
file,chname,config_voice@chname%layer;12,61,0,206,21,12
file,chname,config_voice@chname%layer;13,54,0,221,22,13
file,chname,config_voice@chname%layer;14,61,0,206,22,14
file,chname,config_voice@chname%layer;15,61,0,206,22,15
file,chname,config_voice@chname%layer;16,53,0,222,22,16
file,chname,config_voice@chname%layer;17,0,0,329,22,17
file,chname,config_voice@chname%layer;18,54,0,221,22,18
file,chname,config_voice@chname%layer;19,61,0,206,22,19
file,chname,config_voice@chname%layer;20,61,0,206,22,20
file,chname,config_voice@chname%layer;21,53,0,222,22,21
file,chname,config_voice@chname%layer;22,77,0,175,22,22
file,chname,config_voice@chname%layer;23,54,0,221,22,23
file,chname,config_voice@chname%layer;24,61,0,206,22,24
file,chname,config_voice@chname%layer;25,54,0,221,21,25
file,chname,config_voice@chname%layer;26,76,0,176,22,26
file,chname,config_voice@chname%layer;27,61,0,206,22,27
file,chname,config_voice@chname%layer;28,54,0,221,22,28
file,chname,config_voice@chname%layer;29,61,0,206,22,29
file,chname,config_voice@chname%layer;30,61,0,206,22,30
file,chname,config_voice@chname%layer;31,46,0,236,22,31
file,chname,config_voice@chname%layer;32,46,0,236,22,32
file,allsys,config_voice@allsys%cref;on,0,0,607,23,on
file,allsys,config_voice@allsys%cref;over,0,0,607,23,over
file,allsys,config_voice@allsys%cref;normal,0,0,606,23,normal
file,shortcut,config_voice@shortcut%button;nosave,0,0,161,24,nosave
file,init,config_voice@init%button;nosave,0,0,111,24,nosave
file,back,config_voice@back%button;nosave,0,0,108,24,nosave
file,title,config_voice@title%button;nosave,0,0,122,24,nosave
file,exit,config_voice@exit%button;nosave,0,0,105,24,nosave
file,alltabs,config_voice@alltabs%cref;on,0,0,273,33,on
file,alltabs,config_voice@alltabs%cref;over,0,0,273,33,over
file,alltabs,config_voice@alltabs%cref;normal,0,0,273,33,normal
file,tab_system,config_voice@tab__system%button;nosave,0,0,132,33,nosave
file,tab_voice,config_voice@tab__voice%button;nosave,0,0,132,33,nosave
file,base,config_voice@base%base,0,0,800,600,
