type,item0,button,11,71,190,27
type,item1,button,207,71,190,27
type,item2,button,403,71,190,27
type,item3,button,599,71,190,27
type,item4,button,11,106,190,27
type,item5,button,207,106,190,27
type,item6,button,403,106,190,27
type,item7,button,599,106,190,27
type,item8,button,11,141,190,27
type,item9,button,207,141,190,27
type,item10,button,403,141,190,27
type,item11,button,599,141,190,27
type,item12,button,11,176,190,27
type,item13,button,207,176,190,27
type,item14,button,403,176,190,27
type,item15,button,599,176,190,27
type,item16,button,11,211,190,27
type,item17,button,207,211,190,27
type,item18,button,403,211,190,27
type,item19,button,599,211,190,27
type,item20,button,11,246,190,27
type,item21,button,207,246,190,27
type,item22,button,403,246,190,27
type,item23,button,599,246,190,27
type,item24,button,11,281,190,27
type,item25,button,207,281,190,27
type,item26,button,403,281,190,27
type,item27,button,599,281,190,27
type,item28,button,11,316,190,27
type,item29,button,207,316,190,27
type,item30,button,403,316,190,27
type,item31,button,599,316,190,27
type,item32,button,11,351,190,27
type,item33,button,207,351,190,27
type,item34,button,403,351,190,27
type,item35,button,599,351,190,27
type,item36,button,11,386,190,27
type,item37,button,207,386,190,27
type,item38,button,403,386,190,27
type,item39,button,599,386,190,27
type,item40,button,11,421,190,27
type,item41,button,207,421,190,27
type,item42,button,403,421,190,27
type,item43,button,599,421,190,27
type,allitems,cref,11,71,778,377
type,sel_fd,button,392,459,67,39
type,sel_sin,button,392,459,67,39
type,sel_cn,button,392,459,67,39
type,sel_ms,button,392,459,67,39
type,sel_all,button,392,459,67,39
type,all,button,463,459,67,39
type,rnd,button,463,459,67,39
type,one,button,463,459,67,39
type,rep,button,463,459,67,39
type,allctrls,cref,391,459,344,66
type,pprev,button,545,459,40,39
type,playpause,toggle,595,459,40,39
type,stop,button,645,459,40,39
type,pnext,button,695,459,40,39
type,volume,slider,391,502,351,23
type,allsys,cref,291,580,493,19
type,tab_graphic,button,284,575,92,25
type,tab_stand,button,379,575,94,25
type,tab_sound,button,476,575,68,25
type,tab_replay,button,547,575,134,25
type,back,button,684,575,107,25
type,allpages,cref,174,14,621,35
type,page0,button,174,14,153,35
type,page1,button,330,14,153,35
type,page2,button,486,14,153,35
type,page3,button,642,14,153,35
type,speana,layer,45,481,256,53
type,base,base,0,0,800,600
file,item0,extra_sound@item0%button;nosave,0,0,190,27,nosave
file,item1,extra_sound@item1%button;nosave,0,0,190,27,nosave
file,item2,extra_sound@item2%button;nosave,0,0,190,27,nosave
file,item3,extra_sound@item3%button;nosave,0,0,190,27,nosave
file,item4,extra_sound@item4%button;nosave,0,0,190,27,nosave
file,item5,extra_sound@item5%button;nosave,0,0,190,27,nosave
file,item6,extra_sound@item6%button;nosave,0,0,190,27,nosave
file,item7,extra_sound@item7%button;nosave,0,0,190,27,nosave
file,item8,extra_sound@item8%button;nosave,0,0,190,27,nosave
file,item9,extra_sound@item9%button;nosave,0,0,190,27,nosave
file,item10,extra_sound@item10%button;nosave,0,0,190,27,nosave
file,item11,extra_sound@item11%button;nosave,0,0,190,27,nosave
file,item12,extra_sound@item12%button;nosave,0,0,190,27,nosave
file,item13,extra_sound@item13%button;nosave,0,0,190,27,nosave
file,item14,extra_sound@item14%button;nosave,0,0,190,27,nosave
file,item15,extra_sound@item15%button;nosave,0,0,190,27,nosave
file,item16,extra_sound@item16%button;nosave,0,0,190,27,nosave
file,item17,extra_sound@item17%button;nosave,0,0,190,27,nosave
file,item18,extra_sound@item18%button;nosave,0,0,190,27,nosave
file,item19,extra_sound@item19%button;nosave,0,0,190,27,nosave
file,item20,extra_sound@item20%button;nosave,0,0,190,27,nosave
file,item21,extra_sound@item21%button;nosave,0,0,190,27,nosave
file,item22,extra_sound@item22%button;nosave,0,0,190,27,nosave
file,item23,extra_sound@item23%button;nosave,0,0,190,27,nosave
file,item24,extra_sound@item24%button;nosave,0,0,190,27,nosave
file,item25,extra_sound@item25%button;nosave,0,0,190,27,nosave
file,item26,extra_sound@item26%button;nosave,0,0,190,27,nosave
file,item27,extra_sound@item27%button;nosave,0,0,190,27,nosave
file,item28,extra_sound@item28%button;nosave,0,0,190,27,nosave
file,item29,extra_sound@item29%button;nosave,0,0,190,27,nosave
file,item30,extra_sound@item30%button;nosave,0,0,190,27,nosave
file,item31,extra_sound@item31%button;nosave,0,0,190,27,nosave
file,item32,extra_sound@item32%button;nosave,0,0,190,27,nosave
file,item33,extra_sound@item33%button;nosave,0,0,190,27,nosave
file,item34,extra_sound@item34%button;nosave,0,0,190,27,nosave
file,item35,extra_sound@item35%button;nosave,0,0,190,27,nosave
file,item36,extra_sound@item36%button;nosave,0,0,190,27,nosave
file,item37,extra_sound@item37%button;nosave,0,0,190,27,nosave
file,item38,extra_sound@item38%button;nosave,0,0,190,27,nosave
file,item39,extra_sound@item39%button;nosave,0,0,190,27,nosave
file,item40,extra_sound@item40%button;nosave,0,0,190,27,nosave
file,item41,extra_sound@item41%button;nosave,0,0,190,27,nosave
file,item42,extra_sound@item42%button;nosave,0,0,190,27,nosave
file,item43,extra_sound@item43%button;nosave,0,0,190,27,nosave
file,allitems,extra_sound@allitems%cref;p0on,0,0,778,272,p0on
file,allitems,extra_sound@allitems%cref;p0ov,0,0,778,272,p0ov
file,allitems,extra_sound@allitems%cref;p0nm,0,0,778,272,p0nm
file,allitems,extra_sound@allitems%cref;p1on,0,0,778,377,p1on
file,allitems,extra_sound@allitems%cref;p1ov,0,0,778,377,p1ov
file,allitems,extra_sound@allitems%cref;p1nm,0,0,778,377,p1nm
file,allitems,extra_sound@allitems%cref;p2on,0,0,778,342,p2on
file,allitems,extra_sound@allitems%cref;p2ov,0,0,778,342,p2ov
file,allitems,extra_sound@allitems%cref;p2nm,0,0,778,342,p2nm
file,allitems,extra_sound@allitems%cref;p3on,0,0,778,97,p3on
file,allitems,extra_sound@allitems%cref;p3ov,0,0,778,97,p3ov
file,allitems,extra_sound@allitems%cref;p3nm,0,0,778,97,p3nm
file,sel_fd,extra_sound@sel__fd%button;on,0,0,67,39,on
file,sel_fd,extra_sound@sel__fd%button;over,0,0,67,39,over
file,sel_fd,extra_sound@sel__fd%button;normal,0,0,67,39,normal
file,sel_sin,extra_sound@sel__sin%button;on,0,0,67,39,on
file,sel_sin,extra_sound@sel__sin%button;over,0,0,67,39,over
file,sel_sin,extra_sound@sel__sin%button;normal,0,0,67,39,normal
file,sel_cn,extra_sound@sel__cn%button;on,0,0,67,39,on
file,sel_cn,extra_sound@sel__cn%button;over,0,0,67,39,over
file,sel_cn,extra_sound@sel__cn%button;normal,0,0,67,39,normal
file,sel_ms,extra_sound@sel__ms%button;on,0,0,67,39,on
file,sel_ms,extra_sound@sel__ms%button;normal,0,0,67,39,normal
file,sel_ms,extra_sound@sel__ms%button;over,0,0,67,39,over
file,sel_all,extra_sound@sel__all%button;on,0,0,67,39,on
file,sel_all,extra_sound@sel__all%button;over,0,0,67,39,over
file,sel_all,extra_sound@sel__all%button;normal,0,0,67,39,normal
file,all,extra_sound@all%button;on,0,0,67,39,on
file,all,extra_sound@all%button;over,0,0,67,39,over
file,all,extra_sound@all%button;normal,0,0,67,39,normal
file,rnd,extra_sound@rnd%button;on,0,0,67,39,on
file,rnd,extra_sound@rnd%button;over,0,0,67,39,over
file,rnd,extra_sound@rnd%button;normal,0,0,67,39,normal
file,one,extra_sound@one%button;on,0,0,67,39,on
file,one,extra_sound@one%button;over,0,0,67,39,over
file,one,extra_sound@one%button;normal,0,0,67,39,normal
file,rep,extra_sound@rep%button;on,0,0,67,39,on
file,rep,extra_sound@rep%button;over,0,0,67,39,over
file,rep,extra_sound@rep%button;normal,0,0,67,39,normal
file,allctrls,extra_sound@allctrls%cref;on;on,204,0,40,39,on,on
file,allctrls,extra_sound@allctrls%cref;over;on,204,0,40,39,over,on
file,allctrls,extra_sound@allctrls%cref;normal;on,204,0,40,39,normal,on
file,allctrls,extra_sound@allctrls%cref;on,0,0,344,66,on
file,allctrls,extra_sound@allctrls%cref;over,0,0,344,66,over
file,allctrls,extra_sound@allctrls%cref;normal,0,0,344,66,normal
file,pprev,extra_sound@pprev%button;nosave,0,0,40,39,nosave
file,playpause,extra_sound@playpause%toggle;nosave,0,0,40,39,nosave
file,stop,extra_sound@stop%button;nosave,0,0,40,39,nosave
file,pnext,extra_sound@pnext%button;nosave,0,0,40,39,nosave
file,volume,extra_sound@volume%slider;on,0,0,22,23,on
file,volume,extra_sound@volume%slider;over,0,0,22,23,over
file,volume,extra_sound@volume%slider;normal,0,0,22,23,normal
file,volume,extra_sound@volume%slider;nosave,0,0,351,23,nosave
file,allsys,extra_sound@allsys%cref;normal;on,0,0,493,19,normal,on
file,allsys,extra_sound@allsys%cref;on,0,0,493,19,on
file,allsys,extra_sound@allsys%cref;over,0,0,493,19,over
file,allsys,extra_sound@allsys%cref;normal,0,0,493,19,normal
file,tab_graphic,extra_sound@tab__graphic%button;nosave,0,0,92,25,nosave
file,tab_stand,extra_sound@tab__stand%button;nosave,0,0,94,25,nosave
file,tab_sound,extra_sound@tab__sound%button;nosave,0,0,68,25,nosave
file,tab_replay,extra_sound@tab__replay%button;nosave,0,0,134,25,nosave
file,back,extra_sound@back%button;nosave,0,0,107,25,nosave
file,allpages,extra_sound@allpages%cref;on,0,0,621,35,on
file,allpages,extra_sound@allpages%cref;over,0,0,621,35,over
file,allpages,extra_sound@allpages%cref;normal,0,5,621,30,normal
file,page0,extra_sound@page0%button;nosave,0,0,153,35,nosave
file,page1,extra_sound@page1%button;nosave,0,0,153,35,nosave
file,page2,extra_sound@page2%button;nosave,0,0,153,35,nosave
file,page3,extra_sound@page3%button;nosave,0,0,153,35,nosave
file,speana,extra_sound@speana%layer;nosave,0,0,256,53,nosave
file,base,extra_sound@base%base,0,0,800,600,
