type,dress0,button,7,298,39,25
type,dress1,button,48,298,39,25
type,dress4,button,48,298,39,25
type,dress2,button,89,298,39,25
type,dress3,button,130,298,39,25
type,dress5,button,130,298,39,25
type,pose0,button,7,330,27,25
type,pose1,button,36,330,27,25
type,pose2,button,65,330,27,25
type,level0,button,7,362,27,25
type,level1,button,36,362,27,25
type,reset,button,7,394,53,25
type,lock,toggle,62,394,53,25
type,allsty,cref,7,298,162,121
type,style,layer,6,310,194,132
type,allctrl,cref,625,3,172,52
type,bg_prev,button,625,3,28,25
type,bg_select,button,654,3,28,25
type,bg_next,button,683,3,28,25
type,time_select,button,712,3,28,25
type,random,button,741,3,28,25
type,hide,button,770,3,28,25
type,msgedit,button,654,30,28,25
type,msgtgl,toggle,683,30,57,25
type,capture,button,741,30,28,25
type,help,button,770,30,28,25
type,allsys,cref,291,580,493,19
type,tab_graphic,button,284,575,92,25
type,tab_stand,button,379,575,94,25
type,tab_sound,button,476,575,68,25
type,tab_replay,button,547,575,134,25
type,back,button,684,575,107,25
type,allch_grp0,cref,3,65,59,227
type,ch0,toggle,3,65,59,22
type,ch1,toggle,3,88,59,22
type,ch2,toggle,3,111,59,22
type,ch3,toggle,3,134,59,22
type,ch4,toggle,3,157,59,22
type,ch5,toggle,3,180,59,22
type,ch6,toggle,3,203,59,22
type,ch7,toggle,3,226,59,22
type,ch8,toggle,3,249,59,22
type,ch9,toggle,3,272,59,22
type,allch_grp1,cref,3,65,150,228
type,ch10,toggle,3,65,59,22
type,ch11,toggle,3,88,59,22
type,ch12,toggle,3,111,59,22
type,ch13,toggle,3,134,59,22
type,ch14,toggle,3,157,59,22
type,ch15,toggle,3,180,59,22
type,ch16,toggle,3,203,59,22
type,ch17,toggle,3,226,59,22
type,ch18,toggle,3,249,59,22
type,ch19,toggle,3,272,59,22
type,ch20,toggle,81,65,72,22
type,ch21,toggle,81,88,59,22
type,ch22,toggle,81,111,59,22
type,ch23,toggle,81,134,59,22
type,ch24,toggle,81,157,59,22
type,ch25,toggle,81,180,59,22
type,allch_grp2,cref,3,65,195,228
type,ch26,toggle,3,65,59,22
type,ch27,toggle,3,88,59,22
type,ch28,toggle,3,111,59,22
type,ch29,toggle,3,134,59,22
type,ch30,toggle,3,157,59,22
type,ch31,toggle,3,180,59,22
type,ch32,toggle,3,203,59,22
type,ch33,toggle,3,226,59,22
type,ch34,toggle,3,249,59,22
type,ch35,toggle,3,272,59,22
type,ch36,toggle,81,65,101,22
type,ch37,toggle,81,88,117,22
type,allchgrp,cref,3,5,134,52
type,chgrp0,toggle,3,5,134,17
type,chgrp1,toggle,3,23,134,17
type,chgrp2,toggle,3,41,134,17
type,nodrag,layer,0,0,800,600
type,base,base,0,0,800,600
file,dress0,extra_stand@dress0%button;nosave,0,0,39,25,nosave
file,dress1,extra_stand@dress1%button;nosave,0,0,39,25,nosave
file,dress4,extra_stand@dress4%button;on,0,0,39,25,on
file,dress4,extra_stand@dress4%button;over,0,0,39,25,over
file,dress4,extra_stand@dress4%button;normal,0,0,39,25,normal
file,dress2,extra_stand@dress2%button;nosave,0,0,39,25,nosave
file,dress3,extra_stand@dress3%button;nosave,0,0,39,25,nosave
file,dress5,extra_stand@dress5%button;on,0,0,39,25,on
file,dress5,extra_stand@dress5%button;over,0,0,39,25,over
file,dress5,extra_stand@dress5%button;normal,0,0,39,25,normal
file,pose0,extra_stand@pose0%button;nosave,0,0,27,25,nosave
file,pose1,extra_stand@pose1%button;nosave,0,0,27,25,nosave
file,pose2,extra_stand@pose2%button;nosave,0,0,27,25,nosave
file,level0,extra_stand@level0%button;nosave,0,0,27,25,nosave
file,level1,extra_stand@level1%button;nosave,0,0,27,25,nosave
file,reset,extra_stand@reset%button;nosave,0,0,53,25,nosave
file,lock,extra_stand@lock%toggle;nosave,0,0,53,25,nosave
file,allsty,extra_stand@allsty%cref;on,0,0,162,121,on
file,allsty,extra_stand@allsty%cref;over,0,0,162,121,over
file,allsty,extra_stand@allsty%cref;normal,0,0,162,121,normal
file,style,extra_stand@style%layer,0,0,194,132,
file,allctrl,extra_stand@allctrl%cref;on,0,0,172,52,on
file,allctrl,extra_stand@allctrl%cref;over,0,0,172,52,over
file,allctrl,extra_stand@allctrl%cref;normal,0,0,172,52,normal
file,bg_prev,extra_stand@bg__prev%button;nosave,0,0,28,25,nosave
file,bg_select,extra_stand@bg__select%button;nosave,0,0,28,25,nosave
file,bg_next,extra_stand@bg__next%button;nosave,0,0,28,25,nosave
file,time_select,extra_stand@time__select%button;nosave,0,0,28,25,nosave
file,random,extra_stand@random%button;nosave,0,0,28,25,nosave
file,hide,extra_stand@hide%button;nosave,0,0,28,25,nosave
file,msgedit,extra_stand@msgedit%button;nosave,0,0,28,25,nosave
file,msgtgl,extra_stand@msgtgl%toggle;nosave,0,0,57,25,nosave
file,capture,extra_stand@capture%button;nosave,0,0,28,25,nosave
file,help,extra_stand@help%button;nosave,0,0,28,25,nosave
file,allsys,extra_stand@allsys%cref;normal;on,0,0,493,19,normal,on
file,allsys,extra_stand@allsys%cref;on,0,0,493,19,on
file,allsys,extra_stand@allsys%cref;over,0,0,493,19,over
file,allsys,extra_stand@allsys%cref;normal,0,0,493,19,normal
file,tab_graphic,extra_stand@tab__graphic%button;nosave,0,0,92,25,nosave
file,tab_stand,extra_stand@tab__stand%button;nosave,0,0,94,25,nosave
file,tab_sound,extra_stand@tab__sound%button;nosave,0,0,68,25,nosave
file,tab_replay,extra_stand@tab__replay%button;nosave,0,0,134,25,nosave
file,back,extra_stand@back%button;nosave,0,0,107,25,nosave
file,allch_grp0,extra_stand@allch__grp0%cref;on,0,0,58,226,on
file,allch_grp0,extra_stand@allch__grp0%cref;over,1,1,58,226,over
file,allch_grp0,extra_stand@allch__grp0%cref;normal,9,1,50,226,normal
file,ch0,extra_stand@ch0%toggle;nosave,0,0,59,22,nosave
file,ch1,extra_stand@ch1%toggle;nosave,0,0,59,22,nosave
file,ch2,extra_stand@ch2%toggle;nosave,0,0,59,22,nosave
file,ch3,extra_stand@ch3%toggle;nosave,0,0,59,22,nosave
file,ch4,extra_stand@ch4%toggle;nosave,0,0,59,22,nosave
file,ch5,extra_stand@ch5%toggle;nosave,0,0,59,22,nosave
file,ch6,extra_stand@ch6%toggle;nosave,0,0,59,22,nosave
file,ch7,extra_stand@ch7%toggle;nosave,0,0,59,22,nosave
file,ch8,extra_stand@ch8%toggle;nosave,0,0,59,22,nosave
file,ch9,extra_stand@ch9%toggle;nosave,0,0,59,22,nosave
file,allch_grp1,extra_stand@allch__grp1%cref;on,0,0,149,227,on
file,allch_grp1,extra_stand@allch__grp1%cref;over,1,1,149,227,over
file,allch_grp1,extra_stand@allch__grp1%cref;normal,9,1,141,227,normal
file,ch10,extra_stand@ch10%toggle;nosave,0,0,59,22,nosave
file,ch11,extra_stand@ch11%toggle;nosave,0,0,59,22,nosave
file,ch12,extra_stand@ch12%toggle;nosave,0,0,59,22,nosave
file,ch13,extra_stand@ch13%toggle;nosave,0,0,59,22,nosave
file,ch14,extra_stand@ch14%toggle;nosave,0,0,59,22,nosave
file,ch15,extra_stand@ch15%toggle;nosave,0,0,59,22,nosave
file,ch16,extra_stand@ch16%toggle;nosave,0,0,59,22,nosave
file,ch17,extra_stand@ch17%toggle;nosave,0,0,59,22,nosave
file,ch18,extra_stand@ch18%toggle;nosave,0,0,59,22,nosave
file,ch19,extra_stand@ch19%toggle;nosave,0,0,59,22,nosave
file,ch20,extra_stand@ch20%toggle;nosave,0,0,72,22,nosave
file,ch21,extra_stand@ch21%toggle;nosave,0,0,59,22,nosave
file,ch22,extra_stand@ch22%toggle;nosave,0,0,59,22,nosave
file,ch23,extra_stand@ch23%toggle;nosave,0,0,59,22,nosave
file,ch24,extra_stand@ch24%toggle;nosave,0,0,59,22,nosave
file,ch25,extra_stand@ch25%toggle;nosave,0,0,59,22,nosave
file,allch_grp2,extra_stand@allch__grp2%cref;on,0,0,194,227,on
file,allch_grp2,extra_stand@allch__grp2%cref;over,1,1,194,227,over
file,allch_grp2,extra_stand@allch__grp2%cref;normal,9,1,186,227,normal
file,ch26,extra_stand@ch26%toggle;nosave,0,0,59,22,nosave
file,ch27,extra_stand@ch27%toggle;nosave,0,0,59,22,nosave
file,ch28,extra_stand@ch28%toggle;nosave,0,0,59,22,nosave
file,ch29,extra_stand@ch29%toggle;nosave,0,0,59,22,nosave
file,ch30,extra_stand@ch30%toggle;nosave,0,0,59,22,nosave
file,ch31,extra_stand@ch31%toggle;nosave,0,0,59,22,nosave
file,ch32,extra_stand@ch32%toggle;nosave,0,0,59,22,nosave
file,ch33,extra_stand@ch33%toggle;nosave,0,0,59,22,nosave
file,ch34,extra_stand@ch34%toggle;nosave,0,0,59,22,nosave
file,ch35,extra_stand@ch35%toggle;nosave,0,0,59,22,nosave
file,ch36,extra_stand@ch36%toggle;nosave,0,0,101,22,nosave
file,ch37,extra_stand@ch37%toggle;nosave,0,0,117,22,nosave
file,allchgrp,extra_stand@allchgrp%cref;on,0,0,133,51,on
file,allchgrp,extra_stand@allchgrp%cref;over,1,1,133,51,over
file,allchgrp,extra_stand@allchgrp%cref;normal,1,1,133,51,normal
file,chgrp0,extra_stand@chgrp0%toggle;nosave,0,0,134,17,nosave
file,chgrp1,extra_stand@chgrp1%toggle;nosave,0,0,134,17,nosave
file,chgrp2,extra_stand@chgrp2%toggle;nosave,0,0,134,17,nosave
file,nodrag,extra_stand@nodrag%layer,0,0,800,600,
file,base,extra_stand@base%base;nosave,0,0,800,600,nosave
file,base,extra_stand@base%base,0,0,800,600,
