type,cursor,layer,19,57,154,119
type,item0,button,26,64,140,105
type,item1,copy,178,64,140,105
type,item2,copy,330,64,140,105
type,item3,copy,482,64,140,105
type,item4,copy,634,64,140,105
type,item5,copy,26,181,140,105
type,item6,copy,178,181,140,105
type,item7,copy,330,181,140,105
type,item8,copy,482,181,140,105
type,item9,copy,634,181,140,105
type,item10,copy,26,298,140,105
type,item11,copy,178,298,140,105
type,item12,copy,330,298,140,105
type,item13,copy,482,298,140,105
type,item14,copy,634,298,140,105
type,item15,copy,26,415,140,105
type,item16,copy,178,415,140,105
type,item17,copy,330,415,140,105
type,item18,copy,482,415,140,105
type,item19,copy,634,415,140,105
type,allpages,cref,261,528,280,33
type,page0,button,261,528,48,33
type,page1,button,319,528,48,33
type,page2,button,377,528,48,33
type,page3,button,435,528,48,33
type,page4,button,493,528,48,33
type,allsys,cref,291,580,493,19
type,tab_graphic,button,284,575,92,25
type,tab_stand,button,379,575,94,25
type,tab_sound,button,476,575,68,25
type,tab_replay,button,547,575,134,25
type,back,button,684,575,107,25
type,caption,layer,6,0,198,52
type,base,base,0,0,800,600
file,cursor,extra_graphic@cursor%layer,0,0,154,119,
file,item0,extra_graphic@item0%button;thumb,0,0,140,105,thumb
file,item0,extra_graphic@item0%button;disabled,0,0,140,105,disabled
file,item1,extra_graphic@item1%copy;item0,0,0,140,105,item0
file,item2,extra_graphic@item2%copy;item0,0,0,140,105,item0
file,item3,extra_graphic@item3%copy;item0,0,0,140,105,item0
file,item4,extra_graphic@item4%copy;item0,0,0,140,105,item0
file,item5,extra_graphic@item5%copy;item0,0,0,140,105,item0
file,item6,extra_graphic@item6%copy;item0,0,0,140,105,item0
file,item7,extra_graphic@item7%copy;item0,0,0,140,105,item0
file,item8,extra_graphic@item8%copy;item0,0,0,140,105,item0
file,item9,extra_graphic@item9%copy;item0,0,0,140,105,item0
file,item10,extra_graphic@item10%copy;item0,0,0,140,105,item0
file,item11,extra_graphic@item11%copy;item0,0,0,140,105,item0
file,item12,extra_graphic@item12%copy;item0,0,0,140,105,item0
file,item13,extra_graphic@item13%copy;item0,0,0,140,105,item0
file,item14,extra_graphic@item14%copy;item0,0,0,140,105,item0
file,item15,extra_graphic@item15%copy;item0,0,0,140,105,item0
file,item16,extra_graphic@item16%copy;item0,0,0,140,105,item0
file,item17,extra_graphic@item17%copy;item0,0,0,140,105,item0
file,item18,extra_graphic@item18%copy;item0,0,0,140,105,item0
file,item19,extra_graphic@item19%copy;item0,0,0,140,105,item0
file,allpages,extra_graphic@allpages%cref;on,0,0,280,33,on
file,allpages,extra_graphic@allpages%cref;over,0,0,280,33,over
file,allpages,extra_graphic@allpages%cref;normal,0,0,280,33,normal
file,page0,extra_graphic@page0%button;nosave,0,0,48,33,nosave
file,page1,extra_graphic@page1%button;nosave,0,0,48,33,nosave
file,page2,extra_graphic@page2%button;nosave,0,0,48,33,nosave
file,page3,extra_graphic@page3%button;nosave,0,0,48,33,nosave
file,page4,extra_graphic@page4%button;nosave,0,0,48,33,nosave
file,allsys,extra_graphic@allsys%cref;normal;on,0,0,493,19,normal,on
file,allsys,extra_graphic@allsys%cref;on,0,0,493,19,on
file,allsys,extra_graphic@allsys%cref;over,0,0,493,19,over
file,allsys,extra_graphic@allsys%cref;normal,0,0,493,19,normal
file,tab_graphic,extra_graphic@tab__graphic%button;nosave,0,0,92,25,nosave
file,tab_stand,extra_graphic@tab__stand%button;nosave,0,0,94,25,nosave
file,tab_sound,extra_graphic@tab__sound%button;nosave,0,0,68,25,nosave
file,tab_replay,extra_graphic@tab__replay%button;nosave,0,0,134,25,nosave
file,back,extra_graphic@back%button;nosave,0,0,107,25,nosave
file,caption,extra_graphic@caption%layer,0,0,198,52,
file,base,extra_graphic@base%base,0,0,800,600,
