type,allbtns,cref,106,565,572,31
type,save,button,106,570,47,21
type,load,button,163,570,50,21
type,option,button,226,570,63,21
type,flowchart,button,304,570,101,21
type,log,button,424,570,40,21
type,lock,toggle,473,566,27,25
type,prev,button,506,567,32,26
type,auto,toggle,545,567,24,26
type,skip,toggle,575,567,32,26
type,vreplay,button,614,569,29,25
type,hide,button,647,565,31,31
type,attention,layer,96,563,608,36
type,base,base,0,397,800,209
file,allbtns,window@allbtns%cref;on,0,0,572,31,on
file,allbtns,window@allbtns%cref;over,0,0,572,31,over
file,allbtns,window@allbtns%cref;normal,0,0,572,31,normal
file,save,window@save%button;nosave,0,0,47,21,nosave
file,load,window@load%button;nosave,0,0,50,21,nosave
file,option,window@option%button;nosave,0,0,63,21,nosave
file,flowchart,window@flowchart%button;nosave,0,0,101,21,nosave
file,log,window@log%button;nosave,0,0,40,21,nosave
file,lock,window@lock%toggle;nosave,0,0,27,25,nosave
file,prev,window@prev%button;nosave,0,0,32,26,nosave
file,auto,window@auto%toggle;nosave,0,0,24,26,nosave
file,skip,window@skip%toggle;nosave,0,0,32,26,nosave
file,vreplay,window@vreplay%button;nosave,0,0,29,25,nosave
file,hide,window@hide%button;nosave,0,0,31,31,nosave
file,attention,window@attention%layer;nosave,0,0,608,36,nosave
file,base,window@base%base;name;nosave,52,37,283,25,name,nosave
file,base,window@base%base;click;nosave,733,155,18,22,click,nosave
file,base,window@base%base;text;nosave,52,73,706,95,text,nosave
file,base,window@base%base;nosave,0,23,800,180,nosave
file,base,window@base%base,0,0,800,209,
