type,scroll,layer,168,24,960,640
type,vreplay,sysbutton,179,32,911,148
type,slider,slider,1208,60,26,572
type,pageup,button,1207,39,28,20
type,pagedown,button,1207,632,28,20
type,allbtns,cref,964,676,280,40
type,back,button,964,676,88,40
type,title,button,1060,676,88,40
type,exit,button,1156,676,88,40
type,base,base,0,0,1280,720
file,scroll,backlog@scroll%layer;block;nosave,0,0,960,160,block,nosave
file,scroll,backlog@scroll%layer;name;nosave,59,8,612,36,name,nosave
file,scroll,backlog@scroll%layer;text;nosave,90,52,832,104,text,nosave
file,scroll,backlog@scroll%layer;nosave,0,0,960,640,nosave
file,vreplay,backlog@vreplay%sysbutton;normal,10,6,25,25,normal
file,vreplay,backlog@vreplay%sysbutton;over,10,6,25,25,over
file,vreplay,backlog@vreplay%sysbutton;on,10,6,25,25,on
file,vreplay,backlog@vreplay%sysbutton;nosave,0,0,911,148,nosave
file,slider,backlog@slider%slider;normal,4,143,17,19,normal
file,slider,backlog@slider%slider;over,4,143,17,19,over
file,slider,backlog@slider%slider;nosave,0,0,26,572,nosave
file,pageup,backlog@pageup%button;normal,0,0,28,20,normal
file,pagedown,backlog@pagedown%button;normal,0,0,28,20,normal
file,allbtns,backlog@allbtns%cref;normal,0,0,280,40,normal
file,allbtns,backlog@allbtns%cref;over,0,0,280,40,over
file,allbtns,backlog@allbtns%cref;on,0,0,280,40,on
file,back,backlog@back%button;nosave,0,0,88,40,nosave
file,title,backlog@title%button;nosave,0,0,88,40,nosave
file,exit,backlog@exit%button;nosave,0,0,88,40,nosave
file,base,backlog@base%base;nosave,0,0,1280,720,nosave
file,base,backlog@base%base,0,0,1280,720,
