type,allbtns,cref,1024,168,193,268
type,char_dw,button,1095,160,31,32
type,char_up,button,1194,160,31,32
type,pose_dw,button,1095,200,31,32
type,pose_up,button,1194,200,31,32
type,dress_dw,button,1095,240,31,32
type,dress_up,button,1194,240,31,32
type,face_dw,button,1095,280,31,32
type,face_up,button,1194,280,31,32
type,stage_dw,button,1095,320,31,32
type,stage_up,button,1194,320,31,32
type,time_dw,button,1095,360,31,32
type,time_up,button,1194,360,31,32
type,view,button,1022,402,196,36
type,chname,layer,1123,167,73,19
type,char100,copy,1137,168,14,17
type,char010,copy,1153,168,14,17
type,char001,copy,1169,168,14,17
type,diff100,copy,1137,208,14,17
type,diff010,copy,1153,208,14,17
type,diff001,copy,1169,208,14,17
type,dress100,copy,1137,248,14,17
type,dress010,copy,1153,248,14,17
type,dress001,copy,1169,248,14,17
type,face100,copy,1137,288,14,17
type,face010,copy,1153,288,14,17
type,face001,copy,1169,288,14,17
type,stage100,copy,1137,328,14,17
type,stage010,copy,1153,328,14,17
type,stage001,copy,1169,328,14,17
type,time100,copy,1137,368,14,17
type,time010,copy,1153,368,14,17
type,time001,copy,1169,368,14,17
type,num,layer,1137,208,14,17
type,lock,layer,1090,15,61,61
type,allsys,cref,942,15,302,701
type,to_cg,button,940,13,65,65
type,to_scene,button,1014,13,65,65
type,to_bust,button,1088,13,65,65
type,to_music,button,1162,13,65,65
type,back,button,1058,674,92,44
type,exit,button,1154,674,92,44
type,nodrag,layer,920,0,360,720
type,base,base,920,0,360,720
file,allbtns,bustshot@allbtns%cref;normal,0,0,193,268,normal
file,allbtns,bustshot@allbtns%cref;over,0,0,193,268,over
file,allbtns,bustshot@allbtns%cref;on,0,0,193,268,on
file,char_dw,bustshot@char__dw%button;nosave,0,0,31,32,nosave
file,char_up,bustshot@char__up%button;nosave,0,0,31,32,nosave
file,pose_dw,bustshot@pose__dw%button;nosave,0,0,31,32,nosave
file,pose_up,bustshot@pose__up%button;nosave,0,0,31,32,nosave
file,dress_dw,bustshot@dress__dw%button;nosave,0,0,31,32,nosave
file,dress_up,bustshot@dress__up%button;nosave,0,0,31,32,nosave
file,face_dw,bustshot@face__dw%button;nosave,0,0,31,32,nosave
file,face_up,bustshot@face__up%button;nosave,0,0,31,32,nosave
file,stage_dw,bustshot@stage__dw%button;nosave,0,0,31,32,nosave
file,stage_up,bustshot@stage__up%button;nosave,0,0,31,32,nosave
file,time_dw,bustshot@time__dw%button;nosave,0,0,31,32,nosave
file,time_up,bustshot@time__up%button;nosave,0,0,31,32,nosave
file,view,bustshot@view%button;nosave,0,0,196,36,nosave
file,chname,bustshot@chname%layer;sp,21,1,31,17,sp
file,chname,bustshot@chname%layer;あめり(寄),0,0,73,19,あめり(寄)
file,chname,bustshot@chname%layer;あめり,8,0,57,19,あめり
file,chname,bustshot@chname%layer;こより,9,0,54,19,こより
file,chname,bustshot@chname%layer;いいな,7,0,60,19,いいな
file,chname,bustshot@chname%layer;もみじ,7,0,59,19,もみじ
file,chname,bustshot@chname%layer;まみ,17,0,40,19,まみ
file,chname,bustshot@chname%layer;きらら,7,0,59,19,きらら
file,chname,bustshot@chname%layer;なし,8,8,57,2,なし
file,char100,bustshot@char100%copy;num,0,0,14,17,num
file,char010,bustshot@char010%copy;num,0,0,14,17,num
file,char001,bustshot@char001%copy;num,0,0,14,17,num
file,diff100,bustshot@diff100%copy;num,0,0,14,17,num
file,diff010,bustshot@diff010%copy;num,0,0,14,17,num
file,diff001,bustshot@diff001%copy;num,0,0,14,17,num
file,dress100,bustshot@dress100%copy;num,0,0,14,17,num
file,dress010,bustshot@dress010%copy;num,0,0,14,17,num
file,dress001,bustshot@dress001%copy;num,0,0,14,17,num
file,face100,bustshot@face100%copy;num,0,0,14,17,num
file,face010,bustshot@face010%copy;num,0,0,14,17,num
file,face001,bustshot@face001%copy;num,0,0,14,17,num
file,stage100,bustshot@stage100%copy;num,0,0,14,17,num
file,stage010,bustshot@stage010%copy;num,0,0,14,17,num
file,stage001,bustshot@stage001%copy;num,0,0,14,17,num
file,time100,bustshot@time100%copy;num,0,0,14,17,num
file,time010,bustshot@time010%copy;num,0,0,14,17,num
file,time001,bustshot@time001%copy;num,0,0,14,17,num
file,num,bustshot@num%layer;9,0,0,13,17,9
file,num,bustshot@num%layer;8,0,0,13,17,8
file,num,bustshot@num%layer;7,1,1,12,16,7
file,num,bustshot@num%layer;6,0,0,13,17,6
file,num,bustshot@num%layer;5,0,1,13,16,5
file,num,bustshot@num%layer;4,0,0,14,17,4
file,num,bustshot@num%layer;3,1,0,12,17,3
file,num,bustshot@num%layer;2,0,0,13,16,2
file,num,bustshot@num%layer;1,2,0,7,17,1
file,num,bustshot@num%layer;0,0,0,13,17,0
file,num,bustshot@num%layer;nosave,0,0,14,17,nosave
file,lock,bustshot@lock%layer,0,0,61,61,
file,allsys,bustshot@allsys%cref;normal,0,0,302,701,normal
file,allsys,bustshot@allsys%cref;over,0,0,302,701,over
file,allsys,bustshot@allsys%cref;on,0,0,302,701,on
file,to_cg,bustshot@to__cg%button;nosave,0,0,65,65,nosave
file,to_scene,bustshot@to__scene%button;nosave,0,0,65,65,nosave
file,to_bust,bustshot@to__bust%button;nosave,0,0,65,65,nosave
file,to_music,bustshot@to__music%button;nosave,0,0,65,65,nosave
file,back,bustshot@back%button;nosave,0,0,92,44,nosave
file,exit,bustshot@exit%button;nosave,0,0,92,44,nosave
file,nodrag,bustshot@nodrag%layer,0,0,360,720,
file,base,bustshot@base%base;nosave,0,0,360,720,nosave
file,base,bustshot@base%base,0,0,360,720,
