type,number,layer,269,278,16,165
type,item0,button,84,150,216,152
type,item1,copy,308,150,216,152
type,item2,copy,532,150,216,152
type,item3,copy,756,150,216,152
type,item4,copy,980,150,216,152
type,item5,copy,84,318,216,152
type,item6,copy,308,318,216,152
type,item7,copy,532,318,216,152
type,item8,copy,756,318,216,152
type,item9,copy,980,318,216,152
type,item10,copy,84,486,216,152
type,item11,copy,308,486,216,152
type,item12,copy,532,486,216,152
type,item13,copy,756,486,216,152
type,item14,copy,980,486,216,152
type,allpages,cref,84,110,312,22
type,page0,button,82,108,60,26
type,page1,button,146,108,60,26
type,page2,button,210,108,60,26
type,page3,button,274,108,60,26
type,page4,button,338,108,60,26
type,alltabs,cref,864,97,362,39
type,tab_ev,button,862,95,181,43
type,tab_sd,button,1047,95,181,43
type,lock,layer,1090,15,61,61
type,allsys,cref,942,15,302,701
type,to_cg,button,940,13,65,65
type,to_scene,button,1014,13,65,65
type,to_bust,button,1088,13,65,65
type,to_music,button,1162,13,65,65
type,back,button,1058,674,92,44
type,exit,button,1154,674,92,44
type,base,base,0,0,1280,720
file,number,cgmode@number%layer;nosave,0,0,16,165,nosave
file,number,cgmode@number%layer,0,0,16,164,
file,item0,cgmode@item0%button;diff1;nosave,170,128,16,15,diff1,nosave
file,item0,cgmode@item0%button;diff0;nosave,185,128,16,15,diff0,nosave
file,item0,cgmode@item0%button;cursor,10,10,196,112,cursor
file,item0,cgmode@item0%button;thumb,13,13,190,106,thumb
file,item0,cgmode@item0%button;normal,0,0,216,152,normal
file,item0,cgmode@item0%button;nosave,0,0,216,152,nosave
file,item1,cgmode@item1%copy;item0,0,0,216,152,item0
file,item2,cgmode@item2%copy;item0,0,0,216,152,item0
file,item3,cgmode@item3%copy;item0,0,0,216,152,item0
file,item4,cgmode@item4%copy;item0,0,0,216,152,item0
file,item5,cgmode@item5%copy;item0,0,0,216,152,item0
file,item6,cgmode@item6%copy;item0,0,0,216,152,item0
file,item7,cgmode@item7%copy;item0,0,0,216,152,item0
file,item8,cgmode@item8%copy;item0,0,0,216,152,item0
file,item9,cgmode@item9%copy;item0,0,0,216,152,item0
file,item10,cgmode@item10%copy;item0,0,0,216,152,item0
file,item11,cgmode@item11%copy;item0,0,0,216,152,item0
file,item12,cgmode@item12%copy;item0,0,0,216,152,item0
file,item13,cgmode@item13%copy;item0,0,0,216,152,item0
file,item14,cgmode@item14%copy;item0,0,0,216,152,item0
file,allpages,cgmode@allpages%cref;normal,0,0,312,22,normal
file,allpages,cgmode@allpages%cref;over,0,0,312,22,over
file,allpages,cgmode@allpages%cref;on,0,0,312,22,on
file,page0,cgmode@page0%button;nosave,0,0,60,26,nosave
file,page1,cgmode@page1%button;nosave,0,0,60,26,nosave
file,page2,cgmode@page2%button;nosave,0,0,60,26,nosave
file,page3,cgmode@page3%button;nosave,0,0,60,26,nosave
file,page4,cgmode@page4%button;nosave,0,0,60,26,nosave
file,alltabs,cgmode@alltabs%cref;normal,0,0,362,39,normal
file,alltabs,cgmode@alltabs%cref;on,0,0,362,39,on
file,alltabs,cgmode@alltabs%cref;over,0,0,362,39,over
file,tab_ev,cgmode@tab__ev%button;nosave,0,0,181,43,nosave
file,tab_sd,cgmode@tab__sd%button;nosave,0,0,181,43,nosave
file,lock,cgmode@lock%layer,0,0,61,61,
file,allsys,cgmode@allsys%cref;normal,0,0,302,701,normal
file,allsys,cgmode@allsys%cref;over,0,0,302,701,over
file,allsys,cgmode@allsys%cref;on,0,0,302,701,on
file,to_cg,cgmode@to__cg%button;nosave,0,0,65,65,nosave
file,to_scene,cgmode@to__scene%button;nosave,0,0,65,65,nosave
file,to_bust,cgmode@to__bust%button;nosave,0,0,65,65,nosave
file,to_music,cgmode@to__music%button;nosave,0,0,65,65,nosave
file,back,cgmode@back%button;nosave,0,0,92,44,nosave
file,exit,cgmode@exit%button;nosave,0,0,92,44,nosave
file,base,cgmode@base%base,0,0,1280,720,
