type,allbtns,cref,1024,40,220,676
type,cg_dw,button,1095,32,31,32
type,cg_up,button,1194,32,31,32
type,diff_dw,button,1095,72,31,32
type,diff_up,button,1194,72,31,32
type,view,button,1022,152,196,36
type,back,button,1058,674,92,44
type,exit,button,1154,674,92,44
type,zoom,slider,1096,118,132,25
type,cg100,copy,1137,40,14,17
type,cg010,copy,1153,40,14,17
type,cg001,copy,1169,40,14,17
type,diff100,copy,1137,80,14,17
type,diff010,copy,1153,80,14,17
type,diff001,copy,1169,80,14,17
type,num,layer,1137,80,14,17
type,captions,layer,1017,39,58,98
type,base,layer,920,0,360,720
file,allbtns,cgview@allbtns%cref;normal,0,0,220,676,normal
file,allbtns,cgview@allbtns%cref;over,0,0,220,676,over
file,allbtns,cgview@allbtns%cref;on,0,0,220,676,on
file,cg_dw,cgview@cg__dw%button;nosave,0,0,31,32,nosave
file,cg_up,cgview@cg__up%button;nosave,0,0,31,32,nosave
file,diff_dw,cgview@diff__dw%button;nosave,0,0,31,32,nosave
file,diff_up,cgview@diff__up%button;nosave,0,0,31,32,nosave
file,view,cgview@view%button;nosave,0,0,196,36,nosave
file,back,cgview@back%button;nosave,0,0,92,44,nosave
file,exit,cgview@exit%button;nosave,0,0,92,44,nosave
file,zoom,cgview@zoom%slider;normal,27,1,17,19,normal
file,zoom,cgview@zoom%slider;over,27,1,17,19,over
file,zoom,cgview@zoom%slider;nosave,0,0,132,25,nosave
file,zoom,cgview@zoom%slider;rail,2,8,128,8,rail
file,cg100,cgview@cg100%copy;num,0,0,14,17,num
file,cg010,cgview@cg010%copy;num,0,0,14,17,num
file,cg001,cgview@cg001%copy;num,0,0,14,17,num
file,diff100,cgview@diff100%copy;num,0,0,14,17,num
file,diff010,cgview@diff010%copy;num,0,0,14,17,num
file,diff001,cgview@diff001%copy;num,0,0,14,17,num
file,num,cgview@num%layer;9,0,0,13,17,9
file,num,cgview@num%layer;8,0,0,13,17,8
file,num,cgview@num%layer;7,1,1,12,16,7
file,num,cgview@num%layer;6,0,0,13,17,6
file,num,cgview@num%layer;5,0,1,13,16,5
file,num,cgview@num%layer;4,0,0,14,17,4
file,num,cgview@num%layer;3,1,0,12,17,3
file,num,cgview@num%layer;2,0,0,13,16,2
file,num,cgview@num%layer;1,2,0,7,17,1
file,num,cgview@num%layer;0,0,0,13,17,0
file,num,cgview@num%layer;nosave,0,0,14,17,nosave
file,captions,cgview@captions%layer,0,0,58,98,
file,base,cgview@base%layer;nosave,0,0,360,720,nosave
file,base,cgview@base%layer,69,0,291,720,
