type,askquit,layer,532,280,190,18
type,asknext,layer,515,280,224,18
type,askprev,layer,515,280,224,18
type,askmove,layer,532,279,189,19
type,askcopy,layer,523,279,207,19
type,askqload,layer,524,279,206,19
type,askqsave,layer,524,279,206,19
type,askload,layer,559,279,136,19
type,asksave,layer,558,279,137,19
type,askalldel2,layer,453,279,347,19
type,askalldel1,layer,471,279,313,19
type,askinit,layer,480,279,295,19
type,askdelete,layer,506,279,243,19
type,askoverwrite,layer,498,279,260,19
type,asktitle,layer,516,280,224,18
type,askexit,layer,532,279,189,19
type,yesno,cref,488,317,282,36
type,yes,button,488,317,129,36
type,no,button,641,317,129,36
type,base,base,425,257,405,121
file,askquit,dialog@askquit%layer,0,0,190,18,
file,asknext,dialog@asknext%layer,0,0,224,18,
file,askprev,dialog@askprev%layer,0,0,224,18,
file,askmove,dialog@askmove%layer,0,0,189,19,
file,askcopy,dialog@askcopy%layer,0,0,207,19,
file,askqload,dialog@askqload%layer,0,0,206,19,
file,askqsave,dialog@askqsave%layer,0,0,206,19,
file,askload,dialog@askload%layer,0,0,136,19,
file,asksave,dialog@asksave%layer,0,0,137,19,
file,askalldel2,dialog@askalldel2%layer,0,0,347,19,
file,askalldel1,dialog@askalldel1%layer,0,0,313,19,
file,askinit,dialog@askinit%layer,0,0,295,19,
file,askdelete,dialog@askdelete%layer,0,0,243,19,
file,askoverwrite,dialog@askoverwrite%layer,0,0,260,19,
file,asktitle,dialog@asktitle%layer,0,0,224,18,
file,askexit,dialog@askexit%layer,0,0,189,19,
file,yesno,dialog@yesno%cref;normal,0,0,282,36,normal
file,yesno,dialog@yesno%cref;over,0,0,282,36,over
file,yesno,dialog@yesno%cref;on,0,0,282,36,on
file,yes,dialog@yes%button;nosave,0,0,129,36,nosave
file,no,dialog@no%button;nosave,0,0,129,36,nosave
file,base,dialog@base%base,0,0,405,121,
