type,_spk,button,39,220,25,25
type,_vsp,button,39,376,25,25
type,_sl,slider,88,112,208,33
type,_mute,toggle,272,96,53,16
type,_sv,radio,352,200,107,16
type,wavevolume,copy,88,112,208,33
type,wavemute,copy,272,96,53,16
type,bgmvolume,copy,88,164,208,33
type,bgmmute,copy,272,148,53,16
type,setest,copy,39,220,25,25
type,sevolume,copy,88,216,208,33
type,semute,copy,272,200,53,16
type,syssetest,copy,39,272,25,25
type,syssevolume,copy,88,268,208,33
type,syssemute,copy,272,252,53,16
type,voicetest,copy,39,324,25,25
type,voicevolume,copy,88,320,208,33
type,voicemute,copy,272,304,53,16
type,downmute,copy,272,356,53,16
type,downvolume,copy,88,372,208,33
type,rndsv,copy,64,544,240,16
type,ch0sv,copy,352,200,107,16
type,ch0test,copy,353,224,25,25
type,ch0volume,copy,384,280,208,33
type,ch0mute,copy,568,220,53,16
type,ch1sv,copy,656,200,107,16
type,ch1test,copy,657,224,25,25
type,ch1volume,copy,688,280,208,33
type,ch1mute,copy,872,220,53,16
type,ch2sv,copy,960,200,107,16
type,ch2test,copy,961,224,25,25
type,ch2volume,copy,992,280,208,33
type,ch2mute,copy,1176,220,53,16
type,ch3sv,copy,352,424,107,16
type,ch3test,copy,353,448,25,25
type,ch3volume,copy,384,504,208,33
type,ch3mute,copy,568,444,53,16
type,ch4sv,copy,656,424,107,16
type,ch4test,copy,657,448,25,25
type,ch4volume,copy,688,504,208,33
type,ch4mute,copy,872,444,53,16
type,ch5sv,copy,960,424,107,16
type,ch5test,copy,961,448,25,25
type,ch5volume,copy,992,504,208,33
type,ch5mute,copy,1176,444,53,16
type,ch6sv,copy,352,536,107,16
type,ch6test,copy,353,560,25,25
type,ch6volume,copy,384,616,208,33
type,ch6mute,copy,568,556,53,16
type,allsys,cref,36,49,1208,667
type,init,button,34,674,140,44
type,back,button,962,674,92,44
type,title,button,1058,674,92,44
type,exit,button,1154,674,92,44
type,to_save,button,865,47,93,27
type,to_load,button,961,47,93,27
type,to_system,button,1057,47,93,27
type,to_sound,button,1153,47,93,27
type,sysvocaps,layer,82,204,983,355
type,captions,layer,42,98,1191,539
type,base,base,0,0,1280,720
file,_spk,opt_snd@__spk%button;normal,0,0,25,25,normal
file,_spk,opt_snd@__spk%button;over,0,0,25,25,over
file,_spk,opt_snd@__spk%button;on,0,0,25,25,on
file,_vsp,opt_snd@__vsp%button;normal,0,0,25,25,normal
file,_vsp,opt_snd@__vsp%button;over,0,0,25,25,over
file,_vsp,opt_snd@__vsp%button;on,0,0,25,25,on
file,_sl,opt_snd@__sl%slider;normal,25,6,17,19,normal
file,_sl,opt_snd@__sl%slider;over,25,6,17,19,over
file,_sl,opt_snd@__sl%slider;nosave,0,0,208,33,nosave
file,_sl,opt_snd@__sl%slider;rail,0,12,208,8,rail
file,_mute,opt_snd@__mute%toggle;normal;on,2,1,13,13,normal,on
file,_mute,opt_snd@__mute%toggle;normal;off,2,2,12,12,normal,off
file,_mute,opt_snd@__mute%toggle;nosave,0,0,53,16,nosave
file,_sv,opt_snd@__sv%radio;normal;on,2,1,13,13,normal,on
file,_sv,opt_snd@__sv%radio;normal;off,2,2,12,12,normal,off
file,_sv,opt_snd@__sv%radio;nosave,0,0,107,16,nosave
file,wavevolume,opt_snd@wavevolume%copy;__sl,0,0,208,33,_sl
file,wavemute,opt_snd@wavemute%copy;__mute,0,0,53,16,_mute
file,bgmvolume,opt_snd@bgmvolume%copy;__sl,0,0,208,33,_sl
file,bgmmute,opt_snd@bgmmute%copy;__mute,0,0,53,16,_mute
file,setest,opt_snd@setest%copy;__spk,0,0,25,25,_spk
file,sevolume,opt_snd@sevolume%copy;__sl,0,0,208,33,_sl
file,semute,opt_snd@semute%copy;__mute,0,0,53,16,_mute
file,syssetest,opt_snd@syssetest%copy;__spk,0,0,25,25,_spk
file,syssevolume,opt_snd@syssevolume%copy;__sl,0,0,208,33,_sl
file,syssemute,opt_snd@syssemute%copy;__mute,0,0,53,16,_mute
file,voicetest,opt_snd@voicetest%copy;__vsp,0,0,25,25,_vsp
file,voicevolume,opt_snd@voicevolume%copy;__sl,0,0,208,33,_sl
file,voicemute,opt_snd@voicemute%copy;__mute,0,0,53,16,_mute
file,downmute,opt_snd@downmute%copy;__mute,0,0,53,16,_mute
file,downvolume,opt_snd@downvolume%copy;__sl,0,0,208,33,_sl
file,rndsv,opt_snd@rndsv%copy;__sv,0,0,240,16,_sv
file,ch0sv,opt_snd@ch0sv%copy;__sv,0,0,107,16,_sv
file,ch0test,opt_snd@ch0test%copy;__vsp,0,0,25,25,_vsp
file,ch0volume,opt_snd@ch0volume%copy;__sl,0,0,208,33,_sl
file,ch0mute,opt_snd@ch0mute%copy;__mute,0,0,53,16,_mute
file,ch1sv,opt_snd@ch1sv%copy;__sv,0,0,107,16,_sv
file,ch1test,opt_snd@ch1test%copy;__vsp,0,0,25,25,_vsp
file,ch1volume,opt_snd@ch1volume%copy;__sl,0,0,208,33,_sl
file,ch1mute,opt_snd@ch1mute%copy;__mute,0,0,53,16,_mute
file,ch2sv,opt_snd@ch2sv%copy;__sv,0,0,107,16,_sv
file,ch2test,opt_snd@ch2test%copy;__vsp,0,0,25,25,_vsp
file,ch2volume,opt_snd@ch2volume%copy;__sl,0,0,208,33,_sl
file,ch2mute,opt_snd@ch2mute%copy;__mute,0,0,53,16,_mute
file,ch3sv,opt_snd@ch3sv%copy;__sv,0,0,107,16,_sv
file,ch3test,opt_snd@ch3test%copy;__vsp,0,0,25,25,_vsp
file,ch3volume,opt_snd@ch3volume%copy;__sl,0,0,208,33,_sl
file,ch3mute,opt_snd@ch3mute%copy;__mute,0,0,53,16,_mute
file,ch4sv,opt_snd@ch4sv%copy;__sv,0,0,107,16,_sv
file,ch4test,opt_snd@ch4test%copy;__vsp,0,0,25,25,_vsp
file,ch4volume,opt_snd@ch4volume%copy;__sl,0,0,208,33,_sl
file,ch4mute,opt_snd@ch4mute%copy;__mute,0,0,53,16,_mute
file,ch5sv,opt_snd@ch5sv%copy;__sv,0,0,107,16,_sv
file,ch5test,opt_snd@ch5test%copy;__vsp,0,0,25,25,_vsp
file,ch5volume,opt_snd@ch5volume%copy;__sl,0,0,208,33,_sl
file,ch5mute,opt_snd@ch5mute%copy;__mute,0,0,53,16,_mute
file,ch6sv,opt_snd@ch6sv%copy;__sv,0,0,107,16,_sv
file,ch6test,opt_snd@ch6test%copy;__vsp,0,0,25,25,_vsp
file,ch6volume,opt_snd@ch6volume%copy;__sl,0,0,208,33,_sl
file,ch6mute,opt_snd@ch6mute%copy;__mute,0,0,53,16,_mute
file,allsys,opt_snd@allsys%cref;normal,0,0,1208,667,normal
file,allsys,opt_snd@allsys%cref;over,0,0,1208,667,over
file,allsys,opt_snd@allsys%cref;on,0,0,1208,667,on
file,init,opt_snd@init%button;nosave,0,0,140,44,nosave
file,back,opt_snd@back%button;nosave,0,0,92,44,nosave
file,title,opt_snd@title%button;nosave,0,0,92,44,nosave
file,exit,opt_snd@exit%button;nosave,0,0,92,44,nosave
file,to_save,opt_snd@to__save%button;nosave,0,0,93,27,nosave
file,to_load,opt_snd@to__load%button;nosave,0,0,93,27,nosave
file,to_system,opt_snd@to__system%button;nosave,0,0,93,27,nosave
file,to_sound,opt_snd@to__sound%button;nosave,0,0,93,27,nosave
file,sysvocaps,opt_snd@sysvocaps%layer,0,0,983,355,
file,captions,opt_snd@captions%layer,0,0,1191,539,
file,base,opt_snd@base%base,0,0,1280,720,
