type,item0,button,960,154,144,16
type,item1,button,960,170,144,16
type,item2,button,960,186,144,16
type,item3,button,960,202,144,16
type,item4,button,960,218,144,16
type,item5,button,960,234,144,16
type,item6,button,960,250,144,16
type,item7,button,960,266,144,16
type,item8,button,960,282,144,16
type,item9,button,960,298,144,16
type,item10,button,960,314,144,16
type,item11,button,960,330,144,16
type,allbtns,cref,960,154,144,192
type,base,base,956,132,176,218
file,item0,opt_sys_scmenu@item0%button;nosave,0,0,144,16,nosave
file,item1,opt_sys_scmenu@item1%button;nosave,0,0,144,16,nosave
file,item2,opt_sys_scmenu@item2%button;nosave,0,0,144,16,nosave
file,item3,opt_sys_scmenu@item3%button;nosave,0,0,144,16,nosave
file,item4,opt_sys_scmenu@item4%button;nosave,0,0,144,16,nosave
file,item5,opt_sys_scmenu@item5%button;nosave,0,0,144,16,nosave
file,item6,opt_sys_scmenu@item6%button;nosave,0,0,144,16,nosave
file,item7,opt_sys_scmenu@item7%button;nosave,0,0,144,16,nosave
file,item8,opt_sys_scmenu@item8%button;nosave,0,0,144,16,nosave
file,item9,opt_sys_scmenu@item9%button;nosave,0,0,144,16,nosave
file,item10,opt_sys_scmenu@item10%button;nosave,0,0,144,16,nosave
file,item11,opt_sys_scmenu@item11%button;nosave,0,0,144,16,nosave
file,allbtns,opt_sys_scmenu@allbtns%cref;normal,0,0,144,192,normal
file,allbtns,opt_sys_scmenu@allbtns%cref;on,0,0,144,192,on
file,allbtns,opt_sys_scmenu@allbtns%cref;over,0,0,144,192,over
file,base,opt_sys_scmenu@base%base;nosave,0,0,176,218,nosave
file,base,opt_sys_scmenu@base%base,0,0,176,218,
