type,_sl,slider,432,432,256,33
type,allbtns,cref,405,119,310,470
type,window,button,405,115,150,26
type,fullscreen,button,565,115,150,26
type,effect_normal,button,405,155,150,26
type,effect_none,button,565,155,150,26
type,skipread,button,405,195,150,26
type,skipall,button,565,195,150,26
type,voicecut_on,button,405,235,150,26
type,voicecut_off,button,565,235,150,26
type,afterauto_off,button,405,275,150,26
type,afterauto_on,button,565,275,150,26
type,afterskip_off,button,405,315,150,26
type,afterskip_on,button,565,315,150,26
type,curhide_none,button,401,355,78,26
type,curhide_5,button,481,355,78,26
type,curhide_10,button,561,355,78,26
type,curhide_20,button,641,355,78,26
type,font_gothic,button,405,395,102,26
type,font_mincho,button,509,395,102,26
type,font_default,button,613,395,102,26
type,textspeed,copy,432,432,256,33
type,autospeed,copy,432,472,256,33
type,finish_sel,button,405,567,102,26
type,finish_in,button,509,567,102,26
type,finish_out,button,613,567,102,26
type,sc,button,956,132,176,24
type,sc0,copy,956,132,176,24
type,sc1,copy,956,160,176,24
type,sc2,copy,956,188,176,24
type,sc3,copy,956,216,176,24
type,sc4,copy,956,244,176,24
type,sc5,copy,956,272,176,24
type,sc6,copy,956,300,176,24
type,sc7,copy,956,328,176,24
type,sc8,copy,956,356,176,24
type,sc9,copy,956,384,176,24
type,sc10,copy,956,412,176,24
type,sc11,copy,956,440,176,24
type,rc_save,copy,792,509,151,21
type,rc_load,copy,968,509,151,21
type,rc_skip,copy,792,537,151,21
type,rc_auto,copy,968,537,151,21
type,rc_vreplay,copy,792,565,151,21
type,rc_backlog,copy,968,565,151,21
type,rc_option,copy,792,593,151,21
type,rc_hide,copy,968,593,151,21
type,rc_none,copy,792,621,151,21
type,_chk,button,968,593,151,21
type,allsys,cref,36,49,1208,667
type,init,button,34,674,140,44
type,back,button,962,674,92,44
type,title,button,1058,674,92,44
type,exit,button,1154,674,92,44
type,to_save,button,865,47,93,27
type,to_load,button,961,47,93,27
type,to_system,button,1057,47,93,27
type,to_sound,button,1153,47,93,27
type,speedsample,layer,275,511,435,36
type,captions,layer,154,113,963,526
type,base,base,0,0,1280,720
file,_sl,opt_sys@__sl%slider;normal,25,6,17,19,normal
file,_sl,opt_sys@__sl%slider;over,25,6,17,19,over
file,_sl,opt_sys@__sl%slider;nosave,0,0,256,33,nosave
file,_sl,opt_sys@__sl%slider;rail,0,12,256,8,rail
file,allbtns,opt_sys@allbtns%cref;normal,0,0,310,470,normal
file,allbtns,opt_sys@allbtns%cref;over,0,0,310,470,over
file,allbtns,opt_sys@allbtns%cref;on,0,0,310,470,on
file,window,opt_sys@window%button;nosave,0,0,150,26,nosave
file,fullscreen,opt_sys@fullscreen%button;nosave,0,0,150,26,nosave
file,effect_normal,opt_sys@effect__normal%button;nosave,0,0,150,26,nosave
file,effect_none,opt_sys@effect__none%button;nosave,0,0,150,26,nosave
file,skipread,opt_sys@skipread%button;nosave,0,0,150,26,nosave
file,skipall,opt_sys@skipall%button;nosave,0,0,150,26,nosave
file,voicecut_on,opt_sys@voicecut__on%button;nosave,0,0,150,26,nosave
file,voicecut_off,opt_sys@voicecut__off%button;nosave,0,0,150,26,nosave
file,afterauto_off,opt_sys@afterauto__off%button;nosave,0,0,150,26,nosave
file,afterauto_on,opt_sys@afterauto__on%button;nosave,0,0,150,26,nosave
file,afterskip_off,opt_sys@afterskip__off%button;nosave,0,0,150,26,nosave
file,afterskip_on,opt_sys@afterskip__on%button;nosave,0,0,150,26,nosave
file,curhide_none,opt_sys@curhide__none%button;nosave,0,0,78,26,nosave
file,curhide_5,opt_sys@curhide__5%button;nosave,0,0,78,26,nosave
file,curhide_10,opt_sys@curhide__10%button;nosave,0,0,78,26,nosave
file,curhide_20,opt_sys@curhide__20%button;nosave,0,0,78,26,nosave
file,font_gothic,opt_sys@font__gothic%button;nosave,0,0,102,26,nosave
file,font_mincho,opt_sys@font__mincho%button;nosave,0,0,102,26,nosave
file,font_default,opt_sys@font__default%button;nosave,0,0,102,26,nosave
file,textspeed,opt_sys@textspeed%copy;__sl,0,0,256,33,_sl
file,autospeed,opt_sys@autospeed%copy;__sl,0,0,256,33,_sl
file,finish_sel,opt_sys@finish__sel%button;nosave,0,0,102,26,nosave
file,finish_in,opt_sys@finish__in%button;nosave,0,0,102,26,nosave
file,finish_out,opt_sys@finish__out%button;nosave,0,0,102,26,nosave
file,sc,opt_sys@sc%button;nm__qsave,4,4,144,16,nm_qsave
file,sc,opt_sys@sc%button;ov__qsave,4,4,144,16,ov_qsave
file,sc,opt_sys@sc%button;on__qsave,4,4,144,16,on_qsave
file,sc,opt_sys@sc%button;nm__qload,4,4,144,16,nm_qload
file,sc,opt_sys@sc%button;ov__qload,4,4,144,16,ov_qload
file,sc,opt_sys@sc%button;on__qload,4,4,144,16,on_qload
file,sc,opt_sys@sc%button;nm__save,4,4,144,16,nm_save
file,sc,opt_sys@sc%button;ov__save,4,4,144,16,ov_save
file,sc,opt_sys@sc%button;on__save,4,4,144,16,on_save
file,sc,opt_sys@sc%button;nm__load,4,4,144,16,nm_load
file,sc,opt_sys@sc%button;ov__load,4,4,144,16,ov_load
file,sc,opt_sys@sc%button;on__load,4,4,144,16,on_load
file,sc,opt_sys@sc%button;nm__skip,4,4,144,16,nm_skip
file,sc,opt_sys@sc%button;ov__skip,4,4,144,16,ov_skip
file,sc,opt_sys@sc%button;on__skip,4,4,144,16,on_skip
file,sc,opt_sys@sc%button;nm__auto,4,4,144,16,nm_auto
file,sc,opt_sys@sc%button;ov__auto,4,4,144,16,ov_auto
file,sc,opt_sys@sc%button;on__auto,4,4,144,16,on_auto
file,sc,opt_sys@sc%button;nm__vreplay,4,4,144,16,nm_vreplay
file,sc,opt_sys@sc%button;ov__vreplay,4,4,144,16,ov_vreplay
file,sc,opt_sys@sc%button;on__vreplay,4,4,144,16,on_vreplay
file,sc,opt_sys@sc%button;nm__backlog,4,4,144,16,nm_backlog
file,sc,opt_sys@sc%button;ov__backlog,4,4,144,16,ov_backlog
file,sc,opt_sys@sc%button;on__backlog,4,4,144,16,on_backlog
file,sc,opt_sys@sc%button;nm__option,4,4,144,16,nm_option
file,sc,opt_sys@sc%button;ov__option,4,4,144,16,ov_option
file,sc,opt_sys@sc%button;on__option,4,4,144,16,on_option
file,sc,opt_sys@sc%button;nm__hide,4,4,144,16,nm_hide
file,sc,opt_sys@sc%button;ov__hide,4,4,144,16,ov_hide
file,sc,opt_sys@sc%button;on__hide,4,4,144,16,on_hide
file,sc,opt_sys@sc%button;nm__screen,4,4,144,16,nm_screen
file,sc,opt_sys@sc%button;ov__screen,4,4,144,16,ov_screen
file,sc,opt_sys@sc%button;on__screen,4,4,144,16,on_screen
file,sc,opt_sys@sc%button;nm__none,4,4,144,16,nm_none
file,sc,opt_sys@sc%button;ov__none,4,4,144,16,ov_none
file,sc,opt_sys@sc%button;on__none,4,4,144,16,on_none
file,sc,opt_sys@sc%button;normal,148,4,24,16,normal
file,sc,opt_sys@sc%button;over,148,4,24,16,over
file,sc,opt_sys@sc%button;on,148,4,24,16,on
file,sc,opt_sys@sc%button;nosave,0,0,176,24,nosave
file,sc0,opt_sys@sc0%copy;sc,0,0,176,24,sc
file,sc1,opt_sys@sc1%copy;sc,0,0,176,24,sc
file,sc2,opt_sys@sc2%copy;sc,0,0,176,24,sc
file,sc3,opt_sys@sc3%copy;sc,0,0,176,24,sc
file,sc4,opt_sys@sc4%copy;sc,0,0,176,24,sc
file,sc5,opt_sys@sc5%copy;sc,0,0,176,24,sc
file,sc6,opt_sys@sc6%copy;sc,0,0,176,24,sc
file,sc7,opt_sys@sc7%copy;sc,0,0,176,24,sc
file,sc8,opt_sys@sc8%copy;sc,0,0,176,24,sc
file,sc9,opt_sys@sc9%copy;sc,0,0,176,24,sc
file,sc10,opt_sys@sc10%copy;sc,0,0,176,24,sc
file,sc11,opt_sys@sc11%copy;sc,0,0,176,24,sc
file,rc_save,opt_sys@rc__save%copy;__chk,0,0,151,21,_chk
file,rc_load,opt_sys@rc__load%copy;__chk,0,0,151,21,_chk
file,rc_skip,opt_sys@rc__skip%copy;__chk,0,0,151,21,_chk
file,rc_auto,opt_sys@rc__auto%copy;__chk,0,0,151,21,_chk
file,rc_vreplay,opt_sys@rc__vreplay%copy;__chk,0,0,151,21,_chk
file,rc_backlog,opt_sys@rc__backlog%copy;__chk,0,0,151,21,_chk
file,rc_option,opt_sys@rc__option%copy;__chk,0,0,151,21,_chk
file,rc_hide,opt_sys@rc__hide%copy;__chk,0,0,151,21,_chk
file,rc_none,opt_sys@rc__none%copy;__chk,0,0,151,21,_chk
file,_chk,opt_sys@__chk%button;normal;on,2,4,13,13,normal,on
file,_chk,opt_sys@__chk%button;normal;off,2,5,12,12,normal,off
file,_chk,opt_sys@__chk%button;nosave,0,0,151,21,nosave
file,allsys,opt_sys@allsys%cref;normal,0,0,1208,667,normal
file,allsys,opt_sys@allsys%cref;over,0,0,1208,667,over
file,allsys,opt_sys@allsys%cref;on,0,0,1208,667,on
file,init,opt_sys@init%button;nosave,0,0,140,44,nosave
file,back,opt_sys@back%button;nosave,0,0,92,44,nosave
file,title,opt_sys@title%button;nosave,0,0,92,44,nosave
file,exit,opt_sys@exit%button;nosave,0,0,92,44,nosave
file,to_save,opt_sys@to__save%button;nosave,0,0,93,27,nosave
file,to_load,opt_sys@to__load%button;nosave,0,0,93,27,nosave
file,to_system,opt_sys@to__system%button;nosave,0,0,93,27,nosave
file,to_sound,opt_sys@to__sound%button;nosave,0,0,93,27,nosave
file,speedsample,opt_sys@speedsample%layer;nosave,0,0,435,36,nosave
file,captions,opt_sys@captions%layer,0,0,963,526,
file,base,opt_sys@base%base,0,0,1280,720,
