type,new,layer,65,132,42,17
type,lock,systoggle,85,229,262,22
type,item0,toggle,64,128,304,128
type,item1,copy,384,128,304,128
type,item2,copy,704,128,304,128
type,item3,copy,64,264,304,128
type,item4,copy,384,264,304,128
type,item5,copy,704,264,304,128
type,item6,copy,64,400,304,128
type,item7,copy,384,400,304,128
type,item8,copy,704,400,304,128
type,item9,copy,64,536,304,128
type,item10,copy,384,536,304,128
type,item11,copy,704,536,304,128
type,qdata,toggle,1056,112,160,144
type,_chk,toggle,1071,499,119,18
type,cf_qsave,copy,1071,499,119,18
type,cf_qload,copy,1071,519,119,18
type,cf_save,copy,1071,539,119,18
type,cf_load,copy,1071,559,119,18
type,cf_ovwr,copy,1071,579,119,18
type,cf_copy,copy,1071,599,119,18
type,cf_move,copy,1071,619,119,18
type,cf_del,copy,1071,639,119,18
type,allpages,cref,36,93,632,22
type,page0,button,34,91,60,26
type,page1,button,98,91,60,26
type,page2,button,162,91,60,26
type,page3,button,226,91,60,26
type,page4,button,290,91,60,26
type,page5,button,354,91,60,26
type,page6,button,418,91,60,26
type,page7,button,482,91,60,26
type,page8,button,546,91,60,26
type,page9,button,610,91,60,26
type,allsys,cref,36,49,1208,667
type,init,button,34,674,140,44
type,back,button,962,674,92,44
type,title,button,1058,674,92,44
type,exit,button,1154,674,92,44
type,to_save,button,865,47,93,27
type,to_load,button,961,47,93,27
type,to_system,button,1057,47,93,27
type,to_sound,button,1153,47,93,27
type,allopr,cref,1079,323,109,91
type,copy,toggle,1077,321,113,31
type,move,toggle,1077,353,113,31
type,delete,toggle,1077,385,113,31
type,captions,layer,1043,477,145,178
type,base,base,0,0,1280,720
file,new,save@new%layer,0,0,42,17,
file,lock,save@lock%systoggle;normal;on,0,0,262,22,normal,on
file,lock,save@lock%systoggle;over;on,0,0,262,22,over,on
file,lock,save@lock%systoggle;on;on,0,0,262,22,on,on
file,lock,save@lock%systoggle;normal;off,0,0,262,22,normal,off
file,lock,save@lock%systoggle;over;off,0,0,262,22,over,off
file,lock,save@lock%systoggle;on;off,0,0,262,22,on,off
file,item0,save@item0%toggle;cursor,9,13,134,78,cursor
file,item0,save@item0%toggle;text;nosave,148,40,144,48,text,nosave
file,item0,save@item0%toggle;date;nosave,148,12,144,16,date,nosave
file,item0,save@item0%toggle;thumb,12,16,128,72,thumb
file,item0,save@item0%toggle;over,0,0,304,128,over
file,item0,save@item0%toggle;nosave,0,0,304,128,nosave
file,item1,save@item1%copy;item0,0,0,304,128,item0
file,item2,save@item2%copy;item0,0,0,304,128,item0
file,item3,save@item3%copy;item0,0,0,304,128,item0
file,item4,save@item4%copy;item0,0,0,304,128,item0
file,item5,save@item5%copy;item0,0,0,304,128,item0
file,item6,save@item6%copy;item0,0,0,304,128,item0
file,item7,save@item7%copy;item0,0,0,304,128,item0
file,item8,save@item8%copy;item0,0,0,304,128,item0
file,item9,save@item9%copy;item0,0,0,304,128,item0
file,item10,save@item10%copy;item0,0,0,304,128,item0
file,item11,save@item11%copy;item0,0,0,304,128,item0
file,qdata,save@qdata%toggle;cursor,13,25,134,78,cursor
file,qdata,save@qdata%toggle;date;nosave,8,114,144,16,date,nosave
file,qdata,save@qdata%toggle;thumb;nosave,16,28,128,72,thumb,nosave
file,qdata,save@qdata%toggle;over,0,0,160,144,over
file,qdata,save@qdata%toggle;normal,0,0,160,144,normal
file,_chk,save@__chk%toggle;normal;on,3,2,13,13,normal,on
file,_chk,save@__chk%toggle;normal;off,3,3,12,12,normal,off
file,_chk,save@__chk%toggle;nosave,0,0,119,18,nosave
file,cf_qsave,save@cf__qsave%copy;__chk,0,0,119,18,_chk
file,cf_qload,save@cf__qload%copy;__chk,0,0,119,18,_chk
file,cf_save,save@cf__save%copy;__chk,0,0,119,18,_chk
file,cf_load,save@cf__load%copy;__chk,0,0,119,18,_chk
file,cf_ovwr,save@cf__ovwr%copy;__chk,0,0,119,18,_chk
file,cf_copy,save@cf__copy%copy;__chk,0,0,119,18,_chk
file,cf_move,save@cf__move%copy;__chk,0,0,119,18,_chk
file,cf_del,save@cf__del%copy;__chk,0,0,119,18,_chk
file,allpages,save@allpages%cref;normal,0,0,632,22,normal
file,allpages,save@allpages%cref;over,0,0,632,22,over
file,allpages,save@allpages%cref;on,0,0,632,22,on
file,page0,save@page0%button;nosave,0,0,60,26,nosave
file,page1,save@page1%button;nosave,0,0,60,26,nosave
file,page2,save@page2%button;nosave,0,0,60,26,nosave
file,page3,save@page3%button;nosave,0,0,60,26,nosave
file,page4,save@page4%button;nosave,0,0,60,26,nosave
file,page5,save@page5%button;nosave,0,0,60,26,nosave
file,page6,save@page6%button;nosave,0,0,60,26,nosave
file,page7,save@page7%button;nosave,0,0,60,26,nosave
file,page8,save@page8%button;nosave,0,0,60,26,nosave
file,page9,save@page9%button;nosave,0,0,60,26,nosave
file,allsys,save@allsys%cref;normal,0,0,1208,667,normal
file,allsys,save@allsys%cref;over,0,0,1208,667,over
file,allsys,save@allsys%cref;on,0,0,1208,667,on
file,init,save@init%button;nosave,0,0,140,44,nosave
file,back,save@back%button;nosave,0,0,92,44,nosave
file,title,save@title%button;nosave,0,0,92,44,nosave
file,exit,save@exit%button;nosave,0,0,92,44,nosave
file,to_save,save@to__save%button;nosave,0,0,93,27,nosave
file,to_load,save@to__load%button;nosave,0,0,93,27,nosave
file,to_system,save@to__system%button;nosave,0,0,93,27,nosave
file,to_sound,save@to__sound%button;nosave,0,0,93,27,nosave
file,allopr,save@allopr%cref;normal,0,0,109,91,normal
file,allopr,save@allopr%cref;over,0,0,109,91,over
file,allopr,save@allopr%cref;on,0,0,109,91,on
file,copy,save@copy%toggle;nosave,0,0,113,31,nosave
file,move,save@move%toggle;nosave,0,0,113,31,nosave
file,delete,save@delete%toggle;nosave,0,0,113,31,nosave
file,captions,save@captions%layer,0,0,145,178,
file,base,save@base%base,0,0,1280,720,
