type,item0,button,84,150,216,152
type,item1,copy,308,150,216,152
type,item2,copy,532,150,216,152
type,item3,copy,756,150,216,152
type,item4,copy,980,150,216,152
type,item5,copy,84,318,216,152
type,item6,copy,308,318,216,152
type,item7,copy,532,318,216,152
type,item8,copy,756,318,216,152
type,item9,copy,980,318,216,152
type,item10,copy,84,486,216,152
type,item11,copy,308,486,216,152
type,item12,copy,532,486,216,152
type,item13,copy,756,486,216,152
type,item14,copy,980,486,216,152
type,allpages,cref,84,110,120,22
type,page0,button,82,108,60,26
type,page1,button,146,108,60,26
type,lock,layer,1090,15,61,61
type,allsys,cref,942,15,302,701
type,to_cg,button,940,13,65,65
type,to_scene,button,1014,13,65,65
type,to_bust,button,1088,13,65,65
type,to_music,button,1162,13,65,65
type,back,button,1058,674,92,44
type,exit,button,1154,674,92,44
type,base,base,0,0,1280,720
file,item0,scene@item0%button;cursor,10,10,196,112,cursor
file,item0,scene@item0%button;thumb,13,13,190,128,thumb
file,item0,scene@item0%button;disabled,0,0,216,152,disabled
file,item0,scene@item0%button;normal,0,0,216,152,normal
file,item0,scene@item0%button;nosave,0,0,216,152,nosave
file,item1,scene@item1%copy;item0,0,0,216,152,item0
file,item2,scene@item2%copy;item0,0,0,216,152,item0
file,item3,scene@item3%copy;item0,0,0,216,152,item0
file,item4,scene@item4%copy;item0,0,0,216,152,item0
file,item5,scene@item5%copy;item0,0,0,216,152,item0
file,item6,scene@item6%copy;item0,0,0,216,152,item0
file,item7,scene@item7%copy;item0,0,0,216,152,item0
file,item8,scene@item8%copy;item0,0,0,216,152,item0
file,item9,scene@item9%copy;item0,0,0,216,152,item0
file,item10,scene@item10%copy;item0,0,0,216,152,item0
file,item11,scene@item11%copy;item0,0,0,216,152,item0
file,item12,scene@item12%copy;item0,0,0,216,152,item0
file,item13,scene@item13%copy;item0,0,0,216,152,item0
file,item14,scene@item14%copy;item0,0,0,216,152,item0
file,allpages,scene@allpages%cref;normal,0,0,120,22,normal
file,allpages,scene@allpages%cref;over,0,0,120,22,over
file,allpages,scene@allpages%cref;on,0,0,120,22,on
file,page0,scene@page0%button;nosave,0,0,60,26,nosave
file,page1,scene@page1%button;nosave,0,0,60,26,nosave
file,lock,scene@lock%layer,0,0,61,61,
file,allsys,scene@allsys%cref;normal,0,0,302,701,normal
file,allsys,scene@allsys%cref;over,0,0,302,701,over
file,allsys,scene@allsys%cref;on,0,0,302,701,on
file,to_cg,scene@to__cg%button;nosave,0,0,65,65,nosave
file,to_scene,scene@to__scene%button;nosave,0,0,65,65,nosave
file,to_bust,scene@to__bust%button;nosave,0,0,65,65,nosave
file,to_music,scene@to__music%button;nosave,0,0,65,65,nosave
file,back,scene@back%button;nosave,0,0,92,44,nosave
file,exit,scene@exit%button;nosave,0,0,92,44,nosave
file,base,scene@base%base,0,0,1280,720,
