type,trial,layer,947,332,183,68
type,cont_popup,layer,552,365,304,128
type,brand,layer,19,661,151,45
type,logo,layer,797,43,470,290
type,continue,button,856,400,352,44
type,start,button,856,444,352,44
type,load,button,856,488,352,44
type,extra,button,856,532,352,44
type,option,button,856,576,352,44
type,exit,button,856,620,352,44
type,allmenu,cref,865,400,328,262
type,lock,layer,880,543,313,31
type,cgmode,button,856,444,352,44
type,scenemode,button,856,488,352,44
type,standmode,button,856,532,352,44
type,soundmode,button,856,576,352,44
type,back,button,856,620,352,44
type,allextra,cref,865,444,328,217
type,base,base,0,0,1280,720
file,trial,title@trial%layer,0,0,183,68,
file,cont_popup,title@cont__popup%layer;nosave,0,0,304,128,nosave
file,brand,title@brand%layer,0,0,151,45,
file,logo,title@logo%layer,0,0,470,290,
file,continue,title@continue%button;nosave,0,0,352,44,nosave
file,start,title@start%button;nosave,0,0,352,44,nosave
file,load,title@load%button;nosave,0,0,352,44,nosave
file,extra,title@extra%button;nosave,0,0,352,44,nosave
file,option,title@option%button;nosave,0,0,352,44,nosave
file,exit,title@exit%button;nosave,0,0,352,44,nosave
file,allmenu,title@allmenu%cref;over,0,0,328,262,over
file,allmenu,title@allmenu%cref;off,15,11,313,251,off
file,lock,title@lock%layer,0,0,313,31,
file,cgmode,title@cgmode%button;nosave,0,0,352,44,nosave
file,scenemode,title@scenemode%button;nosave,0,0,352,44,nosave
file,standmode,title@standmode%button;nosave,0,0,352,44,nosave
file,soundmode,title@soundmode%button;nosave,0,0,352,44,nosave
file,back,title@back%button;nosave,0,0,352,44,nosave
file,allextra,title@allextra%cref;over,0,0,328,217,over
file,allextra,title@allextra%cref;off,15,11,313,206,off
file,base,title@base%base;nosave,0,0,1280,720,nosave
