[
  {
    "message": "起初有『言语』",
    "len": 1
  },
  {
    "message": "然后『光』诞生了……",
    "len": 1
  },
  {
    "message": "在『光』之前——也就是说，在宇宙诞生之前就存在的东西。",
    "len": 3
  },
  {
    "message": "那就是——『言语』？",
    "len": 1
  },
  {
    "message": "那么，『言语』到底是什么呢？",
    "len": 1
  },
  {
    "name": "琴子",
    "message": "「是赋予意义的东西哦」",
    "len": 1
  },
  {
    "message": "妹妹琴子如此说道。",
    "len": 3
  },
  {
    "name": "琴子",
    "message": "「有人认识到光是「光」，并给予它「光」这个意义」",
    "len": 2
  },
  {
    "name": "琴子",
    "message": "「从那时起，光成为了「光」，　伴随着光，「世界」诞生了……」",
    "len": 2
  },
  {
    "message": "当然，即便被这么说，我也不可能理解",
    "len": 1
  },
  {
    "message": "我只是——",
    "len": 1
  },
  {
    "name": "樹",
    "message": "「太厉害了！琴子，你什么都知道啊！」",
    "len": 2
  },
  {
    "message": "我只能做出这种傻乎乎的回应，半是为了掩饰尴尬，便伸手摸了摸琴子的头。",
    "len": 2
  },
  {
    "name": "琴子",
    "message": "「嗯哼哼哼～」",
    "len": 1
  },
  {
    "message": "我这个比我肩膀还矮的妹妹，虽然个子小小的，平时却总是表现得很成熟",
    "len": 2
  },
  {
    "name": "琴子",
    "message": "「嗯～，呜呜～，呜～！」",
    "len": 1
  },
  {
    "message": "只有在这种时候……该怎么说呢……变得软绵绵的？",
    "len": 2
  },
  {
    "name": "琴子",
    "message": "「啊哈哈，好啦好啦哥哥，好痒啊」",
    "len": 2
  },
  {
    "message": "总之，她整个人都融化了。",
    "len": 1
  },
  {
    "message": "笑得很开心。",
    "len": 1
  },
  {
    "message": "就像同龄的其他女孩一样。",
    "len": 1
  },
  {
    "message": "『言语』即是认知——",
    "len": 1
  },
  {
    "message": "从某人观测的那一刻起，世界才有了『世界』这个意义。",
    "len": 2
  },
  {
    "message": "我们从出生起就存在于这个世界吗？还是说，因为出生才获得了这个世界？",
    "len": 2
  },
  {
    "message": "某人——是谁呢？",
    "len": 1
  },
  {
    "message": "是一个人吗？还是所有人相互连接的结果？",
    "len": 2
  },
  {
    "message": "如果是琴子的话，会怎么回答呢……？",
    "len": 1
  },
  {
    "message": "琴子的话，一定会……但是…………",
    "len": 1
  },
  {
    "message": "我已经无法再问她了。",
    "len": 1
  },
  {
    "message": "那个星星坠落，天空中闪烁着光芒的夜晚——",
    "len": 1
  },
  {
    "message": "打开那扇门——",
    "len": 1
  },
  {
    "message": "我——",
    "len": 1
  },
  {
    "message": "那个尚且稚嫩的『世界』已经结束了。",
    "len": 1
  },
  {
    "message": "因为我看到了——",
    "len": 1
  },
  {
    "message": "明明爸爸妈妈都再三叮嘱过……",
    "len": 1
  },
  {
    "message": "是我——",
    "len": 1
  },
  {
    "message": "因为我看到了——",
    "len": 1
  },
  {
    "name": "樹",
    "message": "「……………………」",
    "len": 1
  },
  {
    "name": "樹",
    "message": "「呼……天亮了…………」",
    "len": 1
  },
  {
    "name": "樹",
    "message": "「毫无疑问是早晨了」",
    "len": 1
  },
  {
    "name": "樹",
    "message": "「鸟儿在叫就是证明。嗯，虽然作为证据可能有点弱……」",
    "len": 2
  },
  {
    "name": "樹",
    "message": "「至少不是乌鸦的叫声，所以很可能是早晨吧」",
    "len": 2
  },
  {
    "name": "樹",
    "message": "「虽然身边没有可爱的女孩在睡觉，也没有青梅竹马或妹妹来叫我起床」",
    "len": 2
  },
  {
    "name": "樹",
    "message": "「但这就是我的早晨，这就是我的世界」",
    "len": 1
  },
  {
    "name": "樹",
    "message": "「哈喽，世界！」",
    "len": 1
  },
  {
    "name": "樹",
    "message": "「试着打了个招呼。当然，没有回应」",
    "len": 2
  },
  {
    "name": "樹",
    "message": "「要是有回应才可怕呢」",
    "len": 1
  },
  {
    "name": "樹",
    "message": "「如果有人在观察这样的我，我要对那家伙说一句」",
    "len": 2
  },
  {
    "name": "樹",
    "message": "「我就是这个世界的主角！」",
    "len": 1
  },
  {
    "name": "樹",
    "message": "「…………」",
    "len": 1
  },
  {
    "name": "樹",
    "message": "「这种台词也就只能自言自语的时候说说了……」",
    "len": 1
  },
  {
    "name": "樹",
    "message": "「万一被谁听到了的话，我就毁灭这个世界」",
    "len": 2
  },
  {
    "name": "？？？",
    "message": "「那么，毁灭了之后呢？」",
    "len": 1
  },
  {
    "name": "樹",
    "message": "「什么！？」",
    "len": 1
  },
  {
    "name": "？？？",
    "message": "「真是的，我还以为你在自言自语呢……」",
    "len": 1
  },
  {
    "name": "樹",
    "message": "「啊……那个……」",
    "len": 1
  },
  {
    "name": "？？？",
    "message": "「还没睡醒吗？已经8点了哦」",
    "len": 1
  },
  {
    "name": "樹",
    "message": "「诶？什么8点？」",
    "len": 1
  },
  {
    "name": "？？？",
    "message": "「别说什么8点啦，真是的！」",
    "len": 1
  },
  {
    "name": "樹",
    "message": "（嗯……是柚吧）",
    "len": 1
  },
  {
    "name": "樹",
    "message": "（啊，对了。这家伙是柚，隔壁家的……）",
    "len": 1
  },
  {
    "name": "樹",
    "message": "（可能是因为刚才做了三年前的梦吧？一时没反应过来）",
    "len": 1
  },
  {
    "name": "柚",
    "message": "「差不多该醒了吧？」",
    "len": 1
  },
  {
    "name": "樹",
    "message": "「多亏你我彻底清醒了。话说回来，你是怎么进来的？门不是锁着吗」",
    "len": 2
  },
  {
    "name": "柚",
    "message": "「阳台」",
    "len": 1
  },
  {
    "name": "樹",
    "message": "「啊？」",
    "len": 1
  },
  {
    "name": "柚",
    "message": "「我早就觉得能爬上来。你看，顺着那棵樱花树就能过来，不是吗」",
    "len": 2
  },
  {
    "name": "柚",
    "message": "「然后试了一下，没想到意外的简单！树，你家太不安全了哦？」",
    "len": 2
  },
  {
    "name": "樹",
    "message": "「别随便试啊！摔下来很危险的」",
    "len": 3
  },
  {
    "name": "柚",
    "message": "「哦～你居然会担心我啊，真少见」",
    "len": 1
  },
  {
    "name": "樹",
    "message": "「你那可怕的老妈会生气的」",
    "len": 1
  },
  {
    "name": "柚",
    "message": "「妈妈为什么要生气啊」",
    "len": 1
  },
  {
    "name": "樹",
    "message": "「不，那个嘛……就是凭感觉」",
    "len": 1
  },
  {
    "name": "柚",
    "message": "「妈妈跟这没关系，我做事全凭我自己的喜好」",
    "len": 1
  },
  {
    "name": "樹",
    "message": "「管他呢，你这非法入侵者来干嘛的」",
    "len": 1
  },
  {
    "name": "柚",
    "message": "「这个，讲义和作业本。是老师托我带来的」",
    "len": 2
  },
  {
    "name": "樹",
    "message": "「作业本？」",
    "len": 1
  },
  {
    "name": "柚",
    "message": "「马上就要放寒假了吧？说是假期作业」",
    "len": 2
  },
  {
    "name": "樹",
    "message": "「哈……还想让我学习吗？干脆让我退学算了」",
    "len": 4
  },
  {
    "name": "柚",
    "message": "「哪有那么简单啊？我们班像你这样的就有7个人呢」",
    "len": 2
  },
  {
    "name": "柚",
    "message": "「要是全都退学了，学校不就空荡荡的了吗」",
    "len": 1
  },
  {
    "name": "樹",
    "message": "「日本的教育问题真是严重啊」",
    "len": 1
  },
  {
    "name": "柚",
    "message": "「罪魁祸首还在这装模作样！」",
    "len": 1
  },
  {
    "name": "柚",
    "message": "「总之，你也该稍微考虑下未来了。整天游手好闲可不会有什么好结果」",
    "len": 2
  },
  {
    "name": "樹",
    "message": "（就算认真学习，也不会有什么好结果吧）",
    "len": 1
  },
  {
    "name": "柚",
    "message": "「那我去学校了」",
    "len": 1
  },
  {
    "name": "樹",
    "message": "「行行，辛苦您了」",
    "len": 1
  },
  {
    "name": "柚",
    "message": "「………………」",
    "len": 1
  },
  {
    "name": "柚",
    "message": "「喂，树树？」",
    "len": 1
  },
  {
    "name": "樹",
    "message": "「嗯？」",
    "len": 1
  },
  {
    "name": "柚",
    "message": "「我一直想问，这个房间里没有放时钟吧？」",
    "len": 2
  },
  {
    "name": "樹",
    "message": "「时钟？」",
    "len": 1
  },
  {
    "name": "柚",
    "message": "「很久以前不是有的吗？」",
    "len": 1
  },
  {
    "name": "樹",
    "message": "「啊，全扔了」",
    "len": 1
  },
  {
    "name": "柚",
    "message": "「为什么啊？」",
    "len": 1
  },
  {
    "name": "樹",
    "message": "「谁知道呢。可能是因为讨厌吧」",
    "len": 1
  },
  {
    "name": "柚",
    "message": "「唉……，就是因为你这样，我才……」",
    "len": 1
  },
  {
    "name": "樹",
    "message": "「怎么了？」",
    "len": 1
  },
  {
    "name": "柚",
    "message": "「没什么，没什么！那我走了！」",
    "len": 2
  },
  {
    "name": "樹",
    "message": "「喂！好好从玄关出去啊！」",
    "len": 1
  },
  {
    "name": "柚",
    "message": "「没事没事！我没问题的！」",
    "len": 1
  },
  {
    "name": "柚",
    "message": "「哇啊——好像有什么东西坏了！」",
    "len": 1
  },
  {
    "name": "樹",
    "message": "（……我更担心那家伙的未来）",
    "len": 1
  },
  {
    "name": "樹",
    "message": "「那么……该怎么办呢」",
    "len": 1
  },
  {
    "name": "樹",
    "message": "（也不是说我讨厌学校……）",
    "len": 1
  },
  {
    "name": "樹",
    "message": "（只是觉得无所谓罢了）",
    "len": 1
  },
  {
    "name": "樹",
    "message": "（就像堪察加半岛对我来说无所谓一样，学校对我来说也是个无所谓的地方）",
    "len": 2
  },
  {
    "name": "樹",
    "message": "（话虽如此，也没有什么地方是我不觉得无所谓的……）",
    "len": 2
  },
  {
    "name": "猫の声",
    "message": "「喵」",
    "len": 1
  },
  {
    "name": "樹",
    "message": "「……嗯？」",
    "len": 1
  },
  {
    "name": "猫の声",
    "message": "「喵呜——」",
    "len": 1
  },
  {
    "name": "樹",
    "message": "「哟！今天起得真早啊，姬子猫」",
    "len": 1
  },
  {
    "name": "樹",
    "message": "「怎么了？肚子饿了吗？」",
    "len": 1
  },
  {
    "name": "ギズモ",
    "message": "「喵——」",
    "len": 1
  },
  {
    "name": "樹",
    "message": "「还是说，一大早就想玩了？」",
    "len": 1
  },
  {
    "name": "ギズモ",
    "message": "「喵——」",
    "len": 1
  },
  {
    "name": "樹",
    "message": "「嗯……」",
    "len": 1
  },
  {
    "name": "樹",
    "message": "（虽然不太明白，但它一直盯着我看）",
    "len": 1
  },
  {
    "name": "ギズモ",
    "message": "「…………………………」",
    "len": 1
  },
  {
    "name": "樹",
    "message": "「喂」",
    "len": 1
  },
  {
    "name": "ギズモ",
    "message": "「喵～」",
    "len": 1
  },
  {
    "name": "樹",
    "message": "「哎，是这个吗？」",
    "len": 1
  },
  {
    "message": "我轻轻拍打着姬子猫的屁股。",
    "len": 1
  },
  {
    "message": "把手掌握成圆形，啪啪地拍打是诀窍。",
    "len": 1
  },
  {
    "name": "ギズモ",
    "message": "「喵呜～咕噜咕噜～」",
    "len": 1
  },
  {
    "name": "樹",
    "message": "「这么点小事就高兴成这样，真是个怪家伙啊」",
    "len": 1
  },
  {
    "name": "ギズモ",
    "message": "「喵呜～咕噜咕噜～」",
    "len": 1
  },
  {
    "name": "樹",
    "message": "「不过，你是不是又长大了？」",
    "len": 1
  },
  {
    "name": "ギズモ",
    "message": "「喵？」",
    "len": 1
  },
  {
    "name": "樹",
    "message": "「捡到你的时候小得能放在一只手掌上，　没想到仅仅一年就长这么大了啊」",
    "len": 2
  },
  {
    "name": "ギズモ",
    "message": "「喵！」",
    "len": 1
  },
  {
    "name": "樹",
    "message": "「嗯？怎么了？」",
    "len": 1
  },
  {
    "message": "姬子猫像是发现了什么似的，朝着走廊深处跑去。",
    "len": 2
  },
  {
    "name": "樹",
    "message": "「怎么回事？是不是有虫子啊？」",
    "len": 1
  },
  {
    "name": "樹",
    "message": "「是平常见到的螳螂吗？还是说难道是……」",
    "len": 2
  },
  {
    "name": "樹",
    "message": "「…………」",
    "len": 1
  },
  {
    "name": "樹",
    "message": "「要是吃了奇怪的东西就麻烦了，我得去追它」",
    "len": 1
  },
  {
    "name": "樹",
    "message": "「喂——，姬子猫」",
    "len": 1
  },
  {
    "name": "ギズモ",
    "message": "「喵！喵喵！」",
    "len": 1
  },
  {
    "name": "樹",
    "message": "「你在干什么呢？」",
    "len": 1
  },
  {
    "name": "ギズモ",
    "message": "「喵！喵！喵！」",
    "len": 1
  },
  {
    "name": "樹",
    "message": "「你是在撒娇吗？」",
    "len": 1
  },
  {
    "message": "姬子猫在门前转来转去。",
    "len": 1
  },
  {
    "name": "樹",
    "message": "「你是想进那里吗？」",
    "len": 1
  },
  {
    "name": "ギズモ",
    "message": "「喵～」",
    "len": 1
  },
  {
    "name": "樹",
    "message": "「不行不行，这里不能进！」",
    "len": 1
  },
  {
    "name": "ギズモ",
    "message": "「喵～！」",
    "len": 1
  },
  {
    "name": "樹",
    "message": "「这个房间不能进哦……」",
    "len": 1
  },
  {
    "name": "ギズモ",
    "message": "「喵呜～」",
    "len": 1
  },
  {
    "name": "樹",
    "message": "「来来，我们去别的地方，好不好？」",
    "len": 1
  },
  {
    "name": "ギズモ",
    "message": "「喵～」",
    "len": 1
  },
  {
    "name": "樹",
    "message": "（看起来好像很失望啊）",
    "len": 1
  },
  {
    "name": "樹",
    "message": "「唔嗯……」",
    "len": 1
  },
  {
    "name": "樹",
    "message": "（到底怎么了？以前从没这样过）",
    "len": 1
  },
  {
    "name": "樹",
    "message": "（这个房间里有什么……？）",
    "len": 1
  },
  {
    "name": "樹",
    "message": "「………………」",
    "len": 1
  },
  {
    "name": "樹",
    "message": "「算了，去吃饭吧」",
    "len": 1
  },
  {
    "name": "樹",
    "message": "「啧，一个人都没有……」",
    "len": 1
  },
  {
    "name": "樹",
    "message": "「为什么我一起床这家就没人了呢？」",
    "len": 1
  },
  {
    "name": "樹",
    "message": "（爸爸去公司了，结衣姐姐去学校了……）",
    "len": 1
  },
  {
    "name": "樹",
    "message": "（妈妈……虽然不太清楚原因，但总是不在家）",
    "len": 1
  },
  {
    "name": "樹",
    "message": "（而且，桌子上放着一张千元纸币）",
    "len": 1
  },
  {
    "name": "樹",
    "message": "（是我的早餐和午餐钱……）",
    "len": 1
  },
  {
    "name": "樹",
    "message": "（今天和昨天一样，明天和前天一样，每天每天，都是同样景象的重复……）",
    "len": 2
  },
  {
    "name": "樹",
    "message": "（唯一的区别就是外面的天气）",
    "len": 1
  },
  {
    "name": "樹",
    "message": "（不知道从什么时候开始的……呢）",
    "len": 1
  },
  {
    "name": "樹",
    "message": "（这种情况……）",
    "len": 1
  },
  {
    "name": "樹",
    "message": "（是从不去学校开始的吗？）",
    "len": 1
  },
  {
    "name": "樹",
    "message": "（不，应该是更早之前……）",
    "len": 1
  },
  {
    "name": "樹",
    "message": "（更早，更早以前……早到我都记不清了……）",
    "len": 2
  },
  {
    "name": "樹",
    "message": "（不过，已经习惯了……或者说，变得无所谓了）",
    "len": 2
  },
  {
    "name": "樹",
    "message": "（觉得大概就是这样吧）",
    "len": 1
  },
  {
    "name": "樹",
    "message": "（眼前的景象从一开始就在那里）",
    "len": 1
  },
  {
    "name": "樹",
    "message": "（不知为何，我被扔在了这里）",
    "len": 1
  },
  {
    "name": "樹",
    "message": "（……啧，到底是谁）",
    "len": 1
  },
  {
    "name": "樹",
    "message": "（没经过我同意，就把我扔在这种地方？）",
    "len": 1
  },
  {
    "name": "樹",
    "message": "（把我……扔在这种地方）",
    "len": 1
  },
  {
    "name": "樹",
    "message": "（大概，从那时起…………）",
    "len": 1
  },
  {
    "name": "樹",
    "message": "「……那么，今天怎么样？」",
    "len": 1
  },
  {
    "name": "樹",
    "message": "「是晴天吗？是晴天吧」",
    "len": 1
  },
  {
    "name": "樹",
    "message": "「那么，该出门了」",
    "len": 1
  },
  {
    "message": "我捏起一张千元纸币，离开了客厅。",
    "len": 1
  },
  {
    "name": "樹",
    "message": "（今天去哪儿呢……）",
    "len": 1
  },
  {
    "name": "樹",
    "message": "（虽然很冷，还是去公园吧……）",
    "len": 1
  },
  {
    "name": "樹",
    "message": "（人少点儿比较好……）",
    "len": 1
  },
  {
    "name": "母",
    "message": "「记得穿暖和点再出门哦？」",
    "len": 1
  },
  {
    "name": "樹",
    "message": "「嗯……」",
    "len": 1
  },
  {
    "name": "母",
    "message": "「饮食也不能老是汉堡包啊？」",
    "len": 1
  },
  {
    "name": "樹",
    "message": "「嗯……」",
    "len": 1
  },
  {
    "name": "母",
    "message": "「还有，别忘了把零钱放在桌子上」",
    "len": 1
  },
  {
    "name": "樹",
    "message": "「啊，我知道了……」",
    "len": 1
  },
  {
    "name": "母",
    "message": "「……唉」",
    "len": 1
  },
  {
    "name": "樹",
    "message": "「………………」",
    "len": 1
  },
  {
    "name": "樹",
    "message": "「虽然无所谓……」",
    "len": 1
  },
  {
    "message": "为什么这房子里一个人都没有呢……",
    "len": 1
  },
  {
    "name": "樹",
    "message": "「哈啊啊啊啊啊啊啊～」",
    "len": 1
  },
  {
    "name": "樹",
    "message": "「哈啊啊啊啊啊啊……」",
    "len": 1
  },
  {
    "name": "樹",
    "message": "「呼呜呜呜呜呜呜～」",
    "len": 5
  },
  {
    "name": "樹",
    "message": "「啊，这天气真不错」",
    "len": 1
  },
  {
    "name": "樹",
    "message": "「要是没风的话，冬天也挺舒服的嘛？暖洋洋的感觉真不错」",
    "len": 2
  },
  {
    "name": "樹",
    "message": "「那么，我这就去睡一觉吧」",
    "len": 1
  },
  {
    "name": "樹",
    "message": "「晚安咯～」",
    "len": 1
  },
  {
    "name": "樹",
    "message": "「好嘞好嘞，来喂食啦，都过来啊！」",
    "len": 1
  },
  {
    "name": "樹",
    "message": "「怎么样？汉堡的剩余部分，好吃吗？」",
    "len": 1
  },
  {
    "name": "樹",
    "message": "「那边那只白色的，你啊，动作真慢啊。从刚才开始就一直被其他家伙抢走食物」",
    "len": 2
  },
  {
    "name": "樹",
    "message": "「好啦，给你特别准备了些腌黄瓜，来来来」",
    "len": 1
  },
  {
    "name": "樹",
    "message": "「嗯？嗯嗯？这家伙，为什么要无视我啊？」",
    "len": 1
  },
  {
    "name": "樹",
    "message": "「啧，不行啊。原来鸽子不吃腌黄瓜吗」",
    "len": 2
  },
  {
    "name": "樹",
    "message": "「那这个怎么样？辣条，可好吃了哦？」",
    "len": 2
  },
  {
    "name": "樹",
    "message": "「好嘞好嘞，聚集了不少啊。还有很多剩余的，尽管吃吧！」",
    "len": 2
  },
  {
    "name": "樹",
    "message": "「…………」",
    "len": 1
  },
  {
    "name": "樹",
    "message": "「……………………」",
    "len": 1
  },
  {
    "name": "樹",
    "message": "「…………………………………………」",
    "len": 1
  },
  {
    "name": "樹",
    "message": "「哈啊啊啊啊啊啊啊～」",
    "len": 1
  },
  {
    "name": "樹",
    "message": "「…………」",
    "len": 1
  },
  {
    "name": "樹",
    "message": "「……………………」",
    "len": 1
  },
  {
    "name": "樹",
    "message": "「…………………………………………」",
    "len": 1
  },
  {
    "name": "姉",
    "message": "「又在这种地方……」",
    "len": 1
  },
  {
    "name": "樹",
    "message": "「…………」",
    "len": 1
  },
  {
    "name": "姉",
    "message": "「虽然你八成没在听，但是别在外面到处晃悠了，真难看」",
    "len": 2
  },
  {
    "name": "樹",
    "message": "「…………」",
    "len": 1
  },
  {
    "name": "姉",
    "message": "「啊～恶心！」",
    "len": 2
  },
  {
    "name": "樹",
    "message": "「…………」",
    "len": 1
  },
  {
    "name": "樹",
    "message": "「呼啊啊啊啊啊啊啊～」",
    "len": 1
  },
  {
    "name": "樹",
    "message": "「嗯～感觉天气快要变冷了呢」",
    "len": 1
  },
  {
    "name": "？？？",
    "message": "「哎呀，树君」",
    "len": 1
  },
  {
    "name": "樹",
    "message": "「诶？啊，您好，蜜柑桑」",
    "len": 1
  },
  {
    "name": "蜜柑",
    "message": "「喂，执勤时不能直呼我的名字哦」",
    "len": 1
  },
  {
    "name": "樹",
    "message": "「啊，对不起，警视桑」",
    "len": 1
  },
  {
    "name": "蜜柑",
    "message": "「呐，刚才那个是结衣吧？」",
    "len": 1
  },
  {
    "name": "樹",
    "message": "「您说什么呢？」",
    "len": 1
  },
  {
    "name": "蜜柑",
    "message": "「刚才在这里的不是你姐姐吗？好像有点生气的样子？」",
    "len": 2
  },
  {
    "name": "樹",
    "message": "「没什么…反正对我来说都无所谓」",
    "len": 1
  },
  {
    "name": "蜜柑",
    "message": "「哎呀，你还是老样子啊…」",
    "len": 1
  },
  {
    "name": "樹",
    "message": "「话说回来，您这样在这里没问题吗？」",
    "len": 1
  },
  {
    "name": "蜜柑",
    "message": "「嗯？」",
    "len": 1
  },
  {
    "name": "樹",
    "message": "「工作很忙吧」",
    "len": 1
  },
  {
    "name": "蜜柑",
    "message": "「只是稍微放松一下而已。倒是你没问题吗？」",
    "len": 2
  },
  {
    "name": "樹",
    "message": "「什么没问题？」",
    "len": 1
  },
  {
    "name": "蜜柑",
    "message": "「就是说，你在这种地方，学校呢？」",
    "len": 1
  },
  {
    "name": "樹",
    "message": "「柚没告诉您吗？」",
    "len": 1
  },
  {
    "name": "蜜柑",
    "message": "「很久以前听说你不去上学了，难道…现在还没去吗？」",
    "len": 2
  },
  {
    "name": "樹",
    "message": "「一直都没去」",
    "len": 1
  },
  {
    "name": "蜜柑",
    "message": "「哎呀呀」",
    "len": 1
  },
  {
    "name": "樹",
    "message": "「总之，就是这么回事」",
    "len": 1
  },
  {
    "name": "蜜柑",
    "message": "「怎么说呢…虽然对别人家的事情指手画脚不太好…」",
    "len": 2
  },
  {
    "name": "蜜柑",
    "message": "「但七枷桑是邻居，女儿也受了很多照顾…」",
    "len": 2
  },
  {
    "name": "蜜柑",
    "message": "「对了！这里就让我来！」",
    "len": 1
  },
  {
    "name": "樹",
    "message": "「不用麻烦了」",
    "len": 1
  },
  {
    "name": "蜜柑",
    "message": "「啊？」",
    "len": 1
  },
  {
    "name": "樹",
    "message": "「今天从早上开始就又被您女儿说教了」",
    "len": 1
  },
  {
    "name": "蜜柑",
    "message": "「哎呀，是这样啊」",
    "len": 1
  },
  {
    "name": "樹",
    "message": "「总之，就是这么回事」",
    "len": 1
  },
  {
    "name": "蜜柑",
    "message": "「这样啊……嗯～原来如此……」",
    "len": 1
  },
  {
    "name": "蜜柑",
    "message": "「我明白了，既然这样的话，就交给那孩子处理吧」",
    "len": 2
  },
  {
    "name": "樹",
    "message": "「抱歉」",
    "len": 1
  },
  {
    "name": "蜜柑",
    "message": "（柚，加油啊！趁这个机会拿下树君！）",
    "len": 1
  },
  {
    "name": "樹",
    "message": "「啊？」",
    "len": 1
  },
  {
    "name": "蜜柑",
    "message": "「没什么，没什么」",
    "len": 1
  },
  {
    "name": "蜜柑",
    "message": "「话说回来，我能说一句话吗？」",
    "len": 1
  },
  {
    "name": "樹",
    "message": "「什么事？」",
    "len": 1
  },
  {
    "name": "蜜柑",
    "message": "「白天就别到处闲逛了」",
    "len": 1
  },
  {
    "name": "蜜柑",
    "message": "「马上就年底了，少年课会特别积极，你可能会被频繁地带去教育哦？」",
    "len": 2
  },
  {
    "name": "樹",
    "message": "「是这样吗？」",
    "len": 1
  },
  {
    "name": "蜜柑",
    "message": "「这是一年一度的刷业绩特殊时期。大家都为了升职加薪在拼命呢」",
    "len": 2
  },
  {
    "name": "樹",
    "message": "「真是公务员啊」",
    "len": 1
  },
  {
    "name": "蜜柑",
    "message": "「没错，地方公务员」",
    "len": 1
  },
  {
    "name": "樹",
    "message": "「如果真发生那种事，你能帮我吗？」",
    "len": 1
  },
  {
    "name": "蜜柑",
    "message": "「不是我的管辖范围，可能帮不上忙……」",
    "len": 1
  },
  {
    "name": "蜜柑",
    "message": "「要是真被拘留了，你可以报我的名字」",
    "len": 1
  },
  {
    "name": "樹",
    "message": "「真是抱歉，我欠你一个人情」",
    "len": 1
  },
  {
    "name": "蜜柑",
    "message": "「我可不希望发生那种情况啊。尽！可！能！别！」",
    "len": 3
  },
  {
    "name": "樹",
    "message": "「是啊」",
    "len": 1
  },
  {
    "name": "蜜柑",
    "message": "「喂，别一副事不关己的样子……」",
    "len": 1
  },
  {
    "name": "蜜柑",
    "message": "「那么，我要回警署了。偶尔也和柚好好相处一下吧？」",
    "len": 2
  },
  {
    "name": "樹",
    "message": "「好嘞，我会努力的」",
    "len": 1
  },
  {
    "name": "樹",
    "message": "「呼……怎么感觉有点累……」",
    "len": 1
  },
  {
    "name": "樹",
    "message": "「天黑之前，我也该回去了吧」",
    "len": 1
  },
  {
    "name": "樹",
    "message": "「…………」",
    "len": 1
  },
  {
    "name": "樹",
    "message": "「我的家……吗」",
    "len": 1
  },
  {
    "name": "樹",
    "message": "（到头来，我也只能回到这种地方啊）",
    "len": 1
  },
  {
    "name": "樹",
    "message": "（就是一栋随处可见的普通房子）",
    "len": 1
  },
  {
    "name": "樹",
    "message": "（偶尔能不能来个天翻地覆啊？）",
    "len": 1
  },
  {
    "name": "樹",
    "message": "（比如变形成机器人之类的）",
    "len": 1
  },
  {
    "name": "樹",
    "message": "（不管怎么做都不可能啊）",
    "len": 1
  },
  {
    "name": "樹",
    "message": "「算了，无所谓了，肚子饿了……嗯？」",
    "len": 1
  },
  {
    "name": "樹",
    "message": "「……光？……怎么回事？」",
    "len": 1
  },
  {
    "name": "樹",
    "message": "（看错了吗？刚才那边好像闪了一下光……？）",
    "len": 2
  },
  {
    "name": "樹",
    "message": "（二楼那个房间……那是……）",
    "len": 1
  },
  {
    "name": "樹",
    "message": "（不，不可能的……）",
    "len": 1
  },
  {
    "name": "樹",
    "message": "（就算是那样，也只是我的错觉。因为那里根本没人能进去）",
    "len": 2
  },
  {
    "name": "樹",
    "message": "（那个房间已经很久都……）",
    "len": 1
  },
  {
    "name": "樹",
    "message": "「我怎么感觉有点不对劲啊……」",
    "len": 1
  },
  {
    "name": "樹",
    "message": "「不，是今天这一整天都很奇怪」",
    "len": 1
  },
  {
    "name": "樹",
    "message": "（就这么想吧……）",
    "len": 1
  },
  {
    "name": "樹",
    "message": "「…………」",
    "len": 1
  },
  {
    "name": "母",
    "message": "「…………」",
    "len": 1
  },
  {
    "name": "父",
    "message": "「…………」",
    "len": 1
  },
  {
    "name": "姉",
    "message": "「…………」",
    "len": 1
  },
  {
    "name": "テレビの音声",
    "message": "「……接下来是下一条新闻」",
    "len": 1
  },
  {
    "name": "テレビの音声",
    "message": "「今天晚上9点左右到明天凌晨期间，预计将出现的流星群规模与3年前的双子座流星群几乎相同……」",
    "len": 2
  },
  {
    "name": "姉",
    "message": "「把酱油递给我」",
    "len": 1
  },
  {
    "name": "母",
    "message": "「这点距离你自己伸手拿啊」",
    "len": 1
  },
  {
    "name": "姉",
    "message": "「那算了，不要了」",
    "len": 1
  },
  {
    "name": "父",
    "message": "「……啊，我这儿没水了」",
    "len": 1
  },
  {
    "name": "母",
    "message": "「水用完了，喝茶好吗？」",
    "len": 1
  },
  {
    "name": "父",
    "message": "「啊，嗯……但是，茶叶嘛……」",
    "len": 1
  },
  {
    "name": "母",
    "message": "「茶对健康有好处哦？」",
    "len": 1
  },
  {
    "name": "父",
    "message": "「嗯……可是…………」",
    "len": 1
  },
  {
    "name": "母",
    "message": "「你能不能体谅一下每次都要去买水的人啊？搬运很重的！」",
    "len": 2
  },
  {
    "name": "父",
    "message": "「啊，嗯……对不起啊老婆……我该怎么办……」",
    "len": 1
  },
  {
    "name": "姉",
    "message": "「烦死了！你能不能闭嘴！」",
    "len": 1
  },
  {
    "name": "父",
    "message": "「啊，好……我闭嘴……」",
    "len": 1
  },
  {
    "name": "母",
    "message": "「唉……」",
    "len": 1
  },
  {
    "name": "父",
    "message": "「……………………」",
    "len": 1
  },
  {
    "name": "姉",
    "message": "「……………………」",
    "len": 1
  },
  {
    "name": "樹",
    "message": "「……………………」",
    "len": 1
  },
  {
    "name": "テレビの音声",
    "message": "「……根据气象厅的观点，这种微弱的地震波并不会立即成为大地震的预兆」",
    "len": 2
  },
  {
    "name": "テレビの音声",
    "message": "「包括未在数值上显现的振动在内，已经连续发生了30多次地震波，要石市政府等相关部门都表示出了担忧」",
    "len": 2
  },
  {
    "name": "姉",
    "message": "「啊，香织！现在吗？嗯，没问题没问题！」",
    "len": 2
  },
  {
    "name": "母",
    "message": "「结衣，吃饭时不要玩手机！」",
    "len": 1
  },
  {
    "name": "姉",
    "message": "「啊，什么？哦，完全没问题啦！」",
    "len": 1
  },
  {
    "name": "母",
    "message": "「结衣！」",
    "len": 1
  },
  {
    "name": "姉",
    "message": "「然后呢，那家伙完全不懂，咱们别理他了吧，去死吧那混蛋」",
    "len": 5
  },
  {
    "name": "母",
    "message": "「……唉」",
    "len": 1
  },
  {
    "name": "父",
    "message": "「……………………」",
    "len": 1
  },
  {
    "name": "樹",
    "message": "「……………………」",
    "len": 1
  },
  {
    "name": "母",
    "message": "「……………………」",
    "len": 1
  },
  {
    "name": "父",
    "message": "「啊，那个……还有啊，树……」",
    "len": 1
  },
  {
    "name": "樹",
    "message": "「……………………」",
    "len": 1
  },
  {
    "name": "父",
    "message": "「今天……那个……因为是那个日子……」",
    "len": 1
  },
  {
    "name": "樹",
    "message": "（吃完了）",
    "len": 1
  },
  {
    "name": "父",
    "message": "「正好是第三个年头了……你看，那个……」",
    "len": 1
  },
  {
    "name": "樹",
    "message": "（既然吃完了就没必要再待在这儿了）",
    "len": 1
  },
  {
    "name": "父",
    "message": "「至少，上一炷香也好……」",
    "len": 1
  },
  {
    "name": "樹",
    "message": "（回房间吧）",
    "len": 1
  },
  {
    "name": "父",
    "message": "「树、树……」",
    "len": 1
  },
  {
    "name": "樹",
    "message": "「烦死了……」",
    "len": 1
  },
  {
    "name": "樹",
    "message": "「说起来，已经过去三年了啊」",
    "len": 1
  },
  {
    "name": "ギズモ",
    "message": "「喵」",
    "len": 1
  },
  {
    "name": "樹",
    "message": "「我跟你说过很多次了，我就是不想给她献花啊上香什么的」",
    "len": 2
  },
  {
    "name": "ギズモ",
    "message": "「喵？」",
    "len": 1
  },
  {
    "name": "樹",
    "message": "「因为，要是做了那些事的话，怎么说呢……」",
    "len": 2
  },
  {
    "name": "樹",
    "message": "「就好像是承认了，确定了一样」",
    "len": 1
  },
  {
    "name": "ギズモ",
    "message": "「喵～」",
    "len": 1
  },
  {
    "name": "樹",
    "message": "「连我自己都不太明白，怎么能做那种事……」",
    "len": 1
  },
  {
    "name": "ギズモ",
    "message": "「喵呜～」",
    "len": 1
  },
  {
    "name": "樹",
    "message": "「她……一直在房间里看书。整天都安安静静的……」",
    "len": 2
  },
  {
    "name": "樹",
    "message": "「没办法啊，她得了什么家族性突发症，不能受刺激，也不能受惊吓」",
    "len": 2
  },
  {
    "name": "樹",
    "message": "「没人陪着的话连外出都做不到，更别说去学校了」",
    "len": 2
  },
  {
    "name": "樹",
    "message": "「不能发出很大的声音，也不能吓到她……」",
    "len": 1
  },
  {
    "name": "樹",
    "message": "「我们家有个规矩，当她在房间里的时候，绝对不能进去」",
    "len": 2
  },
  {
    "name": "樹",
    "message": "「我一直都觉得很不可思议」",
    "len": 1
  },
  {
    "name": "ギズモ",
    "message": "「喵？」",
    "len": 1
  },
  {
    "name": "樹",
    "message": "「你说是吧？一受惊就会死的病，怎么可能啊」",
    "len": 2
  },
  {
    "name": "樹",
    "message": "「而且……」",
    "len": 1
  },
  {
    "name": "樹",
    "message": "「不知道什么时候就会突然死掉的她，一直不从房间里出来的话……」",
    "len": 2
  },
  {
    "name": "樹",
    "message": "「我就会很担心，不知道她是活着还是死了……」",
    "len": 2
  },
  {
    "name": "樹",
    "message": "「虽然知道不能开，但是那扇门……」",
    "len": 1
  },
  {
    "name": "ギズモ",
    "message": "「喵～」",
    "len": 1
  },
  {
    "name": "樹",
    "message": "「但是，我没能打开门」",
    "len": 1
  },
  {
    "name": "樹",
    "message": "「不知道那家伙是活着还是死了。但是……」",
    "len": 2
  },
  {
    "name": "樹",
    "message": "「如果打开门，就会看到那个「结果」。一旦看到，那就「确定」了」",
    "len": 2
  },
  {
    "name": "樹",
    "message": "「这么想着就害怕起来了」",
    "len": 1
  },
  {
    "name": "ギズモ",
    "message": "「喵～」",
    "len": 1
  },
  {
    "name": "樹",
    "message": "「哈哈哈，简直就像你被关在会释放毒气的箱子里一样」",
    "len": 1
  },
  {
    "name": "ギズモ",
    "message": "「喵！？」",
    "len": 1
  },
  {
    "name": "樹",
    "message": "「是从她那里听说的。因为她总是看书，所以知道很多难懂的事情」",
    "len": 2
  },
  {
    "name": "ギズモ",
    "message": "「喵～」",
    "len": 1
  },
  {
    "name": "樹",
    "message": "「我还从她那里听说了很多其他的事情呢……」",
    "len": 1
  },
  {
    "name": "琴子",
    "message": "「「世界」是重叠在一起的」",
    "len": 1
  },
  {
    "name": "樹",
    "message": "「重叠在一起？」",
    "len": 1
  },
  {
    "name": "琴子",
    "message": "「既是一个，又不仅仅是一个……」",
    "len": 2
  },
  {
    "name": "琴子",
    "message": "「许多世界重叠在一起，相互影响」",
    "len": 2
  },
  {
    "name": "琴子",
    "message": "「就像水面上产生的波纹，一层层叠加在一起」",
    "len": 2
  },
  {
    "name": "琴子",
    "message": "「肯定的，我的世界和哥哥的世界也是……」",
    "len": 2
  },
  {
    "name": "琴子",
    "message": "「还有爸爸、妈妈和姐姐的世界也是……」",
    "len": 2
  },
  {
    "name": "樹",
    "message": "「老实说，我几乎听不懂什么意思」",
    "len": 1
  },
  {
    "name": "樹",
    "message": "「不过，感觉很有趣啊……看着那家伙一副得意洋洋的样子说话……」",
    "len": 2
  },
  {
    "name": "ギズモ",
    "message": "「喵……」",
    "len": 1
  },
  {
    "name": "樹",
    "message": "「唉，要是你也能说点话就好了……」",
    "len": 1
  },
  {
    "name": "ギズモ",
    "message": "「喵？」",
    "len": 1
  },
  {
    "name": "樹",
    "message": "「现在就只剩你了」",
    "len": 1
  },
  {
    "name": "ギズモ",
    "message": "「……」",
    "len": 1
  },
  {
    "name": "樹",
    "message": "「这个家里……就只剩下你了……」",
    "len": 1
  },
  {
    "name": "ギズモ",
    "message": "「喵…………」",
    "len": 1
  },
  {
    "name": "樹",
    "message": "「嗯？」",
    "len": 1
  },
  {
    "message": "一道明亮的光芒从窗外掠过。",
    "len": 1
  },
  {
    "message": "仿佛烟花般只持续了一瞬。接着，这样的光芒如雨点般接连不断地出现。",
    "len": 2
  },
  {
    "name": "樹",
    "message": "（流星雨……？）",
    "len": 1
  },
  {
    "name": "ギズモ",
    "message": "「喵！喵喵！？」",
    "len": 1
  },
  {
    "name": "樹",
    "message": "「啊，喂！」",
    "len": 1
  },
  {
    "message": "可能是被光吓到了，姬子猫一溜烟地逃走了。",
    "len": 1
  },
  {
    "name": "樹",
    "message": "「原来如此……又回来了啊」",
    "len": 1
  },
  {
    "name": "樹",
    "message": "「虽然不可能是3年前的同一场流星雨……」",
    "len": 1
  },
  {
    "name": "樹",
    "message": "「不知为何，我怀着怀念的心情，凝视着那群光芒」",
    "len": 1
  },
  {
    "message": "那家伙说过。",
    "len": 1
  },
  {
    "name": "樹",
    "message": "（想看更多的星星）",
    "len": 1
  },
  {
    "message": "人眼所见的『世界』是人脑创造出来的。",
    "len": 1
  },
  {
    "name": "樹",
    "message": "（所以，那个时候……）",
    "len": 1
  },
  {
    "name": "樹",
    "message": "（那个星星纷纷坠落的夜晚……）",
    "len": 1
  },
  {
    "name": "樹",
    "message": "（我无论如何都想告诉她）",
    "len": 1
  },
  {
    "name": "樹",
    "message": "（因为想看到她开心的表情，我……）",
    "len": 1
  },
  {
    "name": "樹",
    "message": "（就这样来到了这里……）",
    "len": 1
  },
  {
    "message": "那家伙说过。",
    "len": 1
  },
  {
    "message": "『世界』是『人脑』创造出来的……",
    "len": 1
  },
  {
    "message": "而使得普通的『大脑』成为『人脑』的东西是……",
    "len": 1
  },
  {
    "name": "？？？",
    "message": "「『语言』哦」",
    "len": 1
  },
  {
    "name": "樹",
    "message": "「……！？」",
    "len": 1
  },
  {
    "name": "樹",
    "message": "「难道！？」",
    "len": 1
  },
  {
    "message": "那个时候……",
    "len": 1
  },
  {
    "message": "如果『看到』这样的景象的话。",
    "len": 1
  },
  {
    "message": "『世界』会改变吗？",
    "len": 1
  },
  {
    "message": "我……？",
    "len": 1
  },
  {
    "message": "爸爸……？妈妈……？",
    "len": 1
  },
  {
    "message": "结衣姐姐……？",
    "len": 1
  },
  {
    "message": "我们能在不同的『世界』里生活吗？",
    "len": 1
  },
  {
    "message": "就像波浪相互干扰，最终形成大浪一样，我们……",
    "len": 2
  },
  {
    "name": "琴子",
    "message": "「哥哥」",
    "len": 1
  },
  {
    "message": "从那时起，一切都变得像模糊的猫一样，再也没有什么是确定的了。",
    "len": 2
  },
  {
    "name": "琴子",
    "message": "「天空，真美啊」",
    "len": 1
  },
  {
    "message": "又，诞生了……",
    "len": 1
  },
  {
    "name": "樹",
    "message": "「琴子……」",
    "len": 1
  },
  {
    "message": "新的『世界』。",
    "len": 1
  },
  {
    "name": "樹",
    "message": "「欢迎回来」",
    "len": 1
  },
  {
    "name": "琴子",
    "message": "「我回来了，哥哥」",
    "len": 1
  }
]