[
  {
    "name": "樹",
    "message": "「……………………」",
    "len": 1
  },
  {
    "name": "樹",
    "message": "「…………举个例子」",
    "len": 1
  },
  {
    "name": "樹",
    "message": "「假如这个房间是一个微缩模型」",
    "len": 1
  },
  {
    "name": "樹",
    "message": "「那么，像现在这样在房间里观察的我，也就成了一个微缩人类」",
    "len": 2
  },
  {
    "name": "樹",
    "message": "「这张床，这台电脑，所有的一切都是微缩的」",
    "len": 2
  },
  {
    "name": "樹",
    "message": "「玩具房子，玩具城镇，还有从上方俯视它们的巨大眼睛……」",
    "len": 2
  },
  {
    "name": "樹",
    "message": "「当然，这样的「眼睛」根本不存在」",
    "len": 1
  },
  {
    "name": "樹",
    "message": "「所以我们完全不会觉得自己……这个城镇，是微缩的」",
    "len": 2
  },
  {
    "name": "樹",
    "message": "「但是，如果改变倍率呢？」",
    "len": 1
  },
  {
    "name": "樹",
    "message": "「电脑屏幕上显示着从正上方拍摄的这栋房子的照片……」",
    "len": 2
  },
  {
    "name": "樹",
    "message": "「照片里的阳台——也就是眼前的这个阳台」",
    "len": 2
  },
  {
    "name": "樹",
    "message": "「晾着我8月份经常穿的那件黄色T恤」",
    "len": 1
  },
  {
    "name": "樹",
    "message": "「看来是那个时候拍的照片啊」",
    "len": 1
  },
  {
    "name": "樹",
    "message": "「照片旁边还有一个调整倍率的滑块」",
    "len": 1
  },
  {
    "name": "樹",
    "message": "「把这个滑块往下滑的话……」",
    "len": 1
  },
  {
    "name": "樹",
    "message": "「以我家为中心，照片范围会逐渐扩大，从这个小镇→市→县，越来越大……」",
    "len": 2
  },
  {
    "name": "樹",
    "message": "「关东地区→日本列岛→亚洲」",
    "len": 1
  },
  {
    "name": "樹",
    "message": "「最后显示出整个地球的照片」",
    "len": 1
  },
  {
    "name": "樹",
    "message": "「没错，就是地球。虽然这个只能放大到地球为止……」",
    "len": 2
  },
  {
    "name": "樹",
    "message": "「但如果想做的话，太阳系→银河系→整个宇宙，可以无限放大下去吧？」",
    "len": 2
  },
  {
    "name": "樹",
    "message": "「然后，在这样的画面中观察着的我的「眼睛」……」",
    "len": 1
  },
  {
    "name": "樹",
    "message": "「像现在的我这样，从外部观察世界的人，怎么能断言没有呢？」",
    "len": 2
  },
  {
    "name": "樹",
    "message": "「就算是现在这个时候，也可能有人在看着我们啊！」",
    "len": 2
  },
  {
    "name": "樹",
    "message": "「事实上，当我晾晒那件黄色T恤的时候，我做梦也没想到自己正被人看着」",
    "len": 2
  },
  {
    "name": "樹",
    "message": "那么……说不定，现在也——？",
    "len": 2
  },
  {
    "name": "？？？",
    "message": "「我在看哦？」",
    "len": 1
  },
  {
    "name": "樹",
    "message": "「谁、谁啊！？」",
    "len": 1
  },
  {
    "name": "柚",
    "message": "「是我啦！」",
    "len": 1
  },
  {
    "name": "樹",
    "message": "「柚、柚！」",
    "len": 1
  },
  {
    "name": "柚",
    "message": "「哟！早上好，树树！」",
    "len": 3
  },
  {
    "name": "樹",
    "message": "「你总是这样……这次又是怎么进来的！？」",
    "len": 2
  },
  {
    "name": "柚",
    "message": "「玄关」",
    "len": 1
  },
  {
    "name": "樹",
    "message": "「钥匙呢？」",
    "len": 1
  },
  {
    "name": "柚",
    "message": "「没锁」",
    "len": 1
  },
  {
    "name": "樹",
    "message": "「啊？」",
    "len": 1
  },
  {
    "name": "柚",
    "message": "「话说回来，你真是太不小心了呢。幸好发现的是我，要不然可就麻烦了」",
    "len": 2
  },
  {
    "name": "樹",
    "message": "「一点都不好！你知道这叫什么吗？」",
    "len": 4
  },
  {
    "name": "柚",
    "message": "「我知道啊，妈妈告诉过我的」",
    "len": 1
  },
  {
    "name": "樹",
    "message": "「警察的女儿就这样可以吗」",
    "len": 1
  },
  {
    "name": "柚",
    "message": "「正因为是警察才没问题啊」",
    "len": 1
  },
  {
    "name": "樹",
    "message": "「这是国家权力的横暴！话说回来，司法独立到哪去了？」",
    "len": 2
  },
  {
    "name": "柚",
    "message": "「明明没去上学，倒是知道不少多余的东西呢」",
    "len": 2
  },
  {
    "name": "樹",
    "message": "「这些无所谓，你来干什么？如果是为了讲义的话，昨天不是已经拿到了吗」",
    "len": 2
  },
  {
    "name": "柚",
    "message": "「没事就不能来吗？」",
    "len": 1
  },
  {
    "name": "樹",
    "message": "「也不是不行啦……」",
    "len": 1
  },
  {
    "name": "柚",
    "message": "「我是来看看你有没有好好做作业的」",
    "len": 1
  },
  {
    "name": "樹",
    "message": "「啊？」",
    "len": 1
  },
  {
    "name": "柚",
    "message": "「呵呵，开玩笑的啦！我只是有点担心而已！」",
    "len": 2
  },
  {
    "name": "樹",
    "message": "「担心……什么？」",
    "len": 1
  },
  {
    "name": "柚",
    "message": "「昨晚的，那个，不是很……大吗？」",
    "len": 1
  },
  {
    "name": "樹",
    "message": "「很大？」",
    "len": 1
  },
  {
    "name": "柚",
    "message": "「突然就嗡嗡地来了，然后上上下下地摇啊摇的……」",
    "len": 2
  },
  {
    "name": "樹",
    "message": "「……？」",
    "len": 1
  },
  {
    "name": "柚",
    "message": "「我还是第一次经历那么激烈的呢……结束后脑袋都晕乎乎的」",
    "len": 2
  },
  {
    "name": "樹",
    "message": "虽、虽然不太清楚，但她是不是在说些色色的事情啊？",
    "len": 2
  },
  {
    "name": "柚",
    "message": "「震级至少有5级吧？」",
    "len": 1
  },
  {
    "name": "樹",
    "message": "「啊？」",
    "len": 1
  },
  {
    "name": "柚",
    "message": "「我说的是地震啊，地震！昨晚12点左右的，你不记得了吗？」",
    "len": 5
  },
  {
    "name": "樹",
    "message": "「有地震吗？」",
    "len": 1
  },
  {
    "name": "柚",
    "message": "「诶～！？该不会是睡着了吧？不过就算睡着了，一般也会察觉到的吧」",
    "len": 2
  },
  {
    "name": "樹",
    "message": "「不……我不知道」",
    "len": 1
  },
  {
    "name": "柚",
    "message": "「骗人！迟钝！你也太迟钝了吧！？」",
    "len": 2
  },
  {
    "name": "樹",
    "message": "「你这么说我也没办法啊～不知道就是不知道」",
    "len": 2
  },
  {
    "name": "柚",
    "message": "「哼～？」",
    "len": 1
  },
  {
    "name": "柚",
    "message": "「嗯！不过看起来没有人受伤，真是太好了～」",
    "len": 2
  },
  {
    "name": "樹",
    "message": "「啊，我哪儿都没受伤」",
    "len": 1
  },
  {
    "name": "柚",
    "message": "「真是的，为了应对这种情况，你至少该随身带个手机吧」",
    "len": 2
  },
  {
    "name": "樹",
    "message": "……怎么回事啊。会不会是搞错了什么……？",
    "len": 2
  },
  {
    "name": "柚",
    "message": "「那么，我要去学校了」",
    "len": 1
  },
  {
    "name": "樹",
    "message": "「好嘞，辛苦啦」",
    "len": 1
  },
  {
    "name": "柚",
    "message": "「真轻松啊～，就这样一直……」",
    "len": 1
  },
  {
    "name": "琴子",
    "message": "「哥哥，差不多该吃早饭了」",
    "len": 1
  },
  {
    "name": "柚",
    "message": "「诶？」",
    "len": 1
  },
  {
    "name": "樹",
    "message": "看到琴子进入我的房间，柚瞬间僵住了。",
    "len": 1
  },
  {
    "name": "琴子",
    "message": "「啊，柚桑，好久不见」",
    "len": 1
  },
  {
    "name": "柚",
    "message": "「那个……那个…………」",
    "len": 1
  },
  {
    "name": "琴子",
    "message": "「我们已经三年没见面了呢」",
    "len": 1
  },
  {
    "name": "柚",
    "message": "「琴……琴……琴…………」",
    "len": 1
  },
  {
    "name": "琴子",
    "message": "「我是琴子，您忘记了吗？」",
    "len": 1
  },
  {
    "name": "柚",
    "message": "「琴子……酱？」",
    "len": 1
  },
  {
    "name": "琴子",
    "message": "「柚桑变得更漂亮了呢」",
    "len": 1
  },
  {
    "name": "柚",
    "message": "「诶！？哪、哪有那么漂亮……」",
    "len": 3
  },
  {
    "name": "柚",
    "message": "「琴、琴、琴子酱才是，还是那么可爱，跟以前完全没变……不、变得…………」",
    "len": 2
  },
  {
    "name": "琴子",
    "message": "「那么，我就先告辞了，请慢慢享受」",
    "len": 2
  },
  {
    "name": "柚",
    "message": "「诶，啊……好的，请、请不用在意我」",
    "len": 1
  },
  {
    "name": "柚",
    "message": "「……………………」",
    "len": 1
  },
  {
    "name": "樹",
    "message": "「啊～那个，那、柚……」",
    "len": 1
  },
  {
    "name": "柚",
    "message": "「……刚才那是谁？」",
    "len": 1
  },
  {
    "name": "樹",
    "message": "「啊？」",
    "len": 1
  },
  {
    "name": "柚",
    "message": "「刚才那个女孩是谁啊」",
    "len": 1
  },
  {
    "name": "樹",
    "message": "「谁？就是琴子啊」",
    "len": 1
  },
  {
    "name": "柚",
    "message": "「这样啊，果然是琴子啊！琴子她啊……」",
    "len": 2
  },
  {
    "name": "柚",
    "message": "「怎么可能啊啊啊啊啊啊！！！」",
    "len": 1
  },
  {
    "name": "樹",
    "message": "「哇，吓我一跳」",
    "len": 1
  },
  {
    "name": "柚",
    "message": "「你这家伙啊，琴子她早就……那个……三年前就，死……」",
    "len": 2
  },
  {
    "name": "樹",
    "message": "「啊，她好像突然回来了」",
    "len": 1
  },
  {
    "name": "柚",
    "message": "「回来个鬼啊！正常人！讲点常识好吗！」",
    "len": 1
  },
  {
    "name": "樹",
    "message": "「不是，但本人都这么说了」",
    "len": 1
  },
  {
    "name": "柚",
    "message": "「本人！？那个是本人吗！？」",
    "len": 1
  },
  {
    "name": "樹",
    "message": "「不就是琴子嘛，怎么看都是啊」",
    "len": 1
  },
  {
    "name": "柚",
    "message": "「就算！退一万步说，那个孩子真的是本人！」",
    "len": 1
  },
  {
    "name": "柚",
    "message": "「比如说，她假装死了，躲在哪个山里，虽然我完全不明白为什么要这么做，但就假设有这种深层原因吧！」",
    "len": 3
  },
  {
    "name": "柚",
    "message": "「那为啥她一点都没变老呢？都过了3年了」",
    "len": 2
  },
  {
    "name": "樹",
    "message": "「女孩子的成长是因人而异的」",
    "len": 1
  },
  {
    "name": "柚",
    "message": "「我不服！！！」",
    "len": 1
  },
  {
    "name": "樹",
    "message": "「那个啊，柚……」",
    "len": 1
  },
  {
    "name": "柚",
    "message": "「干嘛？」",
    "len": 1
  },
  {
    "name": "樹",
    "message": "「你在意这些干啥？无所谓不就行了」",
    "len": 2
  },
  {
    "name": "柚",
    "message": "「你、你在说什么啊……」",
    "len": 1
  },
  {
    "name": "樹",
    "message": "「琴子回来了，回到这个家了」",
    "len": 1
  },
  {
    "name": "樹",
    "message": "「我啊……很高兴。难道高兴也是不行的吗？」",
    "len": 2
  },
  {
    "name": "柚",
    "message": "「这、这个嘛……我能理解你的心情，但是……」",
    "len": 1
  },
  {
    "name": "樹",
    "message": "「那不就行了嘛。又没什么坏处」",
    "len": 2
  },
  {
    "name": "柚",
    "message": "「嗯…………」",
    "len": 1
  },
  {
    "name": "柚",
    "message": "「不行！果然还是不行！不能就这么随波逐流啊！」",
    "len": 2
  },
  {
    "name": "柚",
    "message": "「我跟你不一样。不合逻辑的事情我可放不下！」",
    "len": 2
  },
  {
    "name": "樹",
    "message": "「那你打算怎么办？」",
    "len": 1
  },
  {
    "name": "柚",
    "message": "「我要去问阿姨」",
    "len": 1
  },
  {
    "name": "樹",
    "message": "「阿姨？哪个阿姨？」",
    "len": 1
  },
  {
    "name": "柚",
    "message": "「你妈妈啊！式子桑！跟你这家伙说半天，啥问题也解决不了！」",
    "len": 2
  },
  {
    "name": "樹",
    "message": "柚气呼呼地跺着脚离开了房间。",
    "len": 1
  },
  {
    "name": "柚",
    "message": "「阿姨！您回来了吗？式子阿姨！」",
    "len": 2
  },
  {
    "name": "樹",
    "message": "「唉……她到底在较什么劲啊？」",
    "len": 1
  },
  {
    "name": "樹",
    "message": "「上学不要紧吗？这都该迟到了吧……嗯？」",
    "len": 2
  },
  {
    "name": "柚",
    "message": "「哈……哈……哈……」",
    "len": 1
  },
  {
    "name": "樹",
    "message": "「怎、怎么了？没事吧？」",
    "len": 1
  },
  {
    "name": "柚",
    "message": "「啊……呃，啊，啊……」",
    "len": 1
  },
  {
    "name": "樹",
    "message": "「怎么了？一副见了外星人的表情？」",
    "len": 1
  },
  {
    "name": "柚",
    "message": "「呃，见到外星人都比这强多了……」",
    "len": 1
  },
  {
    "name": "樹",
    "message": "「啊？」",
    "len": 1
  },
  {
    "name": "柚",
    "message": "「听好了！树，你给我仔细听着！」",
    "len": 1
  },
  {
    "name": "樹",
    "message": "「我在听啊」",
    "len": 1
  },
  {
    "name": "柚",
    "message": "「在、在我回来之前，你不准离开这个房间」",
    "len": 2
  },
  {
    "name": "樹",
    "message": "「为什么？」",
    "len": 1
  },
  {
    "name": "柚",
    "message": "「别、别问为什么，照我说的做就是了！我去冷静一下头脑」",
    "len": 2
  },
  {
    "name": "樹",
    "message": "「冷静头脑我倒是赞成」",
    "len": 1
  },
  {
    "name": "柚",
    "message": "「还有！我去跟妈妈说说……呃，然后，收集一些工具什么的！」",
    "len": 6
  },
  {
    "name": "樹",
    "message": "「那是什么啊？」",
    "len": 1
  },
  {
    "name": "柚",
    "message": "「记住了！不准随便和别人说话，也不准到处乱跑，知道吗！」",
    "len": 2
  },
  {
    "name": "樹",
    "message": "「她到底在说什么啊……」",
    "len": 1
  },
  {
    "name": "柚",
    "message": "「………………」",
    "len": 1
  },
  {
    "name": "樹",
    "message": "「哇，怎、怎么了？」",
    "len": 1
  },
  {
    "name": "柚",
    "message": "「我还是从阳台出去吧」",
    "len": 1
  },
  {
    "name": "樹",
    "message": "「喂—，小心脚下啊—！」",
    "len": 1
  },
  {
    "name": "柚",
    "message": "「比起我，你更应该担心自己—！」",
    "len": 1
  },
  {
    "name": "樹",
    "message": "「………………」",
    "len": 1
  },
  {
    "name": "樹",
    "message": "「到底怎么回事啊，真是的……」",
    "len": 1
  }
]