[
  {
    "name": "樹",
    "message": "「哈～啊～啊～啊～啊～啊～啊～」",
    "len": 1
  },
  {
    "name": "樹",
    "message": "「啊～今天天气也真不错啊」",
    "len": 1
  },
  {
    "name": "樹",
    "message": "「呼～呜～呜～呜～呜～呜～」",
    "len": 1
  },
  {
    "message": "怎么说呢……",
    "len": 1
  },
  {
    "message": "习惯这种东西，确实不是那么容易改变的啊。",
    "len": 1
  },
  {
    "message": "虽然发生了各种事，脑子里乱糟糟的。",
    "len": 1
  },
  {
    "message": "但这个公园和昨天比起来，一点儿都没变呢。",
    "len": 1
  },
  {
    "name": "樹",
    "message": "「哈～啊～啊～啊～呜～啊～呜～啊～」",
    "len": 1
  },
  {
    "name": "樹",
    "message": "「好吧，那就去喂喂鸽子吧！」",
    "len": 1
  },
  {
    "name": "樹",
    "message": "「来来来，都过来啊！这可是超辣纳豆味的马棒哦。因为买错了这种超难吃的东西啊～」",
    "len": 5
  },
  {
    "name": "樹",
    "message": "「怎么样？鸽子们觉得纳豆好吃吗？喂，那边那只白的，你还是一如既往地慢吞吞啊～」",
    "len": 2
  },
  {
    "name": "？？？",
    "message": "「……………………」",
    "len": 1
  },
  {
    "name": "樹",
    "message": "「……啊？」",
    "len": 1
  },
  {
    "name": "？？？",
    "message": "「……那个好吃吗？」",
    "len": 1
  },
  {
    "name": "樹",
    "message": "「啊？那个是……诶，咦？」",
    "len": 1
  },
  {
    "message": "结衣……姐姐？",
    "len": 3
  },
  {
    "message": "是姐姐……对吧？",
    "len": 1
  },
  {
    "name": "結衣",
    "message": "「你刚才一直在撕着喂鸽子的那个」",
    "len": 2
  },
  {
    "name": "樹",
    "message": "「这个？超辣纳豆味的？」",
    "len": 1
  },
  {
    "name": "結衣",
    "message": "「对，好吃吗？」",
    "len": 1
  },
  {
    "name": "樹",
    "message": "「这个嘛……我觉得因人而异吧」",
    "len": 1
  },
  {
    "name": "結衣",
    "message": "「那我来尝尝，给我」",
    "len": 1
  },
  {
    "name": "樹",
    "message": "「不、不行啊，这个」",
    "len": 1
  },
  {
    "name": "結衣",
    "message": "「你可真小气啊，树」",
    "len": 1
  },
  {
    "name": "樹",
    "message": "「不是，不是那样的，是因为太辣了」",
    "len": 1
  },
  {
    "name": "結衣",
    "message": "「给鸽子吃的东西还会太辣吗？」",
    "len": 1
  },
  {
    "name": "樹",
    "message": "「一般来说这个确实太辣……诶？」",
    "len": 1
  },
  {
    "name": "結衣",
    "message": "「太过分了……太过分了，弟弟……。在你心里，结衣连鸽子都不如啊」",
    "len": 2
  },
  {
    "name": "樹",
    "message": "「呃啊！？什、什么鬼！？」",
    "len": 1
  },
  {
    "name": "結衣",
    "message": "「哼，算了！就因为这个我要叛逆给你看！」",
    "len": 2
  },
  {
    "name": "結衣",
    "message": "「如果结衣误入歧途，那可是你的责任啊！」",
    "len": 2
  },
  {
    "name": "樹",
    "message": "「好、好吧！我明白了！给，超辣纳豆味的给你！」",
    "len": 2
  },
  {
    "name": "結衣",
    "message": "「我就知道你会这么说」",
    "len": 1
  },
  {
    "message": "这是什么鬼啊！？",
    "len": 1
  },
  {
    "name": "結衣",
    "message": "「那么，我就不客气了」",
    "len": 1
  },
  {
    "name": "樹",
    "message": "「啊，等等……」",
    "len": 1
  },
  {
    "message": "我还没来得及阻止，她就一口气吃掉了整根。",
    "len": 2
  },
  {
    "name": "結衣",
    "message": "「………………」",
    "len": 1
  },
  {
    "name": "樹",
    "message": "「………………」",
    "len": 1
  },
  {
    "name": "結衣",
    "message": "「呜哦呕诶诶诶诶诶诶诶诶诶诶诶诶！！！」",
    "len": 1
  },
  {
    "name": "樹",
    "message": "「啊啊……果然还是……」",
    "len": 1
  },
  {
    "name": "結衣",
    "message": "「呃啊啊啊！呕呕呕，结衣要死了啊啊啊！」",
    "len": 2
  },
  {
    "name": "結衣",
    "message": "「呜呜呜！呜呜呜呜呜呜！」",
    "len": 1
  },
  {
    "message": "那、那家伙没事吧？",
    "len": 1
  },
  {
    "message": "话说，刚才那是怎么回事？",
    "len": 1
  },
  {
    "message": "那真的是我姐姐吗？",
    "len": 1
  },
  {
    "message": "结衣姐姐，以前是那样的吗……不对……",
    "len": 2
  },
  {
    "message": "应该不是这样的才对……",
    "len": 1
  },
  {
    "message": "至少昨天为止还不是……",
    "len": 1
  },
  {
    "message": "有什么不对劲……什么…………",
    "len": 1
  },
  {
    "name": "結衣",
    "message": "「哈……哈……哈……」",
    "len": 1
  },
  {
    "name": "樹",
    "message": "「啊……」",
    "len": 1
  },
  {
    "name": "結衣",
    "message": "「呃，嘴里还是黏糊糊的」",
    "len": 1
  },
  {
    "name": "樹",
    "message": "「那个……还活着吗？」",
    "len": 1
  },
  {
    "name": "結衣",
    "message": "「勉强吧」",
    "len": 1
  },
  {
    "name": "樹",
    "message": "「所以我才说不行的」",
    "len": 1
  },
  {
    "name": "結衣",
    "message": "「嗯，我深刻理解到这边的食物很危险了」",
    "len": 1
  },
  {
    "name": "樹",
    "message": "「这边？」",
    "len": 1
  },
  {
    "name": "結衣",
    "message": "「话说回来，你这家伙，怎么能给鸽子吃那种东西呢……」",
    "len": 2
  },
  {
    "name": "結衣",
    "message": "「啊，我明白了！你是为了抓捕它们才这么做的吧？想先让它们虚弱然后再抓住……」",
    "len": 2
  },
  {
    "name": "樹",
    "message": "「不、不是这样的！我只是在玩而已」",
    "len": 3
  },
  {
    "name": "結衣",
    "message": "「玩？」",
    "len": 1
  },
  {
    "name": "樹",
    "message": "「鸽子聚集在一起不是很有意思吗。所以我才给它们喂食的」",
    "len": 2
  },
  {
    "name": "結衣",
    "message": "「嗯～你想的事还真奇怪啊」",
    "len": 1
  },
  {
    "name": "樹",
    "message": "「我很奇怪吗！？」",
    "len": 1
  },
  {
    "name": "結衣",
    "message": "「如果只是为了聚集鸟儿的话，不用喂食也可以吧？」",
    "len": 1
  },
  {
    "name": "樹",
    "message": "「不行啊，它们会跑掉的」",
    "len": 1
  },
  {
    "name": "結衣",
    "message": "「那是因为你不好」",
    "len": 1
  },
  {
    "name": "樹",
    "message": "「不是，它们逃跑很正常啊」",
    "len": 1
  },
  {
    "name": "結衣",
    "message": "「那么，要不要让结衣来示范一下？」",
    "len": 1
  },
  {
    "name": "樹",
    "message": "「啊？」",
    "len": 1
  },
  {
    "name": "結衣",
    "message": "「这样就行了吧？」",
    "len": 1
  },
  {
    "message": "哇，这是什么情况……！？",
    "len": 1
  },
  {
    "name": "結衣",
    "message": "「哼，这种事简单得很」",
    "len": 1
  },
  {
    "message": "结衣姐姐明明只是站在那里，鸽子却自己聚集过来了……？",
    "len": 2
  },
  {
    "name": "結衣",
    "message": "「怎么样，树？看到了吗？」",
    "len": 1
  },
  {
    "name": "樹",
    "message": "「你是怎么做到的……」",
    "len": 1
  },
  {
    "name": "結衣",
    "message": "「什么怎么做到的，我就这样站着而已」",
    "len": 1
  },
  {
    "name": "樹",
    "message": "「那为什么鸽子会聚集过来？」",
    "len": 1
  },
  {
    "name": "結衣",
    "message": "「生物会逃跑啊，那是因为你们内心动摇的缘故」",
    "len": 2
  },
  {
    "name": "樹",
    "message": "「动摇了？」",
    "len": 1
  },
  {
    "name": "結衣",
    "message": "「只要一直保持不动，这些家伙就会自己靠过来」",
    "len": 2
  },
  {
    "name": "結衣",
    "message": "「就像停在电线杆上一样」",
    "len": 1
  },
  {
    "name": "樹",
    "message": "「道理我明白，但是这种事……」",
    "len": 1
  },
  {
    "name": "結衣",
    "message": "「哦，这只白色的真漂亮啊。在这群里最漂亮的」",
    "len": 2
  },
  {
    "name": "結衣",
    "message": "「不过，看起来也是最虚弱的……」",
    "len": 1
  },
  {
    "message": "那是平常见到的那只呆头呆脑的鸽子吗……？",
    "len": 1
  },
  {
    "name": "結衣",
    "message": "「而且，它似乎有点跛脚」",
    "len": 1
  },
  {
    "name": "樹",
    "message": "「啊？」",
    "len": 1
  },
  {
    "name": "結衣",
    "message": "「这家伙如果放任不管的话，恐怕活不了多久了」",
    "len": 2
  },
  {
    "message": "原来那只鸽子是这样的啊……",
    "len": 1
  },
  {
    "name": "結衣",
    "message": "「不过，结衣我很中意它呢」",
    "len": 1
  },
  {
    "name": "結衣",
    "message": "「这只鸽子，保持着美丽的样子……」",
    "len": 1
  },
  {
    "name": "樹",
    "message": "「诶……？啊……」",
    "len": 1
  },
  {
    "name": "結衣",
    "message": "「一直……永远……」",
    "len": 1
  },
  {
    "message": "虽然不知道为什么，但我有种不祥的预感。",
    "len": 1
  },
  {
    "message": "感觉自己好像看到了不该看的东西。",
    "len": 1
  },
  {
    "name": "樹",
    "message": "「结衣姐！」",
    "len": 1
  },
  {
    "name": "結衣",
    "message": "「怎么了，树？」",
    "len": 1
  },
  {
    "name": "樹",
    "message": "「没、没什么，其实也不是什么大事……」",
    "len": 1
  },
  {
    "name": "結衣",
    "message": "「……？」",
    "len": 1
  },
  {
    "name": "樹",
    "message": "「我觉得那只鸽子保持原样比较好。即使它活不长」",
    "len": 2
  },
  {
    "name": "結衣",
    "message": "「你这样真的好吗？」",
    "len": 1
  },
  {
    "name": "樹",
    "message": "「因为……这才是自然的」",
    "len": 1
  },
  {
    "name": "結衣",
    "message": "「哦～？」",
    "len": 1
  },
  {
    "name": "結衣",
    "message": "「嘛，怎样都无所谓啦」",
    "len": 1
  },
  {
    "name": "樹",
    "message": "「对不起」",
    "len": 1
  },
  {
    "name": "結衣",
    "message": "「没必要道歉」",
    "len": 1
  },
  {
    "name": "樹",
    "message": "「嗯……」",
    "len": 1
  },
  {
    "message": "刚才那是怎么回事呢……？",
    "len": 1
  },
  {
    "name": "結衣",
    "message": "「结衣差不多该去别的地方了」",
    "len": 1
  },
  {
    "name": "結衣",
    "message": "「这边有很多有意思的东西。首先想到处看看」",
    "len": 2
  },
  {
    "name": "結衣",
    "message": "「然后还想吃点好吃的！」",
    "len": 1
  },
  {
    "name": "結衣",
    "message": "「那么，回头见」",
    "len": 1
  },
  {
    "name": "樹",
    "message": "「啊……」",
    "len": 1
  },
  {
    "message": "她走了……说了些莫名其妙的话。",
    "len": 2
  },
  {
    "name": "樹",
    "message": "「这到底是怎么回事……」",
    "len": 1
  },
  {
    "message": "是姐姐吗？",
    "len": 1
  },
  {
    "message": "真的是结衣姐姐吗？总觉得像是别人！",
    "len": 2
  },
  {
    "message": "究竟要我怎么办啊！？",
    "len": 1
  }
]