[
  {
    "message": "因为没什么特别要做的事，就来到了Quale前面。",
    "len": 3
  },
  {
    "message": "说到底，我本来就没什么事可做……",
    "len": 2
  },
  {
    "message": "Quale是郊外常见的大型购物中心，规模堪比一个小镇。",
    "len": 2
  },
  {
    "message": "这栋建筑里面，相当于把整个商业街都装了进去。",
    "len": 1
  },
  {
    "message": "在我还是小屁孩的时候，还有书店、咖啡馆等各种小店……",
    "len": 2
  },
  {
    "message": "自从这家伙出现后，那些店铺全军覆没，只剩下一座老旧的电波塔。",
    "len": 2
  },
  {
    "message": "现在要说购物的话，只能来这里了。",
    "len": 1
  },
  {
    "message": "打发时间的地方也只有这里了。",
    "len": 1
  },
  {
    "message": "就是这样，我除了在这里闲逛之外，也没别的事可做……",
    "len": 2
  },
  {
    "name": "樹",
    "message": "「……那么，接下来干什么？」",
    "len": 1
  },
  {
    "len": "selection",
    "message": "进入里面"
  },
  {
    "len": "selectionend",
    "message": "在这里睡觉"
  },
  {
    "name": "樹",
    "message": "「既然来了，不如进去看看吧」",
    "len": 1
  },
  {
    "message": "这里是Quale里面的购物中心。",
    "len": 1
  },
  {
    "message": "商店街呈环形排列，围绕着中央巨大的中庭。",
    "len": 2
  },
  {
    "message": "整体分为三层，一楼是食品和餐厅，二楼是时装。",
    "len": 2
  },
  {
    "message": "三楼则是杂货、书籍、CD、游戏厅，还有百元店等各种店铺。",
    "len": 2
  },
  {
    "name": "樹",
    "message": "「嚯，人真多啊……是因为年末的缘故吗？」",
    "len": 1
  },
  {
    "message": "我通常在三楼闲逛，肚子饿了就去一楼。",
    "len": 2
  },
  {
    "message": "二楼基本上都是直接略过。",
    "len": 1
  },
  {
    "message": "现在我在游戏厅前面。也就是说在3楼的角落。",
    "len": 2
  },
  {
    "name": "樹",
    "message": "「啧，又是圣诞歌吗……」",
    "len": 1
  },
  {
    "name": "樹",
    "message": "「年年都是同样的曲子……今年能不能取消圣诞节啊」",
    "len": 2
  },
  {
    "name": "樹",
    "message": "「不过，为什么圣诞老人非法入室不会被抓呢？」",
    "len": 2
  },
  {
    "name": "樹",
    "message": "「难道他有什么国际执照？就像杀人许可证那样的……嗯？」",
    "len": 2
  },
  {
    "name": "柚",
    "message": "「呃……应该是这附近吧？」",
    "len": 1
  },
  {
    "message": "哦，是柚啊。她在干什么？购物吗？",
    "len": 2
  },
  {
    "name": "柚",
    "message": "「嗯～，应该是这家店吧……」",
    "len": 1
  },
  {
    "message": "看来她还没注意到我。我先观察一下情况吧。",
    "len": 2
  },
  {
    "name": "柚",
    "message": "「呜呜……好多奇怪的机器。这种东西我完全搞不懂啊～」",
    "len": 2
  },
  {
    "name": "柚",
    "message": "「要不要去问问那个看起来很可疑的店员呢？」",
    "len": 1
  },
  {
    "message": "那家伙在杂货店前面鬼鬼祟祟地转悠什么呢？",
    "len": 1
  },
  {
    "message": "那家店虽然美其名曰是二手商店……",
    "len": 2
  },
  {
    "message": "但实际上是一家来路不明的工具和机器，甚至连成人用品都有的混乱店铺。",
    "len": 2
  },
  {
    "message": "绝对不是女孩子该进的店。",
    "len": 1
  },
  {
    "name": "柚",
    "message": "「啊，是这个吗？嗯，应该就是这个了！就这个吧，就决定是它了！」",
    "len": 2
  },
  {
    "name": "樹",
    "message": "「啊……」",
    "len": 1
  },
  {
    "name": "樹",
    "message": "「她……买了什么？」",
    "len": 1
  },
  {
    "name": "樹",
    "message": "「喂喂，这样真的好吗？那家伙到底买了什么啊……」",
    "len": 2
  },
  {
    "name": "柚",
    "message": "「嘿嘿嘿，到手啦！」",
    "len": 1
  },
  {
    "name": "柚",
    "message": "「接下来只要把这个安装好就行了……嘿嘿嘿，你等着瞧吧～！」",
    "len": 2
  },
  {
    "message": "她带着令人不安的笑容离开了……",
    "len": 1
  },
  {
    "name": "樹",
    "message": "「这是怎么回事？她突然迷上什么奇怪的爱好了吗？」",
    "len": 1
  },
  {
    "name": "樹",
    "message": "「总觉得有种不祥的预感啊……」",
    "len": 1
  },
  {
    "name": "樹",
    "message": "「天气这么好，就在这儿打发时间吧」",
    "len": 1
  },
  {
    "message": "这个广场上有带遮阳伞的长椅，我经常在这儿午睡。",
    "len": 2
  },
  {
    "message": "就算一直睡在这儿也不会有人抱怨，真是个好地方。",
    "len": 1
  },
  {
    "message": "也许是因为我看起来太可疑了，所以没人敢来搭话吧……",
    "len": 2
  },
  {
    "name": "樹",
    "message": "「算了，无所谓，睡觉去」",
    "len": 1
  },
  {
    "name": "樹",
    "message": "「晚安咯」",
    "len": 1
  },
  {
    "name": "樹",
    "message": "「…………」",
    "len": 1
  },
  {
    "name": "樹",
    "message": "「……………………」",
    "len": 1
  },
  {
    "name": "？？？",
    "message": "「唉……真是个让人头疼的孩子啊……」",
    "len": 1
  },
  {
    "message": "……嗯？是谁？",
    "len": 1
  },
  {
    "name": "？？？",
    "message": "「你知道吗？越是可疑的人，越会有人兴高采烈地来搭讪哦？」",
    "len": 2
  },
  {
    "message": "什么意思？是什么样的人？",
    "len": 2
  },
  {
    "name": "樹",
    "message": "「黑社会？」",
    "len": 1
  },
  {
    "name": "蜜柑",
    "message": "「是警察啦！」",
    "len": 1
  },
  {
    "name": "樹",
    "message": "「哇，糟了……」",
    "len": 1
  },
  {
    "name": "蜜柑",
    "message": "「你忘记我昨天说的话了吗？要是被举报了我可不管哦！」",
    "len": 2
  },
  {
    "name": "樹",
    "message": "「对不起，天气太好了」",
    "len": 1
  },
  {
    "name": "蜜柑",
    "message": "「天气好你就睡觉吗？」",
    "len": 1
  },
  {
    "name": "樹",
    "message": "「基本上是的，我会睡觉」",
    "len": 1
  },
  {
    "name": "蜜柑",
    "message": "「难道没有其他事可做吗？」",
    "len": 1
  },
  {
    "name": "樹",
    "message": "「目前没有」",
    "len": 1
  },
  {
    "name": "蜜柑",
    "message": "「比如学习或者工作之类的」",
    "len": 1
  },
  {
    "name": "樹",
    "message": "「我不想变成父亲那样……」",
    "len": 1
  },
  {
    "name": "蜜柑",
    "message": "「你父亲不是很了不起吗？公司那么困难他还在努力」",
    "len": 2
  },
  {
    "name": "樹",
    "message": "「听说父亲的公司要退市了」",
    "len": 1
  },
  {
    "name": "蜜柑",
    "message": "「哎呀……」",
    "len": 1
  },
  {
    "name": "樹",
    "message": "「你知道吗，听说我父亲年轻的时候学习非常刻苦」",
    "len": 2
  },
  {
    "name": "樹",
    "message": "「他放弃了玩乐队，抛弃了所有的兴趣爱好……」",
    "len": 2
  },
  {
    "name": "樹",
    "message": "「拼命学习，考上了好大学，进了好公司……」",
    "len": 2
  },
  {
    "name": "樹",
    "message": "「之后还加班加点工作到快死掉，结果呢……」",
    "len": 2
  },
  {
    "name": "樹",
    "message": "「美国某家证券公司一倒闭，他就轻易地被裁员、失业、去劳动局报到了」",
    "len": 2
  },
  {
    "name": "樹",
    "message": "「无论怎么想，这不就是工作就是输吗？」",
    "len": 1
  },
  {
    "name": "蜜柑",
    "message": "「……嗯，我倒是不想对你的想法说三道四」",
    "len": 2
  },
  {
    "name": "蜜柑",
    "message": "（唉……柚可有得受了）",
    "len": 1
  },
  {
    "name": "樹",
    "message": "「你说什么？」",
    "len": 1
  },
  {
    "name": "蜜柑",
    "message": "「没什么！总之别做些可疑的事情哦？」",
    "len": 4
  },
  {
    "name": "蜜柑",
    "message": "「要睡觉的话就回自己房间睡。听明白了吗？」",
    "len": 2
  },
  {
    "name": "樹",
    "message": "「嗯哼，我会注意的」",
    "len": 1
  },
  {
    "message": "她来这儿到底是干嘛的……是来说教的吗？",
    "len": 2
  },
  {
    "name": "蜜柑",
    "message": "「差点忘了！」",
    "len": 1
  },
  {
    "name": "樹",
    "message": "「哇，什、什么事？」",
    "len": 3
  },
  {
    "name": "蜜柑",
    "message": "「关于那座铁塔的事……」",
    "len": 1
  },
  {
    "name": "樹",
    "message": "「铁塔？」",
    "len": 1
  },
  {
    "name": "蜜柑",
    "message": "「就是那边立着的那座老铁塔啊」",
    "len": 1
  },
  {
    "message": "啊，是那个啊……",
    "len": 1
  },
  {
    "name": "蜜柑",
    "message": "「你知道些关于它的事吗？哪怕是些传闻也行」",
    "len": 2
  },
  {
    "name": "樹",
    "message": "「不，没什么特别的……只知道是很久以前的一座电波塔」",
    "len": 2
  },
  {
    "name": "蜜柑",
    "message": "「这样啊……那就算了」",
    "len": 1
  },
  {
    "name": "樹",
    "message": "「……？」",
    "len": 1
  },
  {
    "name": "蜜柑",
    "message": "「啊，别在意。这是我的私事」",
    "len": 2
  },
  {
    "name": "樹",
    "message": "「你是在调查吗？」",
    "len": 1
  },
  {
    "name": "蜜柑",
    "message": "「这与工作无关……那么，再见」",
    "len": 2
  },
  {
    "message": "……什么情况？铁塔？",
    "len": 1
  },
  {
    "message": "算了，看起来跟我没什么关系。",
    "len": 1
  },
  {
    "name": "樹",
    "message": "「多亏她，我的瞌睡虫都被赶跑了……」",
    "len": 1
  },
  {
    "message": "在这里晃悠的话又要被骂了。还是进Qualle里去吧。",
    "len": 2
  },
  {
    "name": "樹",
    "message": "「……嗯？那边人群聚集是怎么回事？」",
    "len": 1
  },
  {
    "message": "从我常去的汉堡店前传来了争吵般的怒吼声。",
    "len": 2
  },
  {
    "message": "那里的牛骨面汉堡，有时会莫名其妙地想吃，真让人困扰啊。",
    "len": 2
  },
  {
    "name": "？？？",
    "message": "「啊啊！？别开玩笑了，计算不对吧！再好好算一遍！」",
    "len": 2
  },
  {
    "name": "店員",
    "message": "「不，确实是525日元」",
    "len": 1
  },
  {
    "name": "？？？",
    "message": "「哼哼！想蒙混过关是没用的。我的心算可是跟电卓一样精确」",
    "len": 2
  },
  {
    "name": "？？？",
    "message": "「单点汉堡100日元，小份薯条200日元，中杯可乐200日元，总共500日元！」",
    "len": 2
  },
  {
    "name": "？？？",
    "message": "「怎么样！是500日元没错吧！哇哈哈哈，活该！你哑口无言了吧！」",
    "len": 2
  },
  {
    "name": "店員",
    "message": "「总计500日元，所以收您525日元」",
    "len": 1
  },
  {
    "name": "？？？",
    "message": "「所·以·说·那25日元是什么啊！？」",
    "len": 1
  },
  {
    "name": "店員",
    "message": "「啊？」",
    "len": 1
  },
  {
    "name": "？？？",
    "message": "「为什么要多付钱啊？」",
    "len": 1
  },
  {
    "name": "店員",
    "message": "「这个是因为……」",
    "len": 1
  },
  {
    "message": "看来是遇到了个奇怪的家伙啊……",
    "len": 1
  },
  {
    "message": "要是标明含税价格就不会发生这种麻烦了……",
    "len": 2
  },
  {
    "message": "那家店的『100日元（+税）』里，『加税』那部分故意写得特别小、特别淡。",
    "len": 2
  },
  {
    "name": "？？？",
    "message": "「啊！难道是微笑服务费？！？」",
    "len": 1
  },
  {
    "name": "？？？",
    "message": "「既然要收微笑费，那就给我好好笑25日元的份！」",
    "len": 2
  },
  {
    "name": "？？？",
    "message": "「来啊笑啊笑啊！一次一日元，给我笑25次，混蛋！」",
    "len": 1
  },
  {
    "name": "店員",
    "message": "「店长！这个人好奇怪啊！」",
    "len": 1
  },
  {
    "message": "看来有个奇怪的家伙啊……",
    "len": 1
  },
  {
    "message": "算了，年末了，什么人都会冒出来的。",
    "len": 1
  },
  {
    "message": "跟那种人最好还是别扯上关系。",
    "len": 1
  },
  {
    "name": "？？？",
    "message": "「切，开什么玩笑，这是诈骗！那家黑心汉堡店，给我等着瞧！」",
    "len": 2
  },
  {
    "message": "哇，他朝这边来了……",
    "len": 1
  },
  {
    "name": "？？？",
    "message": "「啧，这地方真是一无是处……嗯？」",
    "len": 1
  },
  {
    "name": "樹",
    "message": "「……？！」",
    "len": 1
  },
  {
    "message": "糟了，对上眼了。",
    "len": 1
  },
  {
    "name": "？？？",
    "message": "「嗯嗯嗯～？」",
    "len": 1
  },
  {
    "name": "樹",
    "message": "「呃……」",
    "len": 1
  },
  {
    "name": "？？？",
    "message": "「……哼哼」",
    "len": 1
  },
  {
    "name": "樹",
    "message": "「啊？」",
    "len": 1
  },
  {
    "name": "？？？",
    "message": "「只有一张脸啊」",
    "len": 1
  },
  {
    "name": "樹",
    "message": "「…………」",
    "len": 1
  },
  {
    "name": "樹",
    "message": "「啊？」",
    "len": 1
  },
  {
    "message": "那家伙是怎么回事？他想说什么？",
    "len": 2
  },
  {
    "message": "话说回来，他穿得太夸张了吧！那种衣服是在哪买的啊！",
    "len": 2
  },
  {
    "message": "无论如何，他肯定是个『最好别接近的人』，这点毋庸置疑。",
    "len": 2
  },
  {
    "message": "趁着还没再次碰面，赶紧回去吧。",
    "len": 1
  }
]