[
  {
    "name": "式子",
    "message": "「来来，蔬菜很多哦～快尽情享用吧！」",
    "len": 2
  },
  {
    "name": "電卓",
    "message": "「啊——我不需要，有这个就够了」",
    "len": 1
  },
  {
    "name": "結衣",
    "message": "「杯面对身体不好哦？」",
    "len": 1
  },
  {
    "name": "電卓",
    "message": "「没关系啦，只要有这个和蝗虫，人类就能活下去！」",
    "len": 2
  },
  {
    "name": "琴子",
    "message": "「确实可以通过这些补充必需氨基酸」",
    "len": 1
  },
  {
    "message": "真的假的……",
    "len": 1
  },
  {
    "message": "话说，这是怎么回事？",
    "len": 1
  },
  {
    "message": "为什么会变成这种状况？",
    "len": 1
  },
  {
    "name": "式子",
    "message": "「树君，要再来点吗？这个卷卷的很好吃哦？」",
    "len": 2
  },
  {
    "name": "樹",
    "message": "「这、这是什么啊，这种诡异的像螺旋贝壳一样的蔬菜？」",
    "len": 2
  },
  {
    "name": "式子",
    "message": "「这是西兰花和蕨菜的杂交品种哦。我突发奇想做出来的」",
    "len": 4
  },
  {
    "name": "樹",
    "message": "「啊？你做的？」",
    "len": 1
  },
  {
    "name": "結衣",
    "message": "「嗯，意外地还不错。树你也尝尝看」",
    "len": 2
  },
  {
    "message": "她、她们居然面不改色地吃下去了……",
    "len": 1
  },
  {
    "name": "式子",
    "message": "「呐，小树君？那这个怎么样呢」",
    "len": 2
  },
  {
    "name": "樹",
    "message": "「这是啥啊，这、这个红黑色弹弹的东西？」",
    "len": 2
  },
  {
    "name": "式子",
    "message": "「我把番茄和木耳杂交了一下。富含维生素，还能让你变聪明哦～」",
    "len": 2
  },
  {
    "name": "樹",
    "message": "「不、不用了，我宁愿保持愚蠢」",
    "len": 1
  },
  {
    "name": "結衣",
    "message": "「嗯，这个也不错」",
    "len": 1
  },
  {
    "message": "这也太奇怪了吧！？",
    "len": 1
  },
  {
    "name": "式子",
    "message": "「啊，还有这个也是我的得意之作哦！秋葵和毛豆的杂交品种！」",
    "len": 2
  },
  {
    "name": "式子",
    "message": "「从一开始就黏黏的，简直就是天然的纳豆呢！呵呵呵呵～」",
    "len": 2
  },
  {
    "name": "結衣",
    "message": "「这个我就不尝了……」",
    "len": 1
  },
  {
    "message": "话说，你到底是怎么杂交的？什么时候种出这种东西的？",
    "len": 2
  },
  {
    "message": "而且，这种东西真的能在一天之内做出来吗！？",
    "len": 1
  },
  {
    "name": "式子",
    "message": "「哎呀不行哦～，结衣酱，不能挑食」",
    "len": 1
  },
  {
    "name": "結衣",
    "message": "「结衣可是知道的。那个所谓纳豆的可怕之处……」",
    "len": 2
  },
  {
    "name": "電卓",
    "message": "「别废话了，吃吧，小结」",
    "len": 1
  },
  {
    "name": "結衣",
    "message": "「什、什么……唔！？」",
    "len": 1
  },
  {
    "name": "電卓",
    "message": "「哇哈哈哈！式子桑特意做的！好～好品尝一下吧～！」",
    "len": 2
  },
  {
    "name": "結衣",
    "message": "「呜哇啊啊啊啊，黏糊糊的。爸爸你太过分了～」",
    "len": 2
  },
  {
    "message": "简直就是个无法无天的家伙……！",
    "len": 1
  },
  {
    "name": "琴子",
    "message": "「不过，这样一来就不用担心蔬菜的问题了呢」",
    "len": 1
  },
  {
    "name": "式子",
    "message": "「没错～，蔬菜的事就交给妈妈吧」",
    "len": 1
  },
  {
    "name": "琴子",
    "message": "「问题是肉类……」",
    "len": 1
  },
  {
    "name": "結衣",
    "message": "「结衣也想吃肉！」",
    "len": 1
  },
  {
    "name": "電卓",
    "message": "「我泡面就行」",
    "len": 1
  },
  {
    "name": "琴子",
    "message": "「哥哥呢？」",
    "len": 1
  },
  {
    "name": "樹",
    "message": "「诶？我？」",
    "len": 1
  },
  {
    "name": "琴子",
    "message": "「是的，哥哥的口味有变化吗？」",
    "len": 1
  },
  {
    "name": "樹",
    "message": "「啊，嗯……能正常吃饭就行了」",
    "len": 1
  },
  {
    "name": "琴子",
    "message": "「看来，还是需要好好做一顿像样的料理呢」",
    "len": 2
  },
  {
    "name": "式子",
    "message": "「对不起啊小电～，妈妈已经没法处理肉类了～」",
    "len": 2
  },
  {
    "name": "樹",
    "message": "「哈啊，是这样啊」",
    "len": 1
  },
  {
    "message": "肉类过敏吗？",
    "len": 1
  },
  {
    "name": "琴子",
    "message": "「还有其他懂得做饭的人吗？」",
    "len": 1
  },
  {
    "name": "結衣",
    "message": "「结衣会做刨冰哦」",
    "len": 1
  },
  {
    "name": "電卓",
    "message": "「我只会泡方便面」",
    "len": 1
  },
  {
    "name": "琴子",
    "message": "「我只懂理论，实践经验不足……那么……」",
    "len": 2
  },
  {
    "message": "所有人的目光都集中在了我身上。",
    "len": 1
  },
  {
    "name": "樹",
    "message": "「啊！？不不不不不！不行啊，我根本不会做饭！」",
    "len": 5
  },
  {
    "name": "結衣",
    "message": "「嗯，果然如此啊」",
    "len": 1
  },
  {
    "name": "琴子",
    "message": "「真是麻烦了。这是意料之外的情况」",
    "len": 2
  },
  {
    "name": "式子",
    "message": "「琴子酱，对不起啊～」",
    "len": 1
  },
  {
    "name": "結衣",
    "message": "「嘛，这样也行吧？有钱的话总能想办法的」",
    "len": 2
  },
  {
    "name": "電卓",
    "message": "「没错，树，你去工作吧」",
    "len": 1
  },
  {
    "name": "樹",
    "message": "「为什么是我！？」",
    "len": 1
  },
  {
    "name": "結衣",
    "message": "「钱的事就交给结衣来搞定吧」",
    "len": 1
  },
  {
    "name": "樹",
    "message": "「啊？」",
    "len": 1
  },
  {
    "message": "结衣姐，该不会是……",
    "len": 1
  },
  {
    "name": "結衣",
    "message": "「你知道那种玩具硬币吧？只要把它变成和真的一样就行了」",
    "len": 2
  },
  {
    "name": "樹",
    "message": "「啊？」",
    "len": 1
  },
  {
    "name": "琴子",
    "message": "「不行」",
    "len": 1
  },
  {
    "name": "結衣",
    "message": "「诶～明明很简单的说？」",
    "len": 1
  },
  {
    "name": "琴子",
    "message": "「应该避免可能引发不必要麻烦的行为」",
    "len": 1
  },
  {
    "name": "結衣",
    "message": "「琴子都这么说了，那也没办法啊……」",
    "len": 1
  },
  {
    "name": "琴子",
    "message": "「关于这件事，我会再考虑一下。总之，我们继续吃晚饭吧」",
    "len": 2
  },
  {
    "name": "電卓",
    "message": "「哦！吃吧吃吧！式子桑，有什么甜点吗？」",
    "len": 2
  },
  {
    "name": "式子",
    "message": "「好的好的，爸爸。有甜～甜的红薯哦～」",
    "len": 2
  },
  {
    "name": "結衣",
    "message": "「有红薯吗！？给我来点妈妈！」",
    "len": 1
  },
  {
    "name": "式子",
    "message": "「好好，每个人的份都有哦～」",
    "len": 1
  },
  {
    "name": "結衣",
    "message": "「耶！」",
    "len": 1
  },
  {
    "name": "琴子",
    "message": "「妈妈，我也要」",
    "len": 1
  },
  {
    "name": "樹",
    "message": "「…………」",
    "len": 1
  },
  {
    "message": "这是怎么回事……",
    "len": 1
  },
  {
    "message": "这种氛围，到底是怎么回事……",
    "len": 1
  },
  {
    "message": "这样真的好吗……",
    "len": 1
  }
]