[
  {
    "name": "樹",
    "message": "「哈～感觉根本没吃饱……」",
    "len": 1
  },
  {
    "message": "果然，这一切都是梦吧？",
    "len": 1
  },
  {
    "message": "如果不是梦的延续，那又是什么……",
    "len": 1
  },
  {
    "message": "琴子回来了。",
    "len": 1
  },
  {
    "message": "结衣姐好像变成了另一个人。",
    "len": 1
  },
  {
    "message": "妈妈变成了小女孩，爸爸变成了不知哪来的傻瓜。",
    "len": 2
  },
  {
    "message": "这是七枷家2.0版本啊。",
    "len": 1
  },
  {
    "message": "不对，不是这样的……",
    "len": 1
  },
  {
    "message": "至少琴子还是琴子，结衣姐看起来也还是结衣姐……应该是这样的。",
    "len": 2
  },
  {
    "message": "那个自称是妈妈的，还有自称是爸爸的，到底是什么人？",
    "len": 1
  },
  {
    "message": "更让我不解的是，不知不觉间，大家都成了一家人。",
    "len": 2
  },
  {
    "message": "他们完全适应了，自然而然地亲密起来……就是这样。",
    "len": 2
  },
  {
    "message": "只有我一个人，像个傻瓜一样手足无措。",
    "len": 1
  },
  {
    "message": "该怎么看待这种情况呢……",
    "len": 1
  },
  {
    "message": "是不是就像打扑克换牌一样，一瞬间全都换了个遍？",
    "len": 2
  },
  {
    "message": "还是说，我被扔到了某个陌生的地方？",
    "len": 2
  },
  {
    "message": "或者说，我一直在做梦？",
    "len": 1
  },
  {
    "name": "樹",
    "message": "「…………」",
    "len": 1
  },
  {
    "name": "樹",
    "message": "「呃……出去呼吸下新鲜空气吧」",
    "len": 1
  },
  {
    "message": "我走到阳台上，仰望天空。",
    "len": 1
  },
  {
    "message": "今晚的星空也很美丽。虽然看不到像昨天那样的流星。",
    "len": 2
  },
  {
    "name": "式子",
    "message": "「呵呵～，讨厌啦爸爸！」",
    "len": 1
  },
  {
    "name": "結衣",
    "message": "「抱歉，那看起来就像是剪刀布的布啊」",
    "len": 1
  },
  {
    "name": "電卓",
    "message": "「所以说啊，这个P不是布！是啤酒的啤啊！」",
    "len": 2
  },
  {
    "message": "从楼下客厅传来欢快的声音。看来大家还在热闹地聊着。",
    "len": 2
  },
  {
    "message": "我家变得这么热闹，已经有多少年没有过了呢……",
    "len": 2
  },
  {
    "message": "直到三年前的那一天，确实，好像就是这种感觉。",
    "len": 2
  },
  {
    "message": "但是，之后就……",
    "len": 1
  },
  {
    "message": "爸爸、妈妈，还有结衣姐姐……",
    "len": 1
  },
  {
    "name": "樹",
    "message": "「还有我……吗」",
    "len": 1
  },
  {
    "message": "这三年我到底在做什么啊。",
    "len": 1
  },
  {
    "message": "我不想看到任何东西。",
    "len": 1
  },
  {
    "message": "所以我什么也没看。",
    "len": 1
  },
  {
    "message": "渐渐地，我连想看的欲望都没有了。",
    "len": 1
  },
  {
    "message": "对了。",
    "len": 1
  },
  {
    "message": "说起来。",
    "len": 1
  },
  {
    "message": "爸爸和妈妈……",
    "len": 1
  },
  {
    "message": "他们的脸是什么样的来着……？",
    "len": 1
  },
  {
    "name": "？？？",
    "message": "「喂……」",
    "len": 1
  },
  {
    "name": "樹",
    "message": "「……啊？」",
    "len": 1
  },
  {
    "message": "刚才那是……",
    "len": 1
  },
  {
    "name": "？？？",
    "message": "「喵～」",
    "len": 1
  },
  {
    "name": "樹",
    "message": "「姬子猫？从哪里传来的？」",
    "len": 1
  },
  {
    "message": "是姬子猫的叫声。我确实听到了。",
    "len": 2
  },
  {
    "name": "樹",
    "message": "「你在哪里啊？喂！」",
    "len": 1
  },
  {
    "name": "？？？",
    "message": "「喵呜呜～」",
    "len": 1
  },
  {
    "name": "樹",
    "message": "「是上面吗？在屋顶上？」",
    "len": 1
  },
  {
    "name": "樹",
    "message": "「不对，更近一些！是阁楼的储物间！」",
    "len": 2
  },
  {
    "name": "樹",
    "message": "「那家伙，怎么会在那种地方？」",
    "len": 1
  },
  {
    "name": "樹",
    "message": "「总之先去看看吧！」",
    "len": 1
  },
  {
    "name": "樹",
    "message": "「阁楼是从储物间上去的吧？」",
    "len": 1
  },
  {
    "name": "？？？",
    "message": "「喵呜呜……」",
    "len": 1
  },
  {
    "name": "樹",
    "message": "「听得到，就是这边」",
    "len": 1
  },
  {
    "name": "樹",
    "message": "「喂，姬子猫！」",
    "len": 1
  },
  {
    "message": "这里是用作杂物间的储物室。",
    "len": 1
  },
  {
    "message": "我一直都是把姬子猫的食物放在这个房间里的……",
    "len": 2
  },
  {
    "name": "樹",
    "message": "「咦！？」",
    "len": 1
  },
  {
    "message": "盘子里堆满了猫粮，却一口都没动过。",
    "len": 2
  },
  {
    "name": "樹",
    "message": "「姬子猫……你没吃吗？」",
    "len": 1
  },
  {
    "message": "难道说……",
    "len": 1
  },
  {
    "message": "难道说，出事了？",
    "len": 1
  },
  {
    "name": "樹",
    "message": "「姬子猫！」",
    "len": 1
  },
  {
    "name": "？？？",
    "message": "「喵！喵喵！！」",
    "len": 1
  },
  {
    "name": "樹",
    "message": "「果然在上面啊！等着，我这就来救你！」",
    "len": 2
  },
  {
    "name": "樹",
    "message": "「呃……有什么可以踩的东西吗……」",
    "len": 1
  },
  {
    "message": "我踩上了附近的纸箱，伸手去够天花板上的拉门。",
    "len": 2
  },
  {
    "message": "打开这扇门的话，应该就能放下收纳式楼梯，爬上阁楼了……",
    "len": 2
  },
  {
    "name": "樹",
    "message": "「呃，好重？怎么这么奇怪地重！？」",
    "len": 1
  },
  {
    "name": "樹",
    "message": "「该死，到底是怎么回事……」",
    "len": 1
  },
  {
    "name": "？？？",
    "message": "「喵呜呜！喵呜！」",
    "len": 1
  },
  {
    "name": "樹",
    "message": "「好，再努力一下就能打开了……」",
    "len": 1
  },
  {
    "name": "樹",
    "message": "「哇啊啊啊啊啊啊啊啊啊！？」",
    "len": 1
  },
  {
    "name": "樹",
    "message": "「痛痛痛！怎、怎么回事！？发生什么了！？」",
    "len": 2
  },
  {
    "name": "？？？",
    "message": "「呼喵……咕呜呜……」",
    "len": 1
  },
  {
    "name": "樹",
    "message": "「哇，这是什么东西！？」",
    "len": 1
  },
  {
    "name": "樹",
    "message": "「这、这该不会是？这个圆圆白白的东西……诶？」",
    "len": 2
  },
  {
    "message": "我对那个有点奇特的耳朵形状非常熟悉。",
    "len": 1
  },
  {
    "message": "在公园里捡到它的时候就知道是罕见品种……",
    "len": 1
  },
  {
    "message": "我曾想过，也许它还有真正的主人……",
    "len": 2
  },
  {
    "message": "但是它对我实在太亲近了，所以我就一直养着它。",
    "len": 2
  },
  {
    "message": "我本不想看到任何东西，却偏偏看到了那唯一的……",
    "len": 1
  },
  {
    "name": "樹",
    "message": "「姬子猫？」",
    "len": 1
  },
  {
    "name": "ギズモ",
    "message": "「喵！」",
    "len": 1
  },
  {
    "message": "交换的卡片中最后一张是……",
    "len": 1
  },
  {
    "message": "一位长着猫耳的女仆。",
    "len": 1
  }
]