[
  {
    "name": "樹",
    "message": "「……所以，这到底是怎么回事？」",
    "len": 1
  },
  {
    "name": "琴子",
    "message": "「猫咪桑不小心卷入其中了」",
    "len": 1
  },
  {
    "name": "樹",
    "message": "「卷入？」",
    "len": 1
  },
  {
    "name": "琴子",
    "message": "「在我回来的那个晚上，七枷家的量子状态间干涉衰减时间发生了巨大波动，成为了这个世界的奇点」",
    "len": 3
  },
  {
    "name": "琴子",
    "message": "「那时，在阁楼里的猫咪桑也一起……」",
    "len": 2
  },
  {
    "name": "ギズモ",
    "message": "「喵！」",
    "len": 1
  },
  {
    "name": "樹",
    "message": "「啊，原来如此。因为变成了人类，所以一直无法从阁楼里出来啊」",
    "len": 2
  },
  {
    "name": "琴子",
    "message": "「就是这样」",
    "len": 1
  },
  {
    "name": "ギズモ",
    "message": "「喵」",
    "len": 1
  },
  {
    "name": "樹",
    "message": "「哈哈哈哈哈！原来是这么回事啊」",
    "len": 2
  },
  {
    "message": "……我真的能接受这个吗！？",
    "len": 1
  },
  {
    "name": "琴子",
    "message": "「总之，事已至此，我们必须想办法解决呢」",
    "len": 2
  },
  {
    "message": "那之后，不知所措的我叫来了琴子，向她解释了发生的事情。",
    "len": 2
  },
  {
    "message": "然后，虽然听了各种解释，但我只理解了一半左右……",
    "len": 2
  },
  {
    "message": "一夜过去，现在我正在请琴子继续解释。",
    "len": 2
  },
  {
    "name": "樹",
    "message": "「那个，琴子……」",
    "len": 1
  },
  {
    "name": "琴子",
    "message": "「嗯？」",
    "len": 1
  },
  {
    "name": "樹",
    "message": "「我再问一遍，这孩子真的就是姬子猫对吧？」",
    "len": 2
  },
  {
    "name": "ギズモ",
    "message": "「喵喵！」",
    "len": 1
  },
  {
    "name": "琴子",
    "message": "「确定这一点的是哥哥你啊」",
    "len": 1
  },
  {
    "name": "樹",
    "message": "「啊？」",
    "len": 1
  },
  {
    "message": "我……是吗？",
    "len": 1
  },
  {
    "name": "琴子",
    "message": "「那个，我也可以问一下吗？」",
    "len": 1
  },
  {
    "name": "樹",
    "message": "「什么？」",
    "len": 1
  },
  {
    "name": "琴子",
    "message": "「哥哥对猫咪许了什么愿望呢……？」",
    "len": 2
  },
  {
    "name": "樹",
    "message": "「我？」",
    "len": 1
  },
  {
    "name": "琴子",
    "message": "「嗯，是哥哥」",
    "len": 1
  },
  {
    "name": "樹",
    "message": "「那有什么关系吗？」",
    "len": 1
  },
  {
    "name": "琴子",
    "message": "「是不是想让它能说话之类的？」",
    "len": 2
  },
  {
    "name": "樹",
    "message": "「诶！？那个……」",
    "len": 3
  },
  {
    "name": "琴子",
    "message": "「比如说想要一个能说话的伙伴之类的？」",
    "len": 1
  },
  {
    "message": "嗯，确实，我是很想要一个能说话的伙伴……",
    "len": 2
  },
  {
    "message": "虽然我一直都是对着姬子猫自言自语……",
    "len": 2
  },
  {
    "name": "琴子",
    "message": "「果然是这样啊……」",
    "len": 1
  },
  {
    "name": "樹",
    "message": "「这是什么意思？」",
    "len": 1
  },
  {
    "name": "琴子",
    "message": "「动物是不会说人话的。当然，猫也不会说」",
    "len": 2
  },
  {
    "name": "琴子",
    "message": "「这是因为动物的大脑中没有处理语言的区域」",
    "len": 2
  },
  {
    "name": "樹",
    "message": "「嗯，应该是这样吧」",
    "len": 1
  },
  {
    "name": "琴子",
    "message": "「但是，人类的大脑从一开始就是为了处理语言而构造的」",
    "len": 2
  },
  {
    "name": "琴子",
    "message": "「也就是说，要让猫说人话的话，就需要它拥有人类的大脑」",
    "len": 2
  },
  {
    "name": "樹",
    "message": "「呃……我好像有点明白你想说什么了，但是……」",
    "len": 2
  },
  {
    "name": "琴子",
    "message": "「哥哥你渴望能说话的伙伴。所以，小猫就……」",
    "len": 2
  },
  {
    "name": "樹",
    "message": "「等等！但是，这家伙……」",
    "len": 4
  },
  {
    "name": "ギズモ",
    "message": "「喵呜？」",
    "len": 1
  },
  {
    "name": "樹",
    "message": "「它不是只会说猫语吗？从一开始就一直是这样啊」",
    "len": 2
  },
  {
    "name": "琴子",
    "message": "「那是因为它现在还是一片空白」",
    "len": 1
  },
  {
    "name": "琴子",
    "message": "「我想它会慢慢学会的哦？不用担心」",
    "len": 2
  },
  {
    "name": "樹",
    "message": "「那这家伙，以后真的会变成人类……」",
    "len": 2
  },
  {
    "message": "我莫名感到一丝不安和寒意。",
    "len": 2
  },
  {
    "message": "虽然连我自己都不知道为什么会这么想。",
    "len": 2
  },
  {
    "name": "ギズモ",
    "message": "「喵？」",
    "len": 1
  },
  {
    "name": "樹",
    "message": "「啊，啊啊……没什么，姬子猫」",
    "len": 1
  },
  {
    "name": "ギズモ",
    "message": "「喵～」",
    "len": 1
  },
  {
    "name": "琴子",
    "message": "「哥哥，还记得我以前说过的话吗？」",
    "len": 1
  },
  {
    "name": "樹",
    "message": "「诶？」",
    "len": 1
  },
  {
    "name": "琴子",
    "message": "「把单纯的「大脑」变成「人的大脑」的东西……」",
    "len": 1
  },
  {
    "name": "樹",
    "message": "「啊啊，是「语言」啊」",
    "len": 1
  },
  {
    "name": "琴子",
    "message": "「哥哥，把小猫变成人类吧」",
    "len": 1
  },
  {
    "name": "樹",
    "message": "「是啊，总之，只能试试看了……」",
    "len": 1
  },
  {
    "name": "柚",
    "message": "「打扰了！我是隔壁的女孩！」",
    "len": 1
  },
  {
    "name": "樹",
    "message": "「呃！是柚！」",
    "len": 1
  },
  {
    "name": "柚",
    "message": "「树君，来玩吧～！」",
    "len": 1
  },
  {
    "name": "樹",
    "message": "「啊……该死，为什么每天早上都这样……」",
    "len": 1
  },
  {
    "name": "琴子",
    "message": "「那么，我先回房间了」",
    "len": 1
  },
  {
    "name": "樹",
    "message": "「等一下！把它也带走吧！」",
    "len": 2
  },
  {
    "name": "ギズモ",
    "message": "「喵喵！？」",
    "len": 1
  },
  {
    "name": "樹",
    "message": "「要是被看到了会很麻烦，拜托了！」",
    "len": 1
  },
  {
    "name": "琴子",
    "message": "「好啊？那么，小猫咪，我们来聊聊天吧」",
    "len": 2
  },
  {
    "name": "ギズモ",
    "message": "「喵～……？」",
    "len": 1
  },
  {
    "name": "樹",
    "message": "「姬子猫，暂时和琴子待在一起，好吗？」",
    "len": 1
  },
  {
    "name": "ギズモ",
    "message": "「喵！」",
    "len": 1
  },
  {
    "name": "琴子",
    "message": "「呵呵，真是个聪明的孩子呢」",
    "len": 1
  },
  {
    "name": "樹",
    "message": "「呼……」",
    "len": 1
  },
  {
    "name": "柚",
    "message": "「树树！你在干什么啊！」",
    "len": 1
  },
  {
    "name": "樹",
    "message": "「哇！来了！」",
    "len": 1
  },
  {
    "name": "柚",
    "message": "「真是的！因为你不出来，我都跟那些人打照面了」",
    "len": 2
  },
  {
    "name": "樹",
    "message": "「啊？你说跟谁？」",
    "len": 1
  },
  {
    "name": "柚",
    "message": "「就是那些冒充你家人的家伙啊！哇～真让人起鸡皮疙瘩！」",
    "len": 2
  },
  {
    "name": "樹",
    "message": "「你不用勉强自己来的？」",
    "len": 1
  },
  {
    "name": "柚",
    "message": "「现在可不是说这种话的时候了，能借我你的脸用用吗？」",
    "len": 2
  },
  {
    "name": "樹",
    "message": "「不要，太麻烦了」",
    "len": 1
  },
  {
    "name": "柚",
    "message": "「别废话快出来！我有重要的事要说」",
    "len": 1
  },
  {
    "name": "樹",
    "message": "「在这里不行吗？」",
    "len": 1
  },
  {
    "name": "柚",
    "message": "「在这种魔窟里怎么可能说得了话嘛！喂，快点出来，出来！」",
    "len": 2
  },
  {
    "name": "樹",
    "message": "「哇，等等，别拽我！」",
    "len": 1
  },
  {
    "name": "柚",
    "message": "「打扰了啊～」",
    "len": 1
  },
  {
    "name": "樹",
    "message": "「啊真是的，真是个强势的家伙……」",
    "len": 1
  }
]