[
  {
    "name": "樹",
    "message": "「喂，你要走到哪里去啊！」",
    "len": 1
  },
  {
    "name": "柚",
    "message": "「找个谁都偷看不到……不对，是听不到的地方！」",
    "len": 2
  },
  {
    "name": "樹",
    "message": "「那是什么意思？」",
    "len": 1
  },
  {
    "name": "柚",
    "message": "「嗯，就这里吧！到这里应该没问题了」",
    "len": 2
  },
  {
    "name": "樹",
    "message": "「你说的没问题是什么标准啊……」",
    "len": 1
  },
  {
    "name": "柚",
    "message": "「别管那个了，比起这个，树君你怎么看？」",
    "len": 2
  },
  {
    "name": "樹",
    "message": "「啊？」",
    "len": 1
  },
  {
    "name": "柚",
    "message": "「别'啊'啊，什么'啊'啊。当然是在说那帮人的事啊」",
    "len": 2
  },
  {
    "name": "柚",
    "message": "「你居然能这么若无其事啊，我刚才可是吓得直发抖呢」",
    "len": 2
  },
  {
    "name": "柚",
    "message": "「那个萝莉脸萝莉音的家伙说什么「多谢树君一直以来的照顾～」之类的话，我都快受不了了」",
    "len": 3
  },
  {
    "name": "樹",
    "message": "「啊啊……原来你说的是这件事啊」",
    "len": 1
  },
  {
    "name": "柚",
    "message": "「什么叫'这件事啊'啊！为什么会变成这样？从什么时候开始的？告诉我！」",
    "len": 3
  },
  {
    "name": "樹",
    "message": "「哎，你这么问我也……为什么呢？」",
    "len": 1
  },
  {
    "name": "柚",
    "message": "「你啊～」",
    "len": 1
  },
  {
    "name": "樹",
    "message": "「就是，不知不觉就变成这样了呢～，哈哈，哈哈哈哈哈，哈哈……」",
    "len": 2
  },
  {
    "name": "柚",
    "message": "「………………」",
    "len": 1
  },
  {
    "name": "樹",
    "message": "「果然很奇怪吗……」",
    "len": 1
  },
  {
    "name": "柚",
    "message": "「我本以为以树君的性格，大概就是这样吧……」",
    "len": 2
  },
  {
    "name": "柚",
    "message": "「算了，我大致明白了」",
    "len": 1
  },
  {
    "name": "樹",
    "message": "「明白了？明白什么了？」",
    "len": 1
  },
  {
    "name": "柚",
    "message": "「趁这个机会我就直说了，你被骗了知道吗？」",
    "len": 2
  },
  {
    "name": "樹",
    "message": "「被骗了？」",
    "len": 1
  },
  {
    "name": "柚",
    "message": "「那帮人是想夺取树君的家啊」",
    "len": 2
  },
  {
    "name": "樹",
    "message": "「啊？你在说什么啊？」",
    "len": 1
  },
  {
    "name": "柚",
    "message": "「因为就是这样啊！」",
    "len": 1
  },
  {
    "name": "柚",
    "message": "「突然冒出来，说什么自己是妹妹啊，是妈妈啊，就这么厚着脸皮住进家里」",
    "len": 2
  },
  {
    "name": "柚",
    "message": "「就这样巧言令色地哄骗你，想要冒充成树君的家人」",
    "len": 2
  },
  {
    "name": "樹",
    "message": "「怎么可能会这样，真是荒谬……」",
    "len": 1
  },
  {
    "name": "柚",
    "message": "「那你还能怎么解释？」",
    "len": 1
  },
  {
    "name": "柚",
    "message": "「我记得的哦……我去参加过琴子的葬礼……」",
    "len": 2
  },
  {
    "name": "柚",
    "message": "「树也记得的吧？别跟我说你忘了」",
    "len": 2
  },
  {
    "name": "樹",
    "message": "「…………」",
    "len": 1
  },
  {
    "message": "不可能……不记得。",
    "len": 1
  },
  {
    "message": "但是……",
    "len": 1
  },
  {
    "name": "柚",
    "message": "「从那时起，树就不再和大家一起玩了呢」",
    "len": 2
  },
  {
    "name": "柚",
    "message": "「经常旷课，最后干脆完全不去上学了」",
    "len": 2
  },
  {
    "name": "柚",
    "message": "「但是，就连我也能明白哦？树当时的心情……」",
    "len": 2
  },
  {
    "name": "柚",
    "message": "「因为我也非常喜欢琴子……」",
    "len": 2
  },
  {
    "name": "樹",
    "message": "「这个……我知道」",
    "len": 1
  },
  {
    "name": "柚",
    "message": "「所以我不能置之不理啊！」",
    "len": 1
  },
  {
    "name": "柚",
    "message": "「趁着树木变得不正常，想骗他夺走房子吗！」",
    "len": 2
  },
  {
    "name": "樹",
    "message": "「不，别这么武断……」",
    "len": 1
  },
  {
    "name": "柚",
    "message": "「我有证据」",
    "len": 1
  },
  {
    "name": "樹",
    "message": "「证、证据？」",
    "len": 1
  },
  {
    "name": "柚",
    "message": "「这张照片就是铁证！」",
    "len": 1
  },
  {
    "name": "樹",
    "message": "「这、这是什么照片！？」",
    "len": 1
  },
  {
    "name": "柚",
    "message": "「是树木的爸爸和妈妈。……25年前的照片哦」",
    "len": 2
  },
  {
    "name": "樹",
    "message": "「25年前！？」",
    "len": 1
  },
  {
    "name": "柚",
    "message": "「上面标着1985年的日期吧？」",
    "len": 1
  },
  {
    "name": "樹",
    "message": "「这我看得出来，但是这照片……」",
    "len": 1
  },
  {
    "message": "与其说是相似……",
    "len": 1
  },
  {
    "message": "不管怎么看，那个人……都是他吧？",
    "len": 1
  },
  {
    "name": "柚",
    "message": "「怎么样？这下你信了吧？」",
    "len": 1
  },
  {
    "name": "樹",
    "message": "「这真的是……他年轻时候的样子吗？」",
    "len": 1
  },
  {
    "name": "柚",
    "message": "「我想起来很久以前去辰树家玩的时候，阿姨给我看过相册」",
    "len": 2
  },
  {
    "name": "樹",
    "message": "「我可没看过」",
    "len": 1
  },
  {
    "name": "柚",
    "message": "「因为你没说想看吧？」",
    "len": 1
  },
  {
    "name": "樹",
    "message": "「……说起来我确实没说过」",
    "len": 1
  },
  {
    "name": "柚",
    "message": "「我找到了，就把这两张撕下来了」",
    "len": 2
  },
  {
    "name": "樹",
    "message": "「是昨天吗？喂……你别趁我不在的时候擅自闯进去啊」",
    "len": 2
  },
  {
    "name": "柚",
    "message": "「现在不是说这个的时候吧！你看这照片难道还不明白吗？」",
    "len": 2
  },
  {
    "name": "樹",
    "message": "「明白什么？」",
    "len": 1
  },
  {
    "name": "柚",
    "message": "「那帮人为了骗辰树，特意把自己变装成跟叔叔阿姨一模一样的样子啊！」",
    "len": 2
  },
  {
    "name": "樹",
    "message": "「什、什么！」",
    "len": 1
  },
  {
    "name": "樹",
    "message": "「……等等，这不对劲」",
    "len": 2
  },
  {
    "name": "柚",
    "message": "「哪里不对劲？」",
    "len": 1
  },
  {
    "name": "樹",
    "message": "「他们怎么变装的？」",
    "len": 1
  },
  {
    "name": "柚",
    "message": "「这还用说，整容啊特效化妆啊，方法多着呢」",
    "len": 2
  },
  {
    "name": "樹",
    "message": "「啊是啊，不过……那为什么要变装成年轻时候的样子呢？」",
    "len": 2
  },
  {
    "name": "柚",
    "message": "「啊？」",
    "len": 1
  },
  {
    "name": "樹",
    "message": "「要骗我的话，变装成现在的爸爸妈妈不就行了吗？」",
    "len": 2
  },
  {
    "name": "柚",
    "message": "「我、我哪知道啊，这种事，肯定是他们那边有什么考虑或情况吧」",
    "len": 2
  },
  {
    "name": "樹",
    "message": "「而且，说到底，占据我家能有什么好处？我家又没什么财产」",
    "len": 2
  },
  {
    "name": "柚",
    "message": "「说不定是辰树你不知道呢？」",
    "len": 1
  },
  {
    "name": "樹",
    "message": "「不可能不可能不可能。我那老爸根本就攒不下钱来」",
    "len": 2
  },
  {
    "name": "柚",
    "message": "「啊真是的！辰树你到底站哪边啊！我这么担心你你却！」",
    "len": 2
  },
  {
    "name": "樹",
    "message": "「我很感谢你的关心，但总觉得哪里不对劲，感觉不太可能…」",
    "len": 2
  },
  {
    "name": "柚",
    "message": "「知道了！算了！」",
    "len": 1
  },
  {
    "name": "樹",
    "message": "「柚？」",
    "len": 1
  },
  {
    "name": "柚",
    "message": "「你是想要更明确的证据对吧？有了的话你就能醒悟了是吗？」",
    "len": 2
  },
  {
    "name": "樹",
    "message": "「嗯，要是有那种证据的话…」",
    "len": 1
  },
  {
    "name": "柚",
    "message": "「哼，你等着吧，我马上就把证据摆在你眼前！」",
    "len": 2
  },
  {
    "name": "樹",
    "message": "「啊，喂！」",
    "len": 1
  },
  {
    "name": "柚",
    "message": "「嗯嗯嗯～！干劲来了～！」",
    "len": 1
  },
  {
    "name": "樹",
    "message": "「………..」",
    "len": 1
  },
  {
    "name": "樹",
    "message": "「那家伙，总是这么热血过头啊，每次都是…」",
    "len": 2
  }
]