[
  {
    "message": "时间消磨得差不多了。差不多到中午了。",
    "len": 2
  },
  {
    "message": "不知道姬子猫怎么样了……琴子有好好照顾它吗？",
    "len": 2
  },
  {
    "message": "去看看情况吧。",
    "len": 1
  },
  {
    "name": "琴子",
    "message": "「你终于回来了啊」",
    "len": 1
  },
  {
    "name": "樹",
    "message": "「啊？这是怎么回事？」",
    "len": 1
  },
  {
    "name": "電卓",
    "message": "「好嘞，赶紧开始赶紧结束吧！我可忙着呢！」",
    "len": 2
  },
  {
    "name": "結衣",
    "message": "「同感」",
    "len": 1
  },
  {
    "name": "式子",
    "message": "「妈，我去泡茶」",
    "len": 1
  },
  {
    "message": "为什么大家都在这儿……到底要开始什么？",
    "len": 2
  },
  {
    "name": "琴子",
    "message": "「那么，请大家聚集在这里的原因无他」",
    "len": 1
  },
  {
    "name": "琴子",
    "message": "「关于发生了意料之外的事态，我非常想听听大家的意见」",
    "len": 2
  },
  {
    "name": "結衣",
    "message": "「这事儿，非得讨论不可吗？」",
    "len": 1
  },
  {
    "name": "琴子",
    "message": "「如果可以的话……因为对观测者效应的影响不容忽视」",
    "len": 2
  },
  {
    "name": "結衣",
    "message": "「那玩意儿本来就没啥关系吧。装箱扔掉不就完事了吗？」",
    "len": 2
  },
  {
    "name": "琴子",
    "message": "「已经收缩了。不可逆转了」",
    "len": 2
  },
  {
    "name": "結衣",
    "message": "「是这样的吗？那么……」",
    "len": 1
  },
  {
    "name": "琴子",
    "message": "「也就是说，今后一直都会保持那个样子……」",
    "len": 1
  },
  {
    "name": "結衣",
    "message": "「嗯……嘛，我倒是无所谓」",
    "len": 1
  },
  {
    "name": "結衣",
    "message": "「你打算怎么办，树？」",
    "len": 1
  },
  {
    "name": "樹",
    "message": "「啊？我、我吗？」",
    "len": 1
  },
  {
    "name": "結衣",
    "message": "「喂，那可是你的责任哦？」",
    "len": 1
  },
  {
    "name": "樹",
    "message": "「啊？」",
    "len": 1
  },
  {
    "name": "結衣",
    "message": "「你就那么想要女仆吗？变态」",
    "len": 2
  },
  {
    "name": "樹",
    "message": "「什、什么啊！？」",
    "len": 1
  },
  {
    "name": "電卓",
    "message": "「变态！」",
    "len": 1
  },
  {
    "name": "樹",
    "message": "「不是，话说回来，从刚才开始我就完全搞不懂你们在说什么……」",
    "len": 1
  },
  {
    "name": "結衣",
    "message": "「如果你喜欢女仆的话，要不要结衣给你装扮成女仆的样子？」",
    "len": 1
  },
  {
    "name": "樹",
    "message": "「诶……！」",
    "len": 1
  },
  {
    "name": "結衣",
    "message": "「主人，欢迎回来～」",
    "len": 1
  },
  {
    "name": "結衣",
    "message": "「您是想用餐呢？还是想让我帮您搓搓背呢？」",
    "len": 2
  },
  {
    "name": "結衣",
    "message": "「啊哈哈哈，你就喜欢这种的吧！」",
    "len": 1
  },
  {
    "message": "这、这个人真的是结衣姐姐吗……",
    "len": 1
  },
  {
    "name": "電卓",
    "message": "「……啧，不知不觉间奇怪的东西又开始流行了啊」",
    "len": 1
  },
  {
    "name": "結衣",
    "message": "「听说是女孩子们憧憬的职业哦」",
    "len": 1
  },
  {
    "name": "電卓",
    "message": "「女仆有什么好的啊？那不是大妈才干的活吗」",
    "len": 2
  },
  {
    "name": "結衣",
    "message": "「也不尽然，最近……」",
    "len": 1
  },
  {
    "name": "琴子",
    "message": "「好了，这个话题就到此为止。现在我们有更重要的问题要讨论」",
    "len": 2
  },
  {
    "name": "琴子",
    "message": "「听清楚了吗？姐姐，爸爸」",
    "len": 1
  },
  {
    "name": "電卓",
    "message": "「嗯嗯「」好嘞」",
    "len": 2
  },
  {
    "message": "他们只有对琴子的话才会乖乖听从啊。",
    "len": 1
  },
  {
    "name": "琴子",
    "message": "「我要跟哥哥说点事」",
    "len": 1
  },
  {
    "name": "樹",
    "message": "「……什么事？」",
    "len": 1
  },
  {
    "name": "琴子",
    "message": "「你想怎么处置那只猫？」",
    "len": 1
  },
  {
    "name": "樹",
    "message": "「怎么处置……你是说姬子猫吗？」",
    "len": 1
  },
  {
    "name": "琴子",
    "message": "「她已经确定是那个样子了。就在哥哥打开箱子的时候」",
    "len": 2
  },
  {
    "message": "我打开了……箱子？",
    "len": 1
  },
  {
    "name": "琴子",
    "message": "「那只猫已经无法变回原样了」",
    "len": 1
  },
  {
    "name": "樹",
    "message": "「这样啊……」",
    "len": 1
  },
  {
    "message": "我竟然会想果然如此……是不是有点奇怪？",
    "len": 1
  },
  {
    "name": "琴子",
    "message": "「那么，关于今后的事……」",
    "len": 1
  },
  {
    "name": "樹",
    "message": "「没什么特别的……跟以前一样就行了吧？」",
    "len": 1
  },
  {
    "name": "琴子",
    "message": "「跟以前一样？」",
    "len": 1
  },
  {
    "name": "樹",
    "message": "「嗯，姬子猫就是姬子猫啊」",
    "len": 1
  },
  {
    "name": "琴子",
    "message": "「…………」",
    "len": 1
  },
  {
    "name": "琴子",
    "message": "「真的，是这样的话……那就太好了」",
    "len": 1
  },
  {
    "name": "樹",
    "message": "「……啊？」",
    "len": 1
  },
  {
    "name": "琴子",
    "message": "「我，因此哥哥的……」",
    "len": 1
  },
  {
    "name": "琴子",
    "message": "「……不，现在还不是…………」",
    "len": 1
  },
  {
    "name": "樹",
    "message": "「琴子？」",
    "len": 1
  },
  {
    "name": "式子",
    "message": "「来啦，我们来喝茶吧。正好有六人份真是太好了～」",
    "len": 2
  },
  {
    "name": "式子",
    "message": "「洋甘菊混合茶。这个，能让人心情平静得像死了一样哦？」",
    "len": 2
  },
  {
    "name": "結衣",
    "message": "「我开动了。正好想试试死一下呢」",
    "len": 2
  },
  {
    "name": "電卓",
    "message": "「我不喜欢叶子，就算了」",
    "len": 1
  },
  {
    "name": "式子",
    "message": "「爸爸，这个对身体很好的哦？」",
    "len": 1
  },
  {
    "name": "電卓",
    "message": "「到底是哪样啊！不是会死吗？」",
    "len": 3
  },
  {
    "message": "……好像以前也听过类似的对话。",
    "len": 1
  },
  {
    "message": "果然这两个人是我的……。",
    "len": 1
  },
  {
    "name": "式子",
    "message": "「话说回来，诶！小吉真有意思啊～」",
    "len": 2
  },
  {
    "name": "式子",
    "message": "「我试着让它吃了厨房里的香草，结果它就变得有点奇怪了……」",
    "len": 2
  },
  {
    "name": "樹",
    "message": "「诶！？香草是指什么？」",
    "len": 1
  },
  {
    "name": "式子",
    "message": "「是薄荷，不过它一直在闻……」",
    "len": 1
  },
  {
    "name": "ギズモ",
    "message": "「哈哈哈哈哈……」",
    "len": 1
  },
  {
    "name": "式子",
    "message": "「给它吃了之后就变成这样」",
    "len": 1
  },
  {
    "name": "ギズモ",
    "message": "「呜喵啊啊……」",
    "len": 1
  },
  {
    "name": "樹",
    "message": "「那、那个，它会因为薄荷醉倒。好像，就像猫薄荷那样的感觉」",
    "len": 2
  },
  {
    "name": "式子",
    "message": "「哎呀呀，那可麻烦了！」",
    "len": 1
  },
  {
    "name": "樹",
    "message": "「如果可以的话最好不要让它吃」",
    "len": 1
  },
  {
    "name": "式子",
    "message": "「是啊，既然这样我会注意的」",
    "len": 1
  },
  {
    "name": "ギズモ",
    "message": "「喵！呜喵！」",
    "len": 1
  },
  {
    "name": "式子",
    "message": "「哎呀，这孩子生气了。它能听懂我们说话吗？」",
    "len": 2
  },
  {
    "name": "ギズモ",
    "message": "「喵喵！」",
    "len": 1
  },
  {
    "name": "式子",
    "message": "「好好，那就再给你一根，行吗？」",
    "len": 1
  },
  {
    "name": "ギズモ",
    "message": "「喵哈哈哈～」",
    "len": 1
  },
  {
    "message": "话音刚落就给它了……",
    "len": 1
  },
  {
    "name": "式子",
    "message": "「那么，琴子？」",
    "len": 1
  },
  {
    "name": "琴子",
    "message": "「嗯」",
    "len": 1
  },
  {
    "name": "式子",
    "message": "「我想养这个小家伙～」",
    "len": 1
  },
  {
    "name": "式子",
    "message": "「我已经喜欢上它了！我会比疼爱树君还要疼爱它」",
    "len": 2
  },
  {
    "name": "琴子",
    "message": "「那就是一票赞成了呢」",
    "len": 1
  },
  {
    "name": "結衣",
    "message": "「结衣无所谓。反正也不会碍事」",
    "len": 2
  },
  {
    "name": "琴子",
    "message": "「消极赞成啊……」",
    "len": 1
  },
  {
    "name": "電卓",
    "message": "「嗯？轮到我了？」",
    "len": 1
  },
  {
    "name": "琴子",
    "message": "「请说说你的意见，父亲」",
    "len": 1
  },
  {
    "name": "電卓",
    "message": "「稍等，我现在问问看」",
    "len": 1
  },
  {
    "name": "電卓",
    "message": "「……嗯，……唔嗯……原来如此……哦…………这我倒是没想到！」",
    "len": 2
  },
  {
    "name": "琴子",
    "message": "「结果如何？」",
    "len": 1
  },
  {
    "name": "電卓",
    "message": "「氢氧神说「可以养」」",
    "len": 1
  },
  {
    "name": "琴子",
    "message": "「感谢您宝贵的意见」",
    "len": 1
  },
  {
    "message": "这也算宝贵意见吗！",
    "len": 1
  },
  {
    "name": "琴子",
    "message": "「那么，我们也问问哥哥的意见吧？」",
    "len": 1
  },
  {
    "name": "樹",
    "message": "「你明白的吧？我想保持现状」",
    "len": 2
  },
  {
    "name": "琴子",
    "message": "「嗯……」",
    "len": 1
  },
  {
    "name": "柚",
    "message": "「这是怎么回事啊……」",
    "len": 1
  },
  {
    "name": "琴子",
    "message": "「那么以赞成票数占多数，决定将小猫纳入家庭成员」",
    "len": 1
  },
  {
    "name": "柚",
    "message": "「等等，这是怎么回事啊！」",
    "len": 1
  },
  {
    "name": "電卓",
    "message": "「耶！鼓掌！」",
    "len": 1
  },
  {
    "name": "ギズモ",
    "message": "「喵啊啊啊！！」",
    "len": 1
  },
  {
    "name": "式子",
    "message": "「太好了呢！小姬！」",
    "len": 1
  },
  {
    "name": "柚",
    "message": "「这些人有毛病！绝对有毛病！」",
    "len": 1
  },
  {
    "name": "柚",
    "message": "「树也别光站着不说话啊，快说点什么啊！真是的！你也太容易随波逐流了！」",
    "len": 2
  },
  {
    "name": "柚",
    "message": "「稍微想想就明白了吧！这也太离谱了，真是的！」",
    "len": 2
  },
  {
    "name": "柚",
    "message": "「啊——真是受不了了！」",
    "len": 1
  },
  {
    "name": "柚",
    "message": "「我一定要揭穿这帮家伙的真面目，把树救出来！」",
    "len": 2
  },
  {
    "name": "柚",
    "message": "「如果我不做，还有谁来做——！」",
    "len": 1
  }
]