[
  {
    "name": "樹",
    "message": "「呼～，终于能喘口气了」",
    "len": 1
  },
  {
    "message": "虽然不知道到底发生了什么，但总之我明白了……",
    "len": 2
  },
  {
    "message": "要把姬子猫当成人类女孩来照顾。",
    "len": 1
  },
  {
    "message": "全家一起，教她各种各样的事情，让她'多少能派上些用场'。",
    "len": 2
  },
  {
    "message": "说是要借猫之手啊。",
    "len": 1
  },
  {
    "message": "嘛，虽说最近事情确实乱糟糟的，有人帮忙是挺感激的……",
    "len": 2
  },
  {
    "message": "但真的没问题吗……？",
    "len": 1
  },
  {
    "name": "結衣",
    "message": "「我进来了，树」",
    "len": 1
  },
  {
    "name": "樹",
    "message": "「啊……，你、你有什么事吗？」",
    "len": 1
  },
  {
    "name": "結衣",
    "message": "「唔～，又来了……」",
    "len": 1
  },
  {
    "name": "樹",
    "message": "「啊？」",
    "len": 1
  },
  {
    "name": "結衣",
    "message": "「喂，你啊，每次看到结衣的时候，是不是都有点害怕啊？」",
    "len": 2
  },
  {
    "name": "樹",
    "message": "「啊？这、这样吗」",
    "len": 1
  },
  {
    "name": "結衣",
    "message": "「眼神飘忽不定」",
    "len": 1
  },
  {
    "name": "樹",
    "message": "「那只是你的错觉啦」",
    "len": 1
  },
  {
    "name": "結衣",
    "message": "「……嘛，自己可能察觉不到吧」",
    "len": 1
  },
  {
    "name": "樹",
    "message": "「话说回来，你有什么事？来我房间什么的，到现在为止……」",
    "len": 2
  },
  {
    "name": "結衣",
    "message": "「结衣来这里很奇怪吗？」",
    "len": 1
  },
  {
    "name": "樹",
    "message": "「你不是从来没来过吗，都已经好几年了」",
    "len": 2
  },
  {
    "name": "結衣",
    "message": "「这么说来，是这样吗？」",
    "len": 1
  },
  {
    "name": "樹",
    "message": "「你不记得了吗？」",
    "len": 1
  },
  {
    "name": "結衣",
    "message": "「不，我知道」",
    "len": 1
  },
  {
    "message": "……知道？",
    "len": 1
  },
  {
    "name": "結衣",
    "message": "「但是，结衣想来就来了。树不喜欢这样吗？」",
    "len": 2
  },
  {
    "name": "樹",
    "message": "「没、没有那回事啦。只是有点吃惊而已」",
    "len": 2
  },
  {
    "name": "結衣",
    "message": "「太好了，那以后我就不客气地来了」",
    "len": 1
  },
  {
    "name": "樹",
    "message": "「啊……」",
    "len": 1
  },
  {
    "name": "結衣",
    "message": "「嗯？怎么了？」",
    "len": 1
  },
  {
    "message": "我完全忘记了。",
    "len": 1
  },
  {
    "message": "结衣姐原来会那样笑啊……",
    "len": 1
  },
  {
    "name": "樹",
    "message": "「没、没什么！」",
    "len": 1
  },
  {
    "name": "結衣",
    "message": "「真是个怪家伙啊。算了，快走吧」",
    "len": 2
  },
  {
    "name": "樹",
    "message": "「去哪？」",
    "len": 1
  },
  {
    "name": "結衣",
    "message": "「陪我去购物，行吧？」",
    "len": 1
  },
  {
    "name": "樹",
    "message": "「诶，为什么是我？」",
    "len": 1
  },
  {
    "name": "結衣",
    "message": "「你看起来最闲」",
    "len": 1
  },
  {
    "name": "樹",
    "message": "「虽然是很闲啦……」",
    "len": 1
  },
  {
    "name": "結衣",
    "message": "「那就没问题了吧？我有很多事想问你」",
    "len": 2
  },
  {
    "name": "樹",
    "message": "「我对女生的购物可一窍不通啊？」",
    "len": 1
  },
  {
    "name": "結衣",
    "message": "「就是这个，这可不行」",
    "len": 1
  },
  {
    "name": "樹",
    "message": "「啊？」",
    "len": 1
  },
  {
    "name": "結衣",
    "message": "「我这个结衣脑子里就只有吃的和衣服店，所以很苦恼」",
    "len": 2
  },
  {
    "name": "結衣",
    "message": "「你应该知道更多有意思的店吧？」",
    "len": 2
  },
  {
    "name": "樹",
    "message": "「我也不是很了解啊」",
    "len": 1
  },
  {
    "name": "結衣",
    "message": "「总比一个人瞎逛强。别废话了，陪我去」",
    "len": 2
  },
  {
    "name": "樹",
    "message": "「唔，该怎么办呢」",
    "len": 1
  },
  {
    "len": "selection",
    "message": "和结衣去购物"
  },
  {
    "len": "selectionend",
    "message": "待在家里"
  },
  {
    "name": "樹",
    "message": "「购物是要买什么啊？」",
    "len": 1
  },
  {
    "name": "結衣",
    "message": "「没特别决定。看到喜欢的就买」",
    "len": 2
  },
  {
    "name": "樹",
    "message": "「哦这样啊」",
    "len": 1
  },
  {
    "message": "女人购物为什么总是没有明确目标呢……",
    "len": 1
  },
  {
    "name": "結衣",
    "message": "「那就看树你带我去什么店了」",
    "len": 1
  },
  {
    "name": "樹",
    "message": "「带你去奇怪的店你可别抱怨啊？」",
    "len": 1
  },
  {
    "name": "結衣",
    "message": "「比如说？」",
    "len": 1
  },
  {
    "name": "樹",
    "message": "「比如没人光顾的杂货店，或者昏暗的电脑店之类的」",
    "len": 2
  },
  {
    "name": "結衣",
    "message": "「不错啊，听起来挺可疑的，我很期待」",
    "len": 1
  },
  {
    "name": "樹",
    "message": "「别怪我没提醒你啊？真的」",
    "len": 1
  },
  {
    "message": "又来到了Quare商场。",
    "len": 1
  },
  {
    "message": "话说回来，这里也是唯一能购物的地方了。",
    "len": 1
  },
  {
    "name": "結衣",
    "message": "「快走吧，要是店没了就麻烦了」",
    "len": 1
  },
  {
    "name": "樹",
    "message": "「不会的，店不会那么容易就没了」",
    "len": 1
  },
  {
    "name": "結衣",
    "message": "「这谁知道呢，这个世界可是很脆弱的哦？」",
    "len": 2
  },
  {
    "name": "樹",
    "message": "「又说些莫名其妙的话……」",
    "len": 1
  },
  {
    "name": "結衣",
    "message": "「嗯……哦～，原来是这样啊」",
    "len": 1
  },
  {
    "message": "带她到三楼后，结衣姐姐一副好奇的样子开始东张西望。",
    "len": 2
  },
  {
    "name": "結衣",
    "message": "「话说回来，这层楼人真多啊。从刚才开始就踩到了三个人的脚」",
    "len": 2
  },
  {
    "name": "樹",
    "message": "「你是第一次来三楼吗？」",
    "len": 1
  },
  {
    "name": "結衣",
    "message": "「脑子里没印象，大概是第一次吧」",
    "len": 1
  },
  {
    "name": "樹",
    "message": "「嗯，反正这里也不是结衣姐姐会感兴趣的地方」",
    "len": 1
  },
  {
    "name": "結衣",
    "message": "「不，我是有兴趣的，只是没有理由。……这是另一个我说的」",
    "len": 2
  },
  {
    "name": "樹",
    "message": "「啊？」",
    "len": 1
  },
  {
    "name": "結衣",
    "message": "「也就是说，我没有去的理由」",
    "len": 1
  },
  {
    "name": "樹",
    "message": "「就算没有理由，难道不会随便去逛逛吗？现在不也是没有目的地来的吗」",
    "len": 2
  },
  {
    "name": "結衣",
    "message": "「对女人来说，目的和理由是两回事」",
    "len": 1
  },
  {
    "name": "樹",
    "message": "「那不是一样的吗」",
    "len": 1
  },
  {
    "name": "結衣",
    "message": "「哼，你还是不懂啊？」",
    "len": 1
  },
  {
    "name": "樹",
    "message": "「什、什么啊……」",
    "len": 1
  },
  {
    "name": "結衣",
    "message": "「想讨好女孩子的话就给我记住了。完全、不一样」",
    "len": 2
  },
  {
    "message": "真是搞不懂啊……",
    "len": 1
  },
  {
    "name": "結衣",
    "message": "「哈～，真是个让人操心的弟弟啊」",
    "len": 1
  },
  {
    "message": "呜哇，怎么有点火大。",
    "len": 1
  },
  {
    "name": "樹",
    "message": "「话说回来，你不去买东西了吗？」",
    "len": 1
  },
  {
    "name": "結衣",
    "message": "「你说的那家店是哪个？」",
    "len": 1
  },
  {
    "name": "樹",
    "message": "「就是那边那家杂乱的地方。上面写着'二手商店'」",
    "len": 2
  },
  {
    "name": "結衣",
    "message": "「嗯～，原来是那种感觉啊」",
    "len": 1
  },
  {
    "name": "樹",
    "message": "「我经常去，但对结衣姐你来说可能不太……」",
    "len": 1
  },
  {
    "name": "結衣",
    "message": "「我去看看」",
    "len": 1
  },
  {
    "name": "樹",
    "message": "「那里还有成人用品什么的，不是女性该进的店……喂，你没在听吗！」",
    "len": 2
  },
  {
    "message": "她就像进便利店一样，堂堂正正地消失在了店铺深处。",
    "len": 2
  },
  {
    "name": "樹",
    "message": "「怎么回事啊」",
    "len": 1
  },
  {
    "message": "果然还是感觉哪里不对劲。",
    "len": 1
  },
  {
    "message": "我记忆中的结衣姐姐，根本不会来这种店的……",
    "len": 2
  },
  {
    "name": "女生徒",
    "message": "「诶～，不是结衣吗？你在这儿干嘛呢！？」",
    "len": 2
  },
  {
    "name": "樹",
    "message": "「……嗯？怎么了？」",
    "len": 1
  },
  {
    "name": "女生徒",
    "message": "「别翘课啊你！哇，这是什么恶心的店！」",
    "len": 2
  },
  {
    "message": "一个打扮花哨的女孩子缠上了刚从杂货店出来的结衣姐。",
    "len": 2
  },
  {
    "name": "結衣",
    "message": "「……你谁？」",
    "len": 1
  },
  {
    "name": "女生徒",
    "message": "「啊？我啊，香织啊！话说，你倒是接电话啊混蛋～」",
    "len": 2
  },
  {
    "name": "結衣",
    "message": "「啊……这张脸我脑子里有印象。但是，不认识」",
    "len": 2
  },
  {
    "name": "女生徒",
    "message": "「啊～？你在说什么啊？」",
    "len": 1
  },
  {
    "name": "結衣",
    "message": "「跟结衣没关系，你走开」",
    "len": 1
  },
  {
    "name": "女生徒",
    "message": "「这家伙脑子是不是有毛病啊！」",
    "len": 1
  },
  {
    "name": "結衣",
    "message": "「让你久等了，树」",
    "len": 1
  },
  {
    "name": "樹",
    "message": "「呃，那个，这样真的好吗？」",
    "len": 1
  },
  {
    "name": "結衣",
    "message": "「嗯，没什么想买的东西」",
    "len": 1
  },
  {
    "name": "樹",
    "message": "「不是，我是说那个人……」",
    "len": 1
  },
  {
    "name": "結衣",
    "message": "「哦，那个啊？无所谓」",
    "len": 1
  },
  {
    "name": "樹",
    "message": "「她不是你朋友吗？感觉她在瞪着这边呢」",
    "len": 2
  },
  {
    "name": "結衣",
    "message": "「别管她。话说有没有更有意思的店？」",
    "len": 2
  },
  {
    "name": "樹",
    "message": "「啊，嗯……你觉得没问题就行吧」",
    "len": 1
  },
  {
    "name": "結衣",
    "message": "「喂，快点走吧，再不去店就要关门了哦？」",
    "len": 1
  },
  {
    "name": "結衣",
    "message": "「这里还真是应有尽有啊，结衣玩得挺开心的呢」",
    "len": 2
  },
  {
    "name": "樹",
    "message": "「哈……那真是太好了」",
    "len": 1
  },
  {
    "message": "结果，我们把3楼的每个角落都逛遍了，却一件东西也没买。",
    "len": 2
  },
  {
    "name": "結衣",
    "message": "「怎么了，累了吗？」",
    "len": 1
  },
  {
    "name": "樹",
    "message": "「结衣姐你也太精力充沛了」",
    "len": 1
  },
  {
    "name": "結衣",
    "message": "「你不享受才会觉得累。来，回家吧？」",
    "len": 2
  },
  {
    "name": "樹",
    "message": "「诶——，不休息一下就走吗！」",
    "len": 1
  },
  {
    "name": "結衣",
    "message": "「这点路程你应该还走得动吧？」",
    "len": 1
  },
  {
    "name": "樹",
    "message": "「哎呀，我的腿都软了」",
    "len": 1
  },
  {
    "name": "結衣",
    "message": "「那，姐姐背你吧。以前你还尿床的时候，我经常这么背你呢」",
    "len": 2
  },
  {
    "name": "樹",
    "message": "「喂！不行啦，真的！会压扁你的！」",
    "len": 2
  },
  {
    "name": "結衣",
    "message": "「切，真没意思」",
    "len": 1
  },
  {
    "name": "樹",
    "message": "「知道了啦，我会好好走回家的！」",
    "len": 1
  },
  {
    "name": "結衣",
    "message": "「嗯，这才对嘛。要坚持住哦？树」",
    "len": 2
  },
  {
    "name": "樹",
    "message": "「是是」",
    "len": 1
  }
]