[
  {
    "name": "樹",
    "message": "「果然还是麻烦，我就待在家里吧」",
    "len": 1
  },
  {
    "name": "結衣",
    "message": "「你什么时候变成这种懒骨头了？」",
    "len": 2
  },
  {
    "name": "樹",
    "message": "「嗯……大概是从出生的时候开始吧」",
    "len": 1
  },
  {
    "name": "結衣",
    "message": "「胡说八道，这边的结衣可不是这么说的」",
    "len": 1
  },
  {
    "name": "樹",
    "message": "「这边？」",
    "len": 1
  },
  {
    "name": "結衣",
    "message": "「还有，再说一件事，结衣也要说」",
    "len": 2
  },
  {
    "name": "結衣",
    "message": "「你这个坏蛋」",
    "len": 1
  },
  {
    "name": "樹",
    "message": "「啊？」",
    "len": 1
  },
  {
    "name": "結衣",
    "message": "「再稍微……对姐姐温柔一点」",
    "len": 1
  },
  {
    "name": "樹",
    "message": "「…………」",
    "len": 1
  },
  {
    "name": "樹",
    "message": "「也许应该陪她出去的」",
    "len": 1
  },
  {
    "name": "樹",
    "message": "「…………嗯」",
    "len": 1
  },
  {
    "name": "樹",
    "message": "「哈啊啊啊啊～」",
    "len": 1
  },
  {
    "name": "樹",
    "message": "「呼……睡得真香」",
    "len": 1
  },
  {
    "message": "我自己都觉得，真是睡得太多了。",
    "len": 1
  },
  {
    "message": "该不会是脑子出问题了吧？感觉一天要睡10个小时以上……",
    "len": 2
  },
  {
    "name": "ギズモ",
    "message": "「喵啊啊啊啊！」",
    "len": 1
  },
  {
    "name": "樹",
    "message": "「什、什么啊！？楼下怎么这么吵？」",
    "len": 3
  },
  {
    "name": "樹",
    "message": "「是姬子猫在闹腾吗？听到了奇怪的声音……」",
    "len": 2
  },
  {
    "name": "式子",
    "message": "「哎呀呀，真是精力充沛呢！再多表现一点嘛，小姬！」",
    "len": 2
  },
  {
    "name": "ギズモ",
    "message": "「喵呜！」",
    "len": 1
  },
  {
    "name": "樹",
    "message": "「……总感觉有种不祥的预感。我去看看情况吧」",
    "len": 2
  },
  {
    "name": "樹",
    "message": "「咦？没人在啊」",
    "len": 1
  },
  {
    "name": "樹",
    "message": "「不是这里吗……在哪儿呢？」",
    "len": 1
  },
  {
    "message": "是妈妈的房间吗？",
    "len": 1
  },
  {
    "message": "要不要……进去看看？",
    "len": 1
  },
  {
    "name": "樹",
    "message": "「那个，打扰了！那个，呃……」",
    "len": 2
  },
  {
    "message": "啊啊，该死！该怎么称呼那个人才好啊！",
    "len": 2
  },
  {
    "message": "妈妈？叫妈妈可以吗？",
    "len": 1
  },
  {
    "name": "式子",
    "message": "「哎呀？是小树君吗？」",
    "len": 1
  },
  {
    "name": "樹",
    "message": "「我是树！自称妈妈的人，我进来了哦！」",
    "len": 2
  },
  {
    "name": "式子",
    "message": "「欢迎光临！真高兴小树君主动来找我呢～」",
    "len": 2
  },
  {
    "name": "樹",
    "message": "「那个，呃……您没事吧？」",
    "len": 1
  },
  {
    "name": "式子",
    "message": "「当然，非常欢迎你哦～」",
    "len": 1
  },
  {
    "name": "樹",
    "message": "「啊，不是，我是说，姬子猫有没有给您添麻烦」",
    "len": 2
  },
  {
    "name": "ギズモ",
    "message": "「喵？」",
    "len": 1
  },
  {
    "name": "式子",
    "message": "「哎呀，这孩子吗？」",
    "len": 1
  },
  {
    "name": "樹",
    "message": "「因为我听到了很大的声音」",
    "len": 1
  },
  {
    "name": "式子",
    "message": "「不不，它可乖了哦？完全没问题～」",
    "len": 2
  },
  {
    "name": "ギズモ",
    "message": "「喵呜」",
    "len": 1
  },
  {
    "message": "虽然她这么说，但房间里却有很多东西倒在地上。",
    "len": 2
  },
  {
    "name": "樹",
    "message": "「你们到底在做什么啊？」",
    "len": 1
  },
  {
    "name": "式子",
    "message": "「在训练走路呀」",
    "len": 1
  },
  {
    "name": "樹",
    "message": "「走路？」",
    "len": 1
  },
  {
    "name": "式子",
    "message": "「你看，这孩子的两条腿还不太习惯对吧？」",
    "len": 2
  },
  {
    "name": "樹",
    "message": "「嗯，确实是这样」",
    "len": 1
  },
  {
    "name": "ギズモ",
    "message": "「喵……」",
    "len": 1
  },
  {
    "message": "虽然确实能站起来，但走路的时候还是四肢着地呢……",
    "len": 2
  },
  {
    "name": "式子",
    "message": "「但是你看！快看！姬子，过来这边！」",
    "len": 2
  },
  {
    "name": "ギズモ",
    "message": "「喵！」",
    "len": 1
  },
  {
    "name": "樹",
    "message": "「哇哦！走得很正常嘛！」",
    "len": 1
  },
  {
    "name": "ギズモ",
    "message": "「哈哈哈哈」",
    "len": 1
  },
  {
    "name": "式子",
    "message": "「这还不是全部哦～？姬子酱，现在来个螃蟹步螃蟹步！」",
    "len": 2
  },
  {
    "name": "ギズモ",
    "message": "「喵！」",
    "len": 1
  },
  {
    "name": "樹",
    "message": "「哇！连螃蟹步都会！」",
    "len": 1
  },
  {
    "name": "ギズモ",
    "message": "「喵喵喵！」",
    "len": 1
  },
  {
    "name": "式子",
    "message": "「哇～！真棒真棒～！」",
    "len": 1
  },
  {
    "message": "老实说，我被吓到了。",
    "len": 1
  },
  {
    "name": "樹",
    "message": "「这不是很厉害吗？」",
    "len": 1
  },
  {
    "name": "式子",
    "message": "「这孩子很聪明的～，稍微教一下就马上学会了」",
    "len": 2
  },
  {
    "name": "樹",
    "message": "「要是我叫它，它会走过来吗……？」",
    "len": 1
  },
  {
    "name": "式子",
    "message": "「要试试吗～？」",
    "len": 1
  },
  {
    "name": "樹",
    "message": "「好，姬子猫！过来这边！」",
    "len": 1
  },
  {
    "name": "ギズモ",
    "message": "「喵！」",
    "len": 1
  },
  {
    "name": "樹",
    "message": "「好～，就这样，直走！」",
    "len": 1
  },
  {
    "name": "ギズモ",
    "message": "「喵？」",
    "len": 1
  },
  {
    "name": "樹",
    "message": "「啊，哎呀呀呀……」",
    "len": 1
  },
  {
    "name": "ギズモ",
    "message": "「喵呜呜呜！」",
    "len": 1
  },
  {
    "name": "樹",
    "message": "「啊——搞砸了」",
    "len": 1
  },
  {
    "name": "式子",
    "message": "「哎呀呀，这个房间的窗户要没了～」",
    "len": 2
  },
  {
    "name": "ギズモ",
    "message": "「喵……喵呜呜呜……」",
    "len": 1
  },
  {
    "name": "樹",
    "message": "「是我叫它的方式不对吗」",
    "len": 1
  },
  {
    "name": "式子",
    "message": "「呵呵，树君，别灰心！要再试一次吗？」",
    "len": 2
  },
  {
    "name": "樹",
    "message": "「是啊，刚才可能有点太急躁了」",
    "len": 2
  },
  {
    "name": "式子",
    "message": "「训练训练！特训哦～！」",
    "len": 1
  },
  {
    "name": "ギズモ",
    "message": "「喵！喵！」",
    "len": 1
  },
  {
    "name": "樹",
    "message": "「好，OK！这次一定行！」",
    "len": 1
  },
  {
    "message": "嗯……怎么感觉开始变得有趣起来了？",
    "len": 1
  },
  {
    "name": "樹",
    "message": "「姬子猫——！这边！」",
    "len": 1
  },
  {
    "name": "ギズモ",
    "message": "「喵！」",
    "len": 1
  },
  {
    "name": "ギズモ",
    "message": "「喵……」",
    "len": 1
  },
  {
    "name": "ギズモ",
    "message": "「喵喵……」",
    "len": 1
  },
  {
    "name": "ギズモ",
    "message": "「喵呜呜呜～」",
    "len": 1
  },
  {
    "name": "ギズモ",
    "message": "「喵啊！！！」",
    "len": 1
  },
  {
    "name": "樹",
    "message": "「好，成功了！干得漂亮，姬子猫！」",
    "len": 1
  },
  {
    "name": "ギズモ",
    "message": "「喵哈哈哈哈～！」",
    "len": 1
  },
  {
    "name": "式子",
    "message": "「恭喜恭喜，树君！刚才那个真是太棒了～！」",
    "len": 2
  },
  {
    "name": "樹",
    "message": "「哪里哪里，姬子猫也很努力呢。对吧？姬子猫？」",
    "len": 2
  },
  {
    "name": "ギズモ",
    "message": "「喵！」",
    "len": 1
  },
  {
    "name": "式子",
    "message": "「哎呀呀，简直就像恋人一样呢？嘻嘻嘻嘻～」",
    "len": 2
  },
  {
    "name": "樹",
    "message": "「呃？你、你在说什么啊！这是猫啊，猫！」",
    "len": 4
  },
  {
    "name": "式子",
    "message": "「那么，妈妈去准备晚饭了哦。时间都这么晚了」",
    "len": 2
  },
  {
    "name": "樹",
    "message": "「啊！等等……！」",
    "len": 1
  },
  {
    "name": "式子",
    "message": "「慢慢来～」",
    "len": 1
  },
  {
    "name": "樹",
    "message": "「唉……真是败给她了」",
    "len": 1
  },
  {
    "name": "ギズモ",
    "message": "「喵？」",
    "len": 1
  },
  {
    "name": "樹",
    "message": "「不过，你啊……」",
    "len": 1
  },
  {
    "name": "ギズモ",
    "message": "「喵？」",
    "len": 1
  },
  {
    "message": "渐渐地，变得越来越像人了啊……",
    "len": 1
  },
  {
    "message": "既高兴又……不，该怎么说呢？",
    "len": 2
  },
  {
    "name": "樹",
    "message": "「这样真的好吗……」",
    "len": 1
  },
  {
    "name": "ギズモ",
    "message": "「喵？」",
    "len": 1
  }
]