[
  {
    "name": "式子",
    "message": "「哈～今天也准备了很多蔬菜哦～。快点多吃点吧！」",
    "len": 2
  },
  {
    "name": "琴子",
    "message": "「我开动了」",
    "len": 1
  },
  {
    "name": "樹",
    "message": "「……我、我开动了」",
    "len": 1
  },
  {
    "name": "結衣",
    "message": "「呜呜……没有肉……」",
    "len": 1
  },
  {
    "name": "ギズモ",
    "message": "「喵呜呜呜……」",
    "len": 1
  },
  {
    "name": "電卓",
    "message": "「喵呜呜呜……」",
    "len": 1
  },
  {
    "name": "結衣",
    "message": "「别学我，那边的女仆和大叔」",
    "len": 1
  },
  {
    "name": "式子",
    "message": "「对不起啦～结衣酱，从今以后只吃蔬菜生活下去吧？」",
    "len": 2
  },
  {
    "name": "結衣",
    "message": "「呃，怎么会这样……」",
    "len": 1
  },
  {
    "name": "ギズモ",
    "message": "「喵！喵！」",
    "len": 1
  },
  {
    "name": "式子",
    "message": "「结衣酱暂且不说，姬子猫可真让人头疼啊～」",
    "len": 2
  },
  {
    "name": "樹",
    "message": "「那、那个，如果是猫粮的话，还有剩余……」",
    "len": 2
  },
  {
    "name": "琴子",
    "message": "「…………」",
    "len": 1
  },
  {
    "name": "電卓",
    "message": "「那玩意儿，好吃吗？」",
    "len": 1
  },
  {
    "name": "樹",
    "message": "「啊？大概对猫来说是……」",
    "len": 1
  },
  {
    "name": "電卓",
    "message": "「那咱们一起尝尝吧！树，快，赶紧拿来！」",
    "len": 2
  },
  {
    "name": "樹",
    "message": "「喂，凭啥是我……」",
    "len": 1
  },
  {
    "name": "電卓",
    "message": "「提议者就该负责」",
    "len": 1
  },
  {
    "name": "樹",
    "message": "「喂，你这家伙是小孩子吗！？」",
    "len": 1
  },
  {
    "name": "電卓",
    "message": "「这可是咱家仅剩的宝贵动物蛋白。必须物尽其用！」",
    "len": 2
  },
  {
    "name": "樹",
    "message": "「我们是遇难家庭吗？要是那么想吃的话，就在那边的橱柜里」",
    "len": 2
  },
  {
    "name": "電卓",
    "message": "「哦，就是这个金光闪闪的罐头吧！式子桑，开罐器拿来」",
    "len": 2
  },
  {
    "name": "式子",
    "message": "「好的，爸爸」",
    "len": 1
  },
  {
    "name": "樹",
    "message": "「我就不要了」",
    "len": 1
  },
  {
    "name": "結衣",
    "message": "「结衣也不要」",
    "len": 1
  },
  {
    "name": "電卓",
    "message": "「别客气了，来吃吧！张嘴！」",
    "len": 2
  },
  {
    "name": "結衣",
    "message": "「不、不要……呃噗！？」",
    "len": 1
  },
  {
    "name": "電卓",
    "message": "「哇哈哈哈！怎么了？是不是美味到翻白眼了？」",
    "len": 2
  },
  {
    "name": "結衣",
    "message": "「呜欸欸欸欸，一点味道都没有啊～，爸爸～」",
    "len": 1
  },
  {
    "name": "琴子",
    "message": "「动物是不能吃咸的呢」",
    "len": 1
  },
  {
    "name": "ギズモ",
    "message": "「喵～喵～」",
    "len": 1
  },
  {
    "name": "樹",
    "message": "「嗯？想吃东西吗，姬子猫？」",
    "len": 1
  },
  {
    "name": "ギズモ",
    "message": "「喵！」",
    "len": 1
  },
  {
    "name": "樹",
    "message": "「那就把那个罐头给我吧」",
    "len": 1
  },
  {
    "name": "電卓",
    "message": "「嗯？你是想抢走老爸的食物吗？」",
    "len": 2
  },
  {
    "name": "樹",
    "message": "「那是猫的食物啊，笨蛋！」",
    "len": 1
  },
  {
    "name": "式子",
    "message": "「好啦好啦，爸爸，罐头还有很多呢？」",
    "len": 2
  },
  {
    "name": "ギズモ",
    "message": "「喵～～呜」",
    "len": 1
  },
  {
    "name": "式子",
    "message": "「哎呀，看起来很高兴呢？不过，不能一次全部吃完哦～？」",
    "len": 2
  },
  {
    "name": "ギズモ",
    "message": "「喵哈！」",
    "len": 1
  },
  {
    "name": "樹",
    "message": "「呼……」",
    "len": 1
  }
]