[
  {
    "name": "樹",
    "message": "「啊～今天也感觉没吃饱啊！」",
    "len": 1
  },
  {
    "message": "说起来，我到底吃了什么？虽然是些没见过的蔬菜和水果……",
    "len": 2
  },
  {
    "message": "算了，反正是饿了。",
    "len": 1
  },
  {
    "name": "琴子",
    "message": "「哥哥，可以打扰一下吗？」",
    "len": 1
  },
  {
    "name": "樹",
    "message": "「哦，是琴子啊。怎么了？」",
    "len": 1
  },
  {
    "name": "琴子",
    "message": "「这么晚打扰真是不好意思」",
    "len": 1
  },
  {
    "name": "樹",
    "message": "「没事，完全OK，我正闲着呢」",
    "len": 1
  },
  {
    "name": "琴子",
    "message": "「是关于猫咪的房间的事」",
    "len": 1
  },
  {
    "name": "樹",
    "message": "「姬子猫的房间？」",
    "len": 1
  },
  {
    "name": "琴子",
    "message": "「是的，现在是妈妈在照顾，但我觉得猫咪也需要自己的房间」",
    "len": 2
  },
  {
    "name": "樹",
    "message": "「原来如此……毕竟变成人了啊」",
    "len": 1
  },
  {
    "name": "琴子",
    "message": "「有什么好地方吗？」",
    "len": 1
  },
  {
    "name": "樹",
    "message": "「好地方啊……」",
    "len": 1
  },
  {
    "len": "selection",
    "message": "我的房间就行"
  },
  {
    "len": "selectionend",
    "message": "改造一下储物间吧"
  },
  {
    "name": "樹",
    "message": "「在我房间一起住就行了」",
    "len": 1
  },
  {
    "name": "琴子",
    "message": "「……那个」",
    "len": 1
  },
  {
    "name": "樹",
    "message": "「反正是只猫，没什么关系吧？」",
    "len": 1
  },
  {
    "name": "琴子",
    "message": "「身体是人类女孩子啊」",
    "len": 1
  },
  {
    "name": "樹",
    "message": "「脑子里不还是只猫吗？」",
    "len": 1
  },
  {
    "name": "琴子",
    "message": "「你以为她会一直保持猫的思维吗？」",
    "len": 1
  },
  {
    "name": "樹",
    "message": "「……啊？」",
    "len": 1
  },
  {
    "name": "琴子",
    "message": "「那孩子已经开始学习语言了哦？」",
    "len": 1
  },
  {
    "name": "樹",
    "message": "「她已经能说话了吗？」",
    "len": 1
  },
  {
    "name": "琴子",
    "message": "「现在还只是拟声词而已……」",
    "len": 1
  },
  {
    "name": "樹",
    "message": "「哦……不过，这进展还真快啊」",
    "len": 1
  },
  {
    "name": "琴子",
    "message": "「一旦开始学习，就会进步得很快」",
    "len": 1
  },
  {
    "name": "琴子",
    "message": "「明天可能就会说单词，后天就能说简单的句子了」",
    "len": 2
  },
  {
    "name": "琴子",
    "message": "「因为那孩子的大脑已经获得了这种功能」",
    "len": 2
  },
  {
    "name": "樹",
    "message": "「原来是这样啊……」",
    "len": 1
  },
  {
    "name": "琴子",
    "message": "「……低语爱语也」",
    "len": 1
  },
  {
    "name": "樹",
    "message": "「啊？什么？」",
    "len": 1
  },
  {
    "name": "琴子",
    "message": "「没什么，不用在意」",
    "len": 1
  },
  {
    "name": "琴子",
    "message": "「关于小猫的事，我再想想看。晚安，哥哥」",
    "len": 2
  },
  {
    "name": "樹",
    "message": "「啊……」",
    "len": 1
  },
  {
    "message": "什么啊……感觉她好像想说什么的样子？",
    "len": 2
  },
  {
    "name": "樹",
    "message": "「算了，今天先睡吧」",
    "len": 1
  },
  {
    "name": "樹",
    "message": "「把储物间收拾出来给她住怎么样？那个杂物间本来就是她的地盘」",
    "len": 2
  },
  {
    "name": "琴子",
    "message": "「嗯，虽然有点小，但现在这样就很好」",
    "len": 2
  },
  {
    "name": "樹",
    "message": "「那么，我们需要准备些什么呢？」",
    "len": 1
  },
  {
    "name": "琴子",
    "message": "「首先，需要被褥呢」",
    "len": 1
  },
  {
    "name": "樹",
    "message": "「明白了，我有没用过的，待会儿拿出来」",
    "len": 1
  },
  {
    "name": "琴子",
    "message": "「拜托了」",
    "len": 1
  },
  {
    "name": "樹",
    "message": "「姬子猫怎么样了？」",
    "len": 1
  },
  {
    "name": "琴子",
    "message": "「刚才，妈妈在教她上厕所」",
    "len": 1
  },
  {
    "name": "樹",
    "message": "「厕所？是我们家的厕所吗？」",
    "len": 1
  },
  {
    "name": "琴子",
    "message": "「是一楼的」",
    "len": 1
  },
  {
    "name": "樹",
    "message": "「在沙子上……已经不行了吗」",
    "len": 1
  },
  {
    "name": "琴子",
    "message": "「上厕所可是人类的基本啊」",
    "len": 1
  },
  {
    "name": "樹",
    "message": "「哈、哈哈，说得对」",
    "len": 1
  },
  {
    "name": "琴子",
    "message": "「那么哥哥，猫咪的房间就拜托你了」",
    "len": 2
  },
  {
    "name": "琴子",
    "message": "「晚安」",
    "len": 1
  },
  {
    "name": "樹",
    "message": "「啊，晚安」",
    "len": 1
  },
  {
    "name": "樹",
    "message": "「……是啊，已经变成人类了呢」",
    "len": 2
  },
  {
    "name": "樹",
    "message": "「好，去拿被褥吧！在壁橱最里面来着……」",
    "len": 2
  },
  {
    "name": "樹",
    "message": "「哈啊，累死了……」",
    "len": 1
  },
  {
    "name": "樹",
    "message": "「接下来，会变成什么样呢……」",
    "len": 1
  },
  {
    "message": "仅仅三天前的日常生活如今却恍如梦幻。",
    "len": 1
  },
  {
    "message": "各种事物变得飘忽不定，失去了形状，就像隔着厚厚的鱼缸望出去的景象……",
    "len": 2
  },
  {
    "message": "那些日子到底是什么呢？",
    "len": 1
  },
  {
    "message": "连自己看到了什么，都不太清楚。",
    "len": 1
  },
  {
    "message": "但是，现在……",
    "len": 1
  },
  {
    "message": "就算这只是一场梦。",
    "len": 1
  },
  {
    "message": "此刻…………",
    "len": 1
  }
]