[
  {
    "name": "樹",
    "message": "「啊——果然还是这里最让人安心啊」",
    "len": 1
  },
  {
    "name": "樹",
    "message": "「哈欠～～～」",
    "len": 1
  },
  {
    "message": "无论家里发生什么，外面都不会有任何变化。",
    "len": 2
  },
  {
    "message": "即使某个国家爆发战争，这个公园也不会有任何改变。",
    "len": 2
  },
  {
    "message": "就算地球与陨石相撞，银河系也不会有丝毫变化。",
    "len": 2
  },
  {
    "message": "世界真是支离破碎啊……",
    "len": 1
  },
  {
    "message": "虽然说是一个世界，但实际上却被一些难以察觉的缝隙细细分割着。",
    "len": 2
  },
  {
    "message": "可以说是边界线，或者说是错位，就是这种难以言喻的东西……",
    "len": 2
  },
  {
    "message": "归根结底，此刻眼前所见的才是真实的世界。",
    "len": 2
  },
  {
    "message": "那些看不见的地方发生的事情，和『根本没发生』没什么两样。",
    "len": 2
  },
  {
    "message": "至少，这和我没有任何关系。无论发生什么，关我屁事。",
    "len": 2
  },
  {
    "name": "樹",
    "message": "「我只是来睡觉的。哈～～～晚安～」",
    "len": 4
  },
  {
    "name": "蜜柑",
    "message": "「喂，那边的可疑分子！」",
    "len": 1
  },
  {
    "name": "樹",
    "message": "「呃！？」",
    "len": 1
  },
  {
    "name": "蜜柑",
    "message": "「不是说了不要在外面闲逛吗，真是个让人头疼的孩子啊～」",
    "len": 2
  },
  {
    "name": "樹",
    "message": "「啊，蜜柑桑……，总感觉，我们经常见面呢」",
    "len": 2
  },
  {
    "name": "蜜柑",
    "message": "「如果可以的话，我可不想在这种地方见面。你这么喜欢公园吗？」",
    "len": 2
  },
  {
    "name": "樹",
    "message": "「因为没有其他可去的地方啊」",
    "len": 1
  },
  {
    "name": "蜜柑",
    "message": "「唉～，这样真的好吗？日本的青少年啊」",
    "len": 2
  },
  {
    "name": "樹",
    "message": "「蜜柑桑，又是来放松的吗？」",
    "len": 1
  },
  {
    "name": "蜜柑",
    "message": "「那样的话倒还好……」",
    "len": 1
  },
  {
    "name": "樹",
    "message": "「……？」",
    "len": 1
  },
  {
    "name": "蜜柑",
    "message": "「对了！树君你经常泡在这个公园里吧？」",
    "len": 4
  },
  {
    "name": "樹",
    "message": "「泡在这里……，嗯，我是经常来这里睡觉」",
    "len": 2
  },
  {
    "name": "蜜柑",
    "message": "「那么，你有没有在这里听说过什么奇怪的传闻？」",
    "len": 2
  },
  {
    "name": "樹",
    "message": "「奇怪的传闻？」",
    "len": 1
  },
  {
    "name": "蜜柑",
    "message": "「比如机器突然坏掉，或者人突然感到不舒服之类的」",
    "len": 2
  },
  {
    "name": "樹",
    "message": "「这个嘛，我不带机器来这里，所以……」",
    "len": 1
  },
  {
    "name": "蜜柑",
    "message": "「手机呢？」",
    "len": 1
  },
  {
    "name": "樹",
    "message": "「我没有手机」",
    "len": 1
  },
  {
    "name": "蜜柑",
    "message": "「嗯～，真少见呢」",
    "len": 1
  },
  {
    "name": "樹",
    "message": "「以前不是有段时间说电磁波对身体有害吗」",
    "len": 2
  },
  {
    "name": "樹",
    "message": "「我家妹妹，那个……生病了」",
    "len": 1
  },
  {
    "name": "蜜柑",
    "message": "「啊……，原来是这样」",
    "len": 1
  },
  {
    "name": "樹",
    "message": "「不过，那到底是怎么回事呢？现在已经没人在意了……」",
    "len": 2
  },
  {
    "name": "樹",
    "message": "「说到底，如果电磁波有毒的话，东京塔附近就没法住人了」",
    "len": 2
  },
  {
    "name": "蜜柑",
    "message": "「同样是电磁波，也有有害的种类哦？」",
    "len": 1
  },
  {
    "name": "樹",
    "message": "「比如X射线和伽马射线之类的吗？」",
    "len": 1
  },
  {
    "name": "蜜柑",
    "message": "「这个公园很可疑呢……」",
    "len": 1
  },
  {
    "name": "樹",
    "message": "「……啊？」",
    "len": 1
  },
  {
    "name": "蜜柑",
    "message": "「这里以前不是有个原子核研究所吗？三年前被拆除变成公园了……」",
    "len": 2
  },
  {
    "name": "樹",
    "message": "「啊……说起来，好像是有这么回事。被铁丝网围起来的那个」",
    "len": 2
  },
  {
    "name": "蜜柑",
    "message": "「好像叫同步加速器？是用来加速粒子然后让它们相撞的东西，具体我也不太清楚」",
    "len": 2
  },
  {
    "name": "樹",
    "message": "「哦，原来这里还有这种东西啊」",
    "len": 1
  },
  {
    "name": "蜜柑",
    "message": "「如果有关联的话，果然是……」",
    "len": 1
  },
  {
    "name": "樹",
    "message": "「那么，这到底是怎么回事？」",
    "len": 1
  },
  {
    "name": "蜜柑",
    "message": "「啊，没什么！没关系的。如果你什么都不知道的话……」",
    "len": 2
  },
  {
    "name": "樹",
    "message": "「……？」",
    "len": 1
  },
  {
    "name": "蜜柑",
    "message": "「那么，我就告辞了。你也尽快回家哦？」",
    "len": 2
  },
  {
    "name": "樹",
    "message": "「那个，蜜柑桑」",
    "len": 1
  },
  {
    "name": "蜜柑",
    "message": "「嗯，什么事？」",
    "len": 1
  },
  {
    "name": "樹",
    "message": "「柚……有没有说什么？比如关于我家人的事」",
    "len": 2
  },
  {
    "name": "蜜柑",
    "message": "「柚？我没听说啊？发生什么事了吗？」",
    "len": 2
  },
  {
    "name": "樹",
    "message": "「啊，没事！那就好」",
    "len": 3
  },
  {
    "message": "那家伙，难道什么都没告诉蜜柑桑吗……？",
    "len": 2
  },
  {
    "name": "蜜柑",
    "message": "「啊，是署里打来的。树君，抱歉啦～」",
    "len": 2
  },
  {
    "name": "蜜柑",
    "message": "「我是蜜柑」",
    "len": 1
  },
  {
    "name": "蜜柑",
    "message": "「……啊？恐怖袭击！？……那么，嫌疑人呢？让他跑掉了！？」",
    "len": 2
  },
  {
    "name": "蜜柑",
    "message": "「单独作案吗……人物特征是年轻瘦高的男性，穿着拼接的原色衬衫，对吧？」",
    "len": 2
  },
  {
    "name": "蜜柑",
    "message": "「好，给我调一台PC，我也要赶往现场！」",
    "len": 1
  },
  {
    "name": "蜜柑",
    "message": "「那么，回头见，树君！」",
    "len": 1
  },
  {
    "name": "樹",
    "message": "「……蜜柑桑看起来很忙啊」",
    "len": 1
  },
  {
    "name": "樹",
    "message": "「话说，刚才说的原色拼接衬衫……」",
    "len": 2
  },
  {
    "name": "樹",
    "message": "「哈哈……不会吧……」",
    "len": 1
  },
  {
    "name": "樹",
    "message": "「……………………」",
    "len": 1
  },
  {
    "name": "樹",
    "message": "「回家看看吧……」",
    "len": 1
  },
  {
    "message": "可别开玩笑啊……我可不想惹麻烦",
    "len": 2
  },
  {
    "name": "樹",
    "message": "「喂，有人在吗？」",
    "len": 1
  },
  {
    "name": "式子",
    "message": "「哎～在家呢～」",
    "len": 1
  },
  {
    "name": "式子",
    "message": "「哎呀，小树，欢迎回来」",
    "len": 1
  },
  {
    "name": "樹",
    "message": "「那个……他在家吗？」",
    "len": 1
  },
  {
    "name": "式子",
    "message": "「他？」",
    "len": 1
  },
  {
    "name": "樹",
    "message": "「嗯，就是他，那个……」",
    "len": 1
  },
  {
    "message": "啊，该死！我才不想叫那混蛋『爸爸』呢！",
    "len": 2
  },
  {
    "name": "樹",
    "message": "「就是，那个叫电卓的家伙」",
    "len": 1
  },
  {
    "name": "式子",
    "message": "「爸爸还没回来哦～」",
    "len": 1
  },
  {
    "name": "樹",
    "message": "「这样啊」",
    "len": 1
  },
  {
    "message": "那个补丁怪到底在哪里瞎逛呢？",
    "len": 1
  },
  {
    "name": "式子",
    "message": "「爸爸怎么了吗？」",
    "len": 1
  },
  {
    "name": "樹",
    "message": "「没，没什么大不了的……」",
    "len": 1
  },
  {
    "name": "樹",
    "message": "「…………」",
    "len": 1
  },
  {
    "message": "话说回来……",
    "len": 1
  },
  {
    "name": "式子",
    "message": "「嗯？」",
    "len": 1
  },
  {
    "message": "爸爸……吗。",
    "len": 1
  },
  {
    "name": "樹",
    "message": "「那个，我……一直想问你」",
    "len": 2
  },
  {
    "name": "式子",
    "message": "「什么事？」",
    "len": 1
  },
  {
    "name": "樹",
    "message": "「那家伙真的是我的父亲吗？」",
    "len": 1
  },
  {
    "name": "式子",
    "message": "「是啊，电卓桑就是小树的爸爸哦～？」",
    "len": 1
  },
  {
    "name": "樹",
    "message": "「那么，你是我的母亲？」",
    "len": 1
  },
  {
    "name": "式子",
    "message": "「是的，我就是你妈妈哦～」",
    "len": 1
  },
  {
    "name": "樹",
    "message": "「那么，你们两个，那个……是、是结婚了吗？」",
    "len": 2
  },
  {
    "name": "式子",
    "message": "「要是没结婚的话，小树君你可就不会出生啦～，呵呵呵呵」",
    "len": 2
  },
  {
    "name": "樹",
    "message": "「我完全无法想象！」",
    "len": 1
  },
  {
    "name": "式子",
    "message": "「哎呀呀，不行哦～？不能想那些色色的事情」",
    "len": 2
  },
  {
    "name": "樹",
    "message": "「不，我是说包括那些在内的所有方面！」",
    "len": 1
  },
  {
    "name": "式子",
    "message": "「是这样的……爸爸和妈妈结婚后生下了小树君哦？」",
    "len": 2
  },
  {
    "name": "式子",
    "message": "「但是呢，那个呢……」",
    "len": 1
  },
  {
    "name": "式子",
    "message": "「现在这里的电卓桑和妈妈还没有……」",
    "len": 1
  },
  {
    "name": "樹",
    "message": "「啊？」",
    "len": 1
  },
  {
    "name": "式子",
    "message": "「呐，小树君！要不要来妈妈的房间？」",
    "len": 2
  },
  {
    "name": "樹",
    "message": "「诶？为什么……」",
    "len": 1
  },
  {
    "name": "式子",
    "message": "「不·管·怎·样，来嘛！不听妈妈的话可不行哦～」",
    "len": 4
  },
  {
    "name": "樹",
    "message": "「等、等一下，这么强硬地……」",
    "len": 1
  },
  {
    "message": "自称是我妈妈的她开始用力推着我的后背。",
    "len": 2
  },
  {
    "name": "式子",
    "message": "「呜呜呜～好重啊～」",
    "len": 1
  },
  {
    "name": "樹",
    "message": "「好啦好啦，我知道了！不用推那么用力我也会去的」",
    "len": 2
  },
  {
    "name": "式子",
    "message": "「嗯，谢谢！真乖真乖！」",
    "len": 1
  },
  {
    "message": "她伸出手想摸摸我的头，但差了大约30厘米够不着。",
    "len": 2
  },
  {
    "name": "樹",
    "message": "「……所以，有什么事？」",
    "len": 1
  },
  {
    "name": "式子",
    "message": "「那个呢……刚才，小树君直接叫爸爸的名字了对吧？」",
    "len": 2
  },
  {
    "name": "樹",
    "message": "「啊，你是说我叫了电卓？」",
    "len": 1
  },
  {
    "name": "式子",
    "message": "「嗯，所以呢……那个……」",
    "len": 1
  },
  {
    "name": "式子",
    "message": "「如果可以的话，我也希望你能直接叫我的名字？」",
    "len": 2
  },
  {
    "name": "樹",
    "message": "「什么嘛，就这种事……诶！？」",
    "len": 3
  },
  {
    "name": "樹",
    "message": "「等等！这是什么意思！？」",
    "len": 1
  },
  {
    "name": "式子",
    "message": "「叫我式子酱好吗？树君」",
    "len": 1
  },
  {
    "name": "樹",
    "message": "「为、为什么我要那样做……」",
    "len": 1
  },
  {
    "name": "式子",
    "message": "「那，你能叫我妈妈吗？」",
    "len": 1
  },
  {
    "name": "樹",
    "message": "「啊？那个……」",
    "len": 1
  },
  {
    "message": "该怎么办？我真的可以叫这个人『妈妈』吗？",
    "len": 2
  },
  {
    "message": "还是说……",
    "len": 1
  },
  {
    "len": "selection",
    "message": "叫式子酱"
  },
  {
    "len": "selectionend",
    "message": "叫妈妈"
  },
  {
    "name": "樹",
    "message": "「式、式、式……」",
    "len": 1
  },
  {
    "name": "式子",
    "message": "「嗯？」",
    "len": 1
  },
  {
    "name": "樹",
    "message": "「式子……酱……」",
    "len": 1
  },
  {
    "name": "式子",
    "message": "「嗯嗯？」",
    "len": 1
  },
  {
    "name": "樹",
    "message": "「噗哈！至、至少叫『式子桑』吧！」",
    "len": 3
  },
  {
    "name": "式子",
    "message": "「哎呀～，小树君啊，真是个害羞的孩子呢」",
    "len": 2
  },
  {
    "name": "樹",
    "message": "「可、可是，总觉得很奇怪啊！虽然不知道为什么，但就是很奇怪！」",
    "len": 2
  },
  {
    "name": "式子",
    "message": "「因为我是妈妈吗？」",
    "len": 1
  },
  {
    "name": "樹",
    "message": "「不会用名字称呼母亲吧？」",
    "len": 1
  },
  {
    "name": "式子",
    "message": "「哎呀？那你是把我当成妈妈了吗～？」",
    "len": 1
  },
  {
    "name": "樹",
    "message": "「那也感觉不太对」",
    "len": 1
  },
  {
    "name": "式子",
    "message": "「那么，还是叫名字吧，好吗？」",
    "len": 1
  },
  {
    "name": "樹",
    "message": "「可、可、可……」",
    "len": 1
  },
  {
    "name": "式子",
    "message": "「可可可？」",
    "len": 1
  },
  {
    "name": "樹",
    "message": "「怎么可能叫你妈妈啊！」",
    "len": 1
  },
  {
    "name": "式子",
    "message": "「呀，吓我一跳！」",
    "len": 1
  },
  {
    "name": "樹",
    "message": "「对不起，果然还是有点……」",
    "len": 1
  },
  {
    "name": "式子",
    "message": "「呵呵呵呵～，我就知道会这样，所以才想让你直接叫我名字～」",
    "len": 2
  },
  {
    "name": "樹",
    "message": "「但是叫「式子酱」感觉有点严肃，至少可以叫「式子桑」吗？」",
    "len": 2
  },
  {
    "name": "式子",
    "message": "「嗯，可以哦～。那么，试着叫一下？」",
    "len": 2
  },
  {
    "name": "樹",
    "message": "「呃……那么……」",
    "len": 1
  },
  {
    "name": "樹",
    "message": "「……式子桑」",
    "len": 1
  },
  {
    "name": "式子",
    "message": "「在，塔君」",
    "len": 1
  },
  {
    "message": "比想象中更自然地叫出了式子桑……",
    "len": 2
  },
  {
    "message": "连我自己都觉得意外。",
    "len": 1
  },
  {
    "name": "式子",
    "message": "「呵呵～，被塔君叫式子了呢！」",
    "len": 2
  },
  {
    "name": "樹",
    "message": "「明明是你让我叫的……」",
    "len": 1
  },
  {
    "name": "式子",
    "message": "「还有一件事，可以吗？」",
    "len": 1
  },
  {
    "name": "樹",
    "message": "「又怎么了？」",
    "len": 1
  },
  {
    "name": "式子",
    "message": "「我想让你帮忙给这些小家伙浇水～」",
    "len": 2
  },
  {
    "name": "樹",
    "message": "「浇水……哇！？」",
    "len": 3
  },
  {
    "message": "不知不觉间，盆栽和花盆之类的绿色群体大量增加了。",
    "len": 2
  },
  {
    "name": "式子",
    "message": "「今天呢，我又去了花园商店，带回来了好多」",
    "len": 2
  },
  {
    "name": "樹",
    "message": "「弄这么多盆栽，你想干嘛啊！」",
    "len": 1
  },
  {
    "name": "式子",
    "message": "「当然是菜园啦～！要越来越多，种很多很多蔬菜和水果～」",
    "len": 2
  },
  {
    "message": "难道，晚餐的沙拉就是这些？",
    "len": 1
  },
  {
    "name": "樹",
    "message": "「不，这倒是挺省事的……」",
    "len": 1
  },
  {
    "message": "蔬菜和水果，是种下去就能马上收获的东西吗？",
    "len": 2
  },
  {
    "name": "式子",
    "message": "「那么，为了今天的晚餐加油哦？给，漏斗」",
    "len": 2
  },
  {
    "name": "樹",
    "message": "「啊！？要我去打水吗？」",
    "len": 3
  },
  {
    "name": "式子",
    "message": "「拜托你从厨房打水哦？树君」",
    "len": 1
  },
  {
    "name": "樹",
    "message": "「呜哇哇哇，总感觉被骗了」",
    "len": 1
  },
  {
    "name": "樹",
    "message": "「累…累死了……」",
    "len": 1
  },
  {
    "name": "樹",
    "message": "「哎哟哟哟……腰好痛……」",
    "len": 1
  },
  {
    "message": "今天真是糟糕透了，脸被压扁，还搬了大量的水，对身体一点也不友好……",
    "len": 2
  },
  {
    "message": "不过仔细想想，其实不用每次都搬水，用水管不就行了吗？",
    "len": 2
  },
  {
    "message": "明天就去找找看吧。水管应该放在哪里的。",
    "len": 2
  },
  {
    "name": "琴子",
    "message": "「哥哥，饭做好了哦」",
    "len": 1
  },
  {
    "name": "樹",
    "message": "「哦，我这就来」",
    "len": 1
  },
  {
    "message": "唉，反正肯定又是只有叶子吧……",
    "len": 1
  },
  {
    "name": "式子",
    "message": "「来啦～今天的蔬菜是塔君种的哦～」",
    "len": 2
  },
  {
    "name": "結衣",
    "message": "「不错嘛，树」",
    "len": 1
  },
  {
    "name": "樹",
    "message": "「我只是搬了水而已」",
    "len": 1
  },
  {
    "name": "琴子",
    "message": "「这个火箭菜看起来油光发亮的，营养价值应该很高」",
    "len": 2
  },
  {
    "name": "樹",
    "message": "「啊，嗯……」",
    "len": 1
  },
  {
    "message": "奇怪啊？那草刚才不是才刚发芽吗。",
    "len": 2
  },
  {
    "name": "結衣",
    "message": "「这土豆也挺好吃的」",
    "len": 1
  },
  {
    "message": "所以说，为什么一天就能长出这种东西啊！？",
    "len": 2
  },
  {
    "name": "電卓",
    "message": "「我吃泡面就行了」",
    "len": 1
  },
  {
    "message": "不知不觉间，他就回来了。",
    "len": 1
  },
  {
    "name": "ギズモ",
    "message": "「喵～」",
    "len": 1
  },
  {
    "message": "还在吃罐头。",
    "len": 1
  },
  {
    "name": "式子",
    "message": "「说起来啊，今天库亚雷那边挺吵闹的呢～」",
    "len": 2
  },
  {
    "name": "結衣",
    "message": "「警车什么的来了好多啊。那到底是怎么回事？」",
    "len": 2
  },
  {
    "name": "電卓",
    "message": "「应该上新闻了吧？喂，树，把电视打开看看」",
    "len": 2
  },
  {
    "name": "樹",
    "message": "「为什么是我……」",
    "len": 1
  },
  {
    "message": "遥控器正好在手边，我只好无奈地按下了开关。",
    "len": 2
  },
  {
    "name": "テレビの音声",
    "message": "「今天中午，在要石市大型购物中心「库亚雷」发生的爆炸事故有了最新进展」",
    "len": 2
  },
  {
    "name": "テレビの音声",
    "message": "「据专家调查，该设施内的电脑商店瞬间产生了大量电磁波，导致变压器受到影响……」",
    "len": 2
  },
  {
    "message": "这是不是……公园里蜜柑桑慌慌张张的那件事？",
    "len": 2
  },
  {
    "name": "テレビの音声",
    "message": "「现场目击者称有可疑男子逃走，一度引发爆炸恐怖袭击的猜测，周边陷入了一片混乱」",
    "len": 2
  },
  {
    "name": "電卓",
    "message": "「哦～嗯嗯」",
    "len": 1
  },
  {
    "name": "樹",
    "message": "「…………」",
    "len": 1
  },
  {
    "name": "電卓",
    "message": "「这附近也变得不太平了啊」",
    "len": 1
  },
  {
    "message": "总觉得……有点可疑啊……？",
    "len": 1
  },
  {
    "name": "電卓",
    "message": "「话说回来，树！」",
    "len": 1
  },
  {
    "name": "樹",
    "message": "「什、什么事？」",
    "len": 1
  },
  {
    "name": "電卓",
    "message": "「右上角那个「模拟」是啥啊？那玩意儿删不掉吗？」",
    "len": 2
  },
  {
    "name": "樹",
    "message": "「唉～」",
    "len": 1
  },
  {
    "message": "虽然不知道会变成什么样。",
    "len": 1
  },
  {
    "message": "但现在这样更有意思，就这样吧……",
    "len": 1
  },
  {
    "message": "今天还是早点睡吧。毕竟白天没能午睡。",
    "len": 2
  },
  {
    "message": "说真的，我睡得也太多了……",
    "len": 1
  },
  {
    "name": "樹",
    "message": "「晚安啦」",
    "len": 1
  },
  {
    "name": "樹",
    "message": "「…………」",
    "len": 1
  },
  {
    "name": "樹",
    "message": "「……！？有东西掉下来了？」",
    "len": 1
  },
  {
    "name": "樹",
    "message": "「天花板……？」",
    "len": 1
  },
  {
    "name": "樹",
    "message": "「算了，太麻烦了……」",
    "len": 1
  },
  {
    "name": "樹",
    "message": "「大概是只大老鼠吧」",
    "len": 1
  },
  {
    "name": "樹",
    "message": "「来，睡觉睡觉」",
    "len": 1
  },
  {
    "name": "樹",
    "message": "「…………」",
    "len": 1
  }
]