[
  {
    "name": "樹",
    "message": "「嗯…………」",
    "len": 1
  },
  {
    "name": "樹",
    "message": "「……早上了…………」",
    "len": 1
  },
  {
    "name": "樹",
    "message": "「…………」",
    "len": 1
  },
  {
    "name": "樹",
    "message": "「……没人……来吗？」",
    "len": 1
  },
  {
    "message": "这段时间一直都是，一大早就有除了我之外的家伙闯入我的房间……。",
    "len": 2
  },
  {
    "name": "樹",
    "message": "「……嗯，没人在」",
    "len": 1
  },
  {
    "name": "樹",
    "message": "「哈啊啊啊～，这么安静的早晨真是好久没有了啊」",
    "len": 2
  },
  {
    "name": "樹",
    "message": "「……嗯？」",
    "len": 1
  },
  {
    "name": "樹",
    "message": "「刚才好像有机器的声音……？」",
    "len": 1
  },
  {
    "name": "樹",
    "message": "「嗯嗯嗯～？」",
    "len": 1
  },
  {
    "name": "樹",
    "message": "「…………」",
    "len": 1
  },
  {
    "name": "樹",
    "message": "「……………………」",
    "len": 1
  },
  {
    "name": "樹",
    "message": "「奇怪啊？我好像听到了什么声音……」",
    "len": 2
  },
  {
    "name": "樹",
    "message": "「唔，难道是我的错觉吗」",
    "len": 1
  },
  {
    "name": "琴子",
    "message": "「哥哥，你醒了吗？」",
    "len": 1
  },
  {
    "name": "樹",
    "message": "「是琴子啊，进来吧」",
    "len": 1
  },
  {
    "name": "琴子",
    "message": "「早上好，哥哥」",
    "len": 1
  },
  {
    "name": "樹",
    "message": "「啊，早上好，琴子」",
    "len": 1
  },
  {
    "name": "琴子",
    "message": "「关于今天的事情，如果可以的话……」",
    "len": 2
  },
  {
    "name": "琴子",
    "message": "「……？」",
    "len": 1
  },
  {
    "name": "樹",
    "message": "「嗯？」",
    "len": 1
  },
  {
    "message": "怎么了？盯着天花板看……",
    "len": 1
  },
  {
    "name": "琴子",
    "message": "「能陪猫咪玩一会儿吗？」",
    "len": 1
  },
  {
    "name": "樹",
    "message": "「……啊？哦，哦，可以是可以……」",
    "len": 2
  },
  {
    "name": "琴子",
    "message": "「如果可能的话，在家外面」",
    "len": 1
  },
  {
    "name": "樹",
    "message": "「外面？」",
    "len": 1
  },
  {
    "name": "琴子",
    "message": "「猫咪一直都在家里嘛……」",
    "len": 1
  },
  {
    "message": "是啊……自从变成那个样子后，就没让它出去过呢。",
    "len": 2
  },
  {
    "name": "琴子",
    "message": "「而且，我觉得差不多……是时候了」",
    "len": 1
  },
  {
    "name": "樹",
    "message": "「差不多是时候？什么时候？」",
    "len": 1
  },
  {
    "name": "琴子",
    "message": "「差不多是言语和认知开始连接的时候了」",
    "len": 1
  },
  {
    "name": "樹",
    "message": "「……？」",
    "len": 1
  },
  {
    "name": "琴子",
    "message": "「能给予这个契机的，只有哥哥你了」",
    "len": 2
  },
  {
    "name": "樹",
    "message": "「你是说姬子猫吗？我能做什么？」",
    "len": 2
  },
  {
    "name": "琴子",
    "message": "「嗯，请你把那孩子变成人类」",
    "len": 1
  },
  {
    "name": "樹",
    "message": "「这种事，要怎么做才……」",
    "len": 1
  },
  {
    "name": "琴子",
    "message": "「我觉得像平常一样和她说话就行了」",
    "len": 1
  },
  {
    "name": "樹",
    "message": "「像平常一样？」",
    "len": 1
  },
  {
    "name": "琴子",
    "message": "「剩下的就是那孩子自然而然地……」",
    "len": 1
  },
  {
    "name": "樹",
    "message": "「嗯……，总之就是像平常那样就行了是吧？」",
    "len": 2
  },
  {
    "name": "琴子",
    "message": "「嗯，拜托了」",
    "len": 1
  },
  {
    "name": "樹",
    "message": "「那么，今天就带它去公园玩玩吧」",
    "len": 2
  },
  {
    "name": "琴子",
    "message": "「公园……？」",
    "len": 1
  },
  {
    "name": "樹",
    "message": "「啊，琴子你不知道吗」",
    "len": 1
  },
  {
    "name": "樹",
    "message": "「就是那片有研究所一样建筑的森林。那里现在已经变成公园了」",
    "len": 2
  },
  {
    "name": "琴子",
    "message": "「是……这样啊」",
    "len": 1
  },
  {
    "name": "樹",
    "message": "「嗯？」",
    "len": 1
  },
  {
    "name": "琴子",
    "message": "「没什么……，那我们去叫猫咪吧」",
    "len": 1
  },
  {
    "name": "樹",
    "message": "「你能叫得动它吗？琴子？」",
    "len": 1
  },
  {
    "name": "琴子",
    "message": "「……嘿」",
    "len": 1
  },
  {
    "message": "哦？自信满满的笑容？",
    "len": 1
  },
  {
    "name": "琴子",
    "message": "「姬子猫，Come Here！！」",
    "len": 1
  },
  {
    "name": "ギズモ",
    "message": "「喵？」",
    "len": 1
  },
  {
    "name": "樹",
    "message": "「哦，来了！」",
    "len": 1
  },
  {
    "name": "琴子",
    "message": "「嗯，真乖」",
    "len": 1
  },
  {
    "name": "ギズモ",
    "message": "「喵哈哈～」",
    "len": 1
  },
  {
    "name": "樹",
    "message": "「诶～，它这么亲近你啊。这家伙不是很难相处吗？」",
    "len": 2
  },
  {
    "name": "琴子",
    "message": "「猫基本上是自由的，只要理解这一点就没问题了」",
    "len": 2
  },
  {
    "name": "樹",
    "message": "「是啊，猫真好啊～」",
    "len": 1
  },
  {
    "name": "琴子",
    "message": "「呵呵，是呢」",
    "len": 1
  },
  {
    "name": "樹",
    "message": "「那么，我们现在就出发吧，姬子猫？」",
    "len": 1
  },
  {
    "name": "ギズモ",
    "message": "「喵？」",
    "len": 1
  },
  {
    "name": "琴子",
    "message": "「路上小心，哥哥」",
    "len": 1
  },
  {
    "name": "樹",
    "message": "「还记得吗？你还是猫的时候，我带你去过那里好几次」",
    "len": 2
  },
  {
    "name": "ギズモ",
    "message": "「喵！」",
    "len": 1
  },
  {
    "name": "樹",
    "message": "「那个公园，是我们共同的回忆之地啊」",
    "len": 1
  },
  {
    "name": "ギズモ",
    "message": "「喵喵喵」",
    "len": 1
  },
  {
    "name": "樹",
    "message": "「自从你变成这个样子以后……」",
    "len": 1
  },
  {
    "name": "ギズモ",
    "message": "「嗯？」",
    "len": 1
  },
  {
    "name": "樹",
    "message": "「呃……这个样子是指……」",
    "len": 1
  },
  {
    "name": "ギズモ",
    "message": "「嗯？」",
    "len": 1
  },
  {
    "message": "是女仆装啊。",
    "len": 1
  },
  {
    "message": "我要带着穿女仆装的人在外面走吗？",
    "len": 1
  },
  {
    "name": "ギズモ",
    "message": "「喵」",
    "len": 1
  },
  {
    "message": "而且还长着猫耳……",
    "len": 1
  },
  {
    "name": "樹",
    "message": "「哈、哈哈哈……，要、要不还是算了吧……」",
    "len": 2
  },
  {
    "name": "ギズモ",
    "message": "「喵！？」",
    "len": 1
  },
  {
    "name": "樹",
    "message": "「嗯～……」",
    "len": 1
  },
  {
    "name": "ギズモ",
    "message": "「喵喵！」",
    "len": 1
  },
  {
    "name": "樹",
    "message": "「……不，还是去吧！最近这种打扮的人也不少见了」",
    "len": 2
  },
  {
    "name": "樹",
    "message": "「是吧？」",
    "len": 1
  },
  {
    "name": "ギズモ",
    "message": "「喵！」",
    "len": 1
  },
  {
    "name": "樹",
    "message": "「好嘞，边吃干面包边走吧！」",
    "len": 1
  },
  {
    "name": "ギズモ",
    "message": "「喵噢！」",
    "len": 1
  },
  {
    "message": "一切顺利，安全抵达了。",
    "len": 1
  },
  {
    "message": "意外的是，居然没人在意啊。",
    "len": 1
  },
  {
    "name": "ギズモ",
    "message": "「喵？」",
    "len": 1
  },
  {
    "name": "樹",
    "message": "「那么……该怎么办呢。你有什么想做的吗？」",
    "len": 2
  },
  {
    "name": "ギズモ",
    "message": "「喵呐」",
    "len": 1
  },
  {
    "name": "樹",
    "message": "「嗯唔唔唔……」",
    "len": 1
  },
  {
    "name": "ギズモ",
    "message": "「呜嗯……」",
    "len": 1
  },
  {
    "name": "樹",
    "message": "「嗯！」",
    "len": 1
  },
  {
    "name": "ギズモ",
    "message": "「喵！？」",
    "len": 1
  },
  {
    "name": "樹",
    "message": "「哈哈哈，和猫说话的时候，不知不觉就变成猫语了呢～」",
    "len": 2
  },
  {
    "name": "ギズモ",
    "message": "「喵～」",
    "len": 1
  },
  {
    "name": "樹",
    "message": "「不过，其实并没有什么猫语……毕竟猫是没有语言的」",
    "len": 2
  },
  {
    "name": "ギズモ",
    "message": "「喵！」",
    "len": 1
  },
  {
    "message": "姬子猫突然似乎失去了兴趣，开始追逐起鸽子来。",
    "len": 2
  },
  {
    "name": "樹",
    "message": "「而且还任性，根本不听人说话」",
    "len": 1
  },
  {
    "name": "ギズモ",
    "message": "「喵噢！」",
    "len": 1
  },
  {
    "name": "樹",
    "message": "「它真的能学会说话吗……？」",
    "len": 1
  },
  {
    "name": "樹",
    "message": "「…………」",
    "len": 1
  },
  {
    "name": "樹",
    "message": "「……要不试试教它点什么？」",
    "len": 1
  },
  {
    "name": "樹",
    "message": "「喂，姬子猫！」",
    "len": 1
  },
  {
    "name": "ギズモ",
    "message": "「喵？」",
    "len": 1
  },
  {
    "name": "樹",
    "message": "「那个……」",
    "len": 1
  },
  {
    "len": "selection",
    "message": "教它说话"
  },
  {
    "len": "selectionend",
    "message": "教它做动作"
  },
  {
    "name": "樹",
    "message": "「你跟着我说，行不？」",
    "len": 1
  },
  {
    "name": "ギズモ",
    "message": "「喵？」",
    "len": 1
  },
  {
    "name": "樹",
    "message": "「早上好」",
    "len": 1
  },
  {
    "name": "ギズモ",
    "message": "「…………」",
    "len": 1
  },
  {
    "name": "樹",
    "message": "「早上好」",
    "len": 1
  },
  {
    "name": "ギズモ",
    "message": "「喵？」",
    "len": 1
  },
  {
    "name": "樹",
    "message": "「早·上·好」",
    "len": 1
  },
  {
    "name": "ギズモ",
    "message": "「喵～」",
    "len": 1
  },
  {
    "name": "樹",
    "message": "「完蛋了……」",
    "len": 1
  },
  {
    "message": "是不是教的词不对啊？",
    "len": 1
  },
  {
    "message": "猫喜欢的词怎么样？",
    "len": 1
  },
  {
    "name": "樹",
    "message": "「猫罐头」",
    "len": 1
  },
  {
    "name": "ギズモ",
    "message": "「……？」",
    "len": 1
  },
  {
    "name": "樹",
    "message": "「猫·罐·头」",
    "len": 1
  },
  {
    "name": "ギズモ",
    "message": "「喵～」",
    "len": 1
  },
  {
    "name": "樹",
    "message": "「唔，不对啊……」",
    "len": 1
  },
  {
    "message": "这样不行吗？",
    "len": 1
  },
  {
    "message": "难得有机会，不如教它点新把戏吧。",
    "len": 1
  },
  {
    "name": "樹",
    "message": "「好，如果做得好就给你干面包哦？」",
    "len": 1
  },
  {
    "name": "ギズモ",
    "message": "「喵？」",
    "len": 1
  },
  {
    "name": "樹",
    "message": "「握手！」",
    "len": 1
  },
  {
    "name": "ギズモ",
    "message": "「…………」",
    "len": 1
  },
  {
    "name": "樹",
    "message": "「来，握手！」",
    "len": 1
  },
  {
    "name": "ギズモ",
    "message": "「喵？」",
    "len": 1
  },
  {
    "name": "樹",
    "message": "「哦！真的把手放上来了！」",
    "len": 1
  },
  {
    "name": "ギズモ",
    "message": "「嗯？」",
    "len": 1
  },
  {
    "name": "樹",
    "message": "「好～很棒哦！哈哈哈！来，吃干面包！」",
    "len": 2
  },
  {
    "name": "ギズモ",
    "message": "「喵哈哈～」",
    "len": 1
  },
  {
    "message": "……话说回来，这样真的好吗？",
    "len": 1
  },
  {
    "message": "这家伙外表看起来是人类，别人看到会不会觉得很危险啊？",
    "len": 2
  },
  {
    "name": "ギズモ",
    "message": "「喵？」",
    "len": 1
  },
  {
    "message": "还是别在外面教她这些了……。",
    "len": 1
  },
  {
    "name": "樹",
    "message": "「接下来该怎么办……？」",
    "len": 1
  },
  {
    "name": "ギズモ",
    "message": "「喵！」",
    "len": 1
  },
  {
    "message": "她又开始和鸽子玩起了追逐游戏。",
    "len": 1
  },
  {
    "name": "ギズモ",
    "message": "「喵～嗷！」",
    "len": 1
  },
  {
    "name": "樹",
    "message": "「呼……大概就这样吧？」",
    "len": 1
  },
  {
    "message": "猫果然还是猫啊……。",
    "len": 1
  },
  {
    "name": "樹",
    "message": "「…………」",
    "len": 1
  },
  {
    "message": "……不，不对。",
    "len": 1
  },
  {
    "message": "大概，是不对的。",
    "len": 1
  },
  {
    "message": "强迫她做什么才是不对的。",
    "len": 1
  },
  {
    "message": "琴子不是也说过『像平常一样』吗？",
    "len": 1
  },
  {
    "message": "一年前，我在这个公园捡到它，从那时起一直……",
    "len": 1
  },
  {
    "message": "我把它当成家人一样，一起玩耍，一起奔跑……",
    "len": 2
  },
  {
    "message": "……好，就这么办！",
    "len": 1
  },
  {
    "name": "樹",
    "message": "「姬子猫！来跑步啦！」",
    "len": 1
  },
  {
    "name": "ギズモ",
    "message": "「喵？」",
    "len": 1
  },
  {
    "message": "我把姬子猫留在原地，自己在草坪上跑了起来。",
    "len": 2
  },
  {
    "name": "樹",
    "message": "「快来！到这里来！」",
    "len": 1
  },
  {
    "name": "ギズモ",
    "message": "「喵喵？」",
    "len": 1
  },
  {
    "name": "樹",
    "message": "「看，这边！这边！」",
    "len": 1
  },
  {
    "name": "ギズモ",
    "message": "「喵啊啊啊！？」",
    "len": 1
  },
  {
    "message": "那一刻，我突然有了灵感。",
    "len": 1
  },
  {
    "message": "如果告诉它我现在在这里……",
    "len": 1
  },
  {
    "message": "告诉它『树木』在这里的话……",
    "len": 1
  },
  {
    "name": "樹",
    "message": "「「树木」在这儿！「树木」就在这里哦！」",
    "len": 2
  },
  {
    "name": "ギズモ",
    "message": "「喵！」",
    "len": 1
  },
  {
    "name": "ギズモ",
    "message": "「喵……树…………」",
    "len": 1
  },
  {
    "name": "樹",
    "message": "「……！？」",
    "len": 1
  },
  {
    "message": "刚、刚才……！？",
    "len": 1
  },
  {
    "message": "好，再来一次！",
    "len": 1
  },
  {
    "name": "樹",
    "message": "「是树木！树·木！」",
    "len": 1
  },
  {
    "name": "ギズモ",
    "message": "「树…………木…………」",
    "len": 1
  },
  {
    "message": "对了！再加把劲！",
    "len": 1
  },
  {
    "name": "ギズモ",
    "message": "「树……木…………」",
    "len": 1
  },
  {
    "message": "姬子猫，再努力一下！",
    "len": 1
  },
  {
    "name": "ギズモ",
    "message": "「树木…………？」",
    "len": 1
  },
  {
    "name": "ギズモ",
    "message": "「树木！哈哈哈哈哈！」",
    "len": 1
  },
  {
    "name": "樹",
    "message": "「哇哦哦哦，成功了！姬子猫说话了！」",
    "len": 2
  },
  {
    "name": "ギズモ",
    "message": "「树木，树木，树木！」",
    "len": 1
  },
  {
    "name": "樹",
    "message": "「它真的说话了，说出了我的名字……」",
    "len": 1
  },
  {
    "message": "这、这是什么感觉啊……",
    "len": 1
  },
  {
    "name": "樹",
    "message": "「哈哈，哈哈哈哈……」",
    "len": 1
  },
  {
    "name": "樹",
    "message": "「姬子猫，你是姬子猫，我是树哦」",
    "len": 1
  },
  {
    "name": "ギズモ",
    "message": "「树！哈哈哈！」",
    "len": 1
  },
  {
    "name": "樹",
    "message": "「没想到仅仅听到自己的名字就能这么开心啊」",
    "len": 1
  },
  {
    "name": "樹",
    "message": "「姬子猫，姬子猫！你也很开心吗？」",
    "len": 1
  },
  {
    "name": "ギズモ",
    "message": "「喵！！」",
    "len": 1
  },
  {
    "name": "ギズモ",
    "message": "「树！树！哈哈哈！」",
    "len": 1
  },
  {
    "name": "樹",
    "message": "「哈哈，真可爱啊」",
    "len": 1
  },
  {
    "name": "ギズモ",
    "message": "「喵！！」",
    "len": 1
  },
  {
    "message": "该死，总觉得有点奇怪。",
    "len": 1
  },
  {
    "message": "不由自主地笑意涌上心头。",
    "len": 1
  },
  {
    "message": "而且，胸口和腹部都感到疼痛。",
    "len": 1
  },
  {
    "message": "我这是怎么了？为什么会变成这样……？",
    "len": 2
  },
  {
    "name": "ギズモ",
    "message": "「树！哈！树！」",
    "len": 1
  },
  {
    "message": "姬子猫高兴地蹦跳着。",
    "len": 1
  },
  {
    "message": "就像得到了什么珍贵的东西一样。",
    "len": 1
  },
  {
    "message": "『言语和认知开始连接起来』",
    "len": 1
  },
  {
    "message": "我似乎隐约明白了琴子所说的那个意思。",
    "len": 2
  },
  {
    "message": "姬子猫一定是在这一刻――。",
    "len": 1
  },
  {
    "message": "她知道了『世界』就是世界这个事实。",
    "len": 1
  },
  {
    "message": "Ｈｅｌｌｏ　Ｗｏｒｄ",
    "len": 1
  },
  {
    "message": "Ｈｅｌｌｏ　Ｗｏｒｌｄ",
    "len": 1
  },
  {
    "message": "一个名叫姬子猫的女孩，诞生在这个世界上――。",
    "len": 2
  }
]