[
  {
    "name": "樹",
    "message": "「………………」",
    "len": 1
  },
  {
    "message": "……真是个奇怪的梦。",
    "len": 1
  },
  {
    "message": "梦里我被时速100公里的鸭子追赶，还向夜行性的金色鲸鱼雕像求救。",
    "len": 2
  },
  {
    "message": "梦境真是毫无道理啊。",
    "len": 1
  },
  {
    "message": "昨晚状况很糟，大概是因为这个原因吧。",
    "len": 1
  },
  {
    "message": "吃饭的时候突然感觉不舒服，就那样回到房间睡觉了。",
    "len": 2
  },
  {
    "message": "果然，没吃什么像样的东西是不行的吗。",
    "len": 1
  },
  {
    "message": "光靠干面包和蔬菜可不行啊……",
    "len": 1
  },
  {
    "message": "要是至少有点钱的话……",
    "len": 1
  },
  {
    "name": "樹",
    "message": "「对了！没有的话就去要求吧！」",
    "len": 1
  },
  {
    "message": "如果开口要钱的话，没准意外地就能行得通？",
    "len": 1
  },
  {
    "message": "借个300日元左右应该没问题吧？",
    "len": 1
  },
  {
    "name": "樹",
    "message": "「好嘞，去借去借！要去吃牛肉盖饭咯～」",
    "len": 2
  },
  {
    "name": "樹",
    "message": "「打扰啦～有人在吗？」",
    "len": 1
  },
  {
    "name": "樹",
    "message": "「………………」",
    "len": 1
  },
  {
    "name": "樹",
    "message": "「……没有回应，看来没人在啊」",
    "len": 1
  },
  {
    "name": "樹",
    "message": "「话说，他们都去哪儿了？该不会是一起去家庭餐厅了吧？」",
    "len": 2
  },
  {
    "name": "樹",
    "message": "「不可能吧！？这种事绝对不能原谅！！」",
    "len": 1
  },
  {
    "name": "結衣",
    "message": "「吵死了！搞什么呢？」",
    "len": 1
  },
  {
    "name": "樹",
    "message": "「啊……结衣姐，你在啊」",
    "len": 1
  },
  {
    "name": "結衣",
    "message": "「别那么大声，我饿得肚子都在响了」",
    "len": 1
  },
  {
    "name": "樹",
    "message": "「你刚才在哪儿啊？我到处找你」",
    "len": 1
  },
  {
    "name": "結衣",
    "message": "「厨房」",
    "len": 1
  },
  {
    "name": "樹",
    "message": "「诶？那你是在做饭吗？」",
    "len": 1
  },
  {
    "name": "結衣",
    "message": "「你觉得我能做那种事吗？」",
    "len": 1
  },
  {
    "name": "樹",
    "message": "「不能」",
    "len": 1
  },
  {
    "name": "結衣",
    "message": "「那就别说！别提吃的！我刚才正在搜寻食物呢！」",
    "len": 2
  },
  {
    "name": "樹",
    "message": "「但是，只有猫罐头吧」",
    "len": 1
  },
  {
    "name": "結衣",
    "message": "「呜呜……这惨状该怎么办啊……」",
    "len": 1
  },
  {
    "name": "樹",
    "message": "「要是有钱的话，我可以去买点什么回来哦？」",
    "len": 1
  },
  {
    "name": "結衣",
    "message": "「那种东西早就用光了。真是的，这边的结衣穷得让人头疼」",
    "len": 2
  },
  {
    "name": "樹",
    "message": "「那是因为你乱花钱……」",
    "len": 1
  },
  {
    "name": "結衣",
    "message": "「你说什么？我可没买什么没用的东西」",
    "len": 1
  },
  {
    "name": "樹",
    "message": "「那，举个例子？」",
    "len": 1
  },
  {
    "name": "結衣",
    "message": "「天然水晶」",
    "len": 1
  },
  {
    "name": "樹",
    "message": "「啊？」",
    "len": 1
  },
  {
    "name": "結衣",
    "message": "「镇纸」",
    "len": 1
  },
  {
    "name": "樹",
    "message": "「诶？」",
    "len": 1
  },
  {
    "name": "結衣",
    "message": "「超合金制T-35多炮塔坦克」",
    "len": 1
  },
  {
    "name": "樹",
    "message": "「那玩意儿好吃吗？」",
    "len": 1
  },
  {
    "name": "結衣",
    "message": "「别说傻话，那怎么可能吃得了？」",
    "len": 2
  },
  {
    "name": "樹",
    "message": "「那你买那种东西干嘛啊！？」",
    "len": 1
  },
  {
    "name": "結衣",
    "message": "「这还用说，当然是因为想要啊」",
    "len": 1
  },
  {
    "name": "樹",
    "message": "「哈啊……真是搞不懂……」",
    "len": 1
  },
  {
    "name": "結衣",
    "message": "「结衣呢，想要保留各种各样的东西。如果可能的话，这个世界上所有的东西」",
    "len": 2
  },
  {
    "name": "樹",
    "message": "「你是要建博物馆吗……」",
    "len": 1
  },
  {
    "name": "結衣",
    "message": "「等等，树！你刚才说什么？」",
    "len": 1
  },
  {
    "name": "樹",
    "message": "「啊？博物馆……」",
    "len": 1
  },
  {
    "name": "結衣",
    "message": "「就是这个！我怎么没想到！你偶尔还挺有用的嘛？」",
    "len": 2
  },
  {
    "name": "樹",
    "message": "「虽然不知道你在说什么，但你该不会又在想什么奇怪的事吧？」",
    "len": 2
  },
  {
    "name": "結衣",
    "message": "「我一点都没考虑过。我可没说要把这个房子变成博物馆」",
    "len": 2
  },
  {
    "name": "樹",
    "message": "「那个……结衣姐，你的兴趣爱好改变了吗？」",
    "len": 1
  },
  {
    "name": "結衣",
    "message": "「改变是指？」",
    "len": 1
  },
  {
    "name": "樹",
    "message": "「因为，以前你不是只对衣服和明星之类的东西感兴趣吗」",
    "len": 2
  },
  {
    "name": "結衣",
    "message": "「你不了解这边的结衣呢」",
    "len": 1
  },
  {
    "name": "樹",
    "message": "「所以说，这边是指什么啊？」",
    "len": 1
  },
  {
    "name": "結衣",
    "message": "「这边就是这边，没有其他说法吧？」",
    "len": 1
  },
  {
    "name": "樹",
    "message": "「不，你这么说我也……」",
    "len": 1
  },
  {
    "name": "結衣",
    "message": "「结衣要回房间了，马上开始准备」",
    "len": 1
  },
  {
    "name": "樹",
    "message": "「唔……总觉得不会有什么好事」",
    "len": 1
  },
  {
    "message": "要不要去看看情况？",
    "len": 1
  },
  {
    "name": "樹",
    "message": "「我去看看吧，有点担心」",
    "len": 1
  },
  {
    "message": "……嗯？好像听到什么咣当声？",
    "len": 1
  },
  {
    "name": "樹",
    "message": "「结衣姐？」",
    "len": 1
  },
  {
    "name": "結衣",
    "message": "「……什么事？」",
    "len": 1
  },
  {
    "name": "樹",
    "message": "「你在干什么？我听到声音了？」",
    "len": 1
  },
  {
    "name": "結衣",
    "message": "「看不就知道了吗？」",
    "len": 1
  },
  {
    "name": "樹",
    "message": "「在这儿看不到啊」",
    "len": 1
  },
  {
    "name": "結衣",
    "message": "「那就进来」",
    "len": 1
  },
  {
    "name": "樹",
    "message": "「诶？可以进房间吗？」",
    "len": 1
  },
  {
    "name": "結衣",
    "message": "「想看的话就进来吧」",
    "len": 1
  },
  {
    "message": "……以前绝对不让进的啊。还说被弟弟看到会很恶心什么的。",
    "len": 2
  },
  {
    "name": "樹",
    "message": "「那我进来了哦！真的可以吗？」",
    "len": 1
  },
  {
    "name": "結衣",
    "message": "「都说可以了」",
    "len": 1
  },
  {
    "name": "樹",
    "message": "「打扰了……哇！？」",
    "len": 3
  },
  {
    "message": "首先映入眼帘的是一个交通标志。",
    "len": 1
  },
  {
    "name": "樹",
    "message": "「这、这是什么啊！？为什么会有这种……」",
    "len": 3
  },
  {
    "message": "杂物，不如说是大件垃圾……？",
    "len": 1
  },
  {
    "message": "房间里全是莫名其妙的东西。而且，连下脚的地方都没有。",
    "len": 2
  },
  {
    "name": "結衣",
    "message": "「随便找地方坐吧。我正在整理一些小东西」",
    "len": 2
  },
  {
    "name": "樹",
    "message": "「喂，这种情况下叫我坐哪啊？」",
    "len": 1
  },
  {
    "name": "結衣",
    "message": "「那个邮筒上面应该能坐吧」",
    "len": 1
  },
  {
    "name": "樹",
    "message": "「所以说～，为什么房间里会有邮筒啊！？」",
    "len": 1
  },
  {
    "name": "結衣",
    "message": "「啊，我先说一下，小心别弄坏了哦？」",
    "len": 2
  },
  {
    "message": "根本提不起小心的动力啊！",
    "len": 1
  },
  {
    "name": "樹",
    "message": "「哎哟，脚撞到了！」",
    "len": 1
  },
  {
    "name": "結衣",
    "message": "「哎呀，别踩那块铁板啊？那可是我好不容易弄到手的」",
    "len": 2
  },
  {
    "name": "樹",
    "message": "「这不是工地上堆着的那种铁板吗？」",
    "len": 1
  },
  {
    "name": "結衣",
    "message": "「……所以说很不容易啊」",
    "len": 1
  },
  {
    "name": "樹",
    "message": "「…………」",
    "len": 1
  },
  {
    "message": "……这可不妙啊？",
    "len": 1
  },
  {
    "name": "樹",
    "message": "「那个，结衣姐」",
    "len": 1
  },
  {
    "name": "結衣",
    "message": "「怎么了？就算你想要什么我也不会给你的」",
    "len": 1
  },
  {
    "name": "樹",
    "message": "「不需要！比起那个，这样做不对吧！」",
    "len": 2
  },
  {
    "name": "結衣",
    "message": "「为什么啊？」",
    "len": 1
  },
  {
    "name": "樹",
    "message": "「擅自拿来是不行的吧？」",
    "len": 1
  },
  {
    "name": "結衣",
    "message": "「结衣又没做什么坏事……」",
    "len": 1
  },
  {
    "name": "樹",
    "message": "「但是，这是别人的东西啊！」",
    "len": 1
  },
  {
    "name": "結衣",
    "message": "「那又怎样？」",
    "len": 1
  },
  {
    "name": "樹",
    "message": "「结衣姐！」",
    "len": 1
  },
  {
    "name": "結衣",
    "message": "「树，你为什么生气啊……？」",
    "len": 1
  },
  {
    "name": "樹",
    "message": "「为什么……你问我」",
    "len": 1
  },
  {
    "name": "結衣",
    "message": "「这里的东西全都是长期没人使用过的」",
    "len": 2
  },
  {
    "name": "結衣",
    "message": "「只是被随意丢弃在这里，没人在意的东西」",
    "len": 2
  },
  {
    "name": "結衣",
    "message": "「所以，结衣决定把它们留下来。永远保留它们的『形态』……」",
    "len": 2
  },
  {
    "name": "樹",
    "message": "「…………」",
    "len": 1
  },
  {
    "message": "不知为何，我想起了公园里的那只白鸽。",
    "len": 1
  },
  {
    "message": "因为结衣姐看着房间里杂物的眼神，和她看那只虚弱的鸽子时一模一样。",
    "len": 2
  },
  {
    "name": "樹",
    "message": "「对结衣姐来说，是一样的啊」",
    "len": 1
  },
  {
    "message": "对『这个结衣姐』来说……。",
    "len": 1
  },
  {
    "name": "結衣",
    "message": "「嗯……？」",
    "len": 1
  },
  {
    "name": "樹",
    "message": "「没什么，别在意」",
    "len": 1
  },
  {
    "name": "結衣",
    "message": "「…………」",
    "len": 1
  },
  {
    "name": "結衣",
    "message": "「这样……很糟糕吗？」",
    "len": 1
  },
  {
    "name": "樹",
    "message": "「啊？」",
    "len": 1
  },
  {
    "name": "結衣",
    "message": "「如果树这么生气的话……」",
    "len": 1
  },
  {
    "name": "樹",
    "message": "「我并没有生气啦」",
    "len": 1
  },
  {
    "name": "結衣",
    "message": "「是……这样吗？」",
    "len": 1
  },
  {
    "name": "樹",
    "message": "「不过，我觉得至少应该整理一下房间。要是发生地震什么的会很危险」",
    "len": 2
  },
  {
    "name": "結衣",
    "message": "「嗯，也是，有道理」",
    "len": 1
  },
  {
    "name": "樹",
    "message": "「总之，先把邮箱放回原位吧？」",
    "len": 1
  },
  {
    "name": "結衣",
    "message": "「……嗯，我考虑一下」",
    "len": 1
  },
  {
    "message": "这样真的没问题吗……",
    "len": 1
  },
  {
    "message": "算了，再啰嗦下去她可能会生气，还是别说了。",
    "len": 2
  },
  {
    "name": "樹",
    "message": "「那，待会儿见」",
    "len": 1
  },
  {
    "name": "結衣",
    "message": "「啊啊……」",
    "len": 1
  },
  {
    "message": "不过，她是怎么把那玩意儿搬进来的呢？",
    "len": 2
  },
  {
    "message": "难道意外地有力气……？",
    "len": 1
  },
  {
    "name": "樹",
    "message": "「那么，该怎么办呢……」",
    "len": 1
  },
  {
    "message": "待在家里也填不饱肚子。出去的话，或许还有吃到东西的可能。",
    "len": 2
  },
  {
    "message": "去Cuore的话，也许能想办法？",
    "len": 1
  },
  {
    "name": "樹",
    "message": "「好！既然如此，就去地下食品卖场来个试吃品全餐套餐吧！」",
    "len": 2
  },
  {
    "name": "樹",
    "message": "「……哈」",
    "len": 1
  },
  {
    "name": "樹",
    "message": "「现在可不是在乎羞耻或难堪的时候啊」",
    "len": 2
  },
  {
    "name": "樹",
    "message": "「必须趁这个机会尽情摄入珍贵的动物蛋白！」",
    "len": 2
  },
  {
    "name": "樹",
    "message": "「出发咯！」",
    "len": 1
  },
  {
    "name": "樹",
    "message": "「……累、累死了」",
    "len": 1
  },
  {
    "message": "最近试吃品好像不怎么摆出来啊。",
    "len": 1
  },
  {
    "message": "而且，不是面包边就是饼干碎，根本没有能正经吃的东西！是因为经济不景气吗？",
    "len": 2
  },
  {
    "message": "走了一圈消耗的卡路里，跟摄入的抵消后等于零……不，是负数。",
    "len": 2
  },
  {
    "message": "可恶，这个计划失败了吗……",
    "len": 1
  },
  {
    "message": "……嗯？",
    "len": 1
  },
  {
    "name": "式子",
    "message": "「～♪」",
    "len": 1
  },
  {
    "message": "哦，在这种地方……",
    "len": 1
  },
  {
    "name": "式子",
    "message": "「花儿～，开了吗～」",
    "len": 1
  },
  {
    "message": "她在做什么？看起来走路的样子很开心啊……",
    "len": 2
  },
  {
    "name": "式子",
    "message": "「嗯，今天也去看看吧！」",
    "len": 1
  },
  {
    "message": "她进Cuore去了。",
    "len": 1
  },
  {
    "message": "该怎么办？要跟上去看看吗？",
    "len": 2
  },
  {
    "len": "selection",
    "message": "跟在后面"
  },
  {
    "len": "selectionend",
    "message": "不管她"
  },
  {
    "message": "有点在意，还是跟上去看看吧。",
    "len": 1
  },
  {
    "message": "她到底要去哪里呢？",
    "len": 1
  },
  {
    "message": "——屋顶？",
    "len": 1
  },
  {
    "message": "这里是花园商店啊。",
    "len": 1
  },
  {
    "message": "从来没来过屋顶，都不知道这里还有这样的店铺……",
    "len": 2
  },
  {
    "name": "式子",
    "message": "「呵呵呵呵～，好可爱～」",
    "len": 1
  },
  {
    "message": "……那个人在干什么啊？",
    "len": 1
  },
  {
    "name": "式子",
    "message": "「戳戳……呀！要被吃掉了～」",
    "len": 3
  },
  {
    "message": "在和像食人花一样的植物玩耍……那是食虫植物吧？",
    "len": 2
  },
  {
    "name": "式子",
    "message": "「嘿！嘿！看这边～」",
    "len": 1
  },
  {
    "message": "唉，真像个孩子啊。",
    "len": 1
  },
  {
    "message": "我妈年轻的时候也是这样吗……",
    "len": 2
  },
  {
    "name": "式子",
    "message": "「呀！手指！手指啊啊啊！」",
    "len": 1
  },
  {
    "message": "啊，被咬住了？",
    "len": 1
  },
  {
    "name": "式子",
    "message": "「啊啊啊！拔不出来啊～」",
    "len": 1
  },
  {
    "message": "这不是被吃了嘛。到底在干什么啊……",
    "len": 2
  },
  {
    "name": "式子",
    "message": "「诶？啊，拔，拔出来了～！啊，太好了……」",
    "len": 2
  },
  {
    "name": "式子",
    "message": "「真是的，不行啊那个小家伙～，不是食物啦～」",
    "len": 2
  },
  {
    "message": "对食虫植物来说肯定不好吃吧。",
    "len": 1
  },
  {
    "name": "式子",
    "message": "「呵呵～，不过真可爱啊～。好想带回家啊～」",
    "len": 2
  },
  {
    "name": "式子",
    "message": "「对了！难得遇到，要不要让它能走路呢？」",
    "len": 2
  },
  {
    "name": "式子",
    "message": "「这样的话，就能抓到很多虫子了吧？吸收满满的营养，快快长大哦？」",
    "len": 2
  },
  {
    "message": "那种东西要是真的能走路就太可怕了……",
    "len": 1
  },
  {
    "name": "式子",
    "message": "「那么，让你能走路的魔法～！叮叮当当～」",
    "len": 1
  },
  {
    "message": "……嗯？",
    "len": 1
  },
  {
    "name": "式子",
    "message": "「叮铃铃铃～」",
    "len": 1
  },
  {
    "message": "刚才……怎么回事？",
    "len": 1
  },
  {
    "name": "式子",
    "message": "「好啦，完成。呵呵呵呵～，真期待啊～」",
    "len": 2
  },
  {
    "message": "是我的……错觉吗？",
    "len": 1
  },
  {
    "message": "是我的眼睛出问题了吗……",
    "len": 1
  },
  {
    "message": "算了，一直偷看也挺傻的，差不多该回去了。",
    "len": 2
  },
  {
    "message": "反正也无所谓了。",
    "len": 1
  },
  {
    "message": "动起来也懒得动，就这么悠闲地待一会儿吧……",
    "len": 1
  },
  {
    "message": "……嗯？那是。",
    "len": 1
  },
  {
    "name": "柚",
    "message": "「…………」",
    "len": 1
  },
  {
    "message": "不是柚吗。东张西望的在干什么呢？",
    "len": 2
  },
  {
    "name": "柚",
    "message": "「……找到了！就在那儿！」",
    "len": 1
  },
  {
    "message": "她追着那个人去了？",
    "len": 1
  },
  {
    "message": "该不会是在跟踪吧？还是那么傻……",
    "len": 2
  },
  {
    "message": "挺有趣的，不如吓她一下。",
    "len": 1
  },
  {
    "name": "柚",
    "message": "「咦？我明明看到他往这边来了啊。」",
    "len": 2
  },
  {
    "name": "柚",
    "message": "「去哪儿了呢？是不是下楼了？」",
    "len": 1
  },
  {
    "name": "樹",
    "message": "「喂，那边的可疑分子！」",
    "len": 1
  },
  {
    "name": "柚",
    "message": "「呀啊啊啊！？」",
    "len": 1
  },
  {
    "name": "樹",
    "message": "「……啧，你在干什么呢？」",
    "len": 1
  },
  {
    "name": "柚",
    "message": "「树、树！？讨厌啦，别吓我呀！」",
    "len": 2
  },
  {
    "name": "樹",
    "message": "「吵死了！你要是老这样，我就告诉蜜柑桑了哦？适可而止吧。」",
    "len": 2
  },
  {
    "name": "柚",
    "message": "「什么嘛～，又没什么大不了的。」",
    "len": 1
  },
  {
    "name": "樹",
    "message": "「才不是没什么，你太可疑了。」",
    "len": 1
  },
  {
    "name": "柚",
    "message": "「那是因为树你用那种眼光看我。我才不可疑呢。」",
    "len": 2
  },
  {
    "name": "樹",
    "message": "「不，你就是很可疑，谁看了都觉得……」",
    "len": 1
  },
  {
    "name": "柚",
    "message": "「啊，我可是为了树你才这么做的！」",
    "len": 2
  },
  {
    "name": "樹",
    "message": "「我可没拜托你」",
    "len": 1
  },
  {
    "name": "柚",
    "message": "「哼，是吗！」",
    "len": 1
  },
  {
    "name": "柚",
    "message": "「真是的……一点都不懂人心……」",
    "len": 1
  },
  {
    "name": "樹",
    "message": "「啊，喂……」",
    "len": 1
  },
  {
    "name": "樹",
    "message": "「…………」",
    "len": 1
  },
  {
    "message": "搞什么啊，那家伙……。",
    "len": 1
  },
  {
    "message": "从以前就很倔强，但没想到会这么较真……。",
    "len": 2
  },
  {
    "message": "我倒是觉得现在这样也挺好……。",
    "len": 1
  },
  {
    "message": "现在这样也——？",
    "len": 1
  },
  {
    "name": "樹",
    "message": "「唉……，天气开始有点冷了啊」",
    "len": 1
  },
  {
    "name": "樹",
    "message": "「没办法，就这么饿着肚子回去吧……」",
    "len": 1
  },
  {
    "message": "但是，得想办法解决啊。",
    "len": 1
  },
  {
    "message": "虽然不知道该怎么做，总之，必须得想办法……。",
    "len": 2
  },
  {
    "name": "結衣",
    "message": "「我想吃正经的料理！」",
    "len": 1
  },
  {
    "name": "ギズモ",
    "message": "「肉！肉！」",
    "len": 1
  },
  {
    "name": "式子",
    "message": "「可是，蔬菜对美容很好哦～？」",
    "len": 1
  },
  {
    "name": "結衣",
    "message": "「不要！我要吃我要吃！」",
    "len": 1
  },
  {
    "name": "ギズモ",
    "message": "「肉！肉！」",
    "len": 1
  },
  {
    "name": "電卓",
    "message": "「式子桑，杯面的存货没有了吗？」",
    "len": 1
  },
  {
    "name": "式子",
    "message": "「就这样结束啦～」",
    "len": 1
  },
  {
    "name": "電卓",
    "message": "「那我去买！」",
    "len": 1
  },
  {
    "name": "式子",
    "message": "「没钱啦～」",
    "len": 1
  },
  {
    "name": "結衣",
    "message": "「结衣也没有！」",
    "len": 1
  },
  {
    "name": "ギズモ",
    "message": "「喵没有」",
    "len": 1
  },
  {
    "name": "電卓",
    "message": "「喂，树！」",
    "len": 1
  },
  {
    "name": "樹",
    "message": "「啊？什么事电卓脑袋」",
    "len": 1
  },
  {
    "name": "電卓",
    "message": "「把养你用的钱还给我」",
    "len": 1
  },
  {
    "name": "樹",
    "message": "「我可不记得是你养大的——！」",
    "len": 1
  },
  {
    "name": "式子",
    "message": "「哎呀呀，真是麻烦啊～，该怎么办呢？」",
    "len": 1
  },
  {
    "name": "琴子",
    "message": "「这是危机状况……」",
    "len": 1
  },
  {
    "name": "樹",
    "message": "「自称是父亲的家伙就该去工作啊」",
    "len": 1
  },
  {
    "name": "電卓",
    "message": "「哼！谁要去工作啊蠢货！」",
    "len": 1
  },
  {
    "name": "樹",
    "message": "「呃……」",
    "len": 1
  },
  {
    "message": "没想到不工作的家伙会让人这么火大……",
    "len": 2
  },
  {
    "name": "樹",
    "message": "「那你说怎么办！？这种情况！？」",
    "len": 1
  },
  {
    "name": "電卓",
    "message": "「等等，我现在问问看」",
    "len": 1
  },
  {
    "name": "電卓",
    "message": "「……嗯，……唔……什么……！」",
    "len": 1
  },
  {
    "message": "这家伙，真的是被什么操控了吧？",
    "len": 1
  },
  {
    "name": "電卓",
    "message": "「那实在是太……咕，咕咕，咕……」",
    "len": 1
  },
  {
    "name": "電卓",
    "message": "「呜哦哦哦哦……呃，呜呜……」",
    "len": 1
  },
  {
    "name": "樹",
    "message": "「喂，别在那儿呻吟了快说。他们说了什么？」",
    "len": 2
  },
  {
    "name": "電卓",
    "message": "「他们说让我去工作……」",
    "len": 1
  },
  {
    "name": "樹",
    "message": "「哈～，没救了……」",
    "len": 1
  },
  {
    "name": "樹",
    "message": "「可恶，吵了一架，肚子反而更饿了」",
    "len": 1
  },
  {
    "name": "樹",
    "message": "「睡觉吧！睡觉忘掉饥饿感！」",
    "len": 1
  },
  {
    "name": "樹",
    "message": "「哈啊啊啊啊……」",
    "len": 1
  },
  {
    "message": "怎么会变成这样呢？",
    "len": 1
  },
  {
    "message": "真的，到底是为什么呢……？",
    "len": 1
  },
  {
    "message": "唉，已经搞不懂了……",
    "len": 1
  }
]