[
  {
    "message": "…………。",
    "len": 1
  },
  {
    "name": "樹",
    "message": "「嗯…………」",
    "len": 1
  },
  {
    "name": "樹",
    "message": "「……吵死了」",
    "len": 1
  },
  {
    "name": "樹",
    "message": "「啧，什么声音啊……」",
    "len": 1
  },
  {
    "name": "樹",
    "message": "「我好不容易睡得舒服……」",
    "len": 1
  },
  {
    "name": "樹",
    "message": "「不，虽然因为饿肚子没睡好……」",
    "len": 1
  },
  {
    "name": "樹",
    "message": "「但我好歹也睡着了。结果还是被吵醒了……」",
    "len": 2
  },
  {
    "name": "樹",
    "message": "「这种程度都可以告他们了。然后用那笔钱买吃的……」",
    "len": 2
  },
  {
    "name": "樹",
    "message": "「……真是蠢死了」",
    "len": 1
  },
  {
    "name": "樹",
    "message": "「话说，声音还在继续。到底是什么声音啊？」",
    "len": 2
  },
  {
    "name": "樹",
    "message": "「声音是从楼下传来的……嗯？」",
    "len": 1
  },
  {
    "name": "樹",
    "message": "「那个声音，是结衣姐吧……」",
    "len": 1
  },
  {
    "name": "樹",
    "message": "「这种时候她要去哪儿啊？」",
    "len": 1
  },
  {
    "name": "樹",
    "message": "「…………」",
    "len": 1
  },
  {
    "name": "樹",
    "message": "「好……跟踪一下看看吧」",
    "len": 1
  },
  {
    "name": "樹",
    "message": "「反正因为肚子饿也睡不着」",
    "len": 1
  },
  {
    "name": "樹",
    "message": "「呜哇，冷死了！？」",
    "len": 1
  },
  {
    "message": "刚从玄关出来，一股可怕的冷气就像橄榄球选手一样向我猛扑过来。",
    "len": 2
  },
  {
    "message": "啊，原来后悔就是用在这种时候的啊，我一边搓着胳膊一边深有感触地想到。",
    "len": 2
  },
  {
    "name": "樹",
    "message": "「在这种天气里，结衣姐到底要去哪儿呢……」",
    "len": 1
  },
  {
    "name": "樹",
    "message": "「嗯，得赶紧追上去，不然就跟丢了」",
    "len": 1
  },
  {
    "name": "樹",
    "message": "「呃……」",
    "len": 1
  },
  {
    "message": "我发现了结衣姐的背影，小心翼翼地跟了上去，生怕被发现。",
    "len": 2
  },
  {
    "name": "樹",
    "message": "「她应该……没注意到我吧」",
    "len": 1
  },
  {
    "message": "她的步伐没有变化，和刚出门时一样。",
    "len": 2
  },
  {
    "message": "毫不犹豫地朝着目的地前进。",
    "len": 1
  },
  {
    "name": "樹",
    "message": "「这种感觉，就像间谍一样刺激啊」",
    "len": 2
  },
  {
    "message": "从旁人看来这就是跟踪狂吧。……算了，还是别想那么多了。",
    "len": 2
  },
  {
    "name": "樹",
    "message": "「那么，结衣姐现在在哪儿呢……？」",
    "len": 1
  },
  {
    "name": "樹",
    "message": "「嗯～～～」",
    "len": 1
  },
  {
    "name": "樹",
    "message": "「哦，找到了。不过，她到底在干什么啊……」",
    "len": 2
  },
  {
    "name": "樹",
    "message": "「啊！？难道她是想狩猎动物来吃肉吗……」",
    "len": 3
  },
  {
    "name": "樹",
    "message": "「…………」",
    "len": 1
  },
  {
    "name": "樹",
    "message": "「……我从刚才开始就一直冒出些莫名其妙的想法」",
    "len": 1
  },
  {
    "name": "結衣",
    "message": "「…………」",
    "len": 1
  },
  {
    "message": "与其说是狩猎，倒不如说她只是在翻找废弃物品而已。",
    "len": 1
  },
  {
    "name": "結衣",
    "message": "「嗯……」",
    "len": 1
  },
  {
    "name": "結衣",
    "message": "「哦，这是……」",
    "len": 1
  },
  {
    "name": "結衣",
    "message": "「机器人玩具啊……挺新颖的嘛」",
    "len": 1
  },
  {
    "name": "結衣",
    "message": "「这边是……啧，没用的东西」",
    "len": 1
  },
  {
    "name": "結衣",
    "message": "「……这是什么啊？吉祥物……卡通形象？」",
    "len": 2
  },
  {
    "name": "結衣",
    "message": "「碍事的东西也太多了……」",
    "len": 1
  },
  {
    "message": "她一边嘟囔着，一边在废品堆里翻找着。",
    "len": 2
  },
  {
    "message": "这场景就像是在挖掘死者的内脏一样。",
    "len": 2
  },
  {
    "name": "樹",
    "message": "「……是不是有点过分了」",
    "len": 1
  },
  {
    "name": "結衣",
    "message": "「唔……这个也不行啊」",
    "len": 1
  },
  {
    "message": "话说，她到底要找到什么时候……？",
    "len": 1
  },
  {
    "name": "結衣",
    "message": "「呼……差不多就这样吧」",
    "len": 1
  },
  {
    "name": "結衣",
    "message": "「铜线和铁板……一次带回去太麻烦了。剩下的下次再说吧」",
    "len": 2
  },
  {
    "name": "結衣",
    "message": "「这个是贝雷塔啊。……可惜是气枪」",
    "len": 2
  },
  {
    "message": "不不，要是是真的那可就糟糕了。",
    "len": 1
  },
  {
    "name": "結衣",
    "message": "「算了，反正真假都无所谓」",
    "len": 1
  },
  {
    "name": "結衣",
    "message": "「它在这里，这就足够了」",
    "len": 1
  },
  {
    "name": "結衣",
    "message": "「嘿嘿嘿，全都要加入我的收藏」",
    "len": 1
  },
  {
    "name": "樹",
    "message": "「…………」",
    "len": 1
  },
  {
    "message": "哇——这也太可疑了。",
    "len": 1
  },
  {
    "name": "樹",
    "message": "「大白天干这种事的话，肯定会二话不说就被抓起来吧」",
    "len": 2
  },
  {
    "name": "樹",
    "message": "「所以才在晚上干，还是说因为是晚上才会变成那样……」",
    "len": 2
  },
  {
    "name": "樹",
    "message": "「哎呀呀，虽说是我姐姐但还真是可怕啊」",
    "len": 1
  },
  {
    "message": "……不对，她真的是我姐姐吗？",
    "len": 1
  },
  {
    "name": "樹",
    "message": "「现在重要的是，放任结衣姐那样下去可不行啊」",
    "len": 1
  },
  {
    "name": "樹",
    "message": "「不过，该怎么阻止她呢」",
    "len": 1
  },
  {
    "name": "樹",
    "message": "「说太多的话她只会生气……」",
    "len": 1
  },
  {
    "name": "結衣",
    "message": "「好了，今天就到这里吧……」",
    "len": 1
  },
  {
    "name": "樹",
    "message": "「啊，我还在烦恼的时候就结束了」",
    "len": 1
  },
  {
    "message": "……不，这样也挺好的。",
    "len": 1
  },
  {
    "name": "樹",
    "message": "「今天就结束了吗？如果是这样的话我什么都不用说就好了……」",
    "len": 2
  },
  {
    "name": "樹",
    "message": "「……不会结束的吧。她说的是'今天就到这里'」",
    "len": 2
  },
  {
    "name": "結衣",
    "message": "「嗯，收获不错嘛」",
    "len": 1
  },
  {
    "name": "結衣",
    "message": "「而且，全都是能用的东西呢」",
    "len": 1
  },
  {
    "name": "結衣",
    "message": "「明明还在这里，却被当作不存在的东西……」",
    "len": 1
  },
  {
    "name": "結衣",
    "message": "「没有人愿意看一眼……被丢弃……只是等待腐朽的存在」",
    "len": 3
  },
  {
    "name": "結衣",
    "message": "「随着心意的变化而被抛弃……寄托的感情也很快就会改变」",
    "len": 2
  },
  {
    "name": "結衣",
    "message": "「果然，人的感情就是这么脆弱啊……」",
    "len": 1
  },
  {
    "name": "結衣",
    "message": "「易碎，模糊，不确定，看不见」",
    "len": 4
  },
  {
    "name": "結衣",
    "message": "「等回过神来，就已经不在那里了」",
    "len": 1
  },
  {
    "name": "結衣",
    "message": "「永远地……」",
    "len": 1
  },
  {
    "name": "樹",
    "message": "「…………」",
    "len": 1
  },
  {
    "message": "结衣姐……对吧？",
    "len": 1
  },
  {
    "message": "总觉得有点奇怪……是我的错觉吗。",
    "len": 1
  },
  {
    "name": "結衣",
    "message": "「好吧，再干一份工作吧」",
    "len": 1
  },
  {
    "message": "应该是……错觉吧。",
    "len": 1
  },
  {
    "name": "結衣",
    "message": "「不过，数量多是好事……嗯，搬运起来真麻烦啊」",
    "len": 2
  },
  {
    "name": "結衣",
    "message": "「……对了，下次带个搬运工来吧」",
    "len": 1
  },
  {
    "name": "樹",
    "message": "「…………」",
    "len": 1
  },
  {
    "message": "哎，我也该回去了。",
    "len": 1
  },
  {
    "message": "要是被结衣姐发现的话，恐怕会很麻烦。",
    "len": 1
  },
  {
    "message": "搬那么多东西什么的，真的饶了我吧。",
    "len": 1
  }
]