[
  {
    "name": "樹",
    "message": "「………………」",
    "len": 1
  },
  {
    "message": "……呜呜，好冷。",
    "len": 1
  },
  {
    "message": "感觉异常的冷。",
    "len": 1
  },
  {
    "message": "这是怎么回事？总觉得窗外好像很亮……",
    "len": 2
  },
  {
    "name": "樹",
    "message": "「……下雪了？」",
    "len": 1
  },
  {
    "name": "樹",
    "message": "「哇，真的假的……」",
    "len": 1
  },
  {
    "message": "沉甸甸的雪团，无声无息地，接二连三地飘落下来。",
    "len": 2
  },
  {
    "name": "樹",
    "message": "「看来是要积雪了啊」",
    "len": 1
  },
  {
    "message": "明明昨天还很暖和，没想到冬天终于来了啊。",
    "len": 2
  },
  {
    "name": "樹",
    "message": "「糟糕了……食物危机还不够，现在又下雪了……」",
    "len": 2
  },
  {
    "message": "这样的话，出门在外是不可能的了。",
    "len": 1
  },
  {
    "message": "但是待在家里也只会越来越饿。",
    "len": 1
  },
  {
    "message": "要是至少有钱的话，还可以叫外卖……",
    "len": 2
  },
  {
    "message": "可恶，难道就没有什么办法吗？有没有什么好办法能摆脱这种困境？",
    "len": 2
  },
  {
    "len": "selection",
    "message": "求助式子"
  },
  {
    "len": "selection",
    "message": "求助结衣"
  },
  {
    "len": "selection",
    "message": "求助琴子"
  },
  {
    "len": "selection",
    "message": "求助姬子猫"
  },
  {
    "len": "selectionend",
    "message": "求助电卓"
  },
  {
    "name": "樹",
    "message": "「对了，去找那个人试试吧。毕竟现在这是自给自足食物的唯一可能性」",
    "len": 2
  },
  {
    "name": "樹",
    "message": "「打扰了，在家吗？」",
    "len": 1
  },
  {
    "name": "式子",
    "message": "「啊，塔君？在家哦～」",
    "len": 1
  },
  {
    "name": "樹",
    "message": "「我有点事想跟您说」",
    "len": 1
  },
  {
    "name": "式子",
    "message": "「好啊，进来吧～」",
    "len": 1
  },
  {
    "name": "式子",
    "message": "「怎么啦？想妈妈了～？」",
    "len": 1
  },
  {
    "name": "樹",
    "message": "「嗯，那个……那个，式、式子桑，我有件事想拜托您」",
    "len": 2
  },
  {
    "name": "式子",
    "message": "「拜托？」",
    "len": 1
  },
  {
    "name": "樹",
    "message": "「是关于食物的事，我在想能不能再想想办法……」",
    "len": 2
  },
  {
    "name": "式子",
    "message": "「呜呜……对不起啊！昨天失败了～！」",
    "len": 2
  },
  {
    "name": "式子",
    "message": "「不过呢，现在没问题了！琴子酱教了我很多东西！原来葫芦科和葫芦科是不行的～」",
    "len": 3
  },
  {
    "name": "式子",
    "message": "「所以呢，今天我要让甜瓜和西瓜结婚！一定会生出像西瓜一样大的甜瓜哦～！」",
    "len": 2
  },
  {
    "message": "大概那个甜瓜，里面会像西瓜一样全是水吧，黏糊糊的。",
    "len": 2
  },
  {
    "name": "樹",
    "message": "「……不是说这个啊！我们需要更多的营养！」",
    "len": 2
  },
  {
    "name": "式子",
    "message": "「营养？蔬菜不行吗？」",
    "len": 1
  },
  {
    "name": "樹",
    "message": "「我们想要蛋白质来源」",
    "len": 1
  },
  {
    "name": "式子",
    "message": "「哎呀呀，原来如此～！」",
    "len": 1
  },
  {
    "name": "式子",
    "message": "「那你早说啊，要是你好好说的话，我就多种些豆子了～」",
    "len": 2
  },
  {
    "message": "我、我是想吃汉堡肉和烤肉和牛肉盖饭啊啊啊！",
    "len": 2
  },
  {
    "name": "樹",
    "message": "「……那个，为什么不能吃肉呢？」",
    "len": 1
  },
  {
    "name": "式子",
    "message": "「诶？」",
    "len": 1
  },
  {
    "name": "樹",
    "message": "「假设你是我妈妈的话……」",
    "len": 1
  },
  {
    "name": "樹",
    "message": "「以前不是正常做菜吗，肉啊鱼啊都有？」",
    "len": 1
  },
  {
    "name": "式子",
    "message": "「嗯，但现在不行了」",
    "len": 1
  },
  {
    "name": "樹",
    "message": "「所以说，到底为什么啊！？」",
    "len": 1
  },
  {
    "name": "式子",
    "message": "「这个嘛～，因为妈妈的身体变回结婚前的样子了～」",
    "len": 2
  },
  {
    "name": "樹",
    "message": "「啊？」",
    "len": 1
  },
  {
    "name": "式子",
    "message": "「对不起啦～，无论如何都不行呢」",
    "len": 1
  },
  {
    "message": "虽然不太明白，但是跟结婚有关系吗？",
    "len": 2
  },
  {
    "name": "樹",
    "message": "「就没有办法了吗？」",
    "len": 1
  },
  {
    "name": "式子",
    "message": "「唔～，对不起……」",
    "len": 1
  },
  {
    "name": "樹",
    "message": "「…………」",
    "len": 1
  },
  {
    "message": "算了，没办法。既然说不行的话……",
    "len": 2
  },
  {
    "name": "樹",
    "message": "「我明白了，我去问问别人」",
    "len": 1
  },
  {
    "name": "式子",
    "message": "「啊对了！我想到一个好主意！」",
    "len": 1
  },
  {
    "name": "樹",
    "message": "「什、什么？」",
    "len": 1
  },
  {
    "name": "式子",
    "message": "「树君也和妈妈一起，从今天开始只吃蔬菜怎么样……」",
    "len": 2
  },
  {
    "name": "樹",
    "message": "「那、那我先走了！失礼了——」",
    "len": 1
  },
  {
    "name": "式子",
    "message": "「啊～唔，真是的！」",
    "len": 1
  },
  {
    "message": "呼，好险。我这把年纪可受不了素食主义啊……",
    "len": 2
  },
  {
    "message": "不过，该怎么办呢？",
    "len": 1
  },
  {
    "message": "看来只能种些蔬菜和豆子，但光靠这些可不行啊……",
    "len": 2
  },
  {
    "message": "我可不想过只能吃蔬菜和豆子的生活。",
    "len": 1
  },
  {
    "name": "樹",
    "message": "「好，去找结衣姐试试吧。她在某些方面还是挺可靠的」",
    "len": 2
  },
  {
    "name": "樹",
    "message": "「结衣姐，在吗？」",
    "len": 1
  },
  {
    "name": "結衣",
    "message": "「是树的话就进来吧」",
    "len": 1
  },
  {
    "name": "樹",
    "message": "「是树，那我进来了」",
    "len": 1
  },
  {
    "name": "結衣",
    "message": "「怎么了，一大早的？」",
    "len": 1
  },
  {
    "name": "樹",
    "message": "「还能怎么，下雪了啊」",
    "len": 1
  },
  {
    "name": "結衣",
    "message": "「这个看就知道了」",
    "len": 1
  },
  {
    "name": "樹",
    "message": "「问题是出不去啊」",
    "len": 1
  },
  {
    "name": "結衣",
    "message": "「下雪而已没什么大不了的，结衣可以出门」",
    "len": 1
  },
  {
    "name": "樹",
    "message": "「就算出去了，店可能也关门了哦？」",
    "len": 1
  },
  {
    "name": "結衣",
    "message": "「什么？那个购物中心也关门了吗？」",
    "len": 1
  },
  {
    "name": "樹",
    "message": "「如果电车和公交都停运的话，大概是的」",
    "len": 1
  },
  {
    "name": "結衣",
    "message": "「那可麻烦了，我去不了试吃区了」",
    "len": 1
  },
  {
    "message": "原来她也在做和我一样的事啊……",
    "len": 1
  },
  {
    "name": "樹",
    "message": "「所以说，情况糟糕透了」",
    "len": 1
  },
  {
    "name": "結衣",
    "message": "「这确实是个坏消息啊」",
    "len": 1
  },
  {
    "name": "樹",
    "message": "「嗯」",
    "len": 1
  },
  {
    "name": "結衣",
    "message": "「那么，有什么好消息吗？」",
    "len": 1
  },
  {
    "name": "樹",
    "message": "「没有」",
    "len": 1
  },
  {
    "name": "結衣",
    "message": "「…………………………」",
    "len": 1
  },
  {
    "name": "結衣",
    "message": "「你这样可讨不到女孩子欢心」",
    "len": 1
  },
  {
    "name": "樹",
    "message": "「什、什么啊那是！？」",
    "len": 1
  },
  {
    "name": "結衣",
    "message": "「和女孩子说话时，至少带点礼物来啊。更何况是对方依赖你的情况，这种事情是基本常识」",
    "len": 2
  },
  {
    "name": "樹",
    "message": "「啊？结衣姐你是在依赖我吗？」",
    "len": 1
  },
  {
    "name": "結衣",
    "message": "「当然了，你是男人嘛」",
    "len": 1
  },
  {
    "name": "樹",
    "message": "「这种话我可从来没听你说过啊！」",
    "len": 1
  },
  {
    "name": "結衣",
    "message": "「我要说多少遍，这边的结衣和你认识的不一样？」",
    "len": 1
  },
  {
    "name": "樹",
    "message": "「骗人的吧？」",
    "len": 1
  },
  {
    "name": "結衣",
    "message": "「结衣依赖你有什么奇怪的吗？」",
    "len": 1
  },
  {
    "name": "樹",
    "message": "「啊？不、不是……你是认真的？」",
    "len": 1
  },
  {
    "name": "結衣",
    "message": "「我是认真的，树……结衣只能依靠你了」",
    "len": 2
  },
  {
    "name": "樹",
    "message": "「结衣姐……」",
    "len": 1
  },
  {
    "name": "結衣",
    "message": "「所以去给我买份照烧汉堡来」",
    "len": 1
  },
  {
    "name": "樹",
    "message": "「啥？」",
    "len": 1
  },
  {
    "name": "結衣",
    "message": "「钱先记账上，拜托了」",
    "len": 1
  },
  {
    "name": "樹",
    "message": "「…………」",
    "len": 1
  },
  {
    "message": "靠，被耍了……",
    "len": 1
  },
  {
    "name": "樹",
    "message": "「那、那就这样吧」",
    "len": 1
  },
  {
    "name": "結衣",
    "message": "「照烧汉堡哇！？」",
    "len": 1
  },
  {
    "name": "樹",
    "message": "「等天上掉钱了我就去给你买！」",
    "len": 1
  },
  {
    "message": "本想依靠别人，结果反倒被敲诈了……",
    "len": 1
  },
  {
    "message": "不行，结衣姐不靠谱。只能依靠其他人了。",
    "len": 2
  },
  {
    "message": "那家伙不行，得赶紧想办法才行……",
    "len": 1
  },
  {
    "name": "樹",
    "message": "「要想好主意的话，找琴子准没错。去向我们家的智囊团借点智慧吧」",
    "len": 2
  },
  {
    "name": "樹",
    "message": "「琴子，醒着吗？」",
    "len": 1
  },
  {
    "name": "琴子",
    "message": "「……嗯」",
    "len": 1
  },
  {
    "name": "樹",
    "message": "「我能进来吗？」",
    "len": 1
  },
  {
    "name": "琴子",
    "message": "「可以哦，哥哥」",
    "len": 1
  },
  {
    "name": "琴子",
    "message": "「早上好」",
    "len": 1
  },
  {
    "name": "樹",
    "message": "「啊，早啊」",
    "len": 1
  },
  {
    "name": "琴子",
    "message": "「天气变冷了呢」",
    "len": 1
  },
  {
    "name": "樹",
    "message": "「是啊，你有好好保暖吗？」",
    "len": 1
  },
  {
    "name": "琴子",
    "message": "「没问题的，空调开着呢」",
    "len": 1
  },
  {
    "message": "三年没用过的空调，散发出一丝霉味。",
    "len": 2
  },
  {
    "name": "樹",
    "message": "「那个……虽然在这种时候说有点不合适，但我有点事想跟你商量」",
    "len": 2
  },
  {
    "name": "琴子",
    "message": "「嗯？」",
    "len": 1
  },
  {
    "name": "樹",
    "message": "「是关于吃饭的事。再这样下去的话，那个……你懂的吧？」",
    "len": 2
  },
  {
    "name": "琴子",
    "message": "「这个，我也正想跟哥哥说呢」",
    "len": 1
  },
  {
    "name": "樹",
    "message": "「有什么办法吗？」",
    "len": 1
  },
  {
    "name": "琴子",
    "message": "「除了做饭别无他法吧。得是除了妈妈以外的人来做」",
    "len": 2
  },
  {
    "name": "樹",
    "message": "「果然，只能这样了吗」",
    "len": 1
  },
  {
    "name": "琴子",
    "message": "「要是我能做就好了……」",
    "len": 1
  },
  {
    "name": "樹",
    "message": "「不，不能让琴子来做。厨房工作太危险了」",
    "len": 2
  },
  {
    "message": "打碎盘子、泼洒热水，谁知道会发生什么。",
    "len": 2
  },
  {
    "message": "考虑到琴子的病情，实在是……",
    "len": 1
  },
  {
    "name": "樹",
    "message": "「排除法的话就只剩我或者结衣姐了」",
    "len": 1
  },
  {
    "message": "虽然还有一个人，但我不想把那家伙算进去。",
    "len": 1
  },
  {
    "name": "琴子",
    "message": "「还有一个人吗？」",
    "len": 1
  },
  {
    "name": "樹",
    "message": "「电卓脑袋不在考虑范围内」",
    "len": 1
  },
  {
    "name": "琴子",
    "message": "「呵呵，不是的哦。我说的是猫咪」",
    "len": 2
  },
  {
    "name": "樹",
    "message": "「诶，姬子猫？那不可能吧」",
    "len": 1
  },
  {
    "name": "琴子",
    "message": "「是这样吗？」",
    "len": 1
  },
  {
    "name": "樹",
    "message": "「啊，直到前不久还是只猫的它，怎么可能做料理呢」",
    "len": 1
  },
  {
    "name": "琴子",
    "message": "「我倒不这么认为」",
    "len": 1
  },
  {
    "name": "樹",
    "message": "「不，就算是琴子的想法也……」",
    "len": 1
  },
  {
    "name": "琴子",
    "message": "「当然，可能需要一些时间，但一旦学会了，我觉得意外地能行哦？」",
    "len": 2
  },
  {
    "name": "樹",
    "message": "「嗯，是这样吗……」",
    "len": 1
  },
  {
    "name": "琴子",
    "message": "「没问题的，哥哥。因为那孩子她……」",
    "len": 2
  },
  {
    "name": "樹",
    "message": "「那孩子是？」",
    "len": 1
  },
  {
    "name": "琴子",
    "message": "「不就是女仆桑嘛」",
    "len": 1
  },
  {
    "message": "总感觉……被巧妙地糊弄过去了。",
    "len": 2
  },
  {
    "message": "让某人学会做饭，确实是最好的办法。",
    "len": 2
  },
  {
    "message": "但问题是现在！我肚子正咕咕叫个不停呢！",
    "len": 2
  },
  {
    "message": "不管谁来学做饭，那都需要时间。",
    "len": 2
  },
  {
    "name": "樹",
    "message": "「也是啊，不如去找姬子猫帮忙吧。就当是借猫之手了」",
    "len": 2
  },
  {
    "name": "樹",
    "message": "「喂—，姬子猫—！」",
    "len": 1
  },
  {
    "name": "ギズモ",
    "message": "「啊？树，叫俺啥事？」",
    "len": 1
  },
  {
    "message": "这家伙，说话完全像个人样了啊……",
    "len": 2
  },
  {
    "name": "樹",
    "message": "「姬子猫，你想吃肉吧？」",
    "len": 1
  },
  {
    "name": "ギズモ",
    "message": "「肉！给俺吗？」",
    "len": 3
  },
  {
    "name": "樹",
    "message": "「不，是你去捕猎」",
    "len": 1
  },
  {
    "name": "ギズモ",
    "message": "「啥？」",
    "len": 1
  },
  {
    "name": "樹",
    "message": "「听好了？这是狩猎！我在赌你的野性之血！」",
    "len": 2
  },
  {
    "name": "ギズモ",
    "message": "「哦！姬子猫，去，抓肉！」",
    "len": 1
  },
  {
    "message": "虽然说话方式有点像装中国人的日本人，不过算了……",
    "len": 2
  },
  {
    "message": "能进行对话就已经是很大的进步了啊。",
    "len": 1
  },
  {
    "name": "ギズモ",
    "message": "「抓到喵！」",
    "len": 1
  },
  {
    "name": "樹",
    "message": "「诶！？这么快？」",
    "len": 3
  },
  {
    "name": "ギズモ",
    "message": "「抓到肉喵」",
    "len": 1
  },
  {
    "name": "樹",
    "message": "「呜哇啊啊啊啊！！！？？？」",
    "len": 1
  },
  {
    "message": "看、看到了不该看的东西……",
    "len": 1
  },
  {
    "message": "必须得好好教教那家伙哪些肉可以吃，哪些肉不能吃才行啊！",
    "len": 2
  },
  {
    "message": "不行了……真的不行了……",
    "len": 1
  },
  {
    "name": "樹",
    "message": "「要不去找电卓那个脑袋瓜子帮忙吧。虽然感觉找他也没什么用」",
    "len": 2
  },
  {
    "message": "那家伙应该在书库里蹲着呢。",
    "len": 1
  },
  {
    "message": "他在那个狭小的房间里到底是怎么活下去的？",
    "len": 1
  },
  {
    "name": "樹",
    "message": "「喂，在吗？」",
    "len": 1
  },
  {
    "name": "電卓",
    "message": "「这声音是树吧」",
    "len": 1
  },
  {
    "name": "樹",
    "message": "「除了我还能有谁，我进来了啊？」",
    "len": 1
  },
  {
    "name": "電卓",
    "message": "「好吧，准许你进来」",
    "len": 1
  },
  {
    "message": "什么准许不准许的，傻瓜。",
    "len": 1
  },
  {
    "name": "電卓",
    "message": "「说吧，什么事」",
    "len": 1
  },
  {
    "name": "樹",
    "message": "「去工作」",
    "len": 1
  },
  {
    "name": "電卓",
    "message": "「你才该去工作」",
    "len": 1
  },
  {
    "name": "樹",
    "message": "「没钱了，没吃的了。你打算怎么办？」",
    "len": 2
  },
  {
    "name": "電卓",
    "message": "「你真是个烦人的家伙啊，我迟早会大赚一笔的」",
    "len": 2
  },
  {
    "name": "樹",
    "message": "「啊？干什么？怎么赚？」",
    "len": 1
  },
  {
    "name": "電卓",
    "message": "「我要成为音乐家啊～」",
    "len": 1
  },
  {
    "name": "樹",
    "message": "「好好好，打扰了！你爱怎么活就怎么活吧」",
    "len": 1
  },
  {
    "name": "電卓",
    "message": "「哈，我可以只靠方便面活下去！」",
    "len": 1
  },
  {
    "name": "樹",
    "message": "「偏食会早死的哦？那我走了！」",
    "len": 1
  },
  {
    "name": "電卓",
    "message": "「等等，树」",
    "len": 1
  },
  {
    "name": "樹",
    "message": "「怎么了？」",
    "len": 1
  },
  {
    "name": "電卓",
    "message": "「……式子桑的…………」",
    "len": 1
  },
  {
    "name": "樹",
    "message": "「啊？」",
    "len": 1
  },
  {
    "name": "電卓",
    "message": "「啧，没什么！赶紧滚蛋！」",
    "len": 2
  },
  {
    "message": "……靠，那家伙到底怎么回事。一辈子吃方便面去吧！",
    "len": 2
  },
  {
    "message": "啊真是的，浪费时间！",
    "len": 1
  },
  {
    "message": "算了，这是在浪费时间。",
    "len": 1
  },
  {
    "message": "再好好想想吧。",
    "len": 1
  },
  {
    "message": "唔嗯……怎么想都没有有效的办法。",
    "len": 1
  },
  {
    "message": "而且，仔细想想，为什么我非得拼命做这种事不可呢？",
    "len": 2
  },
  {
    "message": "为了这种『家人』……",
    "len": 1
  },
  {
    "message": "我是不是哪里不对劲啊。",
    "len": 1
  },
  {
    "message": "明明就在几天前，家人变成什么样我都不会在意的……",
    "len": 2
  },
  {
    "message": "他们擅自闯入我的视野，强行在我心里占据了一席之地。",
    "len": 2
  },
  {
    "message": "如今已经成为我视界中不可或缺的一部分了。",
    "len": 1
  },
  {
    "message": "这到底是怎么回事呢……",
    "len": 1
  },
  {
    "message": "我这是怎么了？发生了什么事？",
    "len": 1
  },
  {
    "name": "樹",
    "message": "「哈啊啊啊啊……，都是因为肚子饿了。脑袋晕乎乎的……」",
    "len": 2
  },
  {
    "name": "樹",
    "message": "「谁……来点吃的…………」",
    "len": 1
  },
  {
    "name": "樹",
    "message": "「……嗯？真的有人来了？」",
    "len": 1
  },
  {
    "name": "樹",
    "message": "「难道是，年终礼物的快递！？」",
    "len": 1
  },
  {
    "name": "樹",
    "message": "「来啦来啦！这就来开门！」",
    "len": 1
  },
  {
    "name": "柚",
    "message": "「哟！还活着吗？」",
    "len": 1
  },
  {
    "name": "樹",
    "message": "「哈啊啊啊，原来是你啊啊啊」",
    "len": 1
  },
  {
    "name": "柚",
    "message": "「什么嘛～，对救星就是这种态度！」",
    "len": 1
  },
  {
    "name": "樹",
    "message": "「谁是穷神啊？」",
    "len": 1
  },
  {
    "name": "柚",
    "message": "「哼哼！要是你这么说坏话，我可就不给你好东西了哦？」",
    "len": 2
  },
  {
    "name": "樹",
    "message": "「好东西？是什么啊？」",
    "len": 1
  },
  {
    "name": "柚",
    "message": "「你眼睛瞎了吗，看不到这个盒子？」",
    "len": 1
  },
  {
    "name": "樹",
    "message": "「难、难道！那、那个美丽的食盒是！？」",
    "len": 1
  },
  {
    "name": "柚",
    "message": "「便·当·哦」",
    "len": 1
  },
  {
    "name": "樹",
    "message": "「给我！咕、咕咕咕咕，给我！」",
    "len": 1
  },
  {
    "name": "柚",
    "message": "「应该说'请给我'，对吧～？」",
    "len": 1
  },
  {
    "name": "樹",
    "message": "「请给我！我说了！」",
    "len": 3
  },
  {
    "name": "柚",
    "message": "「啥玩意儿啊？算了，无所谓……」",
    "len": 1
  },
  {
    "name": "樹",
    "message": "「啊？你真的要给我吗！？」",
    "len": 1
  },
  {
    "name": "柚",
    "message": "「好，给你！」",
    "len": 1
  },
  {
    "name": "樹",
    "message": "「太好了，真走运！」",
    "len": 1
  },
  {
    "name": "柚",
    "message": "「不过！树木从明天开始，得跟我学做菜！行吧？」",
    "len": 2
  },
  {
    "name": "樹",
    "message": "「啊？为什么啊？」",
    "len": 1
  },
  {
    "name": "柚",
    "message": "「什么为什么，我又不可能天天给你做」",
    "len": 2
  },
  {
    "name": "柚",
    "message": "「再说，这么好的机会，你不如好好学学自己做饭？」",
    "len": 2
  },
  {
    "name": "樹",
    "message": "「不是，我是说为什么要我……」",
    "len": 1
  },
  {
    "name": "柚",
    "message": "「除了你还有谁会做饭啊？」",
    "len": 1
  },
  {
    "name": "樹",
    "message": "「确实没有别人会……等等，你怎么知道的？」",
    "len": 1
  },
  {
    "name": "柚",
    "message": "「别在意这些细节！总之只能让你树木好好努力了」",
    "len": 2
  },
  {
    "name": "柚",
    "message": "「我实在看不下去你再被塔月喂些奇奇怪怪的东西了……」",
    "len": 2
  },
  {
    "name": "樹",
    "message": "「啊？你说什么？」",
    "len": 1
  },
  {
    "name": "柚",
    "message": "「那么，从明天开始，我带着食材来打扰你哦？一起特训做菜吧？」",
    "len": 2
  },
  {
    "name": "樹",
    "message": "「等、等等！这么突然地说，我心理上还没准备好……」",
    "len": 1
  },
  {
    "name": "柚",
    "message": "「哼，这下就可以堂堂正正地潜入敌营了……」",
    "len": 1
  },
  {
    "name": "樹",
    "message": "「啊？什么敌营啊？」",
    "len": 1
  },
  {
    "name": "柚",
    "message": "「别管那么多，来，还有5盒！」",
    "len": 1
  },
  {
    "name": "樹",
    "message": "「哇！太棒了！」",
    "len": 1
  },
  {
    "name": "柚",
    "message": "「我做了5人份，你要好好收买其他人哦？」",
    "len": 2
  },
  {
    "name": "樹",
    "message": "「什么啊，原来不是全都给我的啊」",
    "len": 1
  },
  {
    "name": "柚",
    "message": "「里面的内容我做了区分哦。树的那份是专门定制的，其他的都是量产型」",
    "len": 2
  },
  {
    "name": "樹",
    "message": "「确实，这边的5个盒子全都是白色的……」",
    "len": 1
  },
  {
    "name": "柚",
    "message": "「那么，好好品尝我的爱意哦？明天我再来！」",
    "len": 2
  },
  {
    "name": "樹",
    "message": "「哈～柚，今天你在我眼里简直就是天使啊」",
    "len": 1
  },
  {
    "name": "樹",
    "message": "「虽然感觉她说了很多奇怪的话，但先吃吧！总之，现在先吃！」",
    "len": 2
  },
  {
    "name": "樹",
    "message": "「哇哈哈哈～！全都是我的～！」",
    "len": 1
  },
  {
    "name": "結衣",
    "message": "「哦哦，看起来是相当美味的便当啊」",
    "len": 1
  },
  {
    "name": "樹",
    "message": "「……咦！？」",
    "len": 1
  },
  {
    "name": "ギズモ",
    "message": "「鱼～鱼～！」",
    "len": 1
  },
  {
    "name": "樹",
    "message": "「什、什么？你们怎么在这里！？」",
    "len": 1
  },
  {
    "message": "是闻到味道了吗？还是超能力？",
    "len": 1
  },
  {
    "name": "琴子",
    "message": "「我想吃鸡蛋」",
    "len": 1
  },
  {
    "name": "樹",
    "message": "「连、连琴子也来了」",
    "len": 1
  },
  {
    "name": "結衣",
    "message": "「独占」",
    "len": 1
  },
  {
    "name": "琴子",
    "message": "「是不被允许的吧，哥哥？」",
    "len": 1
  },
  {
    "name": "ギズモ",
    "message": "「喵！」",
    "len": 1
  },
  {
    "name": "樹",
    "message": "「唔唔……是的」",
    "len": 1
  },
  {
    "name": "琴子",
    "message": "「那么，大家一起享用吧～」",
    "len": 1
  }
]