[
  {
    "name": "樹",
    "message": "「哈～，终于吃到像样的人类食物了」",
    "len": 2
  },
  {
    "name": "結衣",
    "message": "「啊，真好吃。这种食物我每天都能吃」",
    "len": 2
  },
  {
    "name": "琴子",
    "message": "「是啊。如果能一直吃到这样的食物，我们家的粮食问题就能得到很大改善了」",
    "len": 2
  },
  {
    "name": "ギズモ",
    "message": "「呜嘛～，呜嘛～」",
    "len": 1
  },
  {
    "name": "式子",
    "message": "「呜呜……看来不需要我做的料理了呢……」",
    "len": 2
  },
  {
    "name": "結衣",
    "message": "「那是当然。那种蠕动的蔬菜，结衣根本不承认那是料理」",
    "len": 2
  },
  {
    "name": "琴子",
    "message": "「还有会动的蔬菜呢。虽然很好吃就是了」",
    "len": 2
  },
  {
    "name": "樹",
    "message": "「虽然看起来很奇怪，但味道意外的还挺正常的」",
    "len": 2
  },
  {
    "name": "樹",
    "message": "「不过，要是天天吃那个的话……至少有点肉就好了」",
    "len": 2
  },
  {
    "name": "式子",
    "message": "「对不起啦～，妈妈真是个没用的人呢……」",
    "len": 2
  },
  {
    "name": "樹",
    "message": "「嘛，这方面我已经放弃了」",
    "len": 1
  },
  {
    "name": "式子",
    "message": "「呜啊～，被放弃了呢～」",
    "len": 1
  },
  {
    "name": "電卓",
    "message": "「喂树！别让式子桑哭啊！」",
    "len": 2
  },
  {
    "name": "電卓",
    "message": "「就因为吃不到肉就叽叽歪歪的，别这样！」",
    "len": 1
  },
  {
    "name": "樹",
    "message": "「我可没说那种话」",
    "len": 1
  },
  {
    "name": "樹",
    "message": "「话说回来，你不是只靠泡面活着的吗？」",
    "len": 2
  },
  {
    "name": "樹",
    "message": "「现在不是在大吃特吃便当吗」",
    "len": 1
  },
  {
    "name": "電卓",
    "message": "「哼，这是为我准备的饭」",
    "len": 1
  },
  {
    "name": "電卓",
    "message": "「既然如此，怎么处理当然也是我的自由」",
    "len": 1
  },
  {
    "name": "電卓",
    "message": "「我呀，是不得已才勉强吃的」",
    "len": 2
  },
  {
    "name": "樹",
    "message": "「什么叫不得已啊……」",
    "len": 1
  },
  {
    "name": "電卓",
    "message": "「剩下的话会过意不去啊～」",
    "len": 1
  },
  {
    "name": "結衣",
    "message": "「对了，要不要结衣去给你们拿些泡面来？然后那些食物就归结衣了」",
    "len": 2
  },
  {
    "name": "電卓",
    "message": "「谁会给你啊。傻瓜」",
    "len": 1
  },
  {
    "name": "結衣",
    "message": "「呜……这家伙真烦人」",
    "len": 1
  },
  {
    "name": "樹",
    "message": "「啊，这点我也同感」",
    "len": 1
  },
  {
    "name": "電卓",
    "message": "「哈～哈哈哈」",
    "len": 1
  },
  {
    "message": "是不是该把这个白痴卷成草席，埋进雪里比较好啊。",
    "len": 2
  },
  {
    "name": "琴子",
    "message": "「小猫咪，好吃吗？」",
    "len": 1
  },
  {
    "name": "ギズモ",
    "message": "「喵～。肉，好吃～」",
    "len": 2
  },
  {
    "name": "琴子",
    "message": "「是吗，那太好了」",
    "len": 1
  },
  {
    "name": "ギズモ",
    "message": "「喵～」",
    "len": 1
  },
  {
    "name": "樹",
    "message": "「话说琴子，我有个问题」",
    "len": 1
  },
  {
    "name": "樹",
    "message": "「我在想，姬子猫吃那个便当没问题吗？」",
    "len": 2
  },
  {
    "name": "結衣",
    "message": "「说得对。动物吃人类的食物是不对的」",
    "len": 2
  },
  {
    "name": "結衣",
    "message": "「所以，结衣来替它吃掉吧」",
    "len": 1
  },
  {
    "name": "式子",
    "message": "「不，不行啊～」",
    "len": 1
  },
  {
    "name": "樹",
    "message": "「不，我不是那个意思」",
    "len": 1
  },
  {
    "name": "ギズモ",
    "message": "「呜喵～。肉，鱼，姬子猫的～！」",
    "len": 1
  },
  {
    "name": "結衣",
    "message": "「嗯？什么啊，区区一只畜生。敢跟结衣作对吗？」",
    "len": 2
  },
  {
    "name": "樹",
    "message": "「啊，别这样。结衣姐和姬子猫，都别吵架啊」",
    "len": 2
  },
  {
    "name": "琴子",
    "message": "「是啊。不许吵架。每个人都有自己的份，不是吗」",
    "len": 2
  },
  {
    "name": "式子",
    "message": "「呜呜……妈妈做的料理从来不会这样争抢的……」",
    "len": 2
  },
  {
    "name": "電卓",
    "message": "「嘿，为这种东西争来争去……你们真是蠢啊」",
    "len": 2
  },
  {
    "name": "結衣",
    "message": "「闭嘴！既然这样那就把你的肉交出来」",
    "len": 2
  },
  {
    "name": "電卓",
    "message": "「可～惜～啦～。已经在我肚子里咯」",
    "len": 2
  },
  {
    "name": "結衣",
    "message": "「不可原谅……我要把你拆了……捏成一团扔进池塘里……」",
    "len": 2
  },
  {
    "name": "樹",
    "message": "「这个我不反对」",
    "len": 1
  },
  {
    "name": "琴子",
    "message": "「我都反对。破坏平衡可不是什么好主意」",
    "len": 2
  },
  {
    "name": "琴子",
    "message": "「还有哥哥。关于刚才的回答，没问题的」",
    "len": 2
  },
  {
    "name": "樹",
    "message": "「呃……你是说吃了也没问题之类的？」",
    "len": 1
  },
  {
    "name": "琴子",
    "message": "「是的。大脑改变的话，身体也会跟着改变」",
    "len": 1
  },
  {
    "name": "樹",
    "message": "「嗯～虽然不太明白，不过只要姬子猫没问题就行」",
    "len": 2
  },
  {
    "name": "ギズモ",
    "message": "「好吃好吃～还有没有啊？」",
    "len": 2
  },
  {
    "name": "式子",
    "message": "「呜呜……明明妈妈做的料理总是不受欢迎……」",
    "len": 1
  },
  {
    "name": "樹",
    "message": "「也不是每次都这样啦……」",
    "len": 1
  },
  {
    "name": "樹",
    "message": "「如果你能正常地做些普通料理的话，我们也会有正常的反应」",
    "len": 2
  },
  {
    "name": "式子",
    "message": "「这就是普通的啊～」",
    "len": 1
  },
  {
    "name": "式子",
    "message": "「一次能品尝两种味道哦？很划算吧～？」",
    "len": 2
  },
  {
    "name": "結衣",
    "message": "「味道混在一起很奇怪啊」",
    "len": 1
  },
  {
    "name": "ギズモ",
    "message": "「肉，要吃肉～」",
    "len": 1
  },
  {
    "name": "ギズモ",
    "message": "「喵～♪」",
    "len": 1
  },
  {
    "name": "電卓",
    "message": "「啊～难吃死了。真怀念方便面啊」",
    "len": 2
  },
  {
    "name": "樹",
    "message": "「那你就别吃啊！」",
    "len": 1
  },
  {
    "name": "ギズモ",
    "message": "「还有没有肉啊？肉，要吃～」",
    "len": 1
  },
  {
    "name": "樹",
    "message": "「话说，姬子猫也慢慢学会说话了呢……」",
    "len": 2
  },
  {
    "name": "樹",
    "message": "「不过是不是太贪吃了？感觉她只会说吃的东西」",
    "len": 2
  },
  {
    "name": "結衣",
    "message": "「本来就这样吧？不管怎么变，这家伙骨子里还是只猫」",
    "len": 2
  },
  {
    "name": "樹",
    "message": "「是……猫吗？」",
    "len": 1
  },
  {
    "name": "琴子",
    "message": "「现在是人类哦。如果哥哥你这么认为的话」",
    "len": 2
  },
  {
    "name": "樹",
    "message": "「……」",
    "len": 1
  },
  {
    "name": "琴子",
    "message": "「这是由哥哥你来决定的」",
    "len": 1
  },
  {
    "name": "ギズモ",
    "message": "「呼噜呼噜呼噜」",
    "len": 1
  },
  {
    "name": "ギズモ",
    "message": "「嗯？树，你要吃吗？」",
    "len": 1
  },
  {
    "name": "樹",
    "message": "「不，我不用了」",
    "len": 1
  },
  {
    "name": "結衣",
    "message": "「好，那我就不客气了」",
    "len": 1
  },
  {
    "name": "電卓",
    "message": "「啧，真是没办法的家伙啊」",
    "len": 1
  },
  {
    "name": "樹",
    "message": "「我不是那个意思！别伸筷子啊！」",
    "len": 2
  },
  {
    "name": "結衣",
    "message": "「好啦好啦，冷静一点」",
    "len": 1
  },
  {
    "name": "樹",
    "message": "「喂！你们不是都有自己的份吗！」",
    "len": 2
  },
  {
    "name": "結衣",
    "message": "「真是的，真小气啊。作为男人就该表现出气度来」",
    "len": 2
  },
  {
    "name": "琴子",
    "message": "「反倒是多吃点才更像男子汉吧」",
    "len": 1
  },
  {
    "name": "電卓",
    "message": "「哦，那我就来展示一下我的气度」",
    "len": 1
  },
  {
    "name": "結衣",
    "message": "「要是敢动我的食物，我就让你这辈子再也吃不了东西」",
    "len": 2
  },
  {
    "name": "電卓",
    "message": "「切，我还没堕落到要抢别人东西的地步」",
    "len": 2
  },
  {
    "name": "樹",
    "message": "「刚才想抢我东西的是谁啊」",
    "len": 1
  },
  {
    "message": "啧，真不想把他当成反面教材。",
    "len": 1
  },
  {
    "name": "ギズモ",
    "message": "「呜嘛呜嘛」",
    "len": 1
  },
  {
    "name": "式子",
    "message": "「蔬菜也很好吃呢～」",
    "len": 1
  },
  {
    "name": "琴子",
    "message": "「均衡饮食很重要哦」",
    "len": 1
  },
  {
    "message": "相比之下，这边倒是良心多了……",
    "len": 1
  },
  {
    "name": "電卓",
    "message": "「啊——吃起来真费劲！切，果然还是方便面才是王道啊」",
    "len": 2
  },
  {
    "name": "式子",
    "message": "「呜欸欸～」",
    "len": 1
  },
  {
    "message": "总之先把这家伙赶出去吧。",
    "len": 1
  },
  {
    "name": "樹",
    "message": "「哈～吃饱了吃饱了」",
    "len": 1
  },
  {
    "name": "結衣",
    "message": "「嗯，结衣好久没这么满足了」",
    "len": 1
  },
  {
    "name": "ギズモ",
    "message": "「喵～」",
    "len": 1
  },
  {
    "message": "果然，吃到美味的东西就能安心下来啊。",
    "len": 1
  },
  {
    "name": "樹",
    "message": "「说起来……」",
    "len": 1
  },
  {
    "name": "琴子",
    "message": "「怎么了，哥哥？」",
    "len": 1
  },
  {
    "name": "樹",
    "message": "「说起来，刚才那个便当是柚给我的」",
    "len": 1
  },
  {
    "name": "樹",
    "message": "「当时她好像说了些什么，但我完全不记得了」",
    "len": 2
  },
  {
    "name": "結衣",
    "message": "「大概是些无关紧要的内容吧？」",
    "len": 1
  },
  {
    "name": "結衣",
    "message": "「如果真的是重要的事，你听到的时候肯定会立即采取行动的」",
    "len": 2
  },
  {
    "name": "樹",
    "message": "「嗯～是这样吗……」",
    "len": 1
  },
  {
    "name": "琴子",
    "message": "「如果哥哥还是在意的话，不如待会儿去问问柚桑？」",
    "len": 2
  },
  {
    "name": "樹",
    "message": "「那样又太麻烦了……」",
    "len": 1
  },
  {
    "message": "每次都可能被唠叨，还会被说让我带上手机。",
    "len": 2
  },
  {
    "name": "樹",
    "message": "「可能是因为吃饱了，现在什么都不想做」",
    "len": 1
  },
  {
    "name": "結衣",
    "message": "「哎呀呀，真是个懒惰的弟弟啊」",
    "len": 1
  },
  {
    "name": "樹",
    "message": "「被结衣姐姐这么说我很不服气啊……」",
    "len": 1
  },
  {
    "name": "結衣",
    "message": "「你说什么呢。结衣可是个勤劳的人哦？」",
    "len": 1
  },
  {
    "name": "樹",
    "message": "「那不是只对你感兴趣的事情吗？」",
    "len": 1
  },
  {
    "message": "捡些破烂回来倒是无所谓……不，其实也挺糟糕的。",
    "len": 2
  },
  {
    "message": "至少把房间整理一下吧。连下脚的地方都没有，大概就是这种情况吧。",
    "len": 2
  },
  {
    "name": "ギズモ",
    "message": "「喵，我要工作。姬子猫，要工作。别小看我」",
    "len": 2
  },
  {
    "name": "樹",
    "message": "「……不，不用了。总觉得有种不祥的预感」",
    "len": 2
  },
  {
    "name": "ギズモ",
    "message": "「喵？」",
    "len": 1
  },
  {
    "message": "因为啊，猫不是会……抓些黑色的、动作敏捷的东西回来嘛……",
    "len": 2
  },
  {
    "message": "不管是表扬还是生气都很麻烦啊。",
    "len": 1
  },
  {
    "name": "式子",
    "message": "「嗯～，那样的话妈妈会加油的哦」",
    "len": 1
  },
  {
    "name": "式子",
    "message": "「虽然肉类不行，但是甜点的话我可以做给你们吃哦」",
    "len": 2
  },
  {
    "name": "琴子",
    "message": "「甜点吗？」",
    "len": 1
  },
  {
    "name": "式子",
    "message": "「嗯。这次呢，我打算把樱桃和桃子一起做」",
    "len": 2
  },
  {
    "name": "樹",
    "message": "「所以说，为什么不分开做呢……？」",
    "len": 1
  },
  {
    "name": "琴子",
    "message": "「它们都属于蔷薇科，比起以前已经进步了」",
    "len": 1
  },
  {
    "name": "式子",
    "message": "「就是这样哦～。妈妈也好好学习过了呢」",
    "len": 2
  },
  {
    "name": "琴子",
    "message": "「不过，失败是显而易见的」",
    "len": 1
  },
  {
    "name": "式子",
    "message": "「诶诶～？为什么～？」",
    "len": 1
  },
  {
    "name": "琴子",
    "message": "「包括这个原因在内，您也好好学习一下吧」",
    "len": 1
  },
  {
    "name": "琴子",
    "message": "「还有，西瓜和哈密瓜也不行」",
    "len": 1
  },
  {
    "name": "式子",
    "message": "「唔～」",
    "len": 1
  },
  {
    "name": "結衣",
    "message": "「要做的话就做好吃的」",
    "len": 1
  },
  {
    "name": "式子",
    "message": "「呃，那个……」",
    "len": 1
  },
  {
    "name": "ギズモ",
    "message": "「肉！肉，好吃！」",
    "len": 1
  },
  {
    "name": "樹",
    "message": "「呃……喂，姬子猫。有点重啊……」",
    "len": 2
  },
  {
    "message": "真希望它别那么猛地跳到我膝盖上。",
    "len": 1
  },
  {
    "name": "ギズモ",
    "message": "「喵？姬子猫一直在这里」",
    "len": 1
  },
  {
    "name": "琴子",
    "message": "「固定位置……吗」",
    "len": 1
  },
  {
    "name": "式子",
    "message": "「哎呀呀～。小姬是个爱撒娇的孩子呢～」",
    "len": 2
  },
  {
    "name": "結衣",
    "message": "「哼，畜生」",
    "len": 1
  },
  {
    "name": "琴子",
    "message": "「虽说是残留的习性……但可能还包含着其他意味」",
    "len": 2
  },
  {
    "name": "琴子",
    "message": "「不管怎样，现在已经是人了。哥哥，请你克制一下这种行为」",
    "len": 2
  },
  {
    "name": "樹",
    "message": "「不，我是……」",
    "len": 1
  },
  {
    "name": "結衣",
    "message": "「果然树喜欢女仆啊」",
    "len": 1
  },
  {
    "name": "結衣",
    "message": "「是不是还会给她戴上项圈？哈哈哈，你这个变态」",
    "len": 2
  },
  {
    "name": "樹",
    "message": "「能想象出这种场景的才是变态吧……」",
    "len": 1
  },
  {
    "name": "ギズモ",
    "message": "「项圈？树树，要给姬子戴项圈吗？」",
    "len": 1
  },
  {
    "name": "樹",
    "message": "「不会戴的……话说回来，姬子，你能不能从我身上下来啊」",
    "len": 2
  },
  {
    "name": "ギズモ",
    "message": "「喵？」",
    "len": 1
  },
  {
    "name": "樹",
    "message": "「不，别说「喵」啊……」",
    "len": 1
  },
  {
    "name": "ギズモ",
    "message": "「喵～。姬子，要在这里睡觉」",
    "len": 1
  },
  {
    "name": "結衣",
    "message": "「吃完就睡啊。简直是动物中的小孩子」",
    "len": 2
  },
  {
    "name": "式子",
    "message": "「那么妈妈就来给小树做个膝枕吧～」",
    "len": 2
  },
  {
    "name": "樹",
    "message": "「我搞不懂你这个「那么」是怎么联系上的」",
    "len": 1
  },
  {
    "name": "樹",
    "message": "「比起这个，我更想把姬子弄下去」",
    "len": 1
  },
  {
    "name": "結衣",
    "message": "「等她睡着了随便把她扔到旁边不就行了吗？」",
    "len": 1
  },
  {
    "name": "樹",
    "message": "「那样可不行啊。这个季节很容易感冒的……」",
    "len": 2
  },
  {
    "name": "琴子",
    "message": "「那就把她叫醒吧。她都这么大了，自己能回房间的」",
    "len": 2
  },
  {
    "message": "说是这么大了……虽然从外表来看确实如此。",
    "len": 2
  },
  {
    "name": "樹",
    "message": "「姬子猫到底多大了？从捡到她到现在也没过几年吧？」",
    "len": 2
  },
  {
    "name": "琴子",
    "message": "「人和猫的成长是不同的，用人类的标准来换算本身就是错误的」",
    "len": 2
  },
  {
    "name": "琴子",
    "message": "「不过要是非要这么算的话……嗯」",
    "len": 1
  },
  {
    "name": "琴子",
    "message": "「虽然现在她正在努力变成人类……」",
    "len": 1
  },
  {
    "message": "她闭上眼睛思考了一瞬间。",
    "len": 1
  },
  {
    "name": "琴子",
    "message": "「如果把她还是猫的时候也算上的话，年龄应该和我们差不多」",
    "len": 2
  },
  {
    "name": "琴子",
    "message": "「所以哥哥，你现在等于是让一个同龄女性坐在你膝盖上呢」",
    "len": 2
  },
  {
    "name": "樹",
    "message": "「呃……这么一想的话……」",
    "len": 1
  },
  {
    "name": "結衣",
    "message": "「怎么，兴奋了？哎呀呀，真是个没救的家伙」",
    "len": 2
  },
  {
    "name": "ギズモ",
    "message": "「呜喵……树，你兴奋了吗？」",
    "len": 1
  },
  {
    "name": "樹",
    "message": "「我不会的。话说，你这醒得也太是时候了吧」",
    "len": 2
  },
  {
    "name": "ギズモ",
    "message": "「喵，睡觉～」",
    "len": 1
  },
  {
    "name": "樹",
    "message": "「啊，不是不是。你可以起来的哦」",
    "len": 1
  },
  {
    "name": "ギズモ",
    "message": "「蹭蹭，满足」",
    "len": 1
  },
  {
    "name": "樹",
    "message": "「所以说别睡啊。去洗个澡然后回房间睡好吗」",
    "len": 2
  },
  {
    "name": "ギズモ",
    "message": "「喵～？」",
    "len": 1
  },
  {
    "name": "樹",
    "message": "「洗澡啊。懂吗？」",
    "len": 1
  },
  {
    "name": "ギズモ",
    "message": "「喵～，喵～。树树，洗澡～」",
    "len": 2
  },
  {
    "name": "琴子",
    "message": "「……哥哥。你可别说要一起洗澡之类的话哦？」",
    "len": 2
  },
  {
    "name": "樹",
    "message": "「我、我怎么会说那种话」",
    "len": 1
  },
  {
    "name": "式子",
    "message": "「哎呀呀～？如果想一起洗的话随时说哦」",
    "len": 2
  },
  {
    "name": "結衣",
    "message": "「什么嘛，想看裸体吗。看你怎么求我，说不定我会让你看哦？」",
    "len": 2
  },
  {
    "name": "樹",
    "message": "「不用了啦！」",
    "len": 1
  },
  {
    "name": "結衣",
    "message": "「哥、哥哥……结衣的裸体，可以看哦……」",
    "len": 2
  },
  {
    "name": "琴子",
    "message": "「……请住手」",
    "len": 1
  },
  {
    "name": "ギズモ",
    "message": "「树树，要看裸体吗？」",
    "len": 1
  },
  {
    "name": "式子",
    "message": "「如果小树一定要的话，妈妈可以……」",
    "len": 2
  },
  {
    "name": "樹",
    "message": "「不需要！」",
    "len": 1
  },
  {
    "name": "式子",
    "message": "「不过，内衣已经被看到了呢……嘻嘻，小树真是个小色鬼」",
    "len": 2
  },
  {
    "name": "電卓",
    "message": "「哦……」",
    "len": 1
  },
  {
    "name": "結衣",
    "message": "「什么嘛，果然还是想看吧」",
    "len": 1
  },
  {
    "name": "琴子",
    "message": "「哦～」",
    "len": 1
  },
  {
    "name": "樹",
    "message": "「那是意外！」",
    "len": 1
  },
  {
    "name": "ギズモ",
    "message": "「喵～」",
    "len": 1
  },
  {
    "name": "柚",
    "message": "「啊，那些家伙……在干什么啊……？」",
    "len": 1
  },
  {
    "name": "柚",
    "message": "「坐在膝盖上啊，膝枕啊……」",
    "len": 1
  },
  {
    "name": "柚",
    "message": "「裸体是怎么回事啊！？一起洗澡什么的……不可能吧！？」",
    "len": 2
  },
  {
    "name": "柚",
    "message": "「太奇怪了，绝对很奇怪……」",
    "len": 1
  },
  {
    "name": "柚",
    "message": "「而、而且还有项圈什么的……」",
    "len": 1
  },
  {
    "name": "柚",
    "message": "「……她们就是这样讨好树木，想要夺取这个家吧」",
    "len": 2
  },
  {
    "name": "柚",
    "message": "「早知道这样，我就该在那个便当里下点什么东西……」",
    "len": 2
  },
  {
    "name": "柚",
    "message": "「啊……不过，要是树木吃了的话就麻烦了……」",
    "len": 1
  },
  {
    "name": "柚",
    "message": "「呜～，怎么会变成这样啊……」",
    "len": 1
  },
  {
    "name": "柚",
    "message": "「这一切都是那些家伙的错」",
    "len": 1
  },
  {
    "name": "柚",
    "message": "「我一定要把她们的真面目全部揭穿！」",
    "len": 2
  }
]