[
  {
    "name": "樹",
    "message": "「嗯～～～，睡得真香」",
    "len": 1
  },
  {
    "name": "樹",
    "message": "「果然摄入营养后，睡眠质量就是不一样啊」",
    "len": 1
  },
  {
    "name": "樹",
    "message": "「哈欠～，雪怎么样了？」",
    "len": 1
  },
  {
    "name": "樹",
    "message": "「哦！天晴了！」",
    "len": 1
  },
  {
    "message": "虽然雪还残留在各处，但天空已经晴朗无云。",
    "len": 1
  },
  {
    "name": "樹",
    "message": "「嗯～～，真不错。就像在山里一样，空气清新得很」",
    "len": 2
  },
  {
    "name": "樹",
    "message": "「虽然冷，但这种天气，真想出去跑步啊～！」",
    "len": 2
  },
  {
    "name": "琴子",
    "message": "「确实是适合运动的好天气」",
    "len": 1
  },
  {
    "name": "樹",
    "message": "「是啊，这段时间身体都变迟钝了」",
    "len": 1
  },
  {
    "name": "琴子",
    "message": "「那么，难得有这机会，就拜托哥哥了，好吗？」",
    "len": 2
  },
  {
    "name": "樹",
    "message": "「什么？……哦，琴子，你来了啊」",
    "len": 2
  },
  {
    "name": "琴子",
    "message": "「是的，早上好」",
    "len": 1
  },
  {
    "name": "樹",
    "message": "「早上好，琴子」",
    "len": 1
  },
  {
    "name": "琴子",
    "message": "「铲子在玄关旁边」",
    "len": 1
  },
  {
    "name": "樹",
    "message": "「铲子？」",
    "len": 1
  },
  {
    "name": "琴子",
    "message": "「请加油铲雪」",
    "len": 1
  },
  {
    "name": "樹",
    "message": "「啊？铲雪？我来！？」",
    "len": 3
  },
  {
    "name": "琴子",
    "message": "「是的，这是很好的运动哦？」",
    "len": 1
  },
  {
    "name": "樹",
    "message": "「呃，虽然确实是这样没错……」",
    "len": 1
  },
  {
    "name": "琴子",
    "message": "「那么，就拜托你了」",
    "len": 1
  },
  {
    "name": "樹",
    "message": "「啊，喂，琴子！」",
    "len": 1
  },
  {
    "name": "琴子",
    "message": "「怎么了？」",
    "len": 1
  },
  {
    "name": "樹",
    "message": "「我从来没干过这种事」",
    "len": 1
  },
  {
    "name": "琴子",
    "message": "「是这样吧。因为一直都是父亲在做」",
    "len": 2
  },
  {
    "name": "樹",
    "message": "「父亲？」",
    "len": 1
  },
  {
    "message": "原来如此。我都不知道……",
    "len": 2
  },
  {
    "name": "琴子",
    "message": "「不过，今年恐怕不行了」",
    "len": 1
  },
  {
    "name": "樹",
    "message": "「啊，嗯，确实是这样」",
    "len": 1
  },
  {
    "name": "琴子",
    "message": "「所以就是这样」",
    "len": 1
  },
  {
    "name": "樹",
    "message": "「但是啊，放着不管的话，雪不就自己融化了吗？」",
    "len": 2
  },
  {
    "name": "琴子",
    "message": "「根据剩余的雪量计算，日照时间不足以完全融化」",
    "len": 2
  },
  {
    "name": "琴子",
    "message": "「如果天黑时只融化了一半，就会结冰，非常危险」",
    "len": 2
  },
  {
    "name": "樹",
    "message": "「嗯……」",
    "len": 1
  },
  {
    "message": "确实，看起来有几个人可能会滑倒受重伤……",
    "len": 2
  },
  {
    "name": "樹",
    "message": "「我明白了。既然做比较好，那我就去做吧」",
    "len": 2
  },
  {
    "name": "琴子",
    "message": "「嗯，加油」",
    "len": 1
  },
  {
    "name": "琴子",
    "message": "「而且，做好事说不定会有好报哦？」",
    "len": 2
  },
  {
    "name": "樹",
    "message": "「哦？琴子你说这种话可真少见啊？」",
    "len": 1
  },
  {
    "name": "琴子",
    "message": "「不，从宏观角度来看，这也是一种物理法则」",
    "len": 1
  },
  {
    "name": "樹",
    "message": "「……唉，那就试试看吧，所谓的扫雪」",
    "len": 2
  },
  {
    "name": "樹",
    "message": "「铁锹应该在玄关」",
    "len": 1
  },
  {
    "name": "樹",
    "message": "「呃，是这个吗？」",
    "len": 1
  },
  {
    "message": "在鞋柜深处，发现了一把蒙着灰尘的铁锹。",
    "len": 1
  },
  {
    "name": "樹",
    "message": "「是爸爸用过的吗？」",
    "len": 1
  },
  {
    "message": "这是一把顶端平坦的铁锹，不是用来挖的，而是用来铲起的那种。",
    "len": 2
  },
  {
    "name": "樹",
    "message": "「没想到家里竟然有这种东西……」",
    "len": 1
  },
  {
    "name": "樹",
    "message": "「唔……积了不少雪啊」",
    "len": 1
  },
  {
    "message": "前院积的雪上面又叠加了从屋顶落下来的部分，雪量比想象中的还要多。",
    "len": 2
  },
  {
    "name": "樹",
    "message": "「不行，一想就头晕……」",
    "len": 1
  },
  {
    "name": "樹",
    "message": "「总、总之先干起来吧！只要动手干，总会结束的！」",
    "len": 2
  },
  {
    "name": "樹",
    "message": "「靠，没想到这么难结束」",
    "len": 1
  },
  {
    "name": "樹",
    "message": "「下面一半都结冰了，硬得要命！不使出全身力气根本铲不动啊」",
    "len": 2
  },
  {
    "name": "樹",
    "message": "「哦！嘿，该死的！太重啦」",
    "len": 1
  },
  {
    "name": "樹",
    "message": "「呼～，过了多长时间了？感觉像过了8小时？」",
    "len": 2
  },
  {
    "name": "樹",
    "message": "「可是怎么还是一副早晨的样子……」",
    "len": 1
  },
  {
    "name": "樹",
    "message": "「靠，只清理完了玄关正面而已！前院还是一片雪原啊！」",
    "len": 2
  },
  {
    "name": "樹",
    "message": "「哈啊……完蛋了。我太低估雪的可怕了……」",
    "len": 2
  },
  {
    "name": "電卓",
    "message": "「哼哼哼，怎么样？领教到老爸的厉害了吧？」",
    "len": 2
  },
  {
    "name": "樹",
    "message": "「啧，你出来了啊」",
    "len": 1
  },
  {
    "name": "電卓",
    "message": "「你小子根本就不会用脚！只用手在那儿舀雪」",
    "len": 2
  },
  {
    "name": "樹",
    "message": "「烦死了，那你说该怎么做啊？」",
    "len": 1
  },
  {
    "name": "電卓",
    "message": "「用脚踩着铲子往下压」",
    "len": 1
  },
  {
    "name": "樹",
    "message": "「用脚？这样吗？」",
    "len": 1
  },
  {
    "name": "電卓",
    "message": "「对，然后用胳膊和脚一起轻轻往下压。利用杠杆原理就能轻松铲起雪了」",
    "len": 2
  },
  {
    "name": "樹",
    "message": "「哇哦！？真的轻松多了！？」",
    "len": 1
  },
  {
    "name": "電卓",
    "message": "「接下来就重复这个动作。好好干活啊？别偷懒啊？」",
    "len": 2
  },
  {
    "name": "電卓",
    "message": "「哈哈哈哈！边笑边离开了」",
    "len": 2
  },
  {
    "name": "樹",
    "message": "「…………」",
    "len": 1
  },
  {
    "message": "靠～，被那家伙教导总觉得火大。",
    "len": 1
  },
  {
    "name": "結衣",
    "message": "「嗯？是树吗？」",
    "len": 1
  },
  {
    "name": "結衣",
    "message": "「你在这里干什么呢？」",
    "len": 1
  },
  {
    "name": "樹",
    "message": "「啊，结衣姐。如你所见，在扫雪呢」",
    "len": 2
  },
  {
    "name": "結衣",
    "message": "「嗯～？这很有趣吗？」",
    "len": 1
  },
  {
    "name": "樹",
    "message": "「也不是特别有趣」",
    "len": 1
  },
  {
    "name": "結衣",
    "message": "「这样啊，那拜拜」",
    "len": 1
  },
  {
    "message": "就这样？！",
    "len": 1
  },
  {
    "name": "樹",
    "message": "「等、等一下，结衣姐！」",
    "len": 1
  },
  {
    "name": "結衣",
    "message": "「怎么了？」",
    "len": 1
  },
  {
    "name": "樹",
    "message": "「今天路滑，小心点哦？」",
    "len": 1
  },
  {
    "name": "結衣",
    "message": "「就这事啊，结衣不用担心」",
    "len": 1
  },
  {
    "name": "樹",
    "message": "「不是，姐姐你走路只看前面，老是撞到人，还踩别人的脚…」",
    "len": 2
  },
  {
    "name": "結衣",
    "message": "「正常人走路不都是只看前面吗」",
    "len": 1
  },
  {
    "name": "樹",
    "message": "「所以说今天很滑，不看脚下很危险啊」",
    "len": 1
  },
  {
    "name": "結衣",
    "message": "「没事的，我去散步了」",
    "len": 1
  },
  {
    "message": "…她走掉了。",
    "len": 1
  },
  {
    "name": "樹",
    "message": "「真让人担心，她最容易…」",
    "len": 1
  },
  {
    "name": "式子",
    "message": "「哎呀～？原来你在这儿啊」",
    "len": 1
  },
  {
    "name": "樹",
    "message": "「啊，早上好」",
    "len": 1
  },
  {
    "name": "式子",
    "message": "「早上好～，小树在扫雪吗？」",
    "len": 1
  },
  {
    "name": "樹",
    "message": "「嗯，差不多是这样」",
    "len": 1
  },
  {
    "name": "式子",
    "message": "「是吗！真了不起啊～！很辛苦吧～？」",
    "len": 4
  },
  {
    "name": "樹",
    "message": "「哈哈，已经习惯了。虽然一开始有点吃力」",
    "len": 2
  },
  {
    "name": "式子",
    "message": "「别勉强自己，要边休息边做哦～？」",
    "len": 1
  },
  {
    "name": "樹",
    "message": "「我会的」",
    "len": 1
  },
  {
    "name": "式子",
    "message": "「那么，妈妈在屋里，有什么事就叫我哦～」",
    "len": 2
  },
  {
    "name": "樹",
    "message": "「……也是，差不多该休息一下了」",
    "len": 1
  },
  {
    "name": "樹",
    "message": "「哈啊啊啊，真累啊……」",
    "len": 1
  },
  {
    "message": "话说回来……",
    "len": 1
  },
  {
    "message": "这么累人的活，老爸一直都是一个人在做吗。",
    "len": 2
  },
  {
    "message": "我说的可不是那个蠢货哦？是我熟悉的那个老爸。",
    "len": 2
  },
  {
    "message": "每天每天，只是默默地去上班，回来后就吃饭睡觉……",
    "len": 2
  },
  {
    "message": "不知道为什么活着还有什么乐趣，也不知道在想些什么。",
    "len": 2
  },
  {
    "message": "连看都不想看一眼的父亲……",
    "len": 1
  },
  {
    "message": "只是存在于那里的父亲……",
    "len": 1
  },
  {
    "message": "为什么，会变成那个样子呢。",
    "len": 1
  },
  {
    "message": "如果那个傻瓜真的是父亲年轻时的样子，到底发生了什么，才会变成那样……",
    "len": 2
  },
  {
    "message": "人类，是会改变的吧？",
    "len": 1
  },
  {
    "message": "…………。",
    "len": 1
  },
  {
    "message": "唉……",
    "len": 1
  },
  {
    "message": "不知不觉间，太阳的位置都变了。",
    "len": 1
  },
  {
    "message": "…………。",
    "len": 1
  },
  {
    "message": "……是啊。",
    "len": 1
  },
  {
    "message": "大概，人是会改变的。",
    "len": 1
  },
  {
    "message": "一直保持原样是不可能的。",
    "len": 1
  },
  {
    "message": "这到底是好事还是坏事，我也说不清。",
    "len": 2
  },
  {
    "message": "但唯一可以确定的是，父亲……不，那个傻瓜，他已经不想再改变了……我是这么认为的。",
    "len": 2
  },
  {
    "message": "可恶……。",
    "len": 1
  },
  {
    "message": "这么想的话，我还真是无话可说啊。",
    "len": 1
  },
  {
    "name": "樹",
    "message": "「哈啊啊啊啊……」",
    "len": 1
  },
  {
    "name": "柚",
    "message": "「怎么了，发出这种无精打采的声音」",
    "len": 1
  },
  {
    "name": "樹",
    "message": "「啊？」",
    "len": 1
  },
  {
    "name": "柚",
    "message": "「偶尔看你挺努力的，这就累趴下了？」",
    "len": 2
  },
  {
    "name": "樹",
    "message": "「哦，是柚啊。你来得真不是时候」",
    "len": 2
  },
  {
    "name": "柚",
    "message": "「话是这么说，但你一直在房子前面鼓捣什么，我能不好奇吗」",
    "len": 2
  },
  {
    "name": "樹",
    "message": "「如你所见，这可是铲雪的重体力劳动」",
    "len": 1
  },
  {
    "name": "柚",
    "message": "「这点雪就说是重体力劳动，小心被北海道的人骂哦？」",
    "len": 2
  },
  {
    "name": "樹",
    "message": "「无所谓，这边又不常下雪，再说北海道的人又不知道蟑螂有多可怕，对吧？」",
    "len": 2
  },
  {
    "name": "柚",
    "message": "「这根本不相干好吗～」",
    "len": 1
  },
  {
    "name": "樹",
    "message": "「总之，我现在正在休息。如果你是来看热闹的，那可没什么好看的」",
    "len": 2
  },
  {
    "name": "柚",
    "message": "「就因为你在休息我才来的。喏，给你这个」",
    "len": 2
  },
  {
    "name": "樹",
    "message": "「那个像篮子的东西是什么？」",
    "len": 1
  },
  {
    "name": "柚",
    "message": "「你眼里这还能是篮子以外的东西吗？」",
    "len": 1
  },
  {
    "name": "樹",
    "message": "「……等等，等一下」",
    "len": 1
  },
  {
    "name": "柚",
    "message": "「怎么了」",
    "len": 1
  },
  {
    "name": "樹",
    "message": "「该不会，你要说里面装的是，食物之类的吧？」",
    "len": 2
  },
  {
    "name": "柚",
    "message": "「是饭团，有什么问题吗？」",
    "len": 1
  },
  {
    "name": "樹",
    "message": "「柚……」",
    "len": 1
  },
  {
    "name": "柚",
    "message": "「嗯？」",
    "len": 1
  },
  {
    "name": "樹",
    "message": "「你这家伙，到底发生什么事了？为什么突然变成这么理想的女孩子了？」",
    "len": 2
  },
  {
    "name": "樹",
    "message": "「啊！原来如此！这场大雪是你搞的鬼吧！」",
    "len": 2
  },
  {
    "name": "柚",
    "message": "「虽然不太明白你在说什么，但如果你不要的话我就带回去……」",
    "len": 2
  },
  {
    "name": "樹",
    "message": "「我吃！我吃！咱们冷静下来好好谈谈，柚～！」",
    "len": 2
  },
  {
    "name": "柚",
    "message": "「真是的，你这人怎么这么别扭……」",
    "len": 1
  },
  {
    "name": "柚",
    "message": "「那，一起吃吧，树？」",
    "len": 1
  },
  {
    "name": "樹",
    "message": "「嗯，我开动啦！」",
    "len": 1
  },
  {
    "name": "柚",
    "message": "「怎么样，那个鱼子？不会太咸吗？」",
    "len": 2
  },
  {
    "name": "樹",
    "message": "「不，我出汗了，正好合适」",
    "len": 1
  },
  {
    "name": "柚",
    "message": "「这样啊，果然是男生呢～，居然喜欢咸一点的」",
    "len": 2
  },
  {
    "name": "樹",
    "message": "「不过，柚你真的很会做饭啊，这个饭团，感觉特别松软」",
    "len": 2
  },
  {
    "name": "柚",
    "message": "「嗯，这种东西都是熟能生巧啦」",
    "len": 1
  },
  {
    "name": "樹",
    "message": "「我觉得真的很厉害啊」",
    "len": 1
  },
  {
    "name": "柚",
    "message": "「我家嘛，爸爸一直在国外。妈妈又是那种工作」",
    "len": 2
  },
  {
    "name": "柚",
    "message": "「小时候虽然在树木家受到照顾，但现在什么都得自己来，不管是做饭还是别的」",
    "len": 2
  },
  {
    "name": "樹",
    "message": "「这样啊……」",
    "len": 1
  },
  {
    "message": "是啊。这家伙什么都是自己来的。",
    "len": 2
  },
  {
    "message": "乍一看倒是看不出来，但她比我更加努力地做了很多事情啊……",
    "len": 2
  },
  {
    "name": "樹",
    "message": "「多谢款待，真的太好吃了」",
    "len": 1
  },
  {
    "name": "柚",
    "message": "「哪里哪里，不用客气」",
    "len": 1
  },
  {
    "name": "樹",
    "message": "「哈哈，总觉得后面会有什么可怕的事情呢～」",
    "len": 1
  },
  {
    "name": "柚",
    "message": "「嗯，确实很可怕哦」",
    "len": 1
  },
  {
    "name": "樹",
    "message": "「诶！？」",
    "len": 1
  },
  {
    "name": "柚",
    "message": "「嘿嘿，这也是计划的一部分。那么，明天见啦～」",
    "len": 2
  },
  {
    "name": "樹",
    "message": "「啊，喂……」",
    "len": 1
  },
  {
    "message": "柚一脸莫名的开心，走进了自己家里。",
    "len": 2
  },
  {
    "name": "樹",
    "message": "「唔嗯……，难道饭团里被下了什么奇怪的药吗？」",
    "len": 2
  },
  {
    "name": "式子",
    "message": "「树君」",
    "len": 1
  },
  {
    "name": "式子",
    "message": "「怎么样？努力干活呢～？」",
    "len": 1
  },
  {
    "name": "樹",
    "message": "「啊，您好。进度不太理想」",
    "len": 2
  },
  {
    "name": "式子",
    "message": "「只清理门前就行啦～，院子就保持原样？」",
    "len": 2
  },
  {
    "name": "樹",
    "message": "「诶，这样可以吗？」",
    "len": 1
  },
  {
    "name": "式子",
    "message": "「嗯，雪啊，总觉得很有趣呢～」",
    "len": 1
  },
  {
    "name": "樹",
    "message": "「唔，确实是这样……」",
    "len": 1
  },
  {
    "message": "算了吧，也不会有人特意跑到院子里去摔倒的。",
    "len": 2
  },
  {
    "name": "樹",
    "message": "「那么，扫雪就到此为止吧」",
    "len": 1
  },
  {
    "name": "式子",
    "message": "「就这样，就这样？那个，树君」",
    "len": 2
  },
  {
    "name": "樹",
    "message": "「嗯？」",
    "len": 1
  },
  {
    "name": "式子",
    "message": "「妈妈呢，想试试堆雪人～」",
    "len": 1
  },
  {
    "name": "樹",
    "message": "「哈，雪人吗」",
    "len": 1
  },
  {
    "name": "式子",
    "message": "「能不能用那个铲子～，稍微帮我一下呢？」",
    "len": 2
  },
  {
    "name": "樹",
    "message": "「我倒是无所谓」",
    "len": 1
  },
  {
    "name": "式子",
    "message": "「哇～耶，太棒了！来，快点做，快点做！」",
    "len": 2
  },
  {
    "message": "怎么说呢，有时候真觉得她挺孩子气的……",
    "len": 1
  },
  {
    "name": "樹",
    "message": "「好好，那我们开始吧」",
    "len": 1
  },
  {
    "name": "式子",
    "message": "「快点，快点～！」",
    "len": 1
  },
  {
    "message": "这大概就是她的『本性』吧……",
    "len": 1
  },
  {
    "name": "結衣",
    "message": "「结衣也想做」",
    "len": 1
  },
  {
    "name": "樹",
    "message": "「哇，结衣姐，你回来啦？」",
    "len": 1
  },
  {
    "name": "結衣",
    "message": "「我喜欢雪」",
    "len": 1
  },
  {
    "name": "樹",
    "message": "「散步还顺利吗？」",
    "len": 1
  },
  {
    "name": "結衣",
    "message": "「顺利是什么意思？」",
    "len": 1
  },
  {
    "name": "樹",
    "message": "「因为你头上顶着雪啊」",
    "len": 1
  },
  {
    "name": "結衣",
    "message": "「我喜欢才顶着的，可不是摔倒了」",
    "len": 2
  },
  {
    "message": "明明就是说摔倒了嘛。",
    "len": 1
  },
  {
    "name": "結衣",
    "message": "「总、总之，让结衣也加入。看起来很好玩」",
    "len": 2
  },
  {
    "name": "樹",
    "message": "「当然可以啊，我们一起来做吧」",
    "len": 1
  },
  {
    "name": "結衣",
    "message": "「嗯，那就让你们见识下结衣的艺术雪人吧」",
    "len": 2
  },
  {
    "name": "ギズモ",
    "message": "「喵！姬子猫也要～！」",
    "len": 1
  },
  {
    "name": "樹",
    "message": "「哎呀，你也要吗！外面很冷哦？在家里缩成一团不也挺好的吗？」",
    "len": 2
  },
  {
    "name": "ギズモ",
    "message": "「没问题～！要玩～！」",
    "len": 1
  },
  {
    "name": "樹",
    "message": "「这样啊，那就来吧！」",
    "len": 1
  },
  {
    "name": "ギズモ",
    "message": "「喵～！」",
    "len": 1
  },
  {
    "name": "式子",
    "message": "「呵呵～要不要做个帅气的雪人呢～」",
    "len": 1
  },
  {
    "name": "ギズモ",
    "message": "「喵～雪～雪～」",
    "len": 1
  },
  {
    "name": "結衣",
    "message": "「雪人需要手臂，这些树枝应该可以……」",
    "len": 2
  },
  {
    "name": "電卓",
    "message": "「有破绽！」",
    "len": 1
  },
  {
    "name": "結衣",
    "message": "「替代品……哦噗！？」",
    "len": 1
  },
  {
    "name": "電卓",
    "message": "「耶，命中！」",
    "len": 1
  },
  {
    "name": "結衣",
    "message": "「呃……你、你……」",
    "len": 1
  },
  {
    "name": "電卓",
    "message": "「哇哈哈哈！怎么样，我的雪球厉害吧！」",
    "len": 2
  },
  {
    "name": "結衣",
    "message": "「你这混蛋是小孩吗！？吃我这招！」",
    "len": 2
  },
  {
    "name": "電卓",
    "message": "「太天真了！这种软绵绵的雪球……噗哇！？」",
    "len": 4
  },
  {
    "name": "結衣",
    "message": "「哼，这是雪仗的奥义，双球投掷」",
    "len": 1
  },
  {
    "name": "電卓",
    "message": "「呜哇哇，太卑鄙了！！」",
    "len": 1
  },
  {
    "name": "樹",
    "message": "「…………」",
    "len": 1
  },
  {
    "message": "真是群傻瓜，都是傻瓜……",
    "len": 1
  },
  {
    "message": "话说，这帮家伙怎么这么有精神啊？",
    "len": 1
  },
  {
    "name": "琴子",
    "message": "「不过，很开心呢」",
    "len": 1
  },
  {
    "name": "樹",
    "message": "「是是是，是这样没错啦……」",
    "len": 1
  },
  {
    "name": "琴子",
    "message": "「哥哥也一起来玩就好了」",
    "len": 1
  },
  {
    "name": "樹",
    "message": "「不、不用了，我才不要参与那种！」",
    "len": 1
  },
  {
    "name": "琴子",
    "message": "「呵呵，嘴上这么说，但哥哥看起来很开心呢？」",
    "len": 2
  },
  {
    "name": "樹",
    "message": "「切，你说什么就是什么吧」",
    "len": 1
  },
  {
    "name": "琴子",
    "message": "「呵呵呵」",
    "len": 1
  },
  {
    "message": "确实，就像琴子说的那样……",
    "len": 1
  },
  {
    "message": "和家人在一起感到『快乐』，已经是多少年前的事了呢。",
    "len": 2
  },
  {
    "message": "『好事会有回报』，原来指的是这个吗……？",
    "len": 2
  },
  {
    "message": "不禁这样想到。",
    "len": 1
  },
  {
    "message": "我还真是单纯啊。",
    "len": 1
  },
  {
    "message": "不过，嘛……",
    "len": 1
  },
  {
    "message": "这样就挺好的吧。",
    "len": 1
  }
]