[
  {
    "name": "式子",
    "message": "「我回来啦～」",
    "len": 1
  },
  {
    "name": "樹",
    "message": "「回来啦～话说，怎么这么吵闹啊……」",
    "len": 2
  },
  {
    "name": "式子",
    "message": "「确实呢～」",
    "len": 1
  },
  {
    "name": "樹",
    "message": "「最有可能的，应该是那家伙吧……」",
    "len": 2
  },
  {
    "message": "应该不会有小偷进来吧。就算进来了，也没什么值钱的东西。",
    "len": 2
  },
  {
    "message": "要是有存在柜子里的钱，我们早就用掉了。",
    "len": 2
  },
  {
    "name": "ギズモ",
    "message": "「喵～！」",
    "len": 1
  },
  {
    "name": "樹",
    "message": "「哎，姬子猫也在啊！？」",
    "len": 1
  },
  {
    "name": "式子",
    "message": "「哎呀呀，小姬是不是生气了呢～」",
    "len": 2
  },
  {
    "name": "樹",
    "message": "「那家伙该不会做了什么吧……」",
    "len": 1
  },
  {
    "name": "樹",
    "message": "「这个电卓脑袋！这次又搞什么鬼了！？」",
    "len": 2
  },
  {
    "name": "電卓",
    "message": "「啊？你突然说什么呢？」",
    "len": 2
  },
  {
    "name": "樹",
    "message": "「我说你别闹腾了！还有别把姬子猫卷进来！」",
    "len": 2
  },
  {
    "name": "電卓",
    "message": "「树啊……」",
    "len": 1
  },
  {
    "name": "樹",
    "message": "「干嘛！」",
    "len": 1
  },
  {
    "name": "電卓",
    "message": "「你……终于疯了吗？」",
    "len": 1
  },
  {
    "name": "樹",
    "message": "「没想到会被最不想被说的家伙这么说啊」",
    "len": 1
  },
  {
    "name": "電卓",
    "message": "「那是眼瞎了？」",
    "len": 1
  },
  {
    "name": "樹",
    "message": "「啊？什么意思？」",
    "len": 2
  },
  {
    "name": "式子",
    "message": "「那个那个，小电。关于姬子酱……」",
    "len": 2
  },
  {
    "name": "ギズモ",
    "message": "「喵呜！呐，呜喵！」",
    "len": 2
  },
  {
    "name": "樹",
    "message": "「那家伙，对着什么…」",
    "len": 1
  },
  {
    "message": "这时，我注意到姬子猫面前似乎有什么东西。",
    "len": 1
  },
  {
    "name": "樹",
    "message": "「那是…」",
    "len": 1
  },
  {
    "message": "不就是平常一直在打架的螳螂吗…？",
    "len": 1
  },
  {
    "name": "カマキリ？",
    "message": "「你啊…，变化真大啊」",
    "len": 2
  },
  {
    "name": "カマキリ？",
    "message": "「没想到你会变成这副模样。真是出乎意料」",
    "len": 2
  },
  {
    "name": "ギズモ？",
    "message": "「看错了吗？」",
    "len": 3
  },
  {
    "name": "カマキリ",
    "message": "「可笑…气息还是一样的。就算不是我，别人也能认出来吧」",
    "len": 2
  },
  {
    "name": "ギズモ",
    "message": "「那就再好不过了。要是仅凭外表就被认错可就没意思了」",
    "len": 4
  },
  {
    "name": "カマキリ",
    "message": "「确实如此…」",
    "len": 1
  },
  {
    "name": "カマキリ",
    "message": "「但是…你这副模样真的好吗？」",
    "len": 2
  },
  {
    "name": "ギズモ",
    "message": "「这话怎讲？」",
    "len": 1
  },
  {
    "name": "カマキリ",
    "message": "「没有爪子和獠牙，骨架也不一样」",
    "len": 2
  },
  {
    "name": "カマキリ",
    "message": "「虽然不太可能…但你该不会是把手臂给弄丢了吧？」",
    "len": 2
  },
  {
    "name": "ギズモ",
    "message": "「哎呀，不用担心」",
    "len": 1
  },
  {
    "name": "ギズモ",
    "message": "「倒不如说，该担心的是你自己吧」",
    "len": 1
  },
  {
    "name": "カマキリ",
    "message": "「哦…小鬼头变得嚣张了啊」",
    "len": 1
  },
  {
    "name": "ギズモ",
    "message": "「你那镰刀，是不是钝了？」",
    "len": 1
  },
  {
    "name": "カマキリ",
    "message": "「哼…不用你操心」",
    "len": 1
  },
  {
    "name": "ギズモ",
    "message": "「没问题吗？」",
    "len": 1
  },
  {
    "name": "カマキリ",
    "message": "「那就让我用你的身体来确认一下吧」",
    "len": 1
  },
  {
    "name": "ギズモ",
    "message": "「啊…好啊」",
    "len": 1
  },
  {
    "name": "カマキリ",
    "message": "「喝啊！」",
    "len": 1
  },
  {
    "name": "ギズモ",
    "message": "「哈啊！」",
    "len": 1
  },
  {
    "name": "電卓",
    "message": "「两人以势均力敌的气势相撞，然后像是在观察对方的样子拉开了距离」",
    "len": 2
  },
  {
    "name": "カマキリ",
    "message": "「原来如此…看来是不需要担心了」",
    "len": 4
  },
  {
    "name": "ギズモ",
    "message": "「嗯，看来可以了结之前的恩怨了」",
    "len": 1
  },
  {
    "name": "電卓",
    "message": "「两人互相瞪视着。周围弥漫着刺痛皮肤般的紧张气氛」",
    "len": 2
  },
  {
    "name": "式子",
    "message": "「扑通扑通…」",
    "len": 1
  },
  {
    "name": "樹",
    "message": "「…………」",
    "len": 1
  },
  {
    "name": "電卓",
    "message": "「这种僵持状态还要持续多久——」",
    "len": 1
  },
  {
    "name": "ギズモ",
    "message": "「——唔，哈啊啊啊啊！」",
    "len": 1
  },
  {
    "name": "電卓",
    "message": "「就在这么想的瞬间，姬子猫像是被弹出去一样冲了出去」",
    "len": 2
  },
  {
    "name": "カマキリ",
    "message": "「——唔」",
    "len": 1
  },
  {
    "name": "電卓",
    "message": "「绷紧的神经在无意识中发挥作用，险些避开了攻击」",
    "len": 2
  },
  {
    "name": "電卓",
    "message": "「然后在擦肩而过时，白刃发出暗淡的光芒」",
    "len": 2
  },
  {
    "name": "カマキリ",
    "message": "「喝啊啊啊！」",
    "len": 1
  },
  {
    "name": "ギズモ",
    "message": "「啧」",
    "len": 1
  },
  {
    "name": "電卓",
    "message": "「在空中扭转身体，勉强避开了直击。但是——」",
    "len": 3
  },
  {
    "name": "ギズモ",
    "message": "「…………」",
    "len": 1
  },
  {
    "name": "電卓",
    "message": "「几缕头发轻飘飘地在空中飞舞」",
    "len": 2
  },
  {
    "name": "カマキリ",
    "message": "「……看来你还不太习惯操控这具身体啊」",
    "len": 2
  },
  {
    "name": "ギズモ",
    "message": "「……不用手下留情」",
    "len": 1
  },
  {
    "name": "ギズモ",
    "message": "「本来就是我这边的性能更胜一筹」",
    "len": 1
  },
  {
    "name": "カマキリ",
    "message": "「所以才会势均力敌吗？」",
    "len": 1
  },
  {
    "name": "ギズモ",
    "message": "「啊啊……现在是这样」",
    "len": 1
  },
  {
    "name": "ギズモ",
    "message": "「但随着时间推移我会越来越熟练的。到那时候……」",
    "len": 2
  },
  {
    "name": "カマキリ",
    "message": "「那么，会怎么样呢……希望你别被绊倒了」",
    "len": 2
  },
  {
    "name": "カマキリ",
    "message": "「不，是别被鼻子坑了」",
    "len": 1
  },
  {
    "name": "ギズモ",
    "message": "「……是啊。即便到现在，月光依然让我感到隐隐作痛」",
    "len": 2
  },
  {
    "name": "ギズモ",
    "message": "「打倒他，打倒他。打倒你这混蛋。让他跪倒在地。踏着他的尸体前进」",
    "len": 2
  },
  {
    "name": "式子",
    "message": "「呜欸欸……加油啊，小姬……」",
    "len": 2
  },
  {
    "name": "樹",
    "message": "「……那个」",
    "len": 1
  },
  {
    "name": "カマキリ",
    "message": "「那么……就用实力来证明吧」",
    "len": 1
  },
  {
    "name": "ギズモ",
    "message": "「……好啊」",
    "len": 1
  },
  {
    "name": "電卓",
    "message": "「保持着距离，计算着进攻的时机」",
    "len": 2
  },
  {
    "name": "電卓",
    "message": "「紧张感让空气都为之颤抖」",
    "len": 1
  },
  {
    "name": "カマキリ",
    "message": "「——唔」",
    "len": 1
  },
  {
    "name": "電卓",
    "message": "「双脚蓄势待发」",
    "len": 1
  },
  {
    "name": "電卓",
    "message": "「然后——」",
    "len": 1
  },
  {
    "name": "カマキリ",
    "message": "「咿呀啊啊啊！」",
    "len": 1
  },
  {
    "name": "ギズモ",
    "message": "「哈啊啊啊啊！」",
    "len": 1
  },
  {
    "name": "樹",
    "message": "「哈……」",
    "len": 1
  },
  {
    "name": "電卓",
    "message": "「虽然刀刃交错多次，但胜负依然难分难解……」",
    "len": 1
  },
  {
    "name": "式子",
    "message": "「呜呜～，小姬，别输啊……」",
    "len": 2
  },
  {
    "message": "虽然这么说有点那个……嗯，这也太荒唐了吧。",
    "len": 2
  },
  {
    "message": "话说回来，我肚子饿了。",
    "len": 1
  },
  {
    "name": "樹",
    "message": "「喂姬子猫，差不多得了吧。撤退吧」",
    "len": 2
  },
  {
    "name": "カマキリ",
    "message": "「嗯……看来要有人来妨碍我们了啊」",
    "len": 1
  },
  {
    "name": "ギズモ",
    "message": "「时间到了吗……」",
    "len": 1
  },
  {
    "name": "カマキリ",
    "message": "「呵呵，时间过得真快啊。这场胜负，今天就先到此为止吧」",
    "len": 2
  },
  {
    "name": "ギズモ",
    "message": "「……好吧。我既不会逃跑也不会躲藏」",
    "len": 2
  },
  {
    "name": "カマキリ",
    "message": "「……明白了」",
    "len": 1
  },
  {
    "name": "電卓",
    "message": "「两人瞬间对视一眼，嘴角微微上扬」",
    "len": 2
  },
  {
    "name": "電卓",
    "message": "「然后两人背对背离开了战场……」",
    "len": 2
  },
  {
    "name": "式子",
    "message": "「呜欸～，好紧张啊～」",
    "len": 2
  },
  {
    "name": "ギズモ",
    "message": "「嗯？」",
    "len": 1
  },
  {
    "name": "式子",
    "message": "「小姬没受伤真是太好了呢～」",
    "len": 2
  },
  {
    "name": "樹",
    "message": "「不，与其说是受伤……，不就是像平常一样在玩闹吗？」",
    "len": 2
  },
  {
    "name": "電卓",
    "message": "「哼……看来树是没能理解那场战斗的严酷啊」",
    "len": 2
  },
  {
    "name": "樹",
    "message": "「什么严酷不严酷的，你不就是在脑内妄想乱发散吗？」",
    "len": 2
  },
  {
    "name": "電卓",
    "message": "「看来我那充满灵魂的解说对你来说太高深了，你听不懂啊」",
    "len": 2
  },
  {
    "name": "式子",
    "message": "「好啦好啦～妈妈我都明白啦～」",
    "len": 2
  },
  {
    "name": "樹",
    "message": "「哈……是这样吗」",
    "len": 1
  },
  {
    "message": "算了，这两人都是童话国的居民嘛。虽说方向不太一样。",
    "len": 2
  },
  {
    "name": "ギズモ",
    "message": "「喂？树，怎么了？」",
    "len": 1
  },
  {
    "name": "樹",
    "message": "「没，没什么」",
    "len": 1
  },
  {
    "message": "想太多也是白费力气……反而会更饿。",
    "len": 2
  },
  {
    "name": "電卓",
    "message": "「话说回来……树」",
    "len": 1
  },
  {
    "name": "樹",
    "message": "「啊？什么事」",
    "len": 1
  },
  {
    "name": "電卓",
    "message": "「你之前怀疑我闹事什么的吧？」",
    "len": 2
  },
  {
    "name": "電卓",
    "message": "「明明事实并非如此，你却连道歉都没有」",
    "len": 2
  },
  {
    "name": "樹",
    "message": "「那是因为……你平时就很可疑啊」",
    "len": 2
  },
  {
    "name": "電卓",
    "message": "「哈啊？就因为可疑就可以随便怀疑别人吗？」",
    "len": 2
  },
  {
    "name": "電卓",
    "message": "「怀疑了别人，却连句道歉都没有，我觉得这可不行啊」",
    "len": 2
  },
  {
    "name": "樹",
    "message": "「这个……」",
    "len": 1
  },
  {
    "name": "式子",
    "message": "「不行哦，树君」",
    "len": 1
  },
  {
    "name": "式子",
    "message": "「明明爸爸没有做错，树君却怀疑了他」",
    "len": 2
  },
  {
    "name": "式子",
    "message": "「不好好道歉的话，要受罚哦」",
    "len": 3
  },
  {
    "name": "樹",
    "message": "「……唔」",
    "len": 1
  },
  {
    "name": "電卓",
    "message": "「嗯嗯？怎么了啊～？」",
    "len": 1
  },
  {
    "name": "樹",
    "message": "「该死……」",
    "len": 1
  },
  {
    "name": "式子",
    "message": "「喂～，树君？」",
    "len": 1
  },
  {
    "name": "樹",
    "message": "「啧……是我不对」",
    "len": 1
  },
  {
    "name": "電卓",
    "message": "「嗯～？你说什么～？」",
    "len": 1
  },
  {
    "name": "樹",
    "message": "「我说了，是我不对啊！」",
    "len": 1
  },
  {
    "name": "電卓",
    "message": "「呵呵呵，行吧。我可是很宽宏大量的哦」",
    "len": 2
  },
  {
    "message": "可恶……为什么是我。这个仇我迟早要报……。",
    "len": 2
  },
  {
    "name": "式子",
    "message": "「诶嘿嘿～，树君，好好道歉了呢～」",
    "len": 2
  },
  {
    "name": "式子",
    "message": "「真棒真棒。真是个好孩子呢～」",
    "len": 1
  },
  {
    "name": "樹",
    "message": "「…………」",
    "len": 1
  },
  {
    "message": "虽然被当成小孩子对待有点不爽，但我能感觉到自己渐渐平静下来了。",
    "len": 2
  },
  {
    "message": "嘛，在这种时候原谅对方才是成年人该做的。",
    "len": 2
  },
  {
    "name": "ギズモ",
    "message": "「喵～」",
    "len": 1
  },
  {
    "name": "式子",
    "message": "「小姬也辛苦啦～。你刚才真帅气哦～」",
    "len": 2
  },
  {
    "name": "ギズモ",
    "message": "「喵」",
    "len": 1
  },
  {
    "name": "樹",
    "message": "「……姬子猫，别在屋里闹腾」",
    "len": 2
  },
  {
    "name": "ギズモ",
    "message": "「喵？」",
    "len": 1
  },
  {
    "name": "樹",
    "message": "「……算了」",
    "len": 1
  },
  {
    "message": "偶尔也得让它运动运动啊。",
    "len": 1
  },
  {
    "name": "樹",
    "message": "「不过啊，那只螳螂到底是从哪儿进来的？」",
    "len": 2
  },
  {
    "name": "樹",
    "message": "「看起来也不像是为了取暖才进来的」",
    "len": 1
  },
  {
    "message": "昆虫不是不冬眠的吗？",
    "len": 1
  },
  {
    "name": "式子",
    "message": "「嗯～。会不会是跟着房间里的蔬菜一起进来的呢～？」",
    "len": 2
  },
  {
    "name": "樹",
    "message": "「就算是这样，也不可能跑到这里来吧」",
    "len": 1
  },
  {
    "message": "夏天倒还好说，冬天可没有全开窗户的道理。",
    "len": 2
  },
  {
    "name": "樹",
    "message": "「姬子猫，是你带进来的吗？」",
    "len": 1
  },
  {
    "name": "ギズモ",
    "message": "「喵。不是，螳螂在」",
    "len": 1
  },
  {
    "name": "ギズモ",
    "message": "「姬子猫，抓住。树树，开心」",
    "len": 2
  },
  {
    "name": "式子",
    "message": "「是这样吗～？」",
    "len": 1
  },
  {
    "name": "樹",
    "message": "「这个嘛……」",
    "len": 1
  },
  {
    "message": "猫咪抓猎物回来，是为了让主人高兴来着？",
    "len": 2
  },
  {
    "message": "不过对猫来说，人类只不过是同居人罢了。",
    "len": 1
  },
  {
    "message": "为了狩猎技术差劲的人类，好心分享猎物给我们……之类的。",
    "len": 2
  },
  {
    "name": "式子",
    "message": "「那么，果然是姬子酱带来的吗？」",
    "len": 2
  },
  {
    "name": "ギズモ",
    "message": "「喵？」",
    "len": 1
  },
  {
    "name": "樹",
    "message": "「嗯～，看来完全的意思沟通还是有难度啊……？」",
    "len": 2
  },
  {
    "name": "ギズモ",
    "message": "「树树，开心吗？」",
    "len": 1
  },
  {
    "name": "電卓",
    "message": "「要抓的话就抓蝗虫啊。螳螂这种根本吃不了」",
    "len": 2
  },
  {
    "name": "樹",
    "message": "「蝗虫也不吃啊」",
    "len": 1
  },
  {
    "name": "式子",
    "message": "「是、是啊……」",
    "len": 1
  },
  {
    "name": "ギズモ",
    "message": "「喵？」",
    "len": 1
  },
  {
    "name": "樹",
    "message": "「姬子倒是可能会吃呢……」",
    "len": 1
  },
  {
    "name": "電卓",
    "message": "「啊？谁都别想抢走！」",
    "len": 1
  },
  {
    "name": "樹",
    "message": "「所以说不吃啦。再说这附近应该也没有蝗虫吧」",
    "len": 2
  },
  {
    "name": "樹",
    "message": "「话说回来，螳螂本身在这里也很少见啊……」",
    "len": 2
  },
  {
    "name": "式子",
    "message": "「可是可是～，和螳螂战斗什么的好厉害啊～」",
    "len": 2
  },
  {
    "name": "樹",
    "message": "「厉害吗……？」",
    "len": 1
  },
  {
    "name": "電卓",
    "message": "「没错，这手法值得表扬」",
    "len": 1
  },
  {
    "name": "樹",
    "message": "「你他妈算老几啊」",
    "len": 1
  },
  {
    "name": "電卓",
    "message": "「嘛，虽说抓到那只螳螂的是我啦」",
    "len": 2
  },
  {
    "name": "樹",
    "message": "「果然都是你这混蛋搞出来的吧！！」",
    "len": 1
  },
  {
    "name": "電卓",
    "message": "「好啦好啦，我先回房间咯」",
    "len": 2
  },
  {
    "name": "樹",
    "message": "「喂！给我站住！」",
    "len": 1
  },
  {
    "name": "式子",
    "message": "「啊，啊哈哈～，我去准备晚饭吧～」",
    "len": 2
  },
  {
    "name": "ギズモ",
    "message": "「呜喵，饭饭。树，肉肉」",
    "len": 2
  },
  {
    "name": "樹",
    "message": "「妈的……你给我等着」",
    "len": 1
  },
  {
    "message": "可恶……本来还想道歉的。",
    "len": 1
  },
  {
    "message": "那混蛋的饭就别准备了。",
    "len": 1
  }
]