[
  {
    "name": "声",
    "message": "「树……」",
    "len": 1
  },
  {
    "message": "什、么……？",
    "len": 1
  },
  {
    "name": "声",
    "message": "「树，起床……」",
    "len": 1
  },
  {
    "message": "这声音……是姬子猫吗？",
    "len": 1
  },
  {
    "name": "声",
    "message": "「呜喵～树～」",
    "len": 1
  },
  {
    "message": "我还想睡觉呢……啊～周日早上被叫醒的爸爸，就是这种感觉吗……",
    "len": 3
  },
  {
    "name": "声",
    "message": "「树～树～」",
    "len": 1
  },
  {
    "name": "樹",
    "message": "「嗯嗯……」",
    "len": 1
  },
  {
    "name": "声",
    "message": "「树，起床啦～」",
    "len": 1
  },
  {
    "name": "樹",
    "message": "「诶……」",
    "len": 1
  },
  {
    "name": "ギズモ",
    "message": "「树，起床啦」",
    "len": 1
  },
  {
    "name": "樹",
    "message": "「——嗯！？」",
    "len": 1
  },
  {
    "name": "樹",
    "message": "「……啊，好痛……」",
    "len": 1
  },
  {
    "name": "ギズモ",
    "message": "「树，疼吗？」",
    "len": 1
  },
  {
    "name": "樹",
    "message": "「嗯……啊，嗯……」",
    "len": 1
  },
  {
    "message": "虽然被吓了一跳，但疼痛并不算什么。",
    "len": 1
  },
  {
    "message": "多亏如此，我彻底清醒了。",
    "len": 1
  },
  {
    "name": "ギズモ",
    "message": "「树，起床。准备——」",
    "len": 1
  },
  {
    "name": "樹",
    "message": "「准备……准备什么？」",
    "len": 1
  },
  {
    "name": "ギズモ",
    "message": "「喵～，呜～，出门，一个人，喵～」",
    "len": 2
  },
  {
    "name": "樹",
    "message": "「呃……什么出去了？」",
    "len": 1
  },
  {
    "name": "ギズモ",
    "message": "「呼咕～，一个人，出去了。　冷，呼～」",
    "len": 2
  },
  {
    "name": "樹",
    "message": "「是挺冷的……。　呃啊，居然是深夜」",
    "len": 2
  },
  {
    "name": "樹",
    "message": "「为什么要在这种时候叫醒我啊……」",
    "len": 1
  },
  {
    "name": "ギズモ",
    "message": "「喵～，一个人，不行。　树，一起」",
    "len": 2
  },
  {
    "name": "樹",
    "message": "「……该不会是，不能一个人睡觉吧？」",
    "len": 2
  },
  {
    "name": "ギズモ",
    "message": "「嗯？」",
    "len": 1
  },
  {
    "name": "樹",
    "message": "「……不，如果不是的话就算了」",
    "len": 1
  },
  {
    "message": "应该也不是想让我陪她玩吧。",
    "len": 1
  },
  {
    "name": "ギズモ",
    "message": "「树，怎么了？」",
    "len": 1
  },
  {
    "name": "樹",
    "message": "「那反倒是我想问的事情……」",
    "len": 2
  },
  {
    "name": "ギズモ",
    "message": "「呜嗯……出去了」",
    "len": 1
  },
  {
    "name": "樹",
    "message": "「既然说是出去了，那就是之前在家里吧……」",
    "len": 2
  },
  {
    "name": "樹",
    "message": "「而且，你还说是一个人……」",
    "len": 1
  },
  {
    "name": "ギズモ",
    "message": "「喵呜」",
    "len": 1
  },
  {
    "name": "樹",
    "message": "「…………」",
    "len": 1
  },
  {
    "name": "樹",
    "message": "「喂，姬子猫，那个人不会是式子桑吧？」",
    "len": 2
  },
  {
    "name": "ギズモ",
    "message": "「不是啊」",
    "len": 1
  },
  {
    "name": "樹",
    "message": "「那么，是结衣姐？」",
    "len": 1
  },
  {
    "name": "ギズモ",
    "message": "「呜～，呜嗯……」",
    "len": 1
  },
  {
    "name": "ギズモ",
    "message": "「结……衣。结衣」",
    "len": 1
  },
  {
    "name": "ギズモ",
    "message": "「呜啊，结衣，结衣」",
    "len": 1
  },
  {
    "name": "ギズモ",
    "message": "「结衣，出去了。咔嗒，砰。哼」",
    "len": 2
  },
  {
    "name": "樹",
    "message": "「出去了……是吗」",
    "len": 1
  },
  {
    "message": "我不确定那个『出去了』的表达到底有多准确。",
    "len": 2
  },
  {
    "message": "我想应该不是『离家出走』之类的……",
    "len": 1
  },
  {
    "name": "樹",
    "message": "「喂姬子猫，结衣姐带着什么东西吗？」",
    "len": 2
  },
  {
    "name": "ギズモ",
    "message": "「啥？」",
    "len": 1
  },
  {
    "name": "樹",
    "message": "「行李啊。比如包或者袋子之类的」",
    "len": 2
  },
  {
    "name": "ギズモ",
    "message": "「没带啥」",
    "len": 1
  },
  {
    "name": "樹",
    "message": "「嗯……那就放心了」",
    "len": 1
  },
  {
    "message": "本来就不像是会离家出走的人。",
    "len": 1
  },
  {
    "name": "樹",
    "message": "「但是，也不能因此就完全放心啊……」",
    "len": 1
  },
  {
    "message": "大概能猜到她去了哪里。",
    "len": 1
  },
  {
    "message": "河边……或者公园吧。",
    "len": 1
  },
  {
    "message": "除此之外结衣姐可能去的地方就只有Quare了，不过现在应该不用考虑那里。",
    "len": 2
  },
  {
    "message": "原因……我大概也明白。",
    "len": 1
  },
  {
    "name": "樹",
    "message": "「嗯，我准备一下，你等等我」",
    "len": 1
  },
  {
    "name": "ギズモ",
    "message": "「喵？」",
    "len": 1
  },
  {
    "name": "樹",
    "message": "「别喵了……」",
    "len": 1
  },
  {
    "name": "ギズモ",
    "message": "「盯～～～」",
    "len": 1
  },
  {
    "name": "樹",
    "message": "「那个……我要换衣服了，你能出去一下吗？」",
    "len": 2
  },
  {
    "name": "ギズモ",
    "message": "「……喵？」",
    "len": 1
  },
  {
    "name": "樹",
    "message": "「总之，你先在房间外面等一下就行」",
    "len": 2
  },
  {
    "name": "ギズモ",
    "message": "「明白喵」",
    "len": 1
  },
  {
    "message": "姬子猫大幅点头后，乖乖地走出了房间。",
    "len": 1
  },
  {
    "message": "不过，这并不是出于女孩子的羞耻心，也不是遵循一般常识的行为。",
    "len": 2
  },
  {
    "message": "刚才那样做，只是因为我说了……",
    "len": 1
  },
  {
    "name": "樹",
    "message": "「这些事情，也得慢慢教她啊……」",
    "len": 2
  },
  {
    "name": "樹",
    "message": "「「让她变成人类」……吗。原来是这个意思啊……」",
    "len": 2
  },
  {
    "name": "樹",
    "message": "「反而感觉更像是在养育孩子啊……」",
    "len": 1
  },
  {
    "message": "不过，实际上确实如此。从猫变成人，从零开始成长……",
    "len": 2
  },
  {
    "name": "樹",
    "message": "「说起来……之前是被舔醒的，今天却是普通地摇醒我……」",
    "len": 2
  },
  {
    "name": "樹",
    "message": "「果然，姬子猫也在成长啊……」",
    "len": 2
  },
  {
    "name": "樹",
    "message": "「如果就这样继续成长下去的话……」",
    "len": 1
  },
  {
    "message": "总有一天会变成普通的女孩子——",
    "len": 1
  },
  {
    "name": "樹",
    "message": "「……别想了别想了。得赶紧换衣服」",
    "len": 2
  },
  {
    "message": "不能让姬子猫等太久，还得赶紧去追结衣姐姐呢。",
    "len": 2
  },
  {
    "name": "樹",
    "message": "「呜～，果然晚上还是很冷啊……」",
    "len": 1
  },
  {
    "name": "ギズモ",
    "message": "「树树，这边，这边」",
    "len": 1
  },
  {
    "name": "樹",
    "message": "「你知道她往哪个方向去了吗？」",
    "len": 1
  },
  {
    "name": "ギズモ",
    "message": "「知道。这边，结衣，去了」",
    "len": 2
  },
  {
    "name": "樹",
    "message": "「那可真帮大忙了。虽然我能猜到大概位置，但还是不想白跑一趟」",
    "len": 2
  },
  {
    "name": "樹",
    "message": "「话说回来，仔细想想你这身衣服，还真是奇怪啊……」",
    "len": 2
  },
  {
    "name": "ギズモ",
    "message": "「嗯？树树，奇怪表情」",
    "len": 1
  },
  {
    "name": "樹",
    "message": "「嘛……只要不被人发现就没问题吧」",
    "len": 1
  },
  {
    "name": "樹",
    "message": "「要是被带去警察局可就麻烦了」",
    "len": 1
  },
  {
    "name": "樹",
    "message": "「就算不是那样，也很容易被误会成什么奇怪的play」",
    "len": 2
  },
  {
    "name": "ギズモ",
    "message": "「嗯？树树，喜欢play吗？」",
    "len": 1
  },
  {
    "name": "樹",
    "message": "「……没什么」",
    "len": 1
  },
  {
    "name": "ギズモ",
    "message": "「呜？」",
    "len": 1
  },
  {
    "name": "ギズモ",
    "message": "「这边，结衣，在」",
    "len": 1
  },
  {
    "name": "樹",
    "message": "「嗯……那我们就往这边走吧」",
    "len": 1
  },
  {
    "name": "ギズモ",
    "message": "「呜？为什么呀？」",
    "len": 1
  },
  {
    "name": "樹",
    "message": "「被发现的话会有点麻烦……」",
    "len": 1
  },
  {
    "name": "ギズモ",
    "message": "「呼？」",
    "len": 1
  },
  {
    "message": "我带着一脸疑惑歪着头的姬子猫，躲进了一处小灌木丛中。",
    "len": 2
  },
  {
    "message": "多亏刚才走了一段路，身体已经暖和了不少。",
    "len": 2
  },
  {
    "message": "不如说，姬子猫简直就是个活体暖宝宝。",
    "len": 1
  },
  {
    "name": "ギズモ",
    "message": "「呜～，暖烘烘～」",
    "len": 2
  },
  {
    "message": "姬子猫看起来也暖和了，真是太好了。",
    "len": 1
  },
  {
    "name": "樹",
    "message": "「那么，结衣姐姐在哪呢……」",
    "len": 1
  },
  {
    "message": "之前她应该在这附近的——",
    "len": 1
  },
  {
    "name": "ギズモ",
    "message": "「树，找到啦啦」",
    "len": 1
  },
  {
    "name": "樹",
    "message": "「虽然你帮我找到了很感谢，但能不能稍微小声点」",
    "len": 2
  },
  {
    "name": "ギズモ",
    "message": "「嗯」",
    "len": 1
  },
  {
    "message": "确认姬子猫点头后，我慢慢地把手从她嘴上移开。",
    "len": 2
  },
  {
    "name": "ギズモ",
    "message": "「呼～」",
    "len": 1
  },
  {
    "message": "视线边缘是像打哈欠一样张开嘴的姬子猫。我的目光转向她所指的方向。",
    "len": 2
  },
  {
    "message": "好吧，虽然找到结衣姐姐了……",
    "len": 1
  },
  {
    "message": "看来她还是像之前一样，在翻找着废品。",
    "len": 2
  },
  {
    "name": "結衣",
    "message": "「…………」",
    "len": 1
  },
  {
    "message": "她好像在嘟囔着什么……多亏周围很安静，我勉强能听到一些。",
    "len": 2
  },
  {
    "name": "結衣",
    "message": "「……不是这个。这个也不行。这个也不对……」",
    "len": 2
  },
  {
    "message": "看来她想找的东西一时半会儿找不到的样子。",
    "len": 2
  },
  {
    "message": "虽然在我看来这些东西都一样……",
    "len": 1
  },
  {
    "message": "结衣姐姐想要的到底是什么样的东西呢？",
    "len": 2
  },
  {
    "message": "房间里有的是……",
    "len": 1
  },
  {
    "name": "樹",
    "message": "「…………」",
    "len": 1
  },
  {
    "message": "……不行，太杂乱了，完全猜不出来。",
    "len": 2
  },
  {
    "name": "結衣",
    "message": "「哦……」",
    "len": 1
  },
  {
    "message": "嗯？她是不是找到什么了？",
    "len": 1
  },
  {
    "name": "結衣",
    "message": "「这个……是给琴子的吧」",
    "len": 2
  },
  {
    "message": "不行不行不行，那可不行啊！虽然不知道你捡到了什么！",
    "len": 2
  },
  {
    "name": "ギズモ",
    "message": "「？？？」",
    "len": 1
  },
  {
    "name": "結衣",
    "message": "「唉……东西太多了」",
    "len": 1
  },
  {
    "name": "結衣",
    "message": "「明明每一件都寄托着人们的心意……」",
    "len": 2
  },
  {
    "name": "結衣",
    "message": "「明明每一件被制造出来时都有它的使命……」",
    "len": 1
  },
  {
    "name": "結衣",
    "message": "「如今，却连它们的存在都被遗忘了」",
    "len": 1
  },
  {
    "name": "結衣",
    "message": "「就连曾经驰骋天空、披戴耀眼光芒的这个，现在也被弃置一旁了」",
    "len": 3
  },
  {
    "name": "結衣",
    "message": "「只能等待它们腐朽殆尽了」",
    "len": 1
  },
  {
    "name": "結衣",
    "message": "「失去光泽，回归大地，化为灰烬」",
    "len": 2
  },
  {
    "message": "我缓缓地将手伸到前方。",
    "len": 1
  },
  {
    "name": "樹",
    "message": "「……嗯？」",
    "len": 1
  },
  {
    "message": "刚才那是……什么？",
    "len": 1
  },
  {
    "message": "好像有什么东西闪了一下……",
    "len": 1
  },
  {
    "name": "結衣",
    "message": "「呵呵……」",
    "len": 1
  },
  {
    "message": "我不知道发生了什么。",
    "len": 1
  },
  {
    "message": "结衣姐满意地点点头，脸上浮现出笑容。",
    "len": 1
  },
  {
    "message": "她的侧脸，真的很美。",
    "len": 1
  },
  {
    "message": "幻想而神秘……让人感觉不到人性。",
    "len": 1
  },
  {
    "message": "就像是在看一尊雕像的微笑——",
    "len": 1
  },
  {
    "name": "樹",
    "message": "「…………」",
    "len": 1
  },
  {
    "name": "ギズモ",
    "message": "「树树，怎么了？」",
    "len": 1
  },
  {
    "name": "樹",
    "message": "「没什么……不是什么大事」",
    "len": 1
  },
  {
    "message": "我再次意识到自己和结衣姐是不同的。",
    "len": 2
  },
  {
    "message": "虽说是家人但毕竟是外人，我知道我们不一样……",
    "len": 1
  },
  {
    "name": "ギズモ",
    "message": "「？？？」",
    "len": 1
  },
  {
    "name": "樹",
    "message": "「……差不多该回去了吧」",
    "len": 1
  },
  {
    "name": "ギズモ",
    "message": "「喵？要把结衣带回去吗？」",
    "len": 2
  },
  {
    "name": "樹",
    "message": "「不，我们两个一起回去吧。结衣姐她……」",
    "len": 2
  },
  {
    "name": "樹",
    "message": "「嗯……应该还会在那里待一会儿吧」",
    "len": 1
  },
  {
    "name": "ギズモ",
    "message": "「唔……结衣，没事吧？」",
    "len": 2
  },
  {
    "name": "樹",
    "message": "「……没事的。如果她回来太晚的话，我再去接她」",
    "len": 2
  },
  {
    "name": "ギズモ",
    "message": "「知道啦」",
    "len": 1
  },
  {
    "message": "我只回头看了一眼，然后慢慢地离开了那个地方。",
    "len": 1
  },
  {
    "message": "对那个结衣姐……",
    "len": 1
  },
  {
    "message": "对现在的结衣姐，我不知道该说些什么好。",
    "len": 2
  },
  {
    "message": "因为她的侧脸……看起来很寂寞。",
    "len": 1
  },
  {
    "message": "因为她露出了那么虚幻，我从未见过的表情。",
    "len": 1
  }
]