[
  {
    "name": "樹",
    "message": "「呼……累死了」",
    "len": 1
  },
  {
    "message": "是因为做了不习惯的事吗？身体异常沉重。",
    "len": 2
  },
  {
    "message": "话说，昨天的疲劳也在影响着我啊……",
    "len": 1
  },
  {
    "name": "樹",
    "message": "「啊——真想就这样睡过去……」",
    "len": 1
  },
  {
    "name": "結衣",
    "message": "「睡觉倒是无所谓，不过能不能往边上挪一挪」",
    "len": 1
  },
  {
    "name": "樹",
    "message": "「啊……结衣姐」",
    "len": 1
  },
  {
    "name": "結衣",
    "message": "「那里是结衣的特等席哦。看电视最舒服的位置，让开点」",
    "len": 2
  },
  {
    "name": "樹",
    "message": "「啊……嗯」",
    "len": 1
  },
  {
    "message": "我坐起身子往旁边挪了挪，她立即坐进了空出来的位置。",
    "len": 2
  },
  {
    "name": "結衣",
    "message": "「哦，还暖乎乎的呢」",
    "len": 1
  },
  {
    "name": "結衣",
    "message": "「这就是那个啊。'殿下，我已经为您暖好了～'之类的吧」",
    "len": 2
  },
  {
    "name": "樹",
    "message": "「那个不是……」",
    "len": 1
  },
  {
    "name": "結衣",
    "message": "「这就是树的体温啊。嘿嘿，还不错」",
    "len": 2
  },
  {
    "name": "樹",
    "message": "「……唔」",
    "len": 1
  },
  {
    "name": "結衣",
    "message": "「哦？怎么了树。难道是害羞了？」",
    "len": 2
  },
  {
    "name": "樹",
    "message": "「倒也不是……」",
    "len": 1
  },
  {
    "name": "結衣",
    "message": "「真可爱啊你。怎么样，要不要姐姐给你膝枕啊？」",
    "len": 2
  },
  {
    "name": "樹",
    "message": "「我就免了吧」",
    "len": 1
  },
  {
    "name": "結衣",
    "message": "「呜呜……居然这么干脆地拒绝……」",
    "len": 2
  },
  {
    "name": "結衣",
    "message": "「树是讨厌结衣吧……」",
    "len": 1
  },
  {
    "name": "樹",
    "message": "「也不是那样……话说，你不是来看电视的吗？」",
    "len": 2
  },
  {
    "name": "結衣",
    "message": "「哎呀，看电视只是顺便的，无所谓啦」",
    "len": 1
  },
  {
    "name": "樹",
    "message": "「啊？」",
    "len": 1
  },
  {
    "name": "結衣",
    "message": "「嗯——算了算了」",
    "len": 1
  },
  {
    "message": "虽然不太明白，但既然结衣姐满意了那就行吧。",
    "len": 2
  },
  {
    "name": "結衣",
    "message": "「…………」",
    "len": 1
  },
  {
    "message": "打开电视，呆呆地盯着流动的画面。",
    "len": 1
  },
  {
    "message": "看样子她也没什么特别想看的节目。只是随意地换着频道。",
    "len": 2
  },
  {
    "name": "結衣",
    "message": "「嗯——」",
    "len": 1
  },
  {
    "name": "結衣",
    "message": "「啊——」",
    "len": 1
  },
  {
    "name": "結衣",
    "message": "「哦——」",
    "len": 1
  },
  {
    "message": "希望她能停止发出这种奇怪的声音看电视……",
    "len": 1
  },
  {
    "message": "我感觉她作为女性的某些特质正在哗啦啦地崩塌。",
    "len": 2
  },
  {
    "message": "虽然这样反而让我松了口气。",
    "len": 1
  },
  {
    "message": "昨晚的事还没解决，我不想再多想其他的了。",
    "len": 2
  },
  {
    "name": "結衣",
    "message": "「怎么了？你在发呆啊」",
    "len": 1
  },
  {
    "name": "樹",
    "message": "「啊……」",
    "len": 1
  },
  {
    "name": "結衣",
    "message": "「难道是被结衣的美貌迷住了？」",
    "len": 1
  },
  {
    "name": "樹",
    "message": "「不，倒也不是」",
    "len": 1
  },
  {
    "name": "結衣",
    "message": "「哼……听你这么说我很不爽啊」",
    "len": 1
  },
  {
    "name": "樹",
    "message": "「如果我说「看呆了」呢？」",
    "len": 1
  },
  {
    "name": "結衣",
    "message": "「那就收费」",
    "len": 1
  },
  {
    "name": "樹",
    "message": "「喂喂，这不是很奇怪吗？」",
    "len": 1
  },
  {
    "name": "結衣",
    "message": "「没什么奇怪的。电视上那些家伙不也是靠这个赚钱的吗？」",
    "len": 3
  },
  {
    "name": "樹",
    "message": "「那是因为那是他们的工作吧？」",
    "len": 1
  },
  {
    "name": "結衣",
    "message": "「所以结衣也要做同样的事。来，掏钱」",
    "len": 2
  },
  {
    "name": "樹",
    "message": "「与其说是工作，倒不如说是敲诈勒索啊」",
    "len": 1
  },
  {
    "name": "結衣",
    "message": "「这有什么问题。我的美貌让你想掏钱不是吗？」",
    "len": 2
  },
  {
    "name": "樹",
    "message": "「我觉得自己说出这种话才是问题所在」",
    "len": 1
  },
  {
    "name": "結衣",
    "message": "「你说什么！？要不咱们出去谈谈？」",
    "len": 3
  },
  {
    "name": "樹",
    "message": "「对不起，太冷了实在不行……」",
    "len": 1
  },
  {
    "name": "結衣",
    "message": "「哈？你这家伙真没用」",
    "len": 1
  },
  {
    "name": "結衣",
    "message": "「再不争气点的话，可配不上结衣哦」",
    "len": 2
  },
  {
    "name": "樹",
    "message": "「虽然不明白为什么非得是结衣姐，但现在我真没那个心情……」",
    "len": 2
  },
  {
    "message": "虽然我不否认结衣姐很漂亮，",
    "len": 1
  },
  {
    "name": "結衣",
    "message": "「那你现在是什么心情？」",
    "len": 1
  },
  {
    "name": "樹",
    "message": "「就是那种，颓废的感觉？」",
    "len": 1
  },
  {
    "name": "結衣",
    "message": "「原来如此，你这是抑郁了啊」",
    "len": 2
  },
  {
    "name": "結衣",
    "message": "「哈哈哈，你可真会说笑」",
    "len": 1
  },
  {
    "name": "樹",
    "message": "「我可不想自己说完还被笑话。我一点这种想法都没有」",
    "len": 2
  },
  {
    "name": "結衣",
    "message": "「那么，你为什么会抑郁呢？」",
    "len": 1
  },
  {
    "name": "樹",
    "message": "「结衣姐啊，你好像不太爱听别人说话呢？」",
    "len": 2
  },
  {
    "name": "結衣",
    "message": "「我在听啊。就是因为树在烦恼，我才这样给你出谋划策的啊？」",
    "len": 3
  },
  {
    "name": "樹",
    "message": "「原来是在出谋划策啊……」",
    "len": 1
  },
  {
    "name": "結衣",
    "message": "「怎么样，我是个好姐姐吧？」",
    "len": 1
  },
  {
    "name": "樹",
    "message": "「所以说你这种自己说出来的地方就……」",
    "len": 1
  },
  {
    "name": "結衣",
    "message": "「高兴得都要哭出来了吧？」",
    "len": 1
  },
  {
    "name": "樹",
    "message": "「我可没哭……」",
    "len": 1
  },
  {
    "name": "結衣",
    "message": "「忍不住想给我送礼物了吧？」",
    "len": 1
  },
  {
    "name": "樹",
    "message": "「……啊？」",
    "len": 1
  },
  {
    "name": "結衣",
    "message": "「哎呀，是不是操之过急了……」",
    "len": 1
  },
  {
    "name": "樹",
    "message": "「那个……结衣姐？」",
    "len": 1
  },
  {
    "name": "結衣",
    "message": "「好啦好啦，现在在干什么呢～」",
    "len": 2
  },
  {
    "name": "樹",
    "message": "「…………」",
    "len": 1
  },
  {
    "message": "虽然不太明白……但正因为不明白，才显得特别可疑。",
    "len": 2
  },
  {
    "message": "结衣姐平时就经常做些让人摸不着头脑的事，但今天的结衣姐尤其可疑。",
    "len": 2
  },
  {
    "message": "要是她还在翻捡垃圾的话，那反而更容易理解一些。",
    "len": 2
  },
  {
    "name": "結衣",
    "message": "「嗯～」",
    "len": 1
  },
  {
    "message": "她一边换着频道（已经是第三轮了），一边用余光瞥向这边。",
    "len": 2
  },
  {
    "name": "樹",
    "message": "「呃～那个……」",
    "len": 1
  },
  {
    "message": "感觉有种奇怪的压力。是不是该说点什么……？",
    "len": 2
  },
  {
    "name": "樹",
    "message": "「……结衣姐」",
    "len": 1
  },
  {
    "name": "結衣",
    "message": "「嗯？怎么了？」",
    "len": 1
  },
  {
    "name": "樹",
    "message": "「要是没有想看的节目的话，不如关掉电视吧？」",
    "len": 1
  },
  {
    "name": "結衣",
    "message": "「树……」",
    "len": 1
  },
  {
    "name": "結衣",
    "message": "「你这家伙，真是坏心眼啊……」",
    "len": 1
  },
  {
    "name": "樹",
    "message": "「啊？什么坏心眼……」",
    "len": 1
  },
  {
    "name": "結衣",
    "message": "「好好想想！现在是几月？」",
    "len": 2
  },
  {
    "name": "樹",
    "message": "「……十二月啊」",
    "len": 1
  },
  {
    "name": "結衣",
    "message": "「没错，是十二月！那接下来会有什么？」",
    "len": 2
  },
  {
    "name": "樹",
    "message": "「呃……」",
    "len": 1
  },
  {
    "message": "也不是结衣姐的生日。难道有什么特别的活动吗？",
    "len": 2
  },
  {
    "name": "テレビの音声",
    "message": "「——你看，多漂亮的彩灯啊」",
    "len": 2
  },
  {
    "name": "テレビの音声",
    "message": "「车站前一片圣诞气氛呢～」",
    "len": 1
  },
  {
    "name": "樹",
    "message": "「啊……，说起来，已经到圣诞节了啊……」",
    "len": 2
  },
  {
    "message": "我完全忘记了……",
    "len": 1
  },
  {
    "name": "結衣",
    "message": "「呵呵……」",
    "len": 1
  },
  {
    "message": "啊……好像踩到什么了。",
    "len": 1
  },
  {
    "message": "明明答对了，却感觉答对是个错误……",
    "len": 2
  },
  {
    "name": "結衣",
    "message": "「是啊。已经到圣诞节了呢～」",
    "len": 2
  },
  {
    "message": "因为你看，脸上浮现出了讨厌的笑容。",
    "len": 1
  },
  {
    "name": "結衣",
    "message": "「咪哩咪哩圣诞快乐。以前可是很期待圣诞节呢～」",
    "len": 2
  },
  {
    "name": "樹",
    "message": "「是、是啊……」",
    "len": 1
  },
  {
    "name": "結衣",
    "message": "「喂树，说到圣诞节……你会想到什么？」",
    "len": 2
  },
  {
    "name": "樹",
    "message": "「呃……圣诞老人？」",
    "len": 1
  },
  {
    "name": "結衣",
    "message": "「差一点，再往前想想」",
    "len": 1
  },
  {
    "name": "樹",
    "message": "「驯鹿？」",
    "len": 1
  },
  {
    "name": "結衣",
    "message": "「那是往前了。反而离得更远了」",
    "len": 1
  },
  {
    "name": "樹",
    "message": "「驯鹿？」",
    "len": 1
  },
  {
    "name": "結衣",
    "message": "「……你是说加勒比海吗？」",
    "len": 1
  },
  {
    "name": "樹",
    "message": "「不，是驯鹿的同类。生活在加拿大那边」",
    "len": 2
  },
  {
    "name": "結衣",
    "message": "「哦～……喂，那也不对啊」",
    "len": 1
  },
  {
    "name": "樹",
    "message": "「冰屋？」",
    "len": 1
  },
  {
    "name": "結衣",
    "message": "「那是啥啊？我还是头一次听说」",
    "len": 2
  },
  {
    "name": "樹",
    "message": "「是吗？感觉会出现在考试题里呢」",
    "len": 1
  },
  {
    "name": "結衣",
    "message": "「哦～……」",
    "len": 1
  },
  {
    "name": "結衣",
    "message": "「…………」",
    "len": 1
  },
  {
    "name": "結衣",
    "message": "「喂，完全不对吧！」",
    "len": 1
  },
  {
    "name": "結衣",
    "message": "「听好了，说到圣诞节，就是圣诞礼物啊」",
    "len": 2
  },
  {
    "name": "結衣",
    "message": "「这不是常识吗！什么海狸啊！圣诞老人和驯鹿都无关啊！」",
    "len": 3
  },
  {
    "name": "樹",
    "message": "「啊……嗯」",
    "len": 1
  },
  {
    "message": "不，其实我是知道的。",
    "len": 1
  },
  {
    "name": "結衣",
    "message": "「我给你送礼物的权利吧」",
    "len": 1
  },
  {
    "name": "樹",
    "message": "「抱歉，我不明白这个逻辑」",
    "len": 1
  },
  {
    "name": "結衣",
    "message": "「这是刚才你想糊弄结衣的惩罚。不，应该说是奖励才对」",
    "len": 2
  },
  {
    "name": "結衣",
    "message": "「而且这也是送礼物的练习。送礼物时手忙脚乱的话可是很丢脸的哦？」",
    "len": 2
  },
  {
    "name": "樹",
    "message": "「不，我不会买的」",
    "len": 1
  },
  {
    "name": "結衣",
    "message": "「是没有送礼对象吗？那就买给结衣好了」",
    "len": 2
  },
  {
    "name": "樹",
    "message": "「所·以·说，我根本就没钱啊」",
    "len": 1
  },
  {
    "name": "結衣",
    "message": "「哈……你真是个没用的家伙」",
    "len": 1
  },
  {
    "name": "樹",
    "message": "「没钱可不是我的错。有意见就去跟那个白痴说吧」",
    "len": 2
  },
  {
    "name": "結衣",
    "message": "「一点都没有吗？」",
    "len": 1
  },
  {
    "name": "樹",
    "message": "「啊。一毛不剩，完蛋了」",
    "len": 1
  },
  {
    "name": "結衣",
    "message": "「唔……没办法。那就让你帮结衣搬买的东西吧」",
    "len": 2
  },
  {
    "name": "樹",
    "message": "「那不就是单纯的搬运工吗……」",
    "len": 1
  },
  {
    "name": "結衣",
    "message": "「喂，别废话了，走吧」",
    "len": 1
  },
  {
    "name": "樹",
    "message": "「啊？走？你是说现在？」",
    "len": 1
  },
  {
    "name": "結衣",
    "message": "「当然了。机不可失时不再来……是这么说的吧？」",
    "len": 2
  },
  {
    "name": "結衣",
    "message": "「这可是姐姐亲自下的命令」",
    "len": 1
  },
  {
    "name": "樹",
    "message": "「你居然承认是命令了……」",
    "len": 1
  },
  {
    "name": "結衣",
    "message": "「当然，树不会拒绝的吧？」",
    "len": 1
  },
  {
    "name": "樹",
    "message": "「哈……」",
    "len": 1
  },
  {
    "message": "该不会，她只是想让我陪她购物吧……？",
    "len": 2
  },
  {
    "message": "感觉好久没来这里了……",
    "len": 1
  },
  {
    "message": "明明前不久还来过的……为什么会这样呢。",
    "len": 1
  },
  {
    "name": "樹",
    "message": "「难道说我们一直在循环同一段时间，所以才会有这种似曾相识的感觉……」",
    "len": 2
  },
  {
    "name": "樹",
    "message": "「不，说似曾相识好像不太对。毕竟是在重复同样的时间……」",
    "len": 2
  },
  {
    "name": "樹",
    "message": "「那么，要找到摆脱这个循环的方法……」",
    "len": 1
  },
  {
    "name": "結衣",
    "message": "「你在嘀咕什么呢？快点进去了」",
    "len": 2
  },
  {
    "name": "樹",
    "message": "「喂！？别拽我啊」",
    "len": 2
  },
  {
    "name": "結衣",
    "message": "「是树磨磨蹭蹭的不好」",
    "len": 1
  },
  {
    "name": "樹",
    "message": "「我不是说了我自己走吗！」",
    "len": 1
  },
  {
    "name": "結衣",
    "message": "「好嘞，到了」",
    "len": 1
  },
  {
    "name": "樹",
    "message": "「那个啊……别说'好嘞'啊」",
    "len": 1
  },
  {
    "name": "結衣",
    "message": "「嗯？你怎么不高兴了？」",
    "len": 1
  },
  {
    "name": "樹",
    "message": "「还不是因为结衣姐一直拽着我走！」",
    "len": 1
  },
  {
    "name": "結衣",
    "message": "「那是因为你自己不走路吧？还是说，你想让我背你？」",
    "len": 2
  },
  {
    "name": "結衣",
    "message": "「难道你更想骑在我肩上？虽然我觉得各种意义上都有点困难……」",
    "len": 2
  },
  {
    "name": "樹",
    "message": "「我是想自己走啊！」",
    "len": 1
  },
  {
    "name": "樹",
    "message": "「本来就是，被那种速度拽着走，别说走路了，连站都站不起来吧！」",
    "len": 2
  },
  {
    "name": "結衣",
    "message": "「别生气嘛。待会儿给你买冰淇淋」",
    "len": 2
  },
  {
    "name": "樹",
    "message": "「为什么偏偏在这种冷得要死的天买冰淇淋啊……」",
    "len": 2
  },
  {
    "name": "結衣",
    "message": "「我想看树在寒冷中拼命吃冰淇淋的样子」",
    "len": 1
  },
  {
    "name": "樹",
    "message": "「我才不会那么做……」",
    "len": 1
  },
  {
    "name": "結衣",
    "message": "「我想看着树在寒冷中拼命吃冰淇淋的样子，然后抱着肚子大笑」",
    "len": 2
  },
  {
    "name": "樹",
    "message": "「我绝对不会那么做的！」",
    "len": 1
  },
  {
    "name": "結衣",
    "message": "「哎呀，我好不容易想给你买的」",
    "len": 1
  },
  {
    "name": "樹",
    "message": "「那就改天再说吧」",
    "len": 1
  },
  {
    "message": "要买的话，不如来杯热咖啡——",
    "len": 1
  },
  {
    "name": "樹",
    "message": "「……咦？」",
    "len": 1
  },
  {
    "name": "樹",
    "message": "「那个，结衣姐。我有个根本性的疑问」",
    "len": 2
  },
  {
    "name": "結衣",
    "message": "「是在问为什么冬天选冰淇淋吗？因为比夏天不容易融化啊」",
    "len": 2
  },
  {
    "name": "樹",
    "message": "「我对这根本就一点都不好奇」",
    "len": 1
  },
  {
    "name": "樹",
    "message": "「不是这个，我是想问你打算怎么买冰淇淋？」",
    "len": 2
  },
  {
    "name": "結衣",
    "message": "「当然是用钱买啊？」",
    "len": 1
  },
  {
    "name": "樹",
    "message": "「那钱从哪来？你不是说没带钱吗？」",
    "len": 2
  },
  {
    "name": "結衣",
    "message": "「哦，你在担心这个啊」",
    "len": 1
  },
  {
    "name": "樹",
    "message": "「我觉得这是最重要的问题啊……」",
    "len": 1
  },
  {
    "name": "結衣",
    "message": "「那就不用担心了。钱的话我有」",
    "len": 2
  },
  {
    "name": "樹",
    "message": "「……啊？」",
    "len": 1
  },
  {
    "name": "結衣",
    "message": "「别让我重复那么多遍。我有钱，树你不用担心」",
    "len": 2
  },
  {
    "name": "樹",
    "message": "「你有钱……怎么回事？」",
    "len": 1
  },
  {
    "name": "結衣",
    "message": "「啊……有问题吗？」",
    "len": 1
  },
  {
    "name": "樹",
    "message": "「不问清楚原因的话，我也不好说什么」",
    "len": 2
  },
  {
    "name": "樹",
    "message": "「不过……在那之前，我想先问问你刚才为什么要避开我的目光」",
    "len": 2
  },
  {
    "name": "結衣",
    "message": "「没什么特别的理由啊？」",
    "len": 1
  },
  {
    "name": "樹",
    "message": "「那么，那些钱你是怎么弄来的？」",
    "len": 1
  },
  {
    "name": "結衣",
    "message": "「……捡的」",
    "len": 1
  },
  {
    "name": "樹",
    "message": "「再看着我的眼睛说一遍」",
    "len": 1
  },
  {
    "name": "結衣",
    "message": "「让、让我看着你的眼睛什么的……太、太难为情了吧……」",
    "len": 2
  },
  {
    "name": "樹",
    "message": "「……别演戏了。不说的话我就没收了哦？」",
    "len": 2
  },
  {
    "name": "結衣",
    "message": "「凭什么没收啊？这可是结衣的钱啊！」",
    "len": 2
  },
  {
    "name": "樹",
    "message": "「……真的吗？」",
    "len": 1
  },
  {
    "name": "結衣",
    "message": "「嗯，真的」",
    "len": 1
  },
  {
    "name": "樹",
    "message": "「没做什么坏事吧？」",
    "len": 1
  },
  {
    "name": "結衣",
    "message": "「没、没有做！」",
    "len": 1
  },
  {
    "name": "樹",
    "message": "「你这样吞吞吐吐的反而让人更怀疑了……」",
    "len": 1
  },
  {
    "message": "话说回来，过度怀疑也不太好啊……",
    "len": 1
  },
  {
    "name": "樹",
    "message": "「……真的？」",
    "len": 1
  },
  {
    "name": "結衣",
    "message": "「嗯，真的」",
    "len": 1
  },
  {
    "name": "樹",
    "message": "「既然结衣姐你都这么说了，我就相信你吧……」",
    "len": 1
  },
  {
    "name": "結衣",
    "message": "「好好，树是个好弟弟呢。作为奖励，姐姐给你买冰淇淋吃」",
    "len": 2
  },
  {
    "name": "樹",
    "message": "「都说了不用了……」",
    "len": 1
  },
  {
    "name": "樹",
    "message": "「那么？你不是说要我陪你去购物吗……」",
    "len": 2
  },
  {
    "name": "結衣",
    "message": "「啊，是说过呢。所以你才在这里的吧？」",
    "len": 2
  },
  {
    "name": "樹",
    "message": "「不，这个我知道，但是……」",
    "len": 1
  },
  {
    "message": "为了避开结衣姐那种『这家伙在说什么啊』的眼神，我环顾四周。",
    "len": 3
  },
  {
    "name": "樹",
    "message": "「你要买什么？圣诞礼物？」",
    "len": 2
  },
  {
    "name": "結衣",
    "message": "「那也行啊。随便逛逛看再决定就好」",
    "len": 2
  },
  {
    "name": "樹",
    "message": "「……我们不会去那家二手商店吧？」",
    "len": 1
  },
  {
    "name": "結衣",
    "message": "「如果树想去的话，我们可以去哦？」",
    "len": 1
  },
  {
    "name": "樹",
    "message": "「还是算了吧。虽然觉得挺有意思，但今天我没那个心情」",
    "len": 2
  },
  {
    "name": "結衣",
    "message": "「那么，树想去哪里呢？」",
    "len": 1
  },
  {
    "name": "樹",
    "message": "「去哪里啊……来Quare大多数时候只是为了打发时间而已」",
    "len": 2
  },
  {
    "name": "樹",
    "message": "「所以，我从来没有带着特别的目的来过」",
    "len": 1
  },
  {
    "name": "結衣",
    "message": "「真是个没主见的家伙啊……」",
    "len": 1
  },
  {
    "name": "樹",
    "message": "「跟结衣姐比起来是这样。那么，我该怎么办？」",
    "len": 2
  },
  {
    "name": "結衣",
    "message": "「嗯……那今天就买衣服吧。所以去二楼」",
    "len": 2
  },
  {
    "name": "結衣",
    "message": "「我们随便转转看看。如果有看起来不错的店就进去」",
    "len": 2
  },
  {
    "name": "樹",
    "message": "「哦～」",
    "len": 1
  },
  {
    "name": "結衣",
    "message": "「喂，你那是什么眼神？」",
    "len": 1
  },
  {
    "name": "樹",
    "message": "「原来结衣姐也会做普通的购物啊」",
    "len": 1
  },
  {
    "name": "結衣",
    "message": "「喂树，你这话是什么意思？」",
    "len": 1
  },
  {
    "name": "樹",
    "message": "「因为结衣姐总是买一堆莫名其妙的东西回来」",
    "len": 2
  },
  {
    "name": "樹",
    "message": "「比如那个吃熊的鲑鱼摆件，还是铜制的。还有坏掉的手机、拍不了照的数码相机。甚至还有护栏吧？」",
    "len": 3
  },
  {
    "name": "結衣",
    "message": "「啊，确实有」",
    "len": 1
  },
  {
    "name": "樹",
    "message": "「前几天你不是还买了食品模型吗？就是那种放在店门口的」",
    "len": 2
  },
  {
    "name": "結衣",
    "message": "「哦，你还挺清楚嘛」",
    "len": 1
  },
  {
    "name": "樹",
    "message": "「问题不在名字上！关键是不知道有什么用」",
    "len": 2
  },
  {
    "name": "樹",
    "message": "「有钱买食品模型，还不如买些正常的食材回来呢！」",
    "len": 2
  },
  {
    "name": "結衣",
    "message": "「就算你这么说也……没办法吧？因为我想要嘛」",
    "len": 2
  },
  {
    "name": "樹",
    "message": "「就因为想要……你又不是小孩子了……」",
    "len": 2
  },
  {
    "name": "結衣",
    "message": "「你在说什么啊。想要就买不是很正常吗？」",
    "len": 1
  },
  {
    "name": "樹",
    "message": "「就算想要也要忍住啊。乱买东西的话，以后会遇到麻烦的吧？」",
    "len": 2
  },
  {
    "name": "結衣",
    "message": "「没钱的时候我可是在忍耐的哦？」",
    "len": 1
  },
  {
    "name": "樹",
    "message": "「感觉你经常找我要钱啊……」",
    "len": 1
  },
  {
    "name": "結衣",
    "message": "「现在有钱就没问题吧？要是你想要什么的话，我也可以给你买哦？」",
    "len": 2
  },
  {
    "name": "樹",
    "message": "「想要的东西……」",
    "len": 1
  },
  {
    "name": "結衣",
    "message": "「在这里干站着太浪费了。树，我们边走边决定吧」",
    "len": 2
  },
  {
    "name": "樹",
    "message": "「嗯……知道了」",
    "len": 1
  },
  {
    "message": "决定……喂。",
    "len": 1
  },
  {
    "message": "结衣姐姐也真会提出难题啊……",
    "len": 1
  },
  {
    "message": "………",
    "len": 1
  },
  {
    "message": "……",
    "len": 1
  },
  {
    "message": "…",
    "len": 1
  }
]