[
  {
    "message": "我能做些什么——",
    "len": 1
  },
  {
    "message": "就在我思考这些的时候，不知不觉已经过去了相当长的时间。",
    "len": 2
  },
  {
    "name": "樹",
    "message": "「虽然我不讨厌思考，但是这种情况嘛……」",
    "len": 2
  },
  {
    "message": "与其说是思考，不如说是在烦恼。",
    "len": 1
  },
  {
    "message": "今天的事，还有之前的事，在脑海里不停地打转。",
    "len": 1
  },
  {
    "message": "式子桑的事，还有那家伙的事。",
    "len": 1
  },
  {
    "message": "结衣姐的态度，姬子猫的存在，琴子的话语等等。",
    "len": 3
  },
  {
    "name": "ギズモ",
    "message": "「树树，怎么了？」",
    "len": 1
  },
  {
    "name": "樹",
    "message": "「嗯……」",
    "len": 1
  },
  {
    "message": "琴子拜托我的，是要让姬子猫变成人类。",
    "len": 2
  },
  {
    "message": "观察着这个家庭。",
    "len": 1
  },
  {
    "name": "樹",
    "message": "「姬子猫……你想变成人类吗？」",
    "len": 1
  },
  {
    "name": "ギズモ",
    "message": "「喵？」",
    "len": 1
  },
  {
    "name": "樹",
    "message": "「算了，问了你也不会明白吧」",
    "len": 1
  },
  {
    "name": "樹",
    "message": "「毕竟是我擅自把原本是猫的姬子猫变成人的……」",
    "len": 2
  },
  {
    "name": "ギズモ",
    "message": "「树树，脸好怪。喵～抱抱～哈～」",
    "len": 2
  },
  {
    "name": "樹",
    "message": "「哈哈，你这是在干嘛啊」",
    "len": 1
  },
  {
    "name": "ギズモ",
    "message": "「喵？」",
    "len": 1
  },
  {
    "name": "樹",
    "message": "「……没什么，多亏你我精神起来了」",
    "len": 1
  },
  {
    "message": "虽说也不是真的在消沉就是了。",
    "len": 1
  },
  {
    "message": "尽管如此，紧绷的表情还是放松了下来。",
    "len": 1
  },
  {
    "name": "式子",
    "message": "「树～君，我洗完澡啦～」",
    "len": 2
  },
  {
    "name": "樹",
    "message": "「啊……谢谢」",
    "len": 1
  },
  {
    "message": "接下来就去洗个澡，把一切都洗得干干净净吧。",
    "len": 2
  },
  {
    "message": "反正也不是能立刻解决的问题。",
    "len": 1
  },
  {
    "name": "ギズモ",
    "message": "「呜？洗澡？」",
    "len": 1
  },
  {
    "name": "樹",
    "message": "「……突然想到。姬子猫你……洗澡吗？」",
    "len": 2
  },
  {
    "name": "式子",
    "message": "「诶？不知道呢～。妈妈没见过哦～」",
    "len": 2
  },
  {
    "name": "樹",
    "message": "「结衣姐应该不会给她洗吧……。难道是琴子在给她洗？」",
    "len": 2
  },
  {
    "name": "ギズモ",
    "message": "「喵？」",
    "len": 1
  },
  {
    "name": "樹",
    "message": "「喂姬子猫，你知道洗澡是什么吗？」",
    "len": 1
  },
  {
    "name": "ギズモ",
    "message": "「洗澡，知道。搓搓～」",
    "len": 1
  },
  {
    "name": "樹",
    "message": "「啊……原来你知道啊」",
    "len": 1
  },
  {
    "name": "式子",
    "message": "「小姬真聪明呢～」",
    "len": 1
  },
  {
    "name": "ギズモ",
    "message": "「喵，喵」",
    "len": 1
  },
  {
    "name": "樹",
    "message": "「那么姬子猫，第一个洗澡的机会让给你吧」",
    "len": 2
  },
  {
    "message": "嗯，就当是感谢你鼓励我的回礼吧。",
    "len": 1
  },
  {
    "name": "ギズモ",
    "message": "「洗～澡？」",
    "len": 1
  },
  {
    "name": "樹",
    "message": "「对，洗澡。第一个洗澡可舒服了哦～」",
    "len": 2
  },
  {
    "name": "ギズモ",
    "message": "「喵呜……」",
    "len": 1
  },
  {
    "name": "樹",
    "message": "「白天被柚欺负得很惨吧？洗个澡就会神清气爽了。」",
    "len": 2
  },
  {
    "name": "樹",
    "message": "「不过，这次得好好跟那家伙说道说道才行啊。」",
    "len": 2
  },
  {
    "name": "ギズモ",
    "message": "「…………」",
    "len": 1
  },
  {
    "name": "式子",
    "message": "「哎呀～？小姬，你和柚发生什么事了吗～？」",
    "len": 2
  },
  {
    "name": "樹",
    "message": "「嗯，这个嘛……」",
    "len": 1
  },
  {
    "name": "ギズモ",
    "message": "「树，洗澡吗？」",
    "len": 1
  },
  {
    "name": "樹",
    "message": "「我在姬子猫洗完后再洗就行。」",
    "len": 1
  },
  {
    "name": "ギズモ",
    "message": "「呜」",
    "len": 1
  },
  {
    "name": "式子",
    "message": "「哎呀呀～，小姬就这么走掉了呢～」",
    "len": 2
  },
  {
    "name": "樹",
    "message": "「有什么问题吗？」",
    "len": 1
  },
  {
    "name": "式子",
    "message": "「那个～，我在想小姬要怎么换衣服呢～」",
    "len": 2
  },
  {
    "name": "樹",
    "message": "「换衣服……」",
    "len": 1
  },
  {
    "message": "说起来，姬子猫那家伙是怎么换衣服的呢。",
    "len": 2
  },
  {
    "message": "是自己一个人搞定的吗……？不，这倒是无所谓了。",
    "len": 2
  },
  {
    "name": "樹",
    "message": "「……不好意思，式子桑。能帮忙拿姬子猫的换洗衣服来吗？」",
    "len": 2
  },
  {
    "name": "式子",
    "message": "「诶？树君不去吗？」",
    "len": 1
  },
  {
    "name": "樹",
    "message": "「我去拿的话不太好吧……」",
    "len": 1
  },
  {
    "message": "毕竟姬子猫也是个女孩子。",
    "len": 1
  },
  {
    "message": "虽然我知道那只是布料而已……但是吧，我也有我的顾虑啊！",
    "len": 2
  },
  {
    "name": "式子",
    "message": "「我倒是无所谓……啊，难道说树君是在害羞吗～？」",
    "len": 2
  },
  {
    "name": "樹",
    "message": "「与其说是害羞……普通想想就知道这样不行吧」",
    "len": 2
  },
  {
    "name": "式子",
    "message": "「但是树君，你不是偷看过妈妈换衣服嘛……」",
    "len": 2
  },
  {
    "name": "樹",
    "message": "「啊，那个是意外，意外。所以勉强算是安全的」",
    "len": 2
  },
  {
    "name": "式子",
    "message": "「是这样吗～？我明明说过不行的……」",
    "len": 2
  },
  {
    "name": "樹",
    "message": "「那是因为有复杂的误会。用稿纸来说的话大概有三十页那么多」",
    "len": 2
  },
  {
    "name": "式子",
    "message": "「呼诶～，好多啊～」",
    "len": 1
  },
  {
    "name": "樹",
    "message": "「是啊。所以不用在意的」",
    "len": 1
  },
  {
    "name": "式子",
    "message": "「这样啊～。那我就不在意啦～」",
    "len": 2
  },
  {
    "name": "樹",
    "message": "「好了好了，快去拿换洗衣服来吧」",
    "len": 2
  },
  {
    "name": "式子",
    "message": "「哎～」",
    "len": 1
  },
  {
    "name": "樹",
    "message": "「啊～，好累啊……」",
    "len": 1
  },
  {
    "message": "明明我没做错什么，为什么会这么累呢。",
    "len": 2
  },
  {
    "name": "樹",
    "message": "「哈啊……回房间吧」",
    "len": 1
  },
  {
    "message": "虽然烦恼消失了，但感觉又要被奇怪的事情困扰了。",
    "len": 2
  },
  {
    "name": "樹",
    "message": "「唔～……姬子猫那家伙，没事吧……」",
    "len": 1
  },
  {
    "name": "樹",
    "message": "「还是猫的时候可是很讨厌洗澡的啊……还会想逃离淋浴呢……」",
    "len": 2
  },
  {
    "name": "樹",
    "message": "「应该不至于会溺水吧，但不知道能不能安静地泡澡呢……」",
    "len": 2
  },
  {
    "name": "樹",
    "message": "「…………」",
    "len": 1
  },
  {
    "message": "回到房间后，这次又开始担心起姬子猫来。",
    "len": 2
  },
  {
    "message": "不管怎么说，她一直都在我视线可及的范围内。",
    "len": 2
  },
  {
    "message": "她还是猫的时候，活动范围并不广……",
    "len": 1
  },
  {
    "message": "大部分时间都在睡觉，剩下的时间也都是在我房间里度过的……",
    "len": 2
  },
  {
    "name": "樹",
    "message": "「…………」",
    "len": 1
  },
  {
    "name": "樹",
    "message": "「……应该不会溺水吧？」",
    "len": 1
  },
  {
    "name": "樹",
    "message": "「会不会因为水太热滑倒了，或者撞到头之类的……」",
    "len": 2
  },
  {
    "name": "樹",
    "message": "「…………」",
    "len": 1
  },
  {
    "name": "樹",
    "message": "「不对，姬子猫又不是小孩子，应该不会发生那种事……」",
    "len": 2
  },
  {
    "name": "樹",
    "message": "「可是她才刚变成人类……」",
    "len": 1
  },
  {
    "name": "樹",
    "message": "「不不不，琴子不是也说过吗？把她等同于人类是错误的」",
    "len": 2
  },
  {
    "name": "樹",
    "message": "「嗯，喊一声就知道了——」",
    "len": 1
  },
  {
    "name": "声",
    "message": "「诶——」",
    "len": 1
  },
  {
    "name": "樹",
    "message": "「……嗯？」",
    "len": 1
  },
  {
    "name": "樹",
    "message": "「…………」",
    "len": 1
  },
  {
    "name": "琴子",
    "message": "「不、不是……」",
    "len": 1
  },
  {
    "message": "哇啊，哇啊，呜哇啊啊啊～～～！",
    "len": 1
  },
  {
    "name": "樹",
    "message": "「——呃，哈啊～～～」",
    "len": 2
  },
  {
    "name": "樹",
    "message": "「哇啊……搞砸了……」",
    "len": 1
  },
  {
    "name": "樹",
    "message": "「没想到琴子正在换衣服……不，就算是姬子猫也不行啊……」",
    "len": 2
  },
  {
    "name": "樹",
    "message": "「至少应该再小心一点进去的……唉……该怎么办……」",
    "len": 2
  },
  {
    "name": "樹",
    "message": "「见面肯定会很尴尬……该对琴子说什么好呢……」",
    "len": 2
  },
  {
    "message": "更重要的是，我吓到琴子了——",
    "len": 1
  },
  {
    "name": "樹",
    "message": "「琴子……应该没事吧？」",
    "len": 1
  },
  {
    "message": "那之后我们还正常交谈了……",
    "len": 1
  },
  {
    "name": "樹",
    "message": "「但是……」",
    "len": 1
  },
  {
    "name": "樹",
    "message": "「——呃！？」",
    "len": 1
  },
  {
    "message": "啊——别回想了！消失吧，妄想！",
    "len": 2
  },
  {
    "message": "不，虽然是现实，但某种意义上又像幻想——不对！！",
    "len": 2
  },
  {
    "message": "忘掉！已经忘了！对，我什么都不记得了！！",
    "len": 3
  },
  {
    "name": "樹",
    "message": "「……呃，哈……」",
    "len": 1
  },
  {
    "message": "糟糕……我的心脏还在砰砰直跳。",
    "len": 1
  },
  {
    "message": "当然，我不是那个意思……",
    "len": 1
  },
  {
    "name": "樹",
    "message": "「哈啊……」",
    "len": 1
  },
  {
    "message": "在平静下来之前，先躺一会儿吧……",
    "len": 1
  },
  {
    "message": "……………………",
    "len": 1
  },
  {
    "message": "…………",
    "len": 1
  },
  {
    "message": "……",
    "len": 1
  },
  {
    "name": "樹",
    "message": "「嗯！？什、什么啊！？」",
    "len": 1
  },
  {
    "name": "電卓",
    "message": "「喂——树——！赶紧给我出来！」",
    "len": 2
  },
  {
    "name": "樹",
    "message": "「那、那个混蛋，就不考虑下会打扰邻居吗……？」",
    "len": 2
  },
  {
    "name": "樹",
    "message": "「话说，现在几点啊……真是的」",
    "len": 1
  },
  {
    "name": "電卓",
    "message": "「树——，我知道你在里面！」",
    "len": 1
  },
  {
    "name": "樹",
    "message": "「啊！吵死了！你到底有什么事啊！？」",
    "len": 2
  },
  {
    "name": "電卓",
    "message": "「哦，树，来得正是时候啊」",
    "len": 1
  },
  {
    "name": "樹",
    "message": "「什么时候不时候的！跑到别人房间来胡说八道什么呢！」",
    "len": 2
  },
  {
    "name": "電卓",
    "message": "「那些话待会再听你说。来，赶紧准备一下」",
    "len": 2
  },
  {
    "name": "樹",
    "message": "「啊？准备？」",
    "len": 1
  },
  {
    "name": "電卓",
    "message": "「对啊。快点把钱拿来」",
    "len": 1
  },
  {
    "name": "樹",
    "message": "「搞不懂你在说啥。你是傻子吗？是不是傻子啊？」",
    "len": 2
  },
  {
    "name": "電卓",
    "message": "「别废话了拿上钱包。再不快点游戏厅就要关门了」",
    "len": 2
  },
  {
    "name": "樹",
    "message": "「啥？现在去游戏厅？你脑子里在想什么啊？」",
    "len": 2
  },
  {
    "name": "電卓",
    "message": "「吵死了，你带上钱跟着来就行了」",
    "len": 2
  },
  {
    "name": "樹",
    "message": "「这就是你求人的态度？！绝对不去！！」",
    "len": 2
  },
  {
    "name": "電卓",
    "message": "「啧，真是个任性的家伙」",
    "len": 1
  },
  {
    "name": "樹",
    "message": "「你这话我真想录下来放给你听」",
    "len": 2
  },
  {
    "name": "電卓",
    "message": "「啧，真是个任性的混蛋」",
    "len": 1
  },
  {
    "name": "電卓",
    "message": "「没办法啊……那就带你去别的地方吧」",
    "len": 2
  },
  {
    "name": "樹",
    "message": "「别的地方是哪啊。话说，我可没拜托你」",
    "len": 2
  },
  {
    "name": "電卓",
    "message": "「……牛郎店」",
    "len": 1
  },
  {
    "name": "樹",
    "message": "「……啥？」",
    "len": 1
  },
  {
    "name": "電卓",
    "message": "「所以说啊，我说要去牛郎店」",
    "len": 2
  },
  {
    "name": "樹",
    "message": "「你……你在想什么啊！？」",
    "len": 1
  },
  {
    "name": "樹",
    "message": "「还有式子桑在呢，你好好想想！」",
    "len": 1
  },
  {
    "name": "電卓",
    "message": "「那是那，这是这，不一样的好吗」",
    "len": 1
  },
  {
    "name": "電卓",
    "message": "「再说了，现在是……」",
    "len": 1
  },
  {
    "name": "樹",
    "message": "「啊？你说什么？」",
    "len": 1
  },
  {
    "name": "電卓",
    "message": "「别管那么多了，你跟我来就是了」",
    "len": 1
  },
  {
    "name": "樹",
    "message": "「我不去——哇啊啊？别、别拽我！」",
    "len": 2
  },
  {
    "name": "電卓",
    "message": "「啧，真没用。树，你得再长点力气啊」",
    "len": 2
  },
  {
    "name": "樹",
    "message": "「唔……」",
    "len": 1
  },
  {
    "message": "这家伙……，为什么会有这么大的力气……。",
    "len": 2
  },
  {
    "name": "電卓",
    "message": "「哦，我出去一下啊～」",
    "len": 1
  },
  {
    "name": "樹",
    "message": "「可恶……甩不掉……」",
    "len": 1
  },
  {
    "name": "結衣",
    "message": "「嗯？你在干什么呢，树？」",
    "len": 1
  },
  {
    "name": "式子",
    "message": "「哎呀呀～，手牵手的好朋友呢～」",
    "len": 2
  },
  {
    "name": "樹",
    "message": "「你从哪看出来的！？」",
    "len": 1
  },
  {
    "name": "ギズモ",
    "message": "「树树～，拖拖～」",
    "len": 1
  },
  {
    "name": "樹",
    "message": "「姬子猫你也别凑过来啊。这不是在玩啊！」",
    "len": 2
  },
  {
    "name": "ギズモ",
    "message": "「喵？」",
    "len": 1
  },
  {
    "name": "式子",
    "message": "「诶～，不是吗？」",
    "len": 1
  },
  {
    "name": "樹",
    "message": "「不是！这家伙只是在拽着我而已！」",
    "len": 2
  },
  {
    "name": "電卓",
    "message": "「不喜欢的话就离开不就行了吗？」",
    "len": 1
  },
  {
    "name": "樹",
    "message": "「我就是因为离不开才这么说的啊！」",
    "len": 1
  },
  {
    "message": "这是什么力气啊……因为是笨蛋吗？是蛮力吗？",
    "len": 2
  },
  {
    "name": "結衣",
    "message": "「那么，你们要去哪儿呢？」",
    "len": 1
  },
  {
    "name": "電卓",
    "message": "「爱的世界……就是牛郎店啦」",
    "len": 1
  },
  {
    "name": "結衣",
    "message": "「哦……」",
    "len": 1
  },
  {
    "name": "式子",
    "message": "「牛郎？」",
    "len": 1
  },
  {
    "name": "電卓",
    "message": "「就是喝酒和姐姐们玩的地方。听说最近刚开业」",
    "len": 2
  },
  {
    "message": "那种地方一直都有的好吗！",
    "len": 1
  },
  {
    "name": "電卓",
    "message": "「总之呢，我和这家伙要出去了」",
    "len": 1
  },
  {
    "name": "式子",
    "message": "「诶？诶诶～？」",
    "len": 1
  },
  {
    "name": "樹",
    "message": "「我、我不是说了不去吗！？」",
    "len": 1
  },
  {
    "name": "電卓",
    "message": "「说的就是你啊，反正你也不懂酒和女人吧？」",
    "len": 2
  },
  {
    "name": "樹",
    "message": "「呃……」",
    "len": 1
  },
  {
    "name": "電卓",
    "message": "「听说去三次的话，就能在外面约会了哦……」",
    "len": 1
  },
  {
    "name": "電卓",
    "message": "「简直就是梦想中的乐园，梦幻俱乐部啊」",
    "len": 1
  },
  {
    "name": "結衣",
    "message": "「好，我明白了。如果树去的话，结衣也去」",
    "len": 2
  },
  {
    "name": "ギズモ",
    "message": "「树，外面，散步吗？」",
    "len": 1
  },
  {
    "name": "樹",
    "message": "「不是散步……」",
    "len": 1
  },
  {
    "name": "式子",
    "message": "「不、不行啊～。这种时间出门什么的……」",
    "len": 2
  },
  {
    "name": "樹",
    "message": "「……式子桑会被警察带走的吧」",
    "len": 1
  },
  {
    "name": "式子",
    "message": "「不、不会再被带走了啦～」",
    "len": 1
  },
  {
    "name": "結衣",
    "message": "「快点树，赶紧准备一下」",
    "len": 1
  },
  {
    "name": "樹",
    "message": "「为什么连结衣姐你也这么积极啊！？」",
    "len": 1
  },
  {
    "name": "ギズモ",
    "message": "「树树，玩耍～」",
    "len": 1
  },
  {
    "name": "樹",
    "message": "「不是那种玩耍啦！」",
    "len": 1
  },
  {
    "name": "結衣",
    "message": "「话说回来，喝酒之后要干什么？」",
    "len": 1
  },
  {
    "name": "電卓",
    "message": "「干、干什么……，这种事，怎么能说得出口啊……」",
    "len": 2
  },
  {
    "name": "樹",
    "message": "「呃，恶心！！」",
    "len": 1
  },
  {
    "name": "結衣",
    "message": "「嗯～算了。好，树，我们出发」",
    "len": 2
  },
  {
    "name": "樹",
    "message": "「我说了不去啊！」",
    "len": 1
  },
  {
    "name": "式子",
    "message": "「对、对啊～这种时候喝酒，太不良了～」",
    "len": 2
  },
  {
    "name": "電卓",
    "message": "「不良就不良，摇滚就是要反体制啊」",
    "len": 1
  },
  {
    "name": "樹",
    "message": "「啊——别一个个都吵吵闹闹的！喂，这样会打扰琴子的吧？」",
    "len": 2
  },
  {
    "name": "結衣",
    "message": "「琴子已经睡了哦」",
    "len": 1
  },
  {
    "name": "樹",
    "message": "「啊……？睡了吗？」",
    "len": 1
  },
  {
    "name": "式子",
    "message": "「嗯、嗯。好像洗完澡就直接睡着了……」",
    "len": 3
  },
  {
    "name": "樹",
    "message": "「…………」",
    "len": 1
  },
  {
    "message": "是因为我吗……？不、不是吧？",
    "len": 2
  },
  {
    "name": "ギズモ",
    "message": "「喵？树树？」",
    "len": 1
  },
  {
    "name": "結衣",
    "message": "「看起来有点沮丧啊」",
    "len": 1
  },
  {
    "name": "電卓",
    "message": "「喂树，快点走啊」",
    "len": 1
  },
  {
    "name": "樹",
    "message": "「哇！？你这混蛋，适可而止吧！」",
    "len": 2
  },
  {
    "name": "電卓",
    "message": "「你也真是个固执的家伙啊。老老实实跟着来不就得了吗？」",
    "len": 2
  },
  {
    "name": "樹",
    "message": "「我是在老老实实地表示不愿意啊！」",
    "len": 1
  },
  {
    "name": "結衣",
    "message": "「是吗？我倒觉得挺有意思的」",
    "len": 1
  },
  {
    "name": "式子",
    "message": "「可、可是可是～」",
    "len": 1
  },
  {
    "name": "結衣",
    "message": "「夜晚散步可是很棒的哦」",
    "len": 1
  },
  {
    "name": "樹",
    "message": "「结衣姐你是特殊情况啦」",
    "len": 1
  },
  {
    "name": "ギズモ",
    "message": "「喵～，玩耍～」",
    "len": 1
  },
  {
    "name": "式子",
    "message": "「呜哇……连姬子猫也～」",
    "len": 1
  },
  {
    "name": "樹",
    "message": "「啊！谁来阻止这家伙啊！」",
    "len": 1
  },
  {
    "name": "電卓",
    "message": "「哈哈哈哈，我可停不下来啊」",
    "len": 2
  },
  {
    "name": "結衣",
    "message": "「真是群吵闹的家伙……」",
    "len": 1
  },
  {
    "name": "式子",
    "message": "「在、在外面要安静点哦」",
    "len": 1
  },
  {
    "name": "ギズモ",
    "message": "「树树～，拖拖～」",
    "len": 1
  },
  {
    "name": "樹",
    "message": "「好、好重……」",
    "len": 1
  },
  {
    "name": "結衣",
    "message": "「哼……麻烦的家伙来了啊」",
    "len": 1
  },
  {
    "name": "式子",
    "message": "「诶？结衣酱？」",
    "len": 1
  },
  {
    "name": "ギズモ",
    "message": "「喵？结衣～？」",
    "len": 1
  },
  {
    "name": "樹",
    "message": "「呼，轻松多了……不对。喂，大家都去哪儿——」",
    "len": 2
  },
  {
    "name": "蜜柑",
    "message": "「诶……？树君？」",
    "len": 1
  },
  {
    "name": "樹",
    "message": "「啊……蜜柑桑？」",
    "len": 1
  },
  {
    "message": "回头一看，站在那里的是蜜柑桑。",
    "len": 1
  },
  {
    "name": "蜜柑",
    "message": "「这该不会是……」",
    "len": 1
  },
  {
    "message": "她惊讶地看着我们，表情渐渐变得严肃起来。",
    "len": 2
  },
  {
    "name": "電卓",
    "message": "「啊？你小子是谁啊？」",
    "len": 1
  },
  {
    "name": "蜜柑",
    "message": "「而且这身打扮，和通缉令上的照片极其相似……！？」",
    "len": 2
  },
  {
    "name": "蜜柑",
    "message": "「——警察！以非法拘禁、绑架罪的现行犯，以及恐怖主义嫌疑逮捕你们！」",
    "len": 3
  },
  {
    "name": "電卓",
    "message": "「哈啊？逮捕？你是傻子吗？」",
    "len": 2
  },
  {
    "name": "蜜柑",
    "message": "「立刻释放人质！现在还有辩护的机会！」",
    "len": 2
  },
  {
    "name": "電卓",
    "message": "「啧，事情变麻烦了啊」",
    "len": 1
  },
  {
    "name": "電卓",
    "message": "「树，你先回去吧」",
    "len": 1
  },
  {
    "name": "樹",
    "message": "「那就放开我的手啊混蛋」",
    "len": 1
  },
  {
    "name": "電卓",
    "message": "「知道了。那我先溜了」",
    "len": 2
  },
  {
    "name": "蜜柑",
    "message": "「啊，喂！站住！」",
    "len": 1
  },
  {
    "name": "蜜柑",
    "message": "「呃……喂喂！！总部吗？请回答！」",
    "len": 1
  },
  {
    "name": "蜜柑",
    "message": "「喂喂！？什么……被干扰了！？」",
    "len": 2
  },
  {
    "name": "蜜柑",
    "message": "「啧……站住！」",
    "len": 1
  },
  {
    "name": "樹",
    "message": "「呃……」",
    "len": 1
  },
  {
    "name": "結衣",
    "message": "「已经结束了吗？」",
    "len": 1
  },
  {
    "name": "樹",
    "message": "「哎，结衣姐！？你刚才去哪儿了？」",
    "len": 2
  },
  {
    "name": "結衣",
    "message": "「看起来事情要变麻烦了，所以我躲起来不让人发现」",
    "len": 2
  },
  {
    "name": "樹",
    "message": "「那不就是……逃跑了吗」",
    "len": 1
  },
  {
    "name": "結衣",
    "message": "「那可不一样，这一切都是为了你着想啊」",
    "len": 2
  },
  {
    "name": "式子",
    "message": "「呜哇～，我再也不想跟警察打交道了～」",
    "len": 2
  },
  {
    "name": "ギズモ",
    "message": "「喵，藏起来，挤挤」",
    "len": 1
  },
  {
    "name": "樹",
    "message": "「原来你们三个都躲起来了啊……」",
    "len": 1
  },
  {
    "name": "式子",
    "message": "「对、对不起啦～」",
    "len": 1
  },
  {
    "name": "樹",
    "message": "「不，这样反而不会更麻烦，谢谢你们」",
    "len": 1
  },
  {
    "name": "結衣",
    "message": "「那么，接下来你打算怎么办？那家伙已经不在了」",
    "len": 2
  },
  {
    "name": "ギズモ",
    "message": "「喵～，玩耍～」",
    "len": 1
  },
  {
    "name": "式子",
    "message": "「不、不行哦～。来，小姬，我们回家好不好？」",
    "len": 2
  },
  {
    "name": "ギズモ",
    "message": "「喵～」",
    "len": 1
  },
  {
    "name": "樹",
    "message": "「是啊。我本来就没打算去」",
    "len": 1
  },
  {
    "name": "結衣",
    "message": "「哦？不去夜总会了吗？」",
    "len": 1
  },
  {
    "name": "樹",
    "message": "「为什么非得自找麻烦去做那种事啊」",
    "len": 2
  },
  {
    "name": "式子",
    "message": "「就、就是啊～。要聊天的话妈妈陪你聊嘛」",
    "len": 2
  },
  {
    "name": "結衣",
    "message": "「嗯……树，你真的这样就行了？」",
    "len": 1
  },
  {
    "name": "樹",
    "message": "「什么叫行不行的，我从一开始就反对啊」",
    "len": 1
  },
  {
    "name": "樹",
    "message": "「姬子猫和式子桑都反对……结衣姐你打算怎么办？」",
    "len": 2
  },
  {
    "name": "結衣",
    "message": "「树都不去了，就我一个人去也没意思吧」",
    "len": 1
  },
  {
    "name": "結衣",
    "message": "「而且还有想看的电视节目，咱们回家吧」",
    "len": 1
  },
  {
    "name": "樹",
    "message": "「那你干嘛非要跟来啊……」",
    "len": 1
  },
  {
    "name": "結衣",
    "message": "「烦死了。快点，走了」",
    "len": 2
  },
  {
    "name": "式子",
    "message": "「就是啊～大家一起和和气气地回家吧～」",
    "len": 2
  },
  {
    "name": "ギズモ",
    "message": "「树树，一起。回家，家」",
    "len": 1
  },
  {
    "name": "樹",
    "message": "「知道了别拉我啊……被那家伙拖来拖去的我已经累死了……」",
    "len": 2
  },
  {
    "name": "結衣",
    "message": "「肚子有点饿了……树，回去的路上买个肉包子吧」",
    "len": 2
  },
  {
    "name": "ギズモ",
    "message": "「喵？肉～」",
    "len": 1
  },
  {
    "name": "式子",
    "message": "「呜呜……肉的话有点……」",
    "len": 1
  },
  {
    "name": "樹",
    "message": "「别管肉了，我只想赶紧回家睡觉……」",
    "len": 2
  },
  {
    "message": "而且还有琴子的事……唉……真是灾难不断啊。",
    "len": 2
  }
]