[
  {
    "message": "【12月18日】",
    "len": 1
  },
  {
    "message": "【同步加速器大楼，实验准备室内】",
    "len": 1
  },
  {
    "message": "一切都是为了这个实验而精心准备的。",
    "len": 1
  },
  {
    "message": "对外宣称，这只是一个旨在发现超对称粒子的普通实验。",
    "len": 2
  },
  {
    "message": "但对我来说，情况并非如此。",
    "len": 1
  },
  {
    "message": "除了我，没有人能理解这个实验的真正目的。",
    "len": 1
  },
  {
    "message": "我关于额外维度的假说，长期以来一直被蔑视为一种可疑的预言。",
    "len": 2
  },
  {
    "message": "那么就让我来证明给他们看。",
    "len": 1
  },
  {
    "message": "在这个地方，在这个时候，我能做到。",
    "len": 1
  },
  {
    "message": "只有在这个被称为要石市的地区才能观察到的局部地磁和重力异常——",
    "len": 2
  },
  {
    "message": "流星群带来大量陨石坠落——伴随而来的是倾泻而下的带电粒子shower。",
    "len": 2
  },
  {
    "message": "如果在那一天这些事情同时发生，『那个』就会出现。",
    "len": 2
  },
  {
    "message": "因为，世界是重叠的，是折叠在一起的。",
    "len": 1
  },
  {
    "message": "一个只有流星点缀夜空的平静世界，和一个某些东西出了差错导致灾难降临的世界……",
    "len": 2
  },
  {
    "message": "它们完全重叠存在着，以至于彼此无法观测到对方。",
    "len": 2
  },
  {
    "message": "我的实验就是要将这种重叠稍微『错开』一点。",
    "len": 1
  },
  {
    "message": "如果说缺少『那个』所需的质量，那就从额外维度借来好了。",
    "len": 2
  },
  {
    "message": "只需要大约1000亿吨就够了。",
    "len": 1
  },
  {
    "message": "这足以让我发射的基本粒子突破史瓦西半径。",
    "len": 2
  },
  {
    "message": "我能够创造出『那个』。",
    "len": 1
  },
  {
    "message": "观测者的万物原料——",
    "len": 1
  },
  {
    "message": "这个世界的奇点——",
    "len": 1
  }
]