[
  {
    "name": "樹",
    "message": "「………………」",
    "len": 1
  },
  {
    "name": "樹",
    "message": "「……天亮了吗」",
    "len": 1
  },
  {
    "name": "樹",
    "message": "「终究还是迎来了黎明啊」",
    "len": 1
  },
  {
    "name": "樹",
    "message": "「………………」",
    "len": 1
  },
  {
    "message": "今天早晨真安静啊……",
    "len": 1
  },
  {
    "name": "樹",
    "message": "「哎！早上好！」",
    "len": 1
  },
  {
    "message": "我试着对着天花板打招呼。",
    "len": 1
  },
  {
    "message": "准确地说，是向此刻正在监视我的某颗人造卫星打了招呼。",
    "len": 2
  },
  {
    "name": "樹",
    "message": "「所以，那是什么鬼」",
    "len": 1
  },
  {
    "message": "为什么从我房间的天花板上传来奇怪的机械声？",
    "len": 2
  },
  {
    "message": "该不会真的有什么东西潜伏在那里吧？",
    "len": 1
  },
  {
    "message": "还是说，我的脑子出问题了？",
    "len": 1
  },
  {
    "name": "樹",
    "message": "「算了，肚子饿了」",
    "len": 1
  },
  {
    "message": "今天也随便打发一天吧。",
    "len": 1
  },
  {
    "message": "明明只是无所事事，时间过得还真快啊……",
    "len": 2
  },
  {
    "name": "ギズモ",
    "message": "「喵～」",
    "len": 1
  },
  {
    "name": "樹",
    "message": "「嗯？是姬子猫啊」",
    "len": 1
  },
  {
    "name": "ギズモ",
    "message": "「喵呜～喵」",
    "len": 1
  },
  {
    "name": "樹",
    "message": "「怎么了，你也饿了吗？」",
    "len": 1
  },
  {
    "name": "ギズモ",
    "message": "「喵～」",
    "len": 1
  },
  {
    "name": "樹",
    "message": "「好好好，我这就给你开罐头。过来吧」",
    "len": 2
  },
  {
    "name": "ギズモ",
    "message": "「喵！」",
    "len": 1
  },
  {
    "name": "樹",
    "message": "「唉……猫咪的生活真轻松啊」",
    "len": 1
  },
  {
    "name": "樹",
    "message": "「哼，今天也没人在家啊……」",
    "len": 1
  },
  {
    "message": "算了，无所谓。只要钱放在那里就行，其他的我也不在乎。",
    "len": 2
  },
  {
    "name": "樹",
    "message": "「又是一千日元吗……」",
    "len": 1
  },
  {
    "message": "我随手从桌上拿起那张钞票。",
    "len": 1
  },
  {
    "message": "这样就能买到平常吃的汉堡了。",
    "len": 1
  },
  {
    "message": "吃完就去公园睡觉。",
    "len": 1
  },
  {
    "message": "要是冷了就去Quare的游戏厅玩。",
    "len": 1
  },
  {
    "message": "回家。",
    "len": 1
  },
  {
    "message": "从现在到一天结束，我都能轻易想象出来。",
    "len": 1
  },
  {
    "message": "而且，事实上也确实如此。",
    "len": 1
  },
  {
    "message": "这样的日子会一直持续下去。",
    "len": 1
  },
  {
    "message": "这种重复，会一直……",
    "len": 1
  },
  {
    "name": "樹",
    "message": "「哈啊啊啊啊啊啊啊～」",
    "len": 1
  },
  {
    "name": "樹",
    "message": "「啊～，这天气真不错啊」",
    "len": 1
  },
  {
    "name": "樹",
    "message": "「那么，喂完鸽子就去睡觉吧」",
    "len": 1
  },
  {
    "name": "樹",
    "message": "「来来来，都集合啦！」",
    "len": 1
  },
  {
    "name": "蜜柑",
    "message": "「树……君？」",
    "len": 1
  },
  {
    "name": "樹",
    "message": "「啊？」",
    "len": 1
  },
  {
    "name": "蜜柑",
    "message": "「是树君吧？树君！！」",
    "len": 1
  },
  {
    "name": "樹",
    "message": "「啊，蜜柑桑。怎么了，这么慌张？」",
    "len": 2
  },
  {
    "name": "蜜柑",
    "message": "「你在干什么啊，在这种地方！？」",
    "len": 1
  },
  {
    "name": "樹",
    "message": "「啊？」",
    "len": 1
  },
  {
    "name": "蜜柑",
    "message": "「你到现在为止都在哪里！？没事吧！？其他人呢！？」",
    "len": 2
  },
  {
    "name": "樹",
    "message": "「你、你在说什么啊，突然间？什么事啊？」",
    "len": 2
  },
  {
    "name": "蜜柑",
    "message": "「你才是在说什么啊！失踪将近10天的人！」",
    "len": 4
  },
  {
    "name": "樹",
    "message": "「啊？我吗？」",
    "len": 1
  },
  {
    "name": "蜜柑",
    "message": "「没错！明明搜寻了那么久都找不到，现在却……」",
    "len": 4
  },
  {
    "name": "樹",
    "message": "「等、等一下，我完全不明白你在说什么」",
    "len": 1
  },
  {
    "name": "蜜柑",
    "message": "「难道说，你失忆了？」",
    "len": 1
  },
  {
    "message": "这人从刚才开始到底在说些什么啊……？",
    "len": 1
  },
  {
    "name": "蜜柑",
    "message": "「你还记得流星群来临的那晚吗？」",
    "len": 1
  },
  {
    "name": "樹",
    "message": "「嗯，大概……」",
    "len": 1
  },
  {
    "name": "蜜柑",
    "message": "「那时候不是发生了大地震吗？」",
    "len": 1
  },
  {
    "name": "樹",
    "message": "「地震？」",
    "len": 1
  },
  {
    "message": "说起来，柚好像提到过什么地震的事？",
    "len": 1
  },
  {
    "name": "蜜柑",
    "message": "「地震发生的时候，你在做什么？」",
    "len": 1
  },
  {
    "name": "樹",
    "message": "「突然问我在做什么……」",
    "len": 1
  },
  {
    "message": "况且我根本就没注意到什么地震。",
    "len": 1
  },
  {
    "name": "蜜柑",
    "message": "「喂，这很重要的！那场地震，你家……」",
    "len": 2
  },
  {
    "message": "——我家？",
    "len": 1
  },
  {
    "name": "樹",
    "message": "「我家……怎么了吗？」",
    "len": 1
  },
  {
    "message": "蜜柑桑用一种怜悯、同情的眼神看着我说道。",
    "len": 2
  },
  {
    "name": "蜜柑",
    "message": "「连这件事你都不知道啊……」",
    "len": 1
  },
  {
    "name": "樹",
    "message": "「所以说，我家到底怎么了！？」",
    "len": 1
  },
  {
    "message": "心脏好痛。",
    "len": 1
  },
  {
    "message": "为什么会这么心跳加速？",
    "len": 1
  },
  {
    "message": "明明什么都没变……",
    "len": 1
  },
  {
    "message": "今天早上，我在自己的房间里醒来。",
    "len": 1
  },
  {
    "message": "昨天早上，我也是在自己的房间里醒来的。",
    "len": 1
  },
  {
    "message": "什么都没发生，什么都没改变。",
    "len": 1
  },
  {
    "message": "可是，为什么……？",
    "len": 1
  },
  {
    "message": "长椅旁边的地上，躺着一份被前天的雪弄脏的报纸。",
    "len": 1
  },
  {
    "name": "蜜柑",
    "message": "「你自己亲眼看看吧」",
    "len": 1
  },
  {
    "message": "蜜柑桑指着那份脏兮兮的报纸说道。",
    "len": 1
  },
  {
    "name": "樹",
    "message": "「报纸……是那时候的……？」",
    "len": 1
  },
  {
    "message": "头版文章配有一张大照片。",
    "len": 1
  },
  {
    "message": "那是从直升机上空拍摄的城市照片。那是我非常熟悉的景象。",
    "len": 2
  },
  {
    "message": "但是……",
    "len": 1
  },
  {
    "name": "樹",
    "message": "「要石市局部地震……一家四口失踪……」",
    "len": 1
  },
  {
    "message": "那景象中缺少了最关键的东西。",
    "len": 1
  },
  {
    "message": "在我家应该在的地方，那里……",
    "len": 1
  },
  {
    "message": "有一个巨大的黑洞……",
    "len": 1
  },
  {
    "name": "樹",
    "message": "「哈、哈哈哈……这是什么啊……」",
    "len": 1
  },
  {
    "name": "蜜柑",
    "message": "「树君，我希望你能到警局说明情况」",
    "len": 1
  },
  {
    "name": "樹",
    "message": "「不，不行啊……因为这是梦吧？」",
    "len": 2
  },
  {
    "name": "樹",
    "message": "「梦的话就无能为力了，哈哈哈！对不起，我在做梦呢！」",
    "len": 6
  },
  {
    "name": "樹",
    "message": "「呜哇啊啊啊啊啊啊啊啊！！！」",
    "len": 1
  },
  {
    "name": "樹",
    "message": "「哈！？」",
    "len": 1
  },
  {
    "name": "樹",
    "message": "「？？？？？？？」",
    "len": 1
  },
  {
    "name": "樹",
    "message": "「哈……、哈……、看、看吧……、果然是梦啊！」",
    "len": 2
  },
  {
    "name": "樹",
    "message": "「啊啊啊啊啊，该死！什么破梦！也太真实了吧！」",
    "len": 2
  },
  {
    "name": "樹",
    "message": "「哈啊啊啊啊……」",
    "len": 1
  },
  {
    "message": "感觉整个人都累瘫了。",
    "len": 1
  },
  {
    "name": "樹",
    "message": "「………………」",
    "len": 1
  },
  {
    "message": "感觉根本就没睡着……",
    "len": 1
  },
  {
    "name": "樹",
    "message": "「………………」",
    "len": 1
  },
  {
    "name": "樹",
    "message": "「发呆也没用啊。去吃饭吧」",
    "len": 2
  },
  {
    "name": "ギズモ",
    "message": "「喵～」",
    "len": 1
  },
  {
    "name": "樹",
    "message": "「嗯？是姬子猫啊」",
    "len": 1
  },
  {
    "name": "ギズモ",
    "message": "「喵，树，早上好」",
    "len": 1
  },
  {
    "name": "樹",
    "message": "「哦，今天你的猫耳朵也动得很好啊」",
    "len": 1
  },
  {
    "name": "ギズモ",
    "message": "「喵呜～」",
    "len": 1
  },
  {
    "name": "樹",
    "message": "「肚子饿了吗？要吃猫罐头吗？」",
    "len": 1
  },
  {
    "name": "ギズモ",
    "message": "「要吃～」",
    "len": 1
  },
  {
    "name": "樹",
    "message": "「好～，过来这边。我现在就给你开罐头」",
    "len": 2
  },
  {
    "name": "ギズモ",
    "message": "「喵！树，最喜欢你了！」",
    "len": 1
  },
  {
    "name": "樹",
    "message": "「哎呀呀，猫咪的生活真轻松啊～」",
    "len": 1
  },
  {
    "name": "樹",
    "message": "「早上好啊」",
    "len": 1
  },
  {
    "name": "式子",
    "message": "「哎呀，早上好啊小树君」",
    "len": 1
  },
  {
    "name": "樹",
    "message": "「还有什么吃的剩下吗？」",
    "len": 1
  },
  {
    "name": "式子",
    "message": "「有很多哦～，因为昨天小树君做了好～多呢～」",
    "len": 2
  },
  {
    "name": "樹",
    "message": "「味道怎么样？土豆沙拉之类的……」",
    "len": 2
  },
  {
    "name": "式子",
    "message": "「嗯，很好吃哦～，小树君真厉害呢，我都吃惊了呢」",
    "len": 2
  },
  {
    "name": "樹",
    "message": "「哪里，我只是按照柚的笔记做的而已」",
    "len": 1
  },
  {
    "name": "式子",
    "message": "「不不，你很努力了呢。妈妈非常高兴哦？乖孩子乖孩子～」",
    "len": 2
  },
  {
    "name": "樹",
    "message": "「啊，谢谢」",
    "len": 1
  },
  {
    "message": "感觉我已经习惯被这个人摸头了。",
    "len": 1
  },
  {
    "name": "式子",
    "message": "「那么，妈妈要出门了，剩下的就拜托你啦？」",
    "len": 2
  },
  {
    "name": "樹",
    "message": "「您每天都去哪儿啊？」",
    "len": 1
  },
  {
    "name": "式子",
    "message": "「呵呵～，我去和花儿们聊天呢～」",
    "len": 1
  },
  {
    "message": "以那个人的性格，恐怕是真的在和花儿对话吧。",
    "len": 1
  },
  {
    "message": "那么，我该怎么办呢？",
    "len": 1
  },
  {
    "len": "selection",
    "message": "在公园里睡觉"
  },
  {
    "len": "selectionend",
    "message": "在自己房间里睡觉"
  },
  {
    "message": "果然还是只能想到睡觉。",
    "len": 1
  },
  {
    "message": "决定去常去的公园睡觉吧。",
    "len": 1
  },
  {
    "message": "果然还是只能想到睡觉。",
    "len": 1
  },
  {
    "message": "回房间再睡一觉吧。",
    "len": 1
  },
  {
    "name": "樹",
    "message": "「哈～啊啊啊～，因为做了奇怪的梦所以好困……」",
    "len": 1
  },
  {
    "name": "電卓",
    "message": "「……树」",
    "len": 1
  },
  {
    "name": "樹",
    "message": "「哇！别突然站在我背后啊！」",
    "len": 1
  },
  {
    "name": "電卓",
    "message": "「我有事想问你」",
    "len": 1
  },
  {
    "name": "樹",
    "message": "「什么事啊？」",
    "len": 1
  },
  {
    "name": "電卓",
    "message": "「你有没有想过自己已经死了？」",
    "len": 1
  },
  {
    "name": "樹",
    "message": "「啊？」",
    "len": 1
  },
  {
    "name": "電卓",
    "message": "「真正的自己已经死了，现在认为是自己的，只不过是一堆信息的集合」",
    "len": 2
  },
  {
    "name": "電卓",
    "message": "「你有没有这样想过？」",
    "len": 1
  },
  {
    "name": "樹",
    "message": "「虽然不太懂，但你说的是不是这个世界其实是个虚拟世界之类的意思？」",
    "len": 2
  },
  {
    "name": "電卓",
    "message": "「哦哦！就是那个，虚拟世界！这词新鲜啊，我就拿走了！」",
    "len": 2
  },
  {
    "name": "電卓",
    "message": "「太棒了！这下歌词有着落了！我要用这首歌出道当大明星！」",
    "len": 2
  },
  {
    "name": "樹",
    "message": "「…………」",
    "len": 1
  },
  {
    "message": "算了，只要他自己满意就随他去吧。",
    "len": 1
  },
  {
    "name": "樹",
    "message": "「嗯？有人来了吗？」",
    "len": 1
  },
  {
    "name": "樹",
    "message": "「希望是年终礼物送来了食物啊……」",
    "len": 1
  }
]