[
  {
    "name": "樹",
    "message": "「咦？」",
    "len": 1
  },
  {
    "name": "柚",
    "message": "「早上好！出来啦出来啦」",
    "len": 1
  },
  {
    "name": "樹",
    "message": "「怎么了，真少见啊？柚居然好好地从玄关进来」",
    "len": 2
  },
  {
    "name": "柚",
    "message": "「嘛～难得是周日嘛，偶尔这样也不错吧？」",
    "len": 2
  },
  {
    "name": "樹",
    "message": "「那倒是更好，但只有周日吗？」",
    "len": 1
  },
  {
    "name": "柚",
    "message": "「还有呢～今天可是特别的日子」",
    "len": 1
  },
  {
    "name": "樹",
    "message": "「特别？」",
    "len": 1
  },
  {
    "name": "柚",
    "message": "「嗯，是树要带我去约会的日子」",
    "len": 2
  },
  {
    "name": "樹",
    "message": "「啊？」",
    "len": 1
  },
  {
    "name": "柚",
    "message": "「别'啊'啊！不是'啊'。我不是教你做菜了吗？」",
    "len": 2
  },
  {
    "name": "樹",
    "message": "「不，那是……诶？」",
    "len": 1
  },
  {
    "name": "柚",
    "message": "「所以呢，我们赶紧出发吧」",
    "len": 1
  },
  {
    "name": "樹",
    "message": "「等等，这和约会有什么关系？」",
    "len": 1
  },
  {
    "name": "柚",
    "message": "「无所谓啦，反正你闲着没事干吧？」",
    "len": 1
  },
  {
    "name": "樹",
    "message": "「虽然是闲着……」",
    "len": 1
  },
  {
    "name": "柚",
    "message": "「那就去嘛，好不好？」",
    "len": 1
  },
  {
    "name": "樹",
    "message": "「唔……」",
    "len": 1
  },
  {
    "message": "这是为了感谢我教她做菜，想让我请客吗？",
    "len": 2
  },
  {
    "message": "还是说要我帮忙提购物袋？或者当跑腿的？",
    "len": 2
  },
  {
    "message": "不管是哪种，总觉得不会有什么好事……",
    "len": 2
  },
  {
    "name": "柚",
    "message": "「有什么好想的嘛」",
    "len": 1
  },
  {
    "name": "樹",
    "message": "「如果你对我温柔点的话，我倒是可以去」",
    "len": 1
  },
  {
    "name": "柚",
    "message": "「噗，你在说啥呀？」",
    "len": 1
  },
  {
    "name": "樹",
    "message": "「没啥，因为是柚嘛」",
    "len": 1
  },
  {
    "name": "柚",
    "message": "「放心啦，就是普通约会而已！我不会说奇怪的话，也不会让你做奇怪的事的」",
    "len": 2
  },
  {
    "name": "樹",
    "message": "「真的吗？」",
    "len": 1
  },
  {
    "name": "柚",
    "message": "「我只是想和树树出去玩而已啦」",
    "len": 1
  },
  {
    "name": "樹",
    "message": "「嗯，那样的话倒是可以……」",
    "len": 1
  },
  {
    "name": "柚",
    "message": "「什么嘛，你看起来一点干劲都没有呢～」",
    "len": 1
  },
  {
    "name": "樹",
    "message": "「约会的时候该做些什么，我其实不太清楚啊」",
    "len": 2
  },
  {
    "name": "柚",
    "message": "「这种事，我也不太清楚啊」",
    "len": 1
  },
  {
    "name": "樹",
    "message": "「只要在一起就行了吗？」",
    "len": 1
  },
  {
    "name": "柚",
    "message": "「因为是树树，所以这样就行了」",
    "len": 1
  },
  {
    "name": "樹",
    "message": "「也是啊，因为是柚，这样就行了」",
    "len": 1
  },
  {
    "name": "柚",
    "message": "「对对，以前我们经常玩探险游戏什么的吧。就像那样出去玩怎么样？」",
    "len": 2
  },
  {
    "name": "樹",
    "message": "「哈哈，那还真是怀念啊」",
    "len": 1
  },
  {
    "name": "柚",
    "message": "「铁塔那里啊，基地那里啊」",
    "len": 1
  },
  {
    "name": "樹",
    "message": "「嗯嗯，好啊，那就去吧」",
    "len": 1
  },
  {
    "name": "柚",
    "message": "「嗯，走吧」",
    "len": 1
  },
  {
    "name": "柚",
    "message": "「这里也变了很多呢～」",
    "len": 1
  },
  {
    "name": "樹",
    "message": "「啊，你还记得那条破破烂烂的商店街吗？」",
    "len": 1
  },
  {
    "name": "柚",
    "message": "「嗯，那里有一栋三层楼的超市吧。就在那个铁塔旁边」",
    "len": 2
  },
  {
    "name": "樹",
    "message": "「我们经常去那里呢」",
    "len": 1
  },
  {
    "name": "柚",
    "message": "「屋顶上有个小游乐园对吧？」",
    "len": 1
  },
  {
    "name": "樹",
    "message": "「还有那个大象形状的游乐设施」",
    "len": 1
  },
  {
    "name": "柚",
    "message": "「旁边排着一排游戏机，树树总是一直在玩游戏」",
    "len": 2
  },
  {
    "name": "樹",
    "message": "「是这样吗，我？」",
    "len": 1
  },
  {
    "name": "柚",
    "message": "「是啊，你很少和大家一起玩，一不注意就自己跑到哪里去了」",
    "len": 2
  },
  {
    "message": "看来我从以前到现在都没什么变化啊……",
    "len": 1
  },
  {
    "name": "柚",
    "message": "「那个时候，去找树树的任务总是～落在我头上哦？」",
    "len": 2
  },
  {
    "name": "柚",
    "message": "「他们还说什么'你不是住在树树家隔壁吗？'之类的话」",
    "len": 2
  },
  {
    "name": "樹",
    "message": "「啊——原来一直是你啊！我明白了～」",
    "len": 2
  },
  {
    "name": "柚",
    "message": "「什么明白了啊，真是的。就是因为你这样，所以现在才……」",
    "len": 2
  },
  {
    "name": "樹",
    "message": "「现在？」",
    "len": 1
  },
  {
    "name": "柚",
    "message": "「没什么，别在意」",
    "len": 1
  },
  {
    "name": "柚",
    "message": "「话说回来，树树还记得吗？那个铁塔下面闹鬼的事」",
    "len": 2
  },
  {
    "name": "樹",
    "message": "「啊——有有有，那个轰动事件！电视台还来采访了呢」",
    "len": 2
  },
  {
    "name": "柚",
    "message": "「学校里也闹得沸沸扬扬的呢～！后来大家还说要一起去探险」",
    "len": 2
  },
  {
    "name": "樹",
    "message": "「是啊，我们干了不少蠢事，还偷偷溜进变电所什么的……」",
    "len": 2
  },
  {
    "message": "现在想想，真不知道我们当时是怎么没被大人发现的。",
    "len": 1
  },
  {
    "name": "柚",
    "message": "「结果呢，什么也没出现，大家都玩腻了就回去了」",
    "len": 2
  },
  {
    "name": "樹",
    "message": "「啊，鬼怪什么的根本不可能出现嘛」",
    "len": 1
  },
  {
    "name": "柚",
    "message": "「说起来，树树当时也说过类似的话吧？」",
    "len": 2
  },
  {
    "name": "柚",
    "message": "「去了也什么都不会出现的，一副信心满满的样子」",
    "len": 1
  },
  {
    "name": "樹",
    "message": "「啊我是说过，结果因此被孤立了」",
    "len": 1
  },
  {
    "name": "柚",
    "message": "「为什么要那么说呢？」",
    "len": 1
  },
  {
    "name": "樹",
    "message": "「因为我爸告诉我了原理。就是鬼怪出现的原因」",
    "len": 2
  },
  {
    "name": "柚",
    "message": "「诶？还有这种事！？」",
    "len": 1
  },
  {
    "name": "樹",
    "message": "「那不就是明明什么都没有，东西却自己动了或者发出声音的现象吗？」",
    "len": 2
  },
  {
    "name": "樹",
    "message": "「全都是电磁波搞的鬼。是那个电波塔的某种高压电流干扰造成的」",
    "len": 2
  },
  {
    "name": "柚",
    "message": "「哇～原来是这样啊！好厉害！」",
    "len": 1
  },
  {
    "name": "樹",
    "message": "「嘛，不过只是我爸说的罢了」",
    "len": 1
  },
  {
    "name": "柚",
    "message": "「这样啊，原来是有正当理由的……」",
    "len": 1
  },
  {
    "name": "樹",
    "message": "「就是这么回事，那些恐怖故事啊」",
    "len": 1
  },
  {
    "name": "柚",
    "message": "「妈妈说的也是这件事吗？」",
    "len": 1
  },
  {
    "name": "樹",
    "message": "「蜜柑桑说了什么？」",
    "len": 1
  },
  {
    "name": "柚",
    "message": "「嗯，说最近在那个铁塔周围又闹鬼了」",
    "len": 2
  },
  {
    "name": "樹",
    "message": "「嗯～那可能又是什么奇怪的电流流过了吧？」",
    "len": 1
  },
  {
    "name": "柚",
    "message": "「可能是吧，毕竟还发生了地震」",
    "len": 1
  },
  {
    "message": "地震……吗。",
    "len": 1
  },
  {
    "message": "难道真的只有我没注意到吗……？",
    "len": 1
  },
  {
    "name": "柚",
    "message": "「喂，差不多该进去了吧？来喝杯可可吧！」",
    "len": 2
  },
  {
    "name": "樹",
    "message": "「你啊，还是那么喜欢容易发胖的东西」",
    "len": 1
  },
  {
    "name": "柚",
    "message": "「我才不会胖呢，因为有在运动」",
    "len": 1
  },
  {
    "name": "樹",
    "message": "「我喝可乐就行」",
    "len": 1
  },
  {
    "name": "柚",
    "message": "「可乐也会让人发胖哦～」",
    "len": 1
  }
]