[
  {
    "name": "蜜柑",
    "message": "「那么，暂且让你们先回去……」",
    "len": 1
  },
  {
    "name": "蜜柑",
    "message": "「不许再有下次了！听明白了吗！？」",
    "len": 2
  },
  {
    "name": "式子",
    "message": "「好～～，我会好好表现的～～」",
    "len": 1
  },
  {
    "name": "柚",
    "message": "「妈妈，谢谢你！我爱你！」",
    "len": 1
  },
  {
    "name": "蜜柑",
    "message": "「我可不是听了你的请求才这么做的」",
    "len": 1
  },
  {
    "name": "樹",
    "message": "「可，可是，这样真的没问题吗？就这么轻易地……」",
    "len": 2
  },
  {
    "name": "蜜柑",
    "message": "「没办法啊，文件上没有问题，而且人脸识别也显示是同一个人」",
    "len": 2
  },
  {
    "name": "蜜柑",
    "message": "「警方只能承认这个女孩就是七枷式子桑了」",
    "len": 2
  },
  {
    "name": "式子",
    "message": "「没错～，我就是本人～」",
    "len": 1
  },
  {
    "name": "樹",
    "message": "「但是，她看起来太年轻了啊！？」",
    "len": 1
  },
  {
    "name": "蜜柑",
    "message": "「这方面现在不是有整容什么的各种办法嘛」",
    "len": 2
  },
  {
    "name": "樹",
    "message": "「不是，这也太不自然了吧！？」",
    "len": 1
  },
  {
    "name": "蜜柑",
    "message": "「你的印象我会参考的，但那跟警察无关」",
    "len": 2
  },
  {
    "name": "樹",
    "message": "「真是官僚主义啊！」",
    "len": 1
  },
  {
    "name": "蜜柑",
    "message": "「警察就是官僚机构啊」",
    "len": 1
  },
  {
    "name": "柚",
    "message": "「等、等一下树，你是想让这个人被逮捕吗？」",
    "len": 1
  },
  {
    "name": "樹",
    "message": "「不，也不是那个意思，只是感觉有点说不通……」",
    "len": 2
  },
  {
    "name": "式子",
    "message": "「树君，太过分了～，呜呜～」",
    "len": 1
  },
  {
    "name": "樹",
    "message": "「唔……我、我知道了！总之今天就这样回去吧」",
    "len": 2
  },
  {
    "name": "式子",
    "message": "「好～，回去回去～！」",
    "len": 1
  },
  {
    "name": "柚",
    "message": "「妈妈，那我们就走了哦」",
    "len": 1
  },
  {
    "name": "蜜柑",
    "message": "「好好，去和树君尽情享受青春吧」",
    "len": 1
  },
  {
    "name": "柚",
    "message": "「老土！」",
    "len": 1
  },
  {
    "name": "樹",
    "message": "「蜜柑桑，今天真是非常抱歉」",
    "len": 1
  },
  {
    "name": "蜜柑",
    "message": "「别在意，这是工作」",
    "len": 1
  },
  {
    "name": "樹",
    "message": "「那么，再见」",
    "len": 1
  },
  {
    "name": "蜜柑",
    "message": "「啊，等一下！能问你一件事吗？」",
    "len": 2
  },
  {
    "name": "樹",
    "message": "「什么事？」",
    "len": 1
  },
  {
    "name": "蜜柑",
    "message": "「她变成那样是在……流星群来临的那晚，对吧」",
    "len": 2
  },
  {
    "name": "樹",
    "message": "「嗯，是的」",
    "len": 1
  },
  {
    "name": "蜜柑",
    "message": "「那时候发生了一场大地震，你还记得吗？」",
    "len": 1
  },
  {
    "name": "樹",
    "message": "「啊……那个，不知为什么我……完全没注意到地震什么的」",
    "len": 2
  },
  {
    "name": "蜜柑",
    "message": "「没注意到？」",
    "len": 1
  },
  {
    "name": "樹",
    "message": "「一点都没感觉到晃动，总觉得难以置信……」",
    "len": 2
  },
  {
    "name": "蜜柑",
    "message": "「嗯～，原来如此。从道理上来说是说得通的……」",
    "len": 2
  },
  {
    "name": "樹",
    "message": "「诶？」",
    "len": 1
  },
  {
    "name": "蜜柑",
    "message": "「啊，没事没事，抱歉耽误你了。你可以走了」",
    "len": 2
  },
  {
    "name": "樹",
    "message": "「那个，难道你知道些什么吗？」",
    "len": 1
  },
  {
    "name": "蜜柑",
    "message": "「嘛，我这边也有我这边的，各种事情呢」",
    "len": 1
  },
  {
    "name": "樹",
    "message": "「如果你知道的话……」",
    "len": 1
  },
  {
    "name": "蜜柑",
    "message": "「没事的，放心吧。我不会对你不利的」",
    "len": 2
  },
  {
    "name": "樹",
    "message": "「蜜柑桑……？」",
    "len": 1
  },
  {
    "name": "蜜柑",
    "message": "「虽然这里确实是政府机构」",
    "len": 1
  },
  {
    "name": "蜜柑",
    "message": "「但警察可不是那么好说话的组织……」",
    "len": 1
  }
]