[
  {
    "name": "樹",
    "message": "「唔嗯……」",
    "len": 1
  },
  {
    "message": "蜜柑桑最后露出了有点可怕的眼神啊。",
    "len": 1
  },
  {
    "message": "说不会做坏事，到底是什么意思呢……",
    "len": 2
  },
  {
    "name": "柚",
    "message": "「怎么了，刚才一直在嘟囔着？」",
    "len": 2
  },
  {
    "name": "樹",
    "message": "「没什么，是我的事……话说回来，式子桑呢？」",
    "len": 2
  },
  {
    "name": "柚",
    "message": "「她说要去保健所，我给她指了路」",
    "len": 1
  },
  {
    "name": "樹",
    "message": "「保健所？」",
    "len": 1
  },
  {
    "name": "柚",
    "message": "「她说要去领养那个捕蝇草怪物」",
    "len": 1
  },
  {
    "name": "樹",
    "message": "「这样啊……不过，他们应该不会轻易把它还给她吧」",
    "len": 1
  },
  {
    "name": "柚",
    "message": "「那个东西，果然是那个人造成的吗？」",
    "len": 1
  },
  {
    "name": "樹",
    "message": "「虽然我不太懂其中的原理和机制，但我觉得应该就是这样……」",
    "len": 2
  },
  {
    "name": "柚",
    "message": "「呜～～～，啊呜呜呜～～」",
    "len": 1
  },
  {
    "name": "樹",
    "message": "「怎么了，我的情绪传染给你了吗？」",
    "len": 1
  },
  {
    "name": "柚",
    "message": "「树树，你怎么能这么淡定啊～」",
    "len": 1
  },
  {
    "name": "樹",
    "message": "「淡定？什么意思？」",
    "len": 1
  },
  {
    "name": "柚",
    "message": "「因为，这种事根本不可能发生吧」",
    "len": 1
  },
  {
    "name": "樹",
    "message": "「不是，但事实上已经发生了啊」",
    "len": 1
  },
  {
    "name": "柚",
    "message": "「我啊，不只是看到了那个人哦」",
    "len": 1
  },
  {
    "name": "柚",
    "message": "「我还看到了结衣桑的……」",
    "len": 1
  },
  {
    "name": "樹",
    "message": "「结衣姐的？」",
    "len": 1
  },
  {
    "name": "柚",
    "message": "「前几天下雪的时候，我在这个公园里看到了……」",
    "len": 2
  },
  {
    "name": "柚",
    "message": "「就在那个纪念碑附近，结衣桑一个人静静地站在那里……」",
    "len": 2
  },
  {
    "name": "柚",
    "message": "「然后啊……雪就……」",
    "len": 1
  },
  {
    "name": "柚",
    "message": "「只有结衣桑周围的雪……」",
    "len": 1
  },
  {
    "name": "樹",
    "message": "「雪怎么了？」",
    "len": 1
  },
  {
    "name": "柚",
    "message": "「啊～还是不说了！那肯定是我看错了！」",
    "len": 2
  },
  {
    "name": "樹",
    "message": "「那是什么啊」",
    "len": 1
  },
  {
    "name": "柚",
    "message": "「没什么！我不想说那种荒唐的事」",
    "len": 2
  },
  {
    "name": "樹",
    "message": "「这样我就不明白了啊」",
    "len": 1
  },
  {
    "name": "柚",
    "message": "「呐，树树……」",
    "len": 1
  },
  {
    "name": "樹",
    "message": "「怎么了？」",
    "len": 1
  },
  {
    "name": "柚",
    "message": "「我有点害怕」",
    "len": 1
  },
  {
    "name": "樹",
    "message": "「啊？」",
    "len": 1
  },
  {
    "name": "柚",
    "message": "「比起最初的想法，现在感觉更加…该说是不一样吗…像是难以捉摸的感觉…」",
    "len": 2
  },
  {
    "name": "柚",
    "message": "「我这样的人，真的没问题吗…」",
    "len": 1
  },
  {
    "name": "樹",
    "message": "「柚，那是…」",
    "len": 1
  },
  {
    "name": "柚",
    "message": "「没事没事，什么都不用说！这都是我自作主张的事」",
    "len": 2
  },
  {
    "name": "柚",
    "message": "「只是因为今天的骚动，让我有点丧气罢了！」",
    "len": 2
  },
  {
    "name": "柚",
    "message": "「喏，我们去那边有树的地方吧！我知道一个好地方」",
    "len": 2
  },
  {
    "name": "樹",
    "message": "「啊，柚！」",
    "len": 1
  },
  {
    "name": "柚",
    "message": "「喂，快点快点！」",
    "len": 1
  },
  {
    "name": "樹",
    "message": "「啧，真拿你没办法」",
    "len": 1
  },
  {
    "name": "柚",
    "message": "「怎么样，这里不错吧？」",
    "len": 1
  },
  {
    "name": "樹",
    "message": "「这附近的树，冬天也不会枯萎啊」",
    "len": 1
  },
  {
    "name": "柚",
    "message": "「很棒吧，就像秘密基地一样」",
    "len": 1
  },
  {
    "name": "樹",
    "message": "「哈哈，真怀念啊，玩秘密基地游戏吗？」",
    "len": 1
  },
  {
    "name": "柚",
    "message": "「树还记得吗，有一次，你说'咱们去真正的秘密基地吧'，然后想闯进研究所」",
    "len": 2
  },
  {
    "name": "樹",
    "message": "「啊，就是以前那个建筑吧」",
    "len": 1
  },
  {
    "name": "柚",
    "message": "「嗯，就是这里曾经有的那个大环……」",
    "len": 1
  },
  {
    "name": "樹",
    "message": "「那时候真帅气啊」",
    "len": 1
  },
  {
    "name": "柚",
    "message": "「瞧，这里也有个纪念碑，上面写着'同步加速器大楼遗址'」",
    "len": 2
  },
  {
    "name": "樹",
    "message": "「哦，真的啊，原来就是这里」",
    "len": 1
  },
  {
    "name": "柚",
    "message": "「不过，最后我们还是没能进去。被大人狠狠地骂了一顿」",
    "len": 2
  },
  {
    "name": "樹",
    "message": "「啊，对了，因为那里有很多高压线，太危险了……」",
    "len": 1
  },
  {
    "name": "樹",
    "message": "「嗯？」",
    "len": 1
  },
  {
    "message": "刚才……我是不是想起了什么……？",
    "len": 1
  },
  {
    "message": "对了……高压电流……。",
    "len": 1
  },
  {
    "message": "电波塔……地震……。",
    "len": 1
  },
  {
    "message": "这是怎么回事？",
    "len": 1
  },
  {
    "message": "感觉有什么东西，就在嘴边却说不出来……。",
    "len": 1
  },
  {
    "name": "柚",
    "message": "「咋啦？沉浸在回忆里啦？」",
    "len": 1
  },
  {
    "name": "樹",
    "message": "「啊，没、没什么……就是有点吧……」",
    "len": 1
  },
  {
    "name": "柚",
    "message": "「嘻嘻，真奇怪」",
    "len": 1
  },
  {
    "message": "算了，想也没用，反正也搞不明白。",
    "len": 1
  },
  {
    "message": "还是别做不适合自己的事了……",
    "len": 1
  },
  {
    "name": "樹",
    "message": "「说起来，柚你从以前就爱多管闲事啊」",
    "len": 1
  },
  {
    "name": "柚",
    "message": "「嗯，我就是爱管闲事，烦吗？」",
    "len": 1
  },
  {
    "name": "樹",
    "message": "「没，已经习惯了」",
    "len": 1
  },
  {
    "name": "柚",
    "message": "「你从以前就一点都不可爱呢～」",
    "len": 1
  },
  {
    "name": "樹",
    "message": "「不过，这次真的帮了我很多忙……我觉得」",
    "len": 1
  },
  {
    "name": "柚",
    "message": "「就是啊，偶尔也该感谢一下嘛」",
    "len": 1
  },
  {
    "name": "樹",
    "message": "「为什么要对我这么好啊？对我这种人……」",
    "len": 2
  },
  {
    "name": "柚",
    "message": "「嗯，虽然有点孽缘的感觉……」",
    "len": 1
  },
  {
    "name": "柚",
    "message": "「大概是因为我想一直和你保持好关系吧？」",
    "len": 1
  },
  {
    "name": "樹",
    "message": "「就没有别人了吗」",
    "len": 1
  },
  {
    "name": "柚",
    "message": "「男生的话倒是没有别人了」",
    "len": 1
  },
  {
    "name": "樹",
    "message": "「你应该挺受欢迎的吧？」",
    "len": 1
  },
  {
    "name": "柚",
    "message": "「我可是超级受欢迎的，先说好啊」",
    "len": 1
  },
  {
    "name": "樹",
    "message": "「那为什么是我？」",
    "len": 1
  },
  {
    "name": "柚",
    "message": "「小时候我们一直在一起不是吗」",
    "len": 1
  },
  {
    "name": "柚",
    "message": "「妈妈说，这种情况叫做「印随」呢」",
    "len": 2
  },
  {
    "name": "樹",
    "message": "「真是毫不留情啊」",
    "len": 1
  },
  {
    "name": "柚",
    "message": "「呵呵，是啊」",
    "len": 1
  },
  {
    "name": "樹",
    "message": "「我还是不太明白……想和某个人在一起这种事」",
    "len": 2
  },
  {
    "name": "柚",
    "message": "「我明白哦。因为我喜欢树木」",
    "len": 2
  },
  {
    "name": "樹",
    "message": "「突、突然说这个？」",
    "len": 1
  },
  {
    "name": "樹",
    "message": "「……！？」",
    "len": 1
  },
  {
    "name": "柚",
    "message": "「嗯……唔，嗯嗯…………」",
    "len": 1
  },
  {
    "name": "樹",
    "message": "「喂、喂！？」",
    "len": 1
  },
  {
    "name": "柚",
    "message": "「要是平常的话，我应该会更早说出口的」",
    "len": 1
  },
  {
    "name": "柚",
    "message": "「不过，因为琴子的……那件事，所以就说不出口了」",
    "len": 2
  },
  {
    "name": "樹",
    "message": "「我隐约有这种感觉」",
    "len": 1
  },
  {
    "name": "柚",
    "message": "「嗯……」",
    "len": 1
  },
  {
    "name": "樹",
    "message": "「没想到你现在会说出来」",
    "len": 1
  },
  {
    "name": "柚",
    "message": "「因为，如果现在不说的话，树木可能会去某个地方……」",
    "len": 2
  },
  {
    "name": "柚",
    "message": "「好像要去另一个世界了」",
    "len": 1
  },
  {
    "name": "樹",
    "message": "「啊？」",
    "len": 1
  },
  {
    "name": "柚",
    "message": "「去一个没有我的遥远地方……」",
    "len": 1
  },
  {
    "name": "樹",
    "message": "「怎么会……」",
    "len": 1
  },
  {
    "name": "柚",
    "message": "「我想和你在一起」",
    "len": 1
  },
  {
    "name": "柚",
    "message": "「不要忘记我哦？」",
    "len": 1
  },
  {
    "name": "柚",
    "message": "「因为我就在这里……」",
    "len": 1
  },
  {
    "name": "樹",
    "message": "「柚……」",
    "len": 1
  },
  {
    "name": "柚",
    "message": "「啊，那个……刚才的话就当是预约了哦？」",
    "len": 1
  },
  {
    "name": "柚",
    "message": "「那么，我先回去了！」",
    "len": 1
  },
  {
    "name": "樹",
    "message": "「啊，嗯……」",
    "len": 1
  },
  {
    "name": "柚",
    "message": "「再见！」",
    "len": 1
  },
  {
    "name": "樹",
    "message": "「…………」",
    "len": 1
  },
  {
    "message": "这是……第二次了吧。",
    "len": 1
  },
  {
    "message": "小时候，我和她开玩笑地做过一次呢。",
    "len": 1
  },
  {
    "message": "呼……，我也该回去了……。",
    "len": 1
  },
  {
    "name": "結衣",
    "message": "「树——，还有肉吗？」",
    "len": 1
  },
  {
    "name": "樹",
    "message": "「已经没有了啦。不要老是吃肉，也要好好吃鱼啊」",
    "len": 2
  },
  {
    "name": "ギズモ",
    "message": "「鱼——，树树，鱼」",
    "len": 1
  },
  {
    "name": "樹",
    "message": "「好好，我这就准备，稍等一下啊」",
    "len": 1
  },
  {
    "name": "電卓",
    "message": "「啧，真是群饭桶」",
    "len": 1
  },
  {
    "name": "樹",
    "message": "「你给我缩在房间角落里去！」",
    "len": 1
  },
  {
    "name": "結衣",
    "message": "「结衣想吃肉啊……」",
    "len": 1
  },
  {
    "name": "式子",
    "message": "「呜呜……蔬菜也很好吃的嘛～」",
    "len": 1
  },
  {
    "name": "琴子",
    "message": "「我们要均衡饮食哦」",
    "len": 1
  },
  {
    "name": "樹",
    "message": "「说得对啊……」",
    "len": 1
  },
  {
    "message": "可能是因为今天从中午前就在外面走来走去的缘故，感觉全身都疲惫不堪。",
    "len": 2
  },
  {
    "message": "再加上精神上的……果然还是家里更让人安心啊。",
    "len": 2
  },
  {
    "message": "明明之前那么讨厌的……",
    "len": 1
  },
  {
    "name": "式子",
    "message": "「看～，今天我把番茄和草莓拼在一起了哦～」",
    "len": 2
  },
  {
    "name": "結衣",
    "message": "「……不要」",
    "len": 1
  },
  {
    "name": "琴子",
    "message": "「颜色看起来不错呢……」",
    "len": 1
  },
  {
    "name": "ギズモ",
    "message": "「呜喵～」",
    "len": 1
  },
  {
    "message": "那之后式子桑似乎顺利地收到了食虫植物。",
    "len": 2
  },
  {
    "message": "在那期间，好像也有几个人不太顺利……",
    "len": 2
  },
  {
    "name": "結衣",
    "message": "「说到肉就想到树，公园里不是有鸽子吗？」",
    "len": 2
  },
  {
    "name": "樹",
    "message": "「是有啊……该不会？」",
    "len": 1
  },
  {
    "name": "結衣",
    "message": "「喂，小猫。你去把它们抓来」",
    "len": 1
  },
  {
    "name": "ギズモ",
    "message": "「喵？」",
    "len": 1
  },
  {
    "name": "樹",
    "message": "「……要吃吗？」",
    "len": 1
  },
  {
    "name": "式子",
    "message": "「啊，鸽鸽不能吃啊～」",
    "len": 1
  },
  {
    "name": "琴子",
    "message": "「鸽子肉有腥味哦？」",
    "len": 1
  },
  {
    "name": "結衣",
    "message": "「腥的话就麻烦了……」",
    "len": 1
  },
  {
    "name": "電卓",
    "message": "「不吃那玩意儿也行，吃泡面不就够了吗」",
    "len": 2
  },
  {
    "name": "樹",
    "message": "「那个反而更费钱啊！你得意识到自己在奢侈！」",
    "len": 2
  },
  {
    "name": "結衣",
    "message": "「嗯？是这样吗？」",
    "len": 1
  },
  {
    "name": "式子",
    "message": "「要是蔬菜的话，多少都有哦～」",
    "len": 1
  },
  {
    "name": "電卓",
    "message": "「切，那可是老子赚的钱吧？既然如此，怎么用不是我的自由吗」",
    "len": 2
  },
  {
    "name": "樹",
    "message": "「那些钱已经没了！话说你根本没在工作吧！」",
    "len": 2
  },
  {
    "name": "樹",
    "message": "「尼特族就吃风去吧！」",
    "len": 1
  },
  {
    "name": "電卓",
    "message": "「尼特？那是啥玩意儿，老子不知道啊？」",
    "len": 1
  },
  {
    "name": "琴子",
    "message": "「指那些对就学、就业、职业培训都没有意愿的人」",
    "len": 2
  },
  {
    "name": "電卓",
    "message": "「那肯定是搞错了。老子将来可是要成为音乐家的」",
    "len": 2
  },
  {
    "name": "樹",
    "message": "「行行行，别说这种白日梦了。别想将来了，先想想眼下吧」",
    "len": 2
  },
  {
    "name": "電卓",
    "message": "「树啊……那你有在考虑吗？」",
    "len": 1
  },
  {
    "name": "樹",
    "message": "「你、你说什么……」",
    "len": 1
  },
  {
    "name": "電卓",
    "message": "「…………」",
    "len": 1
  },
  {
    "name": "琴子",
    "message": "「哥哥……还有爸爸，现在我们吃饭吧」",
    "len": 2
  },
  {
    "name": "電卓",
    "message": "「哦，说得对。不快点的话菜都要凉了」",
    "len": 2
  },
  {
    "name": "樹",
    "message": "「切……」",
    "len": 1
  },
  {
    "name": "結衣",
    "message": "「怎么了树，不吃的话结衣就替你吃了哦」",
    "len": 2
  },
  {
    "name": "樹",
    "message": "「啊——行了，我吃还不行吗」",
    "len": 1
  },
  {
    "name": "式子",
    "message": "「好～啦，大家和和气气地吃饭吧～」",
    "len": 1
  },
  {
    "name": "ギズモ",
    "message": "「饭饭，吃～」",
    "len": 1
  },
  {
    "message": "虽然心里还是有些不爽……但想那么多也没用。",
    "len": 1
  },
  {
    "message": "反正那家伙说的话也没什么可信的。",
    "len": 1
  }
]