[
  {
    "name": "樹",
    "message": "「嗯……」",
    "len": 1
  },
  {
    "message": "当我在客厅发呆时，从楼上传来了咚咚的脚步声。",
    "len": 2
  },
  {
    "message": "脚步声有些沉重，像是在四处寻找什么。",
    "len": 1
  },
  {
    "name": "樹",
    "message": "「这是……电卓那家伙吧」",
    "len": 1
  },
  {
    "message": "仅凭脚步声就能分辨出是谁，不知道是好事还是坏事……",
    "len": 2
  },
  {
    "name": "樹",
    "message": "「不管怎样，真吵啊……」",
    "len": 1
  },
  {
    "name": "ギズモ",
    "message": "「喵？」",
    "len": 1
  },
  {
    "name": "樹",
    "message": "「不，不是在说你，姬子猫。抱歉吵醒你了」",
    "len": 2
  },
  {
    "name": "ギズモ",
    "message": "「喵～」",
    "len": 1
  },
  {
    "message": "话说回来，姬子猫变成人形后还是睡得那么多啊……有点羡慕。",
    "len": 2
  },
  {
    "message": "虽然醒着，但总比结衣姐姐那样发呆，或者在奇怪的时间出门闲逛要好。",
    "len": 2
  },
  {
    "name": "電卓",
    "message": "「树！你在吗？！？」",
    "len": 1
  },
  {
    "name": "樹",
    "message": "「啊？什么事啊，不用那么大声我也听得见」",
    "len": 2
  },
  {
    "name": "電卓",
    "message": "「树，来玩游戏」",
    "len": 1
  },
  {
    "name": "樹",
    "message": "「哈……这次又是什么？又是格斗游戏吗？」",
    "len": 2
  },
  {
    "name": "琴子",
    "message": "「不，这次不一样」",
    "len": 1
  },
  {
    "name": "樹",
    "message": "「诶……琴子也一起来了吗？」",
    "len": 1
  },
  {
    "name": "琴子",
    "message": "「是的，我想和哥哥一起玩」",
    "len": 1
  },
  {
    "message": "说着，她放在桌子上的是最近经常看到的便携式游戏机。",
    "len": 2
  },
  {
    "name": "樹",
    "message": "「琴子，你什么时候有这个了？」",
    "len": 1
  },
  {
    "name": "琴子",
    "message": "「不，我没有」",
    "len": 1
  },
  {
    "name": "樹",
    "message": "「那么……是你买的？」",
    "len": 1
  },
  {
    "name": "電卓",
    "message": "「我怎么可能买这种东西啊。有那钱我早买泡面去了」",
    "len": 2
  },
  {
    "name": "樹",
    "message": "「哈……哈，是这样啊」",
    "len": 1
  },
  {
    "name": "樹",
    "message": "「但是琴子，那这个是……」",
    "len": 1
  },
  {
    "name": "琴子",
    "message": "「我做的」",
    "len": 1
  },
  {
    "name": "樹",
    "message": "「……做的？琴子制造？」",
    "len": 2
  },
  {
    "name": "琴子",
    "message": "「是的。材料是姐姐给的，内部是我和爸爸一起做的」",
    "len": 2
  },
  {
    "name": "琴子",
    "message": "「虽然做不到和全新的一样，但是正常玩游戏的话没问题」",
    "len": 2
  },
  {
    "name": "琴子",
    "message": "「虽然用了一些不太光明的手段……」",
    "len": 1
  },
  {
    "name": "樹",
    "message": "「呃……不是修好的吗？」",
    "len": 1
  },
  {
    "name": "電卓",
    "message": "「别管那些细节了。你只管和琴子一起玩就行」",
    "len": 2
  },
  {
    "name": "琴子",
    "message": "「是啊，我们没有做任何违法的事」",
    "len": 2
  },
  {
    "name": "樹",
    "message": "「既然琴子这么说，我就相信吧……」",
    "len": 1
  },
  {
    "name": "結衣",
    "message": "「嗯？你们聚在一起干什么呢？」",
    "len": 1
  },
  {
    "name": "琴子",
    "message": "「玩游戏。我们正准备开始，姐姐要不要也来？」",
    "len": 2
  },
  {
    "name": "結衣",
    "message": "「游戏啊……我倒是可以玩。树你怎么说？」",
    "len": 2
  },
  {
    "name": "樹",
    "message": "「我也没事，想着要不要玩」",
    "len": 1
  },
  {
    "name": "結衣",
    "message": "「这样啊……那结衣也来玩吧」",
    "len": 1
  },
  {
    "name": "琴子",
    "message": "「太好了。这样我们四个人就齐了」",
    "len": 2
  },
  {
    "name": "樹",
    "message": "「一定要四个人吗？」",
    "len": 1
  },
  {
    "name": "琴子",
    "message": "「是啊，这样比较方便」",
    "len": 1
  },
  {
    "name": "式子",
    "message": "「啊哈哈～妈妈不太擅长这个呢……」",
    "len": 2
  },
  {
    "name": "樹",
    "message": "「……原来如此」",
    "len": 1
  },
  {
    "message": "原来是因为这个才躲起来的啊（虽然一眼就看出来了）。嘛，确实看起来不太擅长的样子。",
    "len": 2
  },
  {
    "message": "就是这么回事。",
    "len": 1
  },
  {
    "name": "電卓",
    "message": "「哈哈哈哈，你们也太嫩了」",
    "len": 2
  },
  {
    "name": "結衣",
    "message": "「可恶……树，把那家伙干掉！」",
    "len": 1
  },
  {
    "name": "樹",
    "message": "「别说这种不可能的话啊。我自己都还不太熟悉操作呢」",
    "len": 2
  },
  {
    "name": "琴子",
    "message": "「毕竟没有说明书嘛……只能边打边学了」",
    "len": 2
  },
  {
    "message": "四个人一边盯着屏幕，一边咔嚓咔嚓地操作着按钮。",
    "len": 2
  },
  {
    "message": "那家伙莫名其妙地说什么『男人就该玩机器人』之类的话，就这样决定了游戏软件。",
    "len": 2
  },
  {
    "message": "虽然我没见过，不过看来是个挺有名的游戏。",
    "len": 1
  },
  {
    "message": "以宇宙为舞台，不停地砰砰开枪。",
    "len": 1
  },
  {
    "name": "式子",
    "message": "「呜～大家都好厉害啊～。光是看着就觉得头晕目眩了～」",
    "len": 2
  },
  {
    "name": "ギズモ",
    "message": "「喵～」",
    "len": 1
  },
  {
    "name": "式子",
    "message": "「小姬也不会玩吧～」",
    "len": 1
  },
  {
    "name": "ギズモ",
    "message": "「呜喵～」",
    "len": 1
  },
  {
    "message": "虽然背后传来这样的对话，但老实说我根本没空去听。",
    "len": 2
  },
  {
    "name": "結衣",
    "message": "「咕呜呜……这下我要跟你把雪仗的账给算清楚」",
    "len": 2
  },
  {
    "name": "電卓",
    "message": "「哈哈哈，你以为你能——哇哦！？」",
    "len": 4
  },
  {
    "name": "樹",
    "message": "「靠，打偏了……」",
    "len": 1
  },
  {
    "name": "結衣",
    "message": "「不错啊树，再接再厉」",
    "len": 1
  },
  {
    "name": "電卓",
    "message": "「哇哈哈哈，二对一啊。有意思啊」",
    "len": 2
  },
  {
    "name": "結衣",
    "message": "「呜哇，他朝这边来了！树，想办法啊」",
    "len": 2
  },
  {
    "name": "樹",
    "message": "「你说得倒轻松。话说那家伙的射程也太长了吧？」",
    "len": 2
  },
  {
    "name": "電卓",
    "message": "「我才不管那些呢。战场上哪有什么卑鄙不卑鄙」",
    "len": 2
  },
  {
    "name": "樹",
    "message": "「呃啊……我一定要干掉你」",
    "len": 1
  },
  {
    "name": "結衣",
    "message": "「树，包抄他」",
    "len": 1
  },
  {
    "name": "電卓",
    "message": "「哈哈哈哈，没用的。我要一次性干掉你们两个——」",
    "len": 2
  },
  {
    "name": "琴子",
    "message": "「呵呵……」",
    "len": 1
  },
  {
    "name": "電卓",
    "message": "「呜哇啊啊！？我死了！？」",
    "len": 1
  },
  {
    "name": "結衣",
    "message": "「啊哈哈哈，活该……哎呀啊啊！？」",
    "len": 4
  },
  {
    "name": "樹",
    "message": "「呃啊，我也死了……」",
    "len": 1
  },
  {
    "name": "琴子",
    "message": "「各位，大意是大忌哦」",
    "len": 1
  },
  {
    "name": "樹",
    "message": "「刚才那是……琴子吗？」",
    "len": 1
  },
  {
    "name": "琴子",
    "message": "「是啊，这种游戏必须动脑筋才行。毕竟战场上不是一对一的」",
    "len": 2
  },
  {
    "name": "結衣",
    "message": "「呜呜……」",
    "len": 1
  },
  {
    "name": "電卓",
    "message": "「该死……」",
    "len": 1
  },
  {
    "name": "樹",
    "message": "「不愧是琴子啊。果然这种游戏你也很厉害」",
    "len": 2
  },
  {
    "name": "琴子",
    "message": "「嘻嘻……」",
    "len": 1
  },
  {
    "name": "結衣",
    "message": "「哼……琴子，再来一局。这次我一定要让你见识姐姐的实力」",
    "len": 2
  },
  {
    "name": "琴子",
    "message": "「好啊，没问题。我随时奉陪」",
    "len": 2
  },
  {
    "name": "電卓",
    "message": "「哦，一直输可不爽啊……」",
    "len": 1
  },
  {
    "name": "樹",
    "message": "「真不成熟啊……不就是个游戏吗」",
    "len": 1
  },
  {
    "name": "結衣",
    "message": "「树你是因为对手是琴子才这么说的吧？如果是其他人，你肯定会要求再战的」",
    "len": 2
  },
  {
    "name": "結衣",
    "message": "「嗯，绝对没错。这种偏心可不好哦」",
    "len": 2
  },
  {
    "name": "樹",
    "message": "「这算偏心吗……？」",
    "len": 1
  },
  {
    "name": "琴子",
    "message": "「我倒是无所谓。姐姐，来比赛吧。哥哥你怎么说？」",
    "len": 2
  },
  {
    "name": "樹",
    "message": "「这个嘛……」",
    "len": 1
  },
  {
    "name": "ギズモ",
    "message": "「喵？」",
    "len": 1
  },
  {
    "message": "正当我想着要不要休息一下时，目光与一脸兴致盎然的姬子猫对上了。",
    "len": 2
  },
  {
    "name": "樹",
    "message": "「姬子猫，你要不要试试？」",
    "len": 1
  },
  {
    "name": "ギズモ",
    "message": "「喵，要玩～」",
    "len": 1
  },
  {
    "name": "結衣",
    "message": "「动物也能玩吗？」",
    "len": 1
  },
  {
    "name": "ギズモ",
    "message": "「喵呜！」",
    "len": 1
  },
  {
    "name": "樹",
    "message": "「嗯～琴子你觉得它能行吗？」",
    "len": 1
  },
  {
    "name": "琴子",
    "message": "「这个嘛……万事都需要经验嘛」",
    "len": 1
  },
  {
    "name": "電卓",
    "message": "「喂，快点开始吧」",
    "len": 1
  },
  {
    "name": "樹",
    "message": "「行吧，随便玩玩看」",
    "len": 1
  },
  {
    "name": "樹",
    "message": "「总之，先在这里移动，然后在这里攻击。就这样吧」",
    "len": 2
  },
  {
    "name": "琴子",
    "message": "「是啊。反正输了也不会怎么样」",
    "len": 2
  },
  {
    "name": "式子",
    "message": "「小姬，要连妈妈的份一起加油哦～」",
    "len": 1
  },
  {
    "name": "ギズモ",
    "message": "「喵呜」",
    "len": 1
  },
  {
    "name": "結衣",
    "message": "「嘿嘿嘿……这下猎物又多了一个」",
    "len": 1
  },
  {
    "message": "哇哦……结衣姐，你那笑容有点……",
    "len": 1
  },
  {
    "name": "電卓",
    "message": "「哈，开始吧！」",
    "len": 1
  },
  {
    "name": "結衣",
    "message": "「哼，我要让你们尝尝反击的滋味」",
    "len": 1
  },
  {
    "name": "結衣",
    "message": "「不过在那之前……」",
    "len": 1
  },
  {
    "name": "ギズモ",
    "message": "「喵？」",
    "len": 1
  },
  {
    "name": "結衣",
    "message": "「让我们先把弱者淘汰出局吧」",
    "len": 1
  },
  {
    "name": "ギズモ",
    "message": "「啊？啊！？」",
    "len": 1
  },
  {
    "name": "結衣",
    "message": "「来啊来啊」",
    "len": 1
  },
  {
    "name": "ギズモ",
    "message": "「太多了！？」",
    "len": 1
  },
  {
    "name": "結衣",
    "message": "「啊哈哈哈，跳啊跳啊～」",
    "len": 2
  },
  {
    "name": "ギズモ",
    "message": "「呜哇啊啊啊」",
    "len": 1
  },
  {
    "message": "哇——这也太残忍了……",
    "len": 1
  },
  {
    "message": "说是不够成熟也好，这绝对是游戏玩家不该做的行为。",
    "len": 2
  },
  {
    "name": "琴子",
    "message": "「哼……这可不行。我来帮忙」",
    "len": 1
  },
  {
    "name": "結衣",
    "message": "「啊！？琴子你怎么来了！？」",
    "len": 1
  },
  {
    "name": "電卓",
    "message": "「欺负弱小可不行啊」",
    "len": 1
  },
  {
    "name": "結衣",
    "message": "「啊！？三对一太卑鄙了吧！？分明是结衣被针对了嘛！？」",
    "len": 2
  },
  {
    "name": "琴子",
    "message": "「这就是你最先下手的报应」",
    "len": 1
  },
  {
    "name": "ギズモ",
    "message": "「呼啊」",
    "len": 1
  },
  {
    "name": "結衣",
    "message": "「呃……你这，明明只是只动物而已……」",
    "len": 1
  },
  {
    "name": "電卓",
    "message": "「吃我一招！这是刚才的还击！」",
    "len": 2
  },
  {
    "name": "結衣",
    "message": "「呜！？你这，烦人的……」",
    "len": 3
  },
  {
    "name": "琴子",
    "message": "「别忘了我这边哦」",
    "len": 1
  },
  {
    "name": "結衣",
    "message": "「呃！？等，等下……」",
    "len": 3
  },
  {
    "name": "結衣",
    "message": "「呜哇啊啊啊！？又死了……」",
    "len": 2
  },
  {
    "name": "電卓",
    "message": "「哼哼哼，这下碍事的家伙终于消失了」",
    "len": 1
  },
  {
    "name": "電卓",
    "message": "「琴子啊……现在正是决一胜负的时候！」",
    "len": 1
  },
  {
    "name": "琴子",
    "message": "「请便，随你的意。……如果你做得到的话」",
    "len": 2
  },
  {
    "name": "電卓",
    "message": "「什么意思……？」",
    "len": 1
  },
  {
    "name": "ギズモ",
    "message": "「喵，加油啊」",
    "len": 1
  },
  {
    "name": "電卓",
    "message": "「啊？你想干什么？」",
    "len": 1
  },
  {
    "name": "琴子",
    "message": "「猫的报恩……大概是这样吧。那么爸爸，我要上了哦」",
    "len": 2
  },
  {
    "name": "ギズモ",
    "message": "「喵呜」",
    "len": 1
  },
  {
    "name": "電卓",
    "message": "「等等等等，这样的话又要……」",
    "len": 1
  },
  {
    "name": "ギズモ",
    "message": "「喵」",
    "len": 1
  },
  {
    "name": "電卓",
    "message": "「呃啊，这，竟然是偷袭……」",
    "len": 1
  },
  {
    "name": "ギズモ",
    "message": "「喵呜，喵呜喵」",
    "len": 1
  },
  {
    "name": "電卓",
    "message": "「哈，这种程度的话——」",
    "len": 1
  },
  {
    "name": "琴子",
    "message": "「那么我也来」",
    "len": 1
  },
  {
    "name": "電卓",
    "message": "「哇哦！？你这家伙做的事太危险了……」",
    "len": 3
  },
  {
    "name": "ギズモ",
    "message": "「喵，太天真了」",
    "len": 1
  },
  {
    "name": "電卓",
    "message": "「呃啊……不过，这种程度的话……」",
    "len": 1
  },
  {
    "name": "琴子",
    "message": "「那再来一次」",
    "len": 1
  },
  {
    "name": "電卓",
    "message": "「等，等等，那样的话实在是……」",
    "len": 1
  },
  {
    "name": "ギズモ",
    "message": "「喵呜～」",
    "len": 1
  },
  {
    "name": "ギズモ",
    "message": "「呜，喵喵喵喵喵喵喵 喵喵喵喵喵喵——呼！！」",
    "len": 3
  },
  {
    "name": "電卓",
    "message": "「哈啊——？！怎么可能！？」",
    "len": 1
  },
  {
    "name": "式子",
    "message": "「哇～，小姬真厉害啊……」",
    "len": 1
  },
  {
    "name": "樹",
    "message": "「总感觉比我玩得还好……」",
    "len": 1
  },
  {
    "name": "結衣",
    "message": "「竟、竟然输给动物了……」",
    "len": 1
  },
  {
    "name": "電卓",
    "message": "「呵呵……居然输给小孩子了……」",
    "len": 1
  },
  {
    "name": "琴子",
    "message": "「——最后一击」",
    "len": 1
  },
  {
    "name": "ギズモ",
    "message": "「喵呀？」",
    "len": 1
  },
  {
    "name": "樹",
    "message": "「哦……这次又是琴子赢了啊」",
    "len": 1
  },
  {
    "name": "式子",
    "message": "「呼啊～，琴子酱，真厉害呢～」",
    "len": 2
  },
  {
    "name": "琴子",
    "message": "「呵呵……」",
    "len": 1
  },
  {
    "name": "結衣",
    "message": "「啊啊啊，不能就这么一直输下去啊！」",
    "len": 1
  },
  {
    "name": "電卓",
    "message": "「哦，再来一次！」",
    "len": 1
  },
  {
    "name": "琴子",
    "message": "「我不介意哦……嗯，想玩多少次都行。我会一次又一次地把你们当猎物……」",
    "len": 2
  },
  {
    "name": "ギズモ",
    "message": "「呜喵」",
    "len": 1
  },
  {
    "message": "四个人一边吵闹一边与游戏机搏斗着。",
    "len": 1
  },
  {
    "message": "虽然我觉得这样很不成熟……",
    "len": 1
  },
  {
    "name": "樹",
    "message": "「哈哈……」",
    "len": 1
  },
  {
    "message": "不知为何，我的表情变得柔和了。",
    "len": 1
  },
  {
    "message": "怎么回事呢……明明这么吵闹，却不讨厌……",
    "len": 1
  },
  {
    "message": "这几年来，还没有像这样聚在一起闹腾过。",
    "len": 1
  },
  {
    "message": "有琴子在……大家都在。",
    "len": 1
  },
  {
    "message": "这种感觉就是家人……叫做团圆吧。",
    "len": 1
  },
  {
    "message": "突然，我想到……要是现在这个『家』能一直持续下去就好了。",
    "len": 2
  }
]