[
  {
    "name": "結衣",
    "message": "「……喂…………」",
    "len": 1
  },
  {
    "name": "結衣",
    "message": "「……喂，起来啊……树…………」",
    "len": 1
  },
  {
    "message": "……嗯？",
    "len": 1
  },
  {
    "message": "怎么了？结衣姐？",
    "len": 1
  },
  {
    "name": "結衣",
    "message": "「快点起来，大事不好了！紧急情况！」",
    "len": 1
  },
  {
    "message": "……啊？",
    "len": 1
  },
  {
    "name": "樹",
    "message": "「什、什么情况！？」",
    "len": 1
  },
  {
    "name": "結衣",
    "message": "「嗯，很好，你醒了」",
    "len": 1
  },
  {
    "name": "樹",
    "message": "「结衣姐！发生什么事了！？」",
    "len": 1
  },
  {
    "name": "結衣",
    "message": "「没钱了」",
    "len": 1
  },
  {
    "name": "樹",
    "message": "「啊？」",
    "len": 1
  },
  {
    "name": "結衣",
    "message": "「哪儿都没钱了，一分钱都没有」",
    "len": 1
  },
  {
    "name": "樹",
    "message": "「然后呢？」",
    "len": 1
  },
  {
    "name": "結衣",
    "message": "「这是紧急情况」",
    "len": 1
  },
  {
    "name": "樹",
    "message": "「你说的大事就是这个？」",
    "len": 1
  },
  {
    "name": "結衣",
    "message": "「还有什么比这更糟糕的事吗？」",
    "len": 1
  },
  {
    "name": "樹",
    "message": "「切，别吓我啊」",
    "len": 1
  },
  {
    "name": "結衣",
    "message": "「结衣倒是对你这么淡定感到吃惊」",
    "len": 1
  },
  {
    "name": "樹",
    "message": "「因为又不是马上就要怎么样的事」",
    "len": 1
  },
  {
    "name": "結衣",
    "message": "「赶紧想办法啊！再这样下去连门都出不了了」",
    "len": 2
  },
  {
    "name": "樹",
    "message": "「结衣姐，你没有存款什么的吗？」",
    "len": 1
  },
  {
    "name": "結衣",
    "message": "「这边的结衣是有存五百日元硬币，但已经全部用完了」",
    "len": 2
  },
  {
    "name": "樹",
    "message": "「银行或邮局呢？」",
    "len": 1
  },
  {
    "name": "結衣",
    "message": "「存折是有，但余额只剩8日元了」",
    "len": 1
  },
  {
    "message": "没想到结衣姐居然这么不靠谱啊……",
    "len": 1
  },
  {
    "name": "結衣",
    "message": "「总之，结衣现在就指望你了。拜托了，树……借我点钱吧」",
    "len": 2
  },
  {
    "name": "樹",
    "message": "「就算你这么拜托我也没办法啊，我自己也没钱……」",
    "len": 2
  },
  {
    "name": "結衣",
    "message": "「你这……真是个冷血的弟弟啊……」",
    "len": 1
  },
  {
    "name": "結衣",
    "message": "「结衣可不记得……把你培养成……这种孩子啊啊啊」",
    "len": 2
  },
  {
    "message": "哇——真是麻烦死了——！！！",
    "len": 1
  },
  {
    "name": "樹",
    "message": "「那个啊，我是真的没钱啊，能不能拜托别人啊」",
    "len": 2
  },
  {
    "name": "結衣",
    "message": "「哼，没用的家伙，真让人失望」",
    "len": 1
  },
  {
    "message": "喂……姐姐大人！？",
    "len": 1
  },
  {
    "name": "結衣",
    "message": "「不用你帮忙了，结衣自己来赚钱！」",
    "len": 1
  },
  {
    "name": "樹",
    "message": "「你打算怎么赚啊？」",
    "len": 1
  },
  {
    "name": "結衣",
    "message": "「以儿童银行的钱为本金……」",
    "len": 1
  },
  {
    "name": "樹",
    "message": "「都说了那样不行啊！琴子不是也说过吗」",
    "len": 2
  },
  {
    "name": "結衣",
    "message": "「那你说怎么办？其他人大概也没钱吧」",
    "len": 2
  },
  {
    "name": "樹",
    "message": "「唔，这个嘛……」",
    "len": 1
  },
  {
    "len": "selection",
    "message": "去找式子桑试试看"
  },
  {
    "len": "selectionend",
    "message": "去找琴子试试"
  },
  {
    "message": "式子桑……会怎么样呢？",
    "len": 1
  },
  {
    "message": "记得妈妈负责管理钱。我每天早上的一千日元也是妈妈放的……",
    "len": 2
  },
  {
    "message": "好吧，先去问问看。",
    "len": 1
  },
  {
    "name": "樹",
    "message": "「稍等一下，我去找找有没有门路」",
    "len": 2
  },
  {
    "name": "結衣",
    "message": "「知道了，我等着」",
    "len": 1
  },
  {
    "name": "樹",
    "message": "「但是，问题一个接一个地出现啊……」",
    "len": 1
  },
  {
    "name": "樹",
    "message": "「式子桑，在吗！？」",
    "len": 1
  },
  {
    "name": "式子",
    "message": "「哎～，这就来～」",
    "len": 1
  },
  {
    "name": "式子",
    "message": "「早上好，树君」",
    "len": 1
  },
  {
    "name": "樹",
    "message": "「啊，你好。抱歉这么早打扰你」",
    "len": 2
  },
  {
    "name": "式子",
    "message": "「怎么啦？发生什么事了？」",
    "len": 1
  },
  {
    "name": "樹",
    "message": "「那个……怎么说呢，是关于钱的事……」",
    "len": 2
  },
  {
    "name": "式子",
    "message": "「钱？」",
    "len": 1
  },
  {
    "name": "樹",
    "message": "「嗯，我在想你是不是有一些钱」",
    "len": 1
  },
  {
    "name": "式子",
    "message": "「没有哦～」",
    "len": 1
  },
  {
    "name": "樹",
    "message": "「别这么干脆地就……话说，钱不是一直由妈妈在管理吗？」",
    "len": 2
  },
  {
    "name": "式子",
    "message": "「嗯，好像是这样。我记得很清楚哦～」",
    "len": 2
  },
  {
    "name": "樹",
    "message": "「那钱怎么了？」",
    "len": 1
  },
  {
    "name": "式子",
    "message": "「爸爸说他想要，所以我全都给他了」",
    "len": 2
  },
  {
    "name": "樹",
    "message": "「啊？」",
    "len": 1
  },
  {
    "name": "式子",
    "message": "「所以啊，妈妈没钱啦～」",
    "len": 1
  },
  {
    "name": "樹",
    "message": "「怎么会！为什么给那个白痴！？而、而且，还是全部！？」",
    "len": 2
  },
  {
    "name": "式子",
    "message": "「因为～，本来就是爸爸工作赚的钱嘛……」",
    "len": 1
  },
  {
    "name": "樹",
    "message": "「虽然是这样没错，但是把钱交给现在那个电卓脑袋可不妙啊！」",
    "len": 2
  },
  {
    "name": "式子",
    "message": "「没事的哦树君，那个人是做不出坏事的人啦～」",
    "len": 2
  },
  {
    "message": "说实话，比起坏人，傻子反而更危险……",
    "len": 1
  },
  {
    "name": "樹",
    "message": "「……我知道了，我去和他谈谈」",
    "len": 1
  },
  {
    "name": "式子",
    "message": "「对不起啊～，帮不上忙」",
    "len": 1
  },
  {
    "name": "樹",
    "message": "「不，没关系的，那么……」",
    "len": 1
  },
  {
    "message": "那家伙在想什么啊。居然什么都不跟我和结衣姐说……",
    "len": 2
  },
  {
    "message": "要是挪用了钱我就宰了他！",
    "len": 1
  },
  {
    "name": "樹",
    "message": "「喂！电卓脑袋，你在吧！？」",
    "len": 1
  },
  {
    "name": "電卓",
    "message": "「啊？吵死了」",
    "len": 1
  },
  {
    "name": "樹",
    "message": "「把钱交出来，混蛋」",
    "len": 1
  },
  {
    "name": "電卓",
    "message": "「啊？」",
    "len": 1
  },
  {
    "name": "樹",
    "message": "「你肯定有钱吧，快拿出来」",
    "len": 1
  },
  {
    "name": "電卓",
    "message": "「树啊，你从什么时候变成这种不肖子了？」",
    "len": 2
  },
  {
    "name": "樹",
    "message": "「我可不想被不肖父亲说教！话说回来，既然你想当我爸就给我像样点！」",
    "len": 2
  },
  {
    "name": "電卓",
    "message": "「要是想让我像样点，你自己先像样点啊」",
    "len": 1
  },
  {
    "name": "樹",
    "message": "「什么意思啊！」",
    "len": 1
  },
  {
    "name": "電卓",
    "message": "「就是说你自己的事自己做」",
    "len": 1
  },
  {
    "name": "樹",
    "message": "「说得好听想蒙混过关是吧？」",
    "len": 1
  },
  {
    "name": "電卓",
    "message": "「哼，反正不管怎样，我能为你做的事，已经，没有了」",
    "len": 2
  },
  {
    "name": "樹",
    "message": "「啊是吗，那就算了！」",
    "len": 1
  },
  {
    "name": "電卓",
    "message": "「等等，你不是来要钱的吗？」",
    "len": 1
  },
  {
    "name": "樹",
    "message": "「是啊，但是……」",
    "len": 1
  },
  {
    "name": "電卓",
    "message": "「那你一开始就该说清楚」",
    "len": 1
  },
  {
    "name": "樹",
    "message": "「我说了啊」",
    "len": 1
  },
  {
    "name": "電卓",
    "message": "「如果你穷到要变成不良少年，我倒是可以考虑考虑……」",
    "len": 2
  },
  {
    "message": "难道说，你要给我钱……吗？",
    "len": 1
  },
  {
    "name": "電卓",
    "message": "「很遗憾，我没钱」",
    "len": 1
  },
  {
    "name": "樹",
    "message": "「放屁，你肯定有！式子桑告诉我的！」",
    "len": 2
  },
  {
    "name": "電卓",
    "message": "「买吉他花光了，现在没钱了」",
    "len": 1
  },
  {
    "name": "樹",
    "message": "「哈啊！？」",
    "len": 1
  },
  {
    "name": "電卓",
    "message": "「树啊，要不要特别给你看看？我的TALBO！」",
    "len": 2
  },
  {
    "name": "電卓",
    "message": "「看啊，怎么样！冷酷无情的原子序数13的机身！锐利的攻击力，如同碎玻璃般危险的音色！」",
    "len": 2
  },
  {
    "name": "電卓",
    "message": "「啊，这冰冷白夜的噩梦啊，让连神都能斩裂的魔笛响彻吧！」",
    "len": 2
  },
  {
    "message": "不行，再听下去我都要被传染傻了……！",
    "len": 1
  },
  {
    "name": "樹",
    "message": "「总之，你是真的没钱了对吧？」",
    "len": 1
  },
  {
    "name": "電卓",
    "message": "「嗯，怎么可能会有钱呢」",
    "len": 1
  },
  {
    "name": "樹",
    "message": "「去死吧！」",
    "len": 1
  },
  {
    "message": "可恶～～～，是我太傻了，竟然还指望他。",
    "len": 1
  },
  {
    "message": "没办法了……看来还是得去找琴子商量一下。",
    "len": 2
  },
  {
    "message": "现在，只能这样了。遇到这种情况就得靠琴子了。",
    "len": 2
  },
  {
    "name": "樹",
    "message": "「打扰一下，是我，可以吗？」",
    "len": 1
  },
  {
    "name": "琴子",
    "message": "「啊，哥哥，请进」",
    "len": 1
  },
  {
    "name": "樹",
    "message": "「嗯，不好意思啊」",
    "len": 1
  },
  {
    "name": "琴子",
    "message": "「早上好，哥哥」",
    "len": 1
  },
  {
    "name": "樹",
    "message": "「早上好，现在方便吗？我有事想跟你商量」",
    "len": 2
  },
  {
    "name": "琴子",
    "message": "「好的，请说吧」",
    "len": 1
  },
  {
    "message": "我如实向琴子解释了当前的情况。",
    "len": 1
  },
  {
    "message": "果然还是得找琴子商量一下啊。",
    "len": 1
  },
  {
    "message": "到关键时刻，能依靠的就是琴子的智慧了。",
    "len": 1
  },
  {
    "name": "樹",
    "message": "「稍等一下，我去打听一下有什么线索」",
    "len": 2
  },
  {
    "name": "結衣",
    "message": "「知道了，我等你」",
    "len": 1
  },
  {
    "message": "不过，仔细想想，为什么我要去管结衣姐的零花钱呢……？",
    "len": 2
  },
  {
    "message": "算了，反正我也没钱。",
    "len": 1
  },
  {
    "name": "樹",
    "message": "「琴子，能打扰一下吗？」",
    "len": 1
  },
  {
    "name": "琴子",
    "message": "「啊，哥哥，请进」",
    "len": 1
  },
  {
    "name": "樹",
    "message": "「啊，抱歉打扰了」",
    "len": 1
  },
  {
    "name": "琴子",
    "message": "「早上好，哥哥」",
    "len": 1
  },
  {
    "name": "樹",
    "message": "「早上好……啊」",
    "len": 1
  },
  {
    "name": "樹",
    "message": "「你在看书啊……。是不是打扰到你了？」",
    "len": 2
  },
  {
    "name": "琴子",
    "message": "「没有，请不要在意。这本书我已经读过了」",
    "len": 2
  },
  {
    "name": "樹",
    "message": "「是你喜欢的书吗？」",
    "len": 1
  },
  {
    "name": "琴子",
    "message": "「是的，为了复习知识」",
    "len": 1
  },
  {
    "message": "……这么说的话，对我来说肯定是本天书吧。",
    "len": 2
  },
  {
    "name": "琴子",
    "message": "「请说吧」",
    "len": 1
  },
  {
    "name": "樹",
    "message": "「呃……虽然总是麻烦琴子有点那个，但是」",
    "len": 2
  },
  {
    "name": "樹",
    "message": "「怎么说呢，是金钱方面的问题，或者说各种事情都变得很糟糕了……」",
    "len": 2
  },
  {
    "name": "琴子",
    "message": "「是没钱了吗？」",
    "len": 1
  },
  {
    "name": "樹",
    "message": "「嗯，差不多就是这样」",
    "len": 1
  },
  {
    "name": "琴子",
    "message": "「哥哥要不要试试去工作？」",
    "len": 1
  },
  {
    "name": "樹",
    "message": "「诶！？」",
    "len": 1
  },
  {
    "name": "琴子",
    "message": "「呵呵，开玩笑的」",
    "len": 1
  },
  {
    "name": "樹",
    "message": "「喂，别吓我啊，要是琴子这么说的话，我可真得下定决心了」",
    "len": 2
  },
  {
    "name": "琴子",
    "message": "「是的，总有一天要做好觉悟哦？」",
    "len": 1
  },
  {
    "name": "樹",
    "message": "「现、现在还不用吧？」",
    "len": 1
  },
  {
    "name": "琴子",
    "message": "「现在对哥哥来说还是太辛苦了吧。而且……」",
    "len": 2
  },
  {
    "name": "琴子",
    "message": "「现在你还有其他的职责」",
    "len": 1
  },
  {
    "name": "樹",
    "message": "「诶？什么？」",
    "len": 1
  },
  {
    "name": "琴子",
    "message": "「没什么……关于钱的事，也许我能想办法」",
    "len": 2
  },
  {
    "name": "樹",
    "message": "「琴子能？」",
    "len": 1
  },
  {
    "name": "琴子",
    "message": "「我觉得差不多该说了，所以重新看了这本书」",
    "len": 2
  },
  {
    "name": "樹",
    "message": "「那是……」",
    "len": 1
  },
  {
    "name": "琴子",
    "message": "「行为经济学的实践理论书」",
    "len": 1
  },
  {
    "name": "樹",
    "message": "「？？？」",
    "len": 1
  },
  {
    "name": "琴子",
    "message": "「首先，能不能请哥哥解释一下你所了解的我们家的经济状况？」",
    "len": 2
  },
  {
    "name": "樹",
    "message": "「啊，嗯……虽然不知道能不能说清楚」",
    "len": 1
  },
  {
    "name": "琴子",
    "message": "「拜托了」",
    "len": 1
  },
  {
    "name": "琴子",
    "message": "「原来如此……我大概明白了」",
    "len": 1
  },
  {
    "name": "樹",
    "message": "「看来有办法了？」",
    "len": 1
  },
  {
    "name": "琴子",
    "message": "「我想试试一个方法，哥哥，能帮个忙吗？」",
    "len": 2
  },
  {
    "name": "樹",
    "message": "「什么事」",
    "len": 1
  },
  {
    "name": "琴子",
    "message": "「请把爸爸的信用卡都借来」",
    "len": 1
  },
  {
    "name": "樹",
    "message": "「信用卡？」",
    "len": 1
  },
  {
    "name": "琴子",
    "message": "「对，他有的全都拿来」",
    "len": 1
  },
  {
    "name": "樹",
    "message": "「知道了，我这就去！」",
    "len": 1
  },
  {
    "message": "原来如此，是信用卡啊！不愧是琴子！",
    "len": 2
  },
  {
    "message": "反正那家伙拿着也不知道怎么用信用卡！",
    "len": 2
  },
  {
    "name": "樹",
    "message": "「喂，电卓脑袋！」",
    "len": 1
  },
  {
    "name": "電卓",
    "message": "「啊？吵死了你这家伙！」",
    "len": 1
  },
  {
    "name": "樹",
    "message": "「把卡给我」",
    "len": 1
  },
  {
    "name": "電卓",
    "message": "「啊，卡啊？」",
    "len": 1
  },
  {
    "name": "樹",
    "message": "「别废话，把你有的全都拿出来」",
    "len": 1
  },
  {
    "name": "電卓",
    "message": "「不要，麻烦死了」",
    "len": 1
  },
  {
    "name": "樹",
    "message": "「琴子说她想要」",
    "len": 1
  },
  {
    "name": "電卓",
    "message": "「啊？」",
    "len": 1
  },
  {
    "name": "樹",
    "message": "「我是琴子拜托来的」",
    "len": 1
  },
  {
    "name": "電卓",
    "message": "「啧，真没办法」",
    "len": 1
  },
  {
    "message": "果然，只有琴子说的话他才会听啊……",
    "len": 1
  },
  {
    "name": "電卓",
    "message": "「喏，这样行了吧？全拿走吧」",
    "len": 1
  },
  {
    "name": "樹",
    "message": "「那我就借走了」",
    "len": 1
  },
  {
    "name": "電卓",
    "message": "「反正你也用不了。银行里也没钱了！」",
    "len": 2
  },
  {
    "name": "樹",
    "message": "「怎么样？有能用的吗？」",
    "len": 1
  },
  {
    "name": "琴子",
    "message": "「信用卡都是过期的呢」",
    "len": 1
  },
  {
    "name": "樹",
    "message": "「果然不行吗……」",
    "len": 1
  },
  {
    "name": "琴子",
    "message": "「不过，找到了这一张」",
    "len": 1
  },
  {
    "name": "樹",
    "message": "「呃，那是……？」",
    "len": 1
  },
  {
    "name": "琴子",
    "message": "「这是我三年前拜托父亲帮我办的」",
    "len": 1
  },
  {
    "name": "樹",
    "message": "「琴子的卡？」",
    "len": 1
  },
  {
    "name": "琴子",
    "message": "「是的，ＫＯＴＯＫＯ　ＮＡＮＡＫＡＳＥ——就是这个」",
    "len": 1
  },
  {
    "name": "樹",
    "message": "「这不是证券公司的卡吗！」",
    "len": 1
  },
  {
    "name": "琴子",
    "message": "「股票不用成年也能买的」",
    "len": 1
  },
  {
    "name": "樹",
    "message": "「你、你买了吗，琴子？」",
    "len": 1
  },
  {
    "name": "琴子",
    "message": "「用攒下的3万日元压岁钱买了100股左右。我们把它卖掉换成现金吧」",
    "len": 2
  },
  {
    "name": "樹",
    "message": "「不、不行，总觉得不太好！把那种东西卖掉的话！」",
    "len": 2
  },
  {
    "name": "琴子",
    "message": "「那么，能再拜托你一件事吗？」",
    "len": 1
  },
  {
    "name": "樹",
    "message": "「什、什么？」",
    "len": 1
  },
  {
    "name": "琴子",
    "message": "「警察局旁边有证券公司的分店，请你去办理手续」",
    "len": 2
  },
  {
    "name": "樹",
    "message": "「啊，但是……」",
    "len": 1
  },
  {
    "name": "琴子",
    "message": "「哥哥」",
    "len": 1
  },
  {
    "name": "琴子",
    "message": "「股票是有卖出时机的哦」",
    "len": 1
  },
  {
    "message": "那时琴子的表情……简直就像一个著名的赌徒。",
    "len": 2
  },
  {
    "name": "樹",
    "message": "「哈啊啊啊啊……太紧张了」",
    "len": 1
  },
  {
    "message": "我按照琴子教的，在证券公司卖掉了股票……",
    "len": 2
  },
  {
    "message": "不过比起这个，我更是因为人生第一次拿到100万日元的钞票束而紧张得不行。而且还是3束……",
    "len": 3
  },
  {
    "name": "樹",
    "message": "「为、为什么3万日元变成了300万日元……」",
    "len": 1
  },
  {
    "message": "她说是最近很畅销的智能手机的重要零件制造公司什么的……",
    "len": 2
  },
  {
    "name": "樹",
    "message": "「股、股票真是太可怕了啊……」",
    "len": 1
  },
  {
    "message": "总之有了这些钱，一段时间内应该不会缺钱了吧。",
    "len": 2
  },
  {
    "message": "多亏了琴子才能得救……",
    "len": 1
  },
  {
    "name": "樹",
    "message": "「不过，总觉得好像忘了什么……？」",
    "len": 1
  },
  {
    "name": "結衣",
    "message": "「树，你太慢啦～～～，我肚子饿了～～～」",
    "len": 1
  }
]