[
  {
    "message": "我静静地等待着，直到有人叫我。",
    "len": 1
  },
  {
    "message": "我密切关注着每一个动作，不放过任何表情的变化。",
    "len": 2
  },
  {
    "name": "結衣",
    "message": "「嗯～」",
    "len": 1
  },
  {
    "name": "樹",
    "message": "「……嗯」",
    "len": 1
  },
  {
    "message": "我的身体瞬间做出了反应。",
    "len": 1
  },
  {
    "name": "結衣",
    "message": "「喉咙有点渴啊～」",
    "len": 1
  },
  {
    "name": "樹",
    "message": "「请用！这是红茶」",
    "len": 1
  },
  {
    "name": "結衣",
    "message": "「嗯……还不错嘛」",
    "len": 1
  },
  {
    "name": "樹",
    "message": "「……谢谢」",
    "len": 1
  },
  {
    "message": "看来式子桑的手艺名不虚传啊。……虽然我也不知道这是什么茶。",
    "len": 2
  },
  {
    "name": "結衣",
    "message": "「……怎么样？」",
    "len": 1
  },
  {
    "name": "樹",
    "message": "「……啊，谢、谢谢您……」",
    "len": 1
  },
  {
    "name": "結衣",
    "message": "「嗯。不错吧」",
    "len": 1
  },
  {
    "message": "她一副高傲的样子点点头，用余光瞥了我一眼。",
    "len": 1
  },
  {
    "name": "結衣",
    "message": "「我肚子有点饿了」",
    "len": 1
  },
  {
    "name": "樹",
    "message": "「请、请用……这是蛋糕……」",
    "len": 2
  },
  {
    "name": "結衣",
    "message": "「嗯。我的肩膀也开始酸痛了」",
    "len": 1
  },
  {
    "name": "樹",
    "message": "「好、好的……我给您按摩……」",
    "len": 1
  },
  {
    "name": "結衣",
    "message": "「那么接下来是——」",
    "len": 1
  },
  {
    "name": "樹",
    "message": "「喂！你到底要我做到什么程度啊！？」",
    "len": 1
  },
  {
    "name": "結衣",
    "message": "「不管到什么程度，不都是要到结衣满意为止吗？」",
    "len": 2
  },
  {
    "name": "樹",
    "message": "「你差不多该满意了吧！我也会累的好不好！」",
    "len": 2
  },
  {
    "name": "結衣",
    "message": "「树不是也同意了吗？今天要陪结衣」",
    "len": 2
  },
  {
    "name": "樹",
    "message": "「是这样没错……但是不觉得太过分了吗？」",
    "len": 1
  },
  {
    "message": "虽然在此之前发生了难以用言语描述的一系列事情……不过那些就先不提了。",
    "len": 3
  },
  {
    "name": "結衣",
    "message": "「说到底罪魁祸首不就是树吗？」",
    "len": 1
  },
  {
    "name": "結衣",
    "message": "「把饥肠辘辘的结衣晾在一边，树却在和琴子愉快地聊天……」",
    "len": 2
  },
  {
    "name": "樹",
    "message": "「呃……」",
    "len": 1
  },
  {
    "name": "結衣",
    "message": "「啊啊……我都以为要饿死了。甚至还出现幻觉了呢……」",
    "len": 2
  },
  {
    "name": "樹",
    "message": "「呜呜……」",
    "len": 1
  },
  {
    "name": "結衣",
    "message": "「啊啊，可怜的结衣……」",
    "len": 1
  },
  {
    "name": "結衣",
    "message": "「可是……咦？树给琴子带礼物了？」",
    "len": 2
  },
  {
    "name": "樹",
    "message": "「非常抱歉……」",
    "len": 1
  },
  {
    "name": "結衣",
    "message": "「嘛，太欺负你也挺可怜的」",
    "len": 1
  },
  {
    "name": "樹",
    "message": "「请您高抬贵手……」",
    "len": 1
  },
  {
    "message": "几个小时后终于获得解放，我瘫坐在地板上。",
    "len": 1
  },
  {
    "message": "结衣姐不理会这样的我，开始在桌子上摆弄带来的饰品。",
    "len": 3
  },
  {
    "name": "結衣",
    "message": "「喂树，你觉得哪个好？」",
    "len": 1
  },
  {
    "name": "樹",
    "message": "「好是指……什么标准？」",
    "len": 1
  },
  {
    "name": "結衣",
    "message": "「就是看哪个最适合结衣啊」",
    "len": 1
  },
  {
    "name": "樹",
    "message": "「就算你这么说……我也不懂这些啊？」",
    "len": 2
  },
  {
    "name": "樹",
    "message": "「我连杂志都不看，结衣姐不是比我更懂吗？」",
    "len": 2
  },
  {
    "name": "結衣",
    "message": "「没关系啦。你觉得哪个好就选哪个」",
    "len": 1
  },
  {
    "name": "樹",
    "message": "「呃……」",
    "len": 1
  },
  {
    "name": "結衣",
    "message": "「哈……真拿你没办法。凭直觉选不就行了吗」",
    "len": 2
  },
  {
    "name": "樹",
    "message": "「就算你这么说……」",
    "len": 1
  },
  {
    "name": "結衣",
    "message": "「那就不用排序了，只要回答适不适合我就行」",
    "len": 2
  },
  {
    "name": "樹",
    "message": "「那当然了，全都很适合你」",
    "len": 1
  },
  {
    "name": "結衣",
    "message": "「……这回倒是回答得挺快嘛」",
    "len": 1
  },
  {
    "name": "樹",
    "message": "「因为结衣姐不管戴什么都很适合啊，所以从中选择才那么难」",
    "len": 2
  },
  {
    "name": "結衣",
    "message": "「这样啊这样啊。那就没问题了」",
    "len": 2
  },
  {
    "message": "结衣姐姐……看起来很开心啊。",
    "len": 1
  },
  {
    "message": "这样看来，她就像个普通的女性。以前……是什么样子我已经记不清了。",
    "len": 2
  },
  {
    "message": "不过，在那之前更早的时候，好像也是这个样子。",
    "len": 2
  },
  {
    "message": "虽然已经记不太清了……但我觉得，那段时光还是不错的。",
    "len": 2
  },
  {
    "message": "而且……现在也是。",
    "len": 1
  },
  {
    "message": "要是一直这样的话，家里也会很和平——虽然那样也挺无聊的。",
    "len": 2
  },
  {
    "name": "結衣",
    "message": "「……喂树，你刚才在想些失礼的事吧」",
    "len": 2
  },
  {
    "name": "樹",
    "message": "「我没想啊？」",
    "len": 1
  },
  {
    "name": "結衣",
    "message": "「说谎也没用。你在想什么我一清二楚」",
    "len": 2
  },
  {
    "name": "樹",
    "message": "「真的吗？」",
    "len": 1
  },
  {
    "name": "結衣",
    "message": "「当然是真的。对结衣来说没有不可能的事。就算是现在……」",
    "len": 2
  },
  {
    "name": "結衣",
    "message": "「…………」",
    "len": 1
  },
  {
    "name": "結衣",
    "message": "「原来如此……你在想着要给结衣做好吃的料理呢」",
    "len": 2
  },
  {
    "name": "樹",
    "message": "「不不，我没想啊」",
    "len": 1
  },
  {
    "name": "結衣",
    "message": "「那你是不打算做晚饭了？」",
    "len": 1
  },
  {
    "name": "樹",
    "message": "「会做的啦……」",
    "len": 1
  },
  {
    "name": "結衣",
    "message": "「你是不打算做好吃的吗？」",
    "len": 1
  },
  {
    "name": "樹",
    "message": "「我也不会故意做难吃的啊」",
    "len": 1
  },
  {
    "name": "結衣",
    "message": "「那不就是被我说中了嘛」",
    "len": 1
  },
  {
    "name": "樹",
    "message": "「……说得对。虽然感觉有点像诈骗」",
    "len": 1
  },
  {
    "name": "結衣",
    "message": "「我很期待哦」",
    "len": 1
  },
  {
    "name": "樹",
    "message": "「……明白了」",
    "len": 1
  },
  {
    "message": "我在想这到底是怎么回事……算了，无所谓了。",
    "len": 2
  },
  {
    "message": "世上的占卜不也都是这样嘛。",
    "len": 1
  },
  {
    "name": "結衣",
    "message": "「你现在是不是在想要给结衣送礼物？」",
    "len": 1
  },
  {
    "name": "樹",
    "message": "「并没有」",
    "len": 1
  },
  {
    "name": "結衣",
    "message": "「切～。真是的，树你也太没出息了」",
    "len": 2
  },
  {
    "name": "樹",
    "message": "「这是两码事好吧」",
    "len": 1
  },
  {
    "name": "結衣",
    "message": "「你不是已经补充了钱吗？还有结衣的份呢，买点也没问题的」",
    "len": 2
  },
  {
    "name": "結衣",
    "message": "「好吧，300日元以内我就允许了」",
    "len": 1
  },
  {
    "name": "樹",
    "message": "「又不是去远足……」",
    "len": 1
  },
  {
    "name": "樹",
    "message": "「话说回来，要是一直这么乱花钱，不就又会遇到同样的窘境吗？」",
    "len": 2
  },
  {
    "name": "樹",
    "message": "「这次多亏了琴子才得救，但我们也得考虑以后该怎么办啊」",
    "len": 2
  },
  {
    "name": "結衣",
    "message": "「哎呀呀，树你也太斤斤计较了……」",
    "len": 1
  },
  {
    "name": "樹",
    "message": "「那是因为你们其他人都太随意了。你想再回到只吃蔬菜的生活吗？」",
    "len": 2
  },
  {
    "name": "樹",
    "message": "「不，能有蔬菜吃就算不错了？还有些连名字都没有的未知植物呢，你知道吗？」",
    "len": 3
  },
  {
    "name": "結衣",
    "message": "「呃……那我可受不了」",
    "len": 1
  },
  {
    "name": "樹",
    "message": "「对吧？所以我们必须节约」",
    "len": 1
  },
  {
    "name": "結衣",
    "message": "「没办法……这次就忍忍吧。反正还有这个呢」",
    "len": 2
  },
  {
    "message": "当她在手中玩弄饰品时，传来了金属摩擦的声音。",
    "len": 1
  },
  {
    "message": "注视着它的结衣姐姐的表情，是一个与年龄相符的笑容。",
    "len": 2
  },
  {
    "message": "当然，她比我年长……但那种天真无邪的样子，该怎么说呢。",
    "len": 2
  },
  {
    "name": "結衣",
    "message": "「这种东西真不错啊……金属啊，宝石啊」",
    "len": 2
  },
  {
    "name": "結衣",
    "message": "「不改变形态，永远存在……」",
    "len": 1
  },
  {
    "name": "樹",
    "message": "「是这样吗？金属会生锈，宝石燃烧后也会变成炭啊？」",
    "len": 2
  },
  {
    "name": "結衣",
    "message": "「那你能做到吗？熔化这个可是很难的哦？」",
    "len": 2
  },
  {
    "name": "樹",
    "message": "「这个嘛，熔点确实很高……」",
    "len": 1
  },
  {
    "name": "結衣",
    "message": "「呵呵……是啊。一般的热量可是不行的」",
    "len": 2
  },
  {
    "name": "結衣",
    "message": "「呐树，你能不能也一起融化结衣的心呢……？」",
    "len": 2
  },
  {
    "name": "樹",
    "message": "「啊……？」",
    "len": 1
  },
  {
    "name": "結衣",
    "message": "「只要结衣想留住它，这东西就会一直在这里」",
    "len": 2
  },
  {
    "name": "結衣",
    "message": "「永远不会改变。一直存在于此」",
    "len": 2
  },
  {
    "name": "結衣",
    "message": "「树能改变结衣的心吗？」",
    "len": 1
  },
  {
    "name": "結衣",
    "message": "「能让结衣愿意放手这个从树那里得到的东西吗？」",
    "len": 2
  },
  {
    "name": "樹",
    "message": "「…………」",
    "len": 1
  },
  {
    "message": "孩子气的笑容。但是……那些话语背后，似乎有一个深不见底的洞。",
    "len": 3
  },
  {
    "name": "結衣",
    "message": "「呐树，你打算怎么办？」",
    "len": 1
  },
  {
    "name": "樹",
    "message": "「怎么办是指……」",
    "len": 1
  },
  {
    "name": "結衣",
    "message": "「你想对结衣……对我们做什么？」",
    "len": 2
  },
  {
    "message": "虽然在微笑……却让人感觉像被蛇盯住，被什么东西抓住了身体一样。",
    "len": 2
  },
  {
    "message": "仿佛被迷住了一般——",
    "len": 1
  },
  {
    "name": "樹",
    "message": "「——」",
    "len": 1
  },
  {
    "message": "我动了动像粘在喉咙里的舌头，一边寻找合适的词语一边开口。",
    "len": 2
  },
  {
    "name": "ギズモ",
    "message": "「喵～树树」",
    "len": 1
  },
  {
    "name": "樹",
    "message": "「哇！？」",
    "len": 1
  },
  {
    "name": "ギズモ",
    "message": "「树树，怎么啦？」",
    "len": 1
  },
  {
    "name": "樹",
    "message": "「啊……怎么是指？」",
    "len": 1
  },
  {
    "name": "ギズモ",
    "message": "「树树，结衣，说话」",
    "len": 1
  },
  {
    "name": "ギズモ",
    "message": "「一起，开心吗？」",
    "len": 1
  },
  {
    "name": "樹",
    "message": "「啊，嗯……是啊」",
    "len": 1
  },
  {
    "name": "ギズモ",
    "message": "「喵～结衣，开心吗？」",
    "len": 1
  },
  {
    "name": "結衣",
    "message": "「嗯……」",
    "len": 1
  },
  {
    "name": "ギズモ",
    "message": "「对吧？结衣，闪闪发光～」",
    "len": 1
  },
  {
    "name": "樹",
    "message": "「啊——毕竟是猫嘛……」",
    "len": 1
  },
  {
    "message": "对闪亮的东西感兴趣……等等，那不是乌鸦吗？",
    "len": 1
  },
  {
    "message": "至少猫是不讨厌的吧。用塑料瓶驱赶猫什么的也是徒劳。",
    "len": 2
  },
  {
    "name": "ギズモ",
    "message": "「这个，是结衣的吗？」",
    "len": 1
  },
  {
    "name": "結衣",
    "message": "「嗯……是的」",
    "len": 1
  },
  {
    "name": "ギズモ",
    "message": "「闪闪发光，好多啊」",
    "len": 1
  },
  {
    "name": "樹",
    "message": "「是啊。虽然我在想有这么多要怎么办……」",
    "len": 2
  },
  {
    "name": "結衣",
    "message": "「这些又不全是我收集的？有些本来就在房间里」",
    "len": 2
  },
  {
    "name": "樹",
    "message": "「本来就在是指……」",
    "len": 1
  },
  {
    "name": "結衣",
    "message": "「虽然也有很多无用的东西，但这个倒是可以夸奖一下」",
    "len": 2
  },
  {
    "name": "ギズモ",
    "message": "「别夸！」",
    "len": 1
  },
  {
    "name": "結衣",
    "message": "「嗯……」",
    "len": 1
  },
  {
    "name": "ギズモ",
    "message": "「闪闪发光的，叫什么来着？」",
    "len": 1
  },
  {
    "name": "結衣",
    "message": "「谁知道。忘了」",
    "len": 1
  },
  {
    "name": "ギズモ",
    "message": "「树树，我想要这个」",
    "len": 1
  },
  {
    "name": "樹",
    "message": "「那是结衣姐姐的东西啊……」",
    "len": 1
  },
  {
    "name": "結衣",
    "message": "「不行」",
    "len": 1
  },
  {
    "name": "樹",
    "message": "「是啊……」",
    "len": 1
  },
  {
    "name": "ギズモ",
    "message": "「呜……树树，买？」",
    "len": 1
  },
  {
    "name": "樹",
    "message": "「……你是让我买吗？」",
    "len": 1
  },
  {
    "name": "ギズモ",
    "message": "「闪闪，戴上。亮晶晶」",
    "len": 1
  },
  {
    "name": "樹",
    "message": "「呃，如果只是戴上的话……」",
    "len": 1
  },
  {
    "name": "結衣",
    "message": "「不行。这是结衣的」",
    "len": 1
  },
  {
    "name": "樹",
    "message": "「戴上也不行吗？」",
    "len": 1
  },
  {
    "name": "ギズモ",
    "message": "「不行吗？」",
    "len": 1
  },
  {
    "name": "結衣",
    "message": "「嗯，不行」",
    "len": 1
  },
  {
    "name": "樹",
    "message": "「啊……」",
    "len": 1
  },
  {
    "message": "我迅速收拾好桌面，然后就那样背过身去。",
    "len": 2
  },
  {
    "name": "樹",
    "message": "「结衣姐姐……？」",
    "len": 1
  },
  {
    "name": "結衣",
    "message": "「我回房间了」",
    "len": 1
  },
  {
    "name": "ギズモ",
    "message": "「喵？」",
    "len": 1
  },
  {
    "message": "瞥了姬子猫一眼后，结衣头也不回地离开了客厅。",
    "len": 2
  },
  {
    "name": "樹",
    "message": "「…………」",
    "len": 1
  },
  {
    "name": "ギズモ",
    "message": "「树树，怎么了喵？」",
    "len": 1
  },
  {
    "name": "樹",
    "message": "「嗯……没什么」",
    "len": 1
  },
  {
    "message": "结衣姐姐的态度让我有点在意……",
    "len": 1
  },
  {
    "message": "和对式子桑、电卓脑袋的态度不同，比冷淡更甚……还是更轻？",
    "len": 2
  },
  {
    "message": "琴子是特别的不说，对姬子猫似乎也有另一种特别的感觉。",
    "len": 2
  },
  {
    "message": "特别地……冷漠？",
    "len": 1
  },
  {
    "name": "ギズモ",
    "message": "「树树？」",
    "len": 1
  },
  {
    "name": "樹",
    "message": "「那个……姬子猫你就待在这里吧」",
    "len": 1
  },
  {
    "name": "ギズモ",
    "message": "「喵？」",
    "len": 1
  },
  {
    "name": "樹",
    "message": "「我去结衣姐那里一下」",
    "len": 2
  },
  {
    "name": "樹",
    "message": "「姬子猫你看会儿电视吧」",
    "len": 1
  },
  {
    "name": "ギズモ",
    "message": "「知道啦」",
    "len": 1
  },
  {
    "message": "虽然不知道她会不会回答……但是，也不能就这么不管不顾吧",
    "len": 2
  },
  {
    "name": "樹",
    "message": "「结衣姐，现在方便吗？」",
    "len": 1
  },
  {
    "name": "結衣",
    "message": "「是树吗？」",
    "len": 1
  },
  {
    "name": "樹",
    "message": "「答对了。那么，我可以进来吗？」",
    "len": 2
  },
  {
    "name": "結衣",
    "message": "「如果是树的话就不用确认了」",
    "len": 1
  },
  {
    "name": "樹",
    "message": "「总觉得这样不太好……算了，我进来了」",
    "len": 2
  },
  {
    "name": "樹",
    "message": "「哇……」",
    "len": 1
  },
  {
    "message": "还是一如既往的混乱啊……每次看到都会吓一跳。",
    "len": 2
  },
  {
    "name": "結衣",
    "message": "「随便找个地方坐下吧。要是不介意的话，坐结衣的床上也行」",
    "len": 2
  },
  {
    "name": "樹",
    "message": "「那个就算了吧……」",
    "len": 1
  },
  {
    "name": "結衣",
    "message": "「那坐结衣的膝盖上如何？」",
    "len": 1
  },
  {
    "name": "樹",
    "message": "「床上就行了……」",
    "len": 1
  },
  {
    "message": "我把小物件推到一边，确认没有东西后才坐下。",
    "len": 2
  },
  {
    "name": "結衣",
    "message": "「所以？有什么事？」",
    "len": 1
  },
  {
    "name": "樹",
    "message": "「什么事，除了刚才那件事还能有什么」",
    "len": 1
  },
  {
    "name": "結衣",
    "message": "「哈……就为这种事特意来一趟？」",
    "len": 2
  },
  {
    "name": "樹",
    "message": "「也不算特意啦……毕竟还是很在意嘛」",
    "len": 2
  },
  {
    "name": "結衣",
    "message": "「嗯……算了，怎样都无所谓」",
    "len": 1
  },
  {
    "name": "樹",
    "message": "「我觉得这样不太好哦？结衣姐，你讨厌姬子猫吗？」",
    "len": 2
  },
  {
    "name": "結衣",
    "message": "「你为什么这么想？」",
    "len": 1
  },
  {
    "name": "樹",
    "message": "「为什么，这不是明摆着的吗。你对她很冷淡，连眼神都不愿意对上吧？」",
    "len": 2
  },
  {
    "name": "結衣",
    "message": "「是这样吗？」",
    "len": 1
  },
  {
    "name": "樹",
    "message": "「哈……别装傻了。我也不是在责难你……」",
    "len": 2
  },
  {
    "name": "結衣",
    "message": "「树你太在意了。结衣也没有隐瞒什么」",
    "len": 2
  },
  {
    "name": "結衣",
    "message": "「与其说是讨厌，不如说是没兴趣」",
    "len": 1
  },
  {
    "name": "樹",
    "message": "「这不是一回事吗？」",
    "len": 1
  },
  {
    "name": "結衣",
    "message": "「只是不想特别去接触而已。和对待其他人一样吧？」",
    "len": 2
  },
  {
    "name": "樹",
    "message": "「虽然也不是不能理解……」",
    "len": 1
  },
  {
    "name": "結衣",
    "message": "「当然，也不能说喜欢就是了」",
    "len": 2
  },
  {
    "name": "樹",
    "message": "「……对式子桑倒是很正常呢？」",
    "len": 1
  },
  {
    "name": "結衣",
    "message": "「是啊。那只猫是例外」",
    "len": 1
  },
  {
    "name": "樹",
    "message": "「……结衣姐，你是讨厌猫吗？」",
    "len": 1
  },
  {
    "name": "結衣",
    "message": "「我不讨厌生物。只是那家伙例外罢了」",
    "len": 2
  },
  {
    "name": "結衣",
    "message": "「只要像猫的样子……嗯，闲着没事的时候陪陪它也无妨」",
    "len": 2
  },
  {
    "name": "樹",
    "message": "「她不是猫啊。姬子猫也是人类啊？」",
    "len": 1
  },
  {
    "name": "結衣",
    "message": "「谁知道呢。在我眼里她还是只猫」",
    "len": 1
  },
  {
    "name": "結衣",
    "message": "「而且，那只猫不是普通的猫」",
    "len": 1
  },
  {
    "name": "樹",
    "message": "「这个嘛……毕竟变成人了，要是普通反而奇怪吧……」",
    "len": 2
  },
  {
    "name": "結衣",
    "message": "「不是那种奇怪。她还没有定型」",
    "len": 2
  },
  {
    "name": "結衣",
    "message": "「因为量子上不稳定，所以成长很快……但很快就会变回去」",
    "len": 2
  },
  {
    "name": "樹",
    "message": "「变回去是指……」",
    "len": 1
  },
  {
    "name": "結衣",
    "message": "「嘛，不管怎样，这跟我都没关系」",
    "len": 1
  },
  {
    "name": "結衣",
    "message": "「只是，我不喜欢摇摆不定的存在。飘忽不定，不知所属」",
    "len": 2
  },
  {
    "name": "結衣",
    "message": "「随波逐流，没有定性」",
    "len": 1
  },
  {
    "name": "結衣",
    "message": "「在那家伙如何之前，我就是讨厌这种模棱两可的东西」",
    "len": 2
  },
  {
    "name": "樹",
    "message": "「……果然还是讨厌吗？」",
    "len": 1
  },
  {
    "name": "結衣",
    "message": "「我并不是单纯讨厌那家伙。只是它属于我讨厌的类别而已」",
    "len": 2
  },
  {
    "name": "樹",
    "message": "「这不是一样吗。而且，不能叫它'那家伙'啊」",
    "len": 2
  },
  {
    "name": "樹",
    "message": "「它可是有名字的，叫姬子猫」",
    "len": 1
  },
  {
    "name": "結衣",
    "message": "「啊，是这样啊」",
    "len": 1
  },
  {
    "name": "樹",
    "message": "「又是这种敷衍的态度……姬子猫也是我们家庭的一员啊」",
    "len": 2
  },
  {
    "name": "結衣",
    "message": "「家人啊……」",
    "len": 1
  },
  {
    "name": "樹",
    "message": "「难道说……你也讨厌这个？」",
    "len": 1
  },
  {
    "name": "結衣",
    "message": "「也不是。这和讨厌是两回事」",
    "len": 2
  },
  {
    "name": "結衣",
    "message": "「不如说，造成这种情况的原因也有你的一份」",
    "len": 2
  },
  {
    "name": "樹",
    "message": "「啊？我吗？」",
    "len": 1
  },
  {
    "message": "我做了什么……？",
    "len": 1
  },
  {
    "name": "結衣",
    "message": "「嘛，要求你明白这点确实有点过分」",
    "len": 1
  },
  {
    "name": "結衣",
    "message": "「总之呢，你要好好照顾那家伙」",
    "len": 2
  },
  {
    "name": "樹",
    "message": "「哈……」",
    "len": 1
  },
  {
    "name": "樹",
    "message": "「照顾姬子猫啊……」",
    "len": 1
  },
  {
    "message": "结衣姐对姬子猫的态度，与其说是冷淡，不如说是保持着距离。",
    "len": 2
  },
  {
    "message": "虽然不是讨厌，但也没有积极地想要亲近。",
    "len": 2
  },
  {
    "name": "樹",
    "message": "「捡到姬子猫的时候……结衣姐说了什么来着……」",
    "len": 2
  },
  {
    "message": "好像说了什么，又好像什么都没说。",
    "len": 2
  },
  {
    "message": "总之就是记不清了……",
    "len": 1
  },
  {
    "message": "大概是彼此都没什么兴趣吧。彼此都没有在意对方。",
    "len": 2
  },
  {
    "message": "因为没在意，所以有没有都一样……",
    "len": 1
  },
  {
    "name": "樹",
    "message": "「结衣姐……是从什么时候开始变成这样的呢」",
    "len": 1
  },
  {
    "message": "我知道是从那天开始的。琴子消失的那天——然后，又回来的那天。",
    "len": 3
  },
  {
    "name": "樹",
    "message": "「之前和熟人见面的时候，她也是一副无所谓的样子啊……」",
    "len": 2
  },
  {
    "message": "她只关注自己感兴趣的人和事。",
    "len": 1
  },
  {
    "message": "不随波逐流，只做自己想做的事。",
    "len": 2
  },
  {
    "message": "不想看的东西……就不看。",
    "len": 1
  },
  {
    "name": "樹",
    "message": "「这样真的好吗……」",
    "len": 1
  },
  {
    "message": "虽然我不太明白，但无论我说什么，结衣姐姐大概都不会改变吧。",
    "len": 2
  },
  {
    "message": "我觉得她和以前不一样了。虽然还是那个人……但已经不同了。",
    "len": 2
  },
  {
    "message": "即便如此，结衣姐姐还是结衣姐姐，是我的家人。",
    "len": 2
  }
]