[
  {
    "name": "樹",
    "message": "「咦……我现在是醒着的吗？」",
    "len": 1
  },
  {
    "name": "樹",
    "message": "「……嗯，不是梦。感觉也很清晰」",
    "len": 2
  },
  {
    "name": "樹",
    "message": "「……真奇怪。为什么我会在这种时候醒来呢？」",
    "len": 2
  },
  {
    "name": "樹",
    "message": "「睡眠也不浅，也不觉得累」",
    "len": 2
  },
  {
    "name": "樹",
    "message": "「总之先打个招呼试试。早上好。多么美好的早晨啊，充满希望的早晨」",
    "len": 3
  },
  {
    "name": "樹",
    "message": "「…………」",
    "len": 1
  },
  {
    "name": "樹",
    "message": "「不对……说早上好也太亮堂了吧。明明漆黑一片……」",
    "len": 2
  },
  {
    "name": "樹",
    "message": "「…………」",
    "len": 1
  },
  {
    "name": "樹",
    "message": "「……好吧，睡觉吧。再睡一觉」",
    "len": 1
  },
  {
    "name": "樹",
    "message": "「真是的……竟然在这种时候醒来」",
    "len": 1
  },
  {
    "name": "樹",
    "message": "「那么，晚安世界」",
    "len": 1
  },
  {
    "name": "樹",
    "message": "「…………」",
    "len": 1
  },
  {
    "name": "樹",
    "message": "「不、不行……，我可不会这么轻易就放弃……」",
    "len": 2
  },
  {
    "name": "樹",
    "message": "「我可是发誓要二次睡眠的！」",
    "len": 1
  },
  {
    "name": "樹",
    "message": "「…………」",
    "len": 1
  },
  {
    "name": "樹",
    "message": "「难道你对我有什么怨恨吗……？」",
    "len": 1
  },
  {
    "name": "樹",
    "message": "「哈啊……，看来非我去不可啊……」",
    "len": 2
  },
  {
    "message": "如果是小偷的话，式子桑恐怕也无能为力吧。",
    "len": 2
  },
  {
    "message": "就算不是小偷也一样。毫无疑问肯定是发生了什么问题。",
    "len": 2
  },
  {
    "message": "结衣姐肯定不会有反应的。就算注意到了也会继续睡吧。",
    "len": 2
  },
  {
    "message": "电卓那家伙最靠不住。反而更有可能是犯人。",
    "len": 2
  },
  {
    "message": "姬子猫嘛……不知道怎么样。也不是看门狗。不对，是看门猫？",
    "len": 2
  },
  {
    "message": "……说不定反而是招财猫呢。真希望奇怪的东西能自觉离开啊。",
    "len": 2
  },
  {
    "name": "樹",
    "message": "「哎呀哎呀……没办法，去看看吧」",
    "len": 1
  },
  {
    "name": "樹",
    "message": "「……好冷」",
    "len": 1
  },
  {
    "message": "一走出房间就后悔了。",
    "len": 1
  },
  {
    "name": "樹",
    "message": "「……话说回来，也不能就这么不管不顾吧」",
    "len": 1
  },
  {
    "message": "强迫自己把想要退回去的脚向前迈。",
    "len": 1
  },
  {
    "message": "要是在这里退缩的话，恐怕就会直接在床上来个后空翻了。",
    "len": 2
  },
  {
    "name": "樹",
    "message": "「那么……看来灯是亮着的，不知道是谁在呢……」",
    "len": 2
  },
  {
    "name": "樹",
    "message": "「…………」",
    "len": 1
  },
  {
    "name": "樹",
    "message": "「我、我才不是在害怕呢！」",
    "len": 1
  },
  {
    "name": "樹",
    "message": "「…………」",
    "len": 1
  },
  {
    "name": "樹",
    "message": "「好吧，走吧」",
    "len": 1
  },
  {
    "name": "樹",
    "message": "「喂～有人吗，这么晚了是谁啊……？」",
    "len": 2
  },
  {
    "name": "結衣",
    "message": "「嗯～～～？」",
    "len": 1
  },
  {
    "name": "樹",
    "message": "「哈……原来是结衣姐啊」",
    "len": 1
  },
  {
    "name": "結衣",
    "message": "「哦～，是树啊……。这么晚还没睡吗？」",
    "len": 2
  },
  {
    "name": "樹",
    "message": "「不，我是刚起床……。难道结衣姐一直都没睡吗？」",
    "len": 2
  },
  {
    "name": "結衣",
    "message": "「啊啊」",
    "len": 1
  },
  {
    "name": "樹",
    "message": "「……又是寻宝？」",
    "len": 1
  },
  {
    "name": "結衣",
    "message": "「啊啊」",
    "len": 1
  },
  {
    "message": "在我看来这就是在翻垃圾……不过结衣姐倒是很认真啊。",
    "len": 2
  },
  {
    "name": "樹",
    "message": "「所以，你晚上出门然后早上才回来？」",
    "len": 1
  },
  {
    "name": "結衣",
    "message": "「嗯，差不多是这样……」",
    "len": 1
  },
  {
    "name": "樹",
    "message": "「熬夜到这个点也就算了，我觉得你还是别早上才回来比较好哦？」",
    "len": 2
  },
  {
    "name": "結衣",
    "message": "「嗯～？怎么了树，你是在担心结衣吗？」",
    "len": 2
  },
  {
    "name": "樹",
    "message": "「这个嘛……算是吧」",
    "len": 1
  },
  {
    "name": "結衣",
    "message": "「哈哈哈，真是个可爱的家伙啊。好，来摸摸你的头」",
    "len": 2
  },
  {
    "name": "樹",
    "message": "「还是免了吧……」",
    "len": 1
  },
  {
    "name": "結衣",
    "message": "「好，把脖子伸出来」",
    "len": 1
  },
  {
    "name": "樹",
    "message": "「这话听起来有点歧义啊」",
    "len": 1
  },
  {
    "name": "結衣",
    "message": "「把头伸出来」",
    "len": 2
  },
  {
    "name": "樹",
    "message": "「黑社会少女……」",
    "len": 1
  },
  {
    "name": "結衣",
    "message": "「好啦好啦，别那么激动。冷静点，想想现在几点了」",
    "len": 2
  },
  {
    "name": "樹",
    "message": "「太不讲理了，我的手都要气得发抖了」",
    "len": 1
  },
  {
    "name": "結衣",
    "message": "「嗯，我大概明白树想说什么了」",
    "len": 1
  },
  {
    "name": "樹",
    "message": "「我觉得你可能没明白」",
    "len": 1
  },
  {
    "name": "結衣",
    "message": "「不过不用担心。我可没那么脆弱，不会因为一点小事就改变」",
    "len": 2
  },
  {
    "name": "結衣",
    "message": "「就算来了可疑人物，我也会把他们揍扁扔进池子里」",
    "len": 2
  },
  {
    "name": "樹",
    "message": "「反倒是结衣姐你更像个可疑人物吧……」",
    "len": 2
  },
  {
    "name": "結衣",
    "message": "「比起那个我更困了。结衣要去睡觉了」",
    "len": 2
  },
  {
    "name": "樹",
    "message": "「……那样比较好」",
    "len": 1
  },
  {
    "message": "光是站着就像个钟摆一样摇晃。",
    "len": 1
  },
  {
    "name": "結衣",
    "message": "「那就这样，树。晚安」",
    "len": 1
  },
  {
    "message": "她轻声说着，步伐不稳地走出了客厅。",
    "len": 2
  },
  {
    "message": "我假装没看到她额头变红了。",
    "len": 2
  },
  {
    "message": "总之先确认她不会从楼梯上摔下来再说。",
    "len": 2
  },
  {
    "message": "难得早起，不如做点有建设性的事吧。",
    "len": 2
  },
  {
    "message": "我可真是健康啊！",
    "len": 1
  },
  {
    "name": "樹",
    "message": "「就这样来到了这里」",
    "len": 1
  },
  {
    "name": "樹",
    "message": "「早上好～现在时间刚过五点半」",
    "len": 2
  },
  {
    "name": "樹",
    "message": "「你看，公园里一个人都没有……」",
    "len": 1
  },
  {
    "name": "樹",
    "message": "「…………」",
    "len": 1
  },
  {
    "name": "樹",
    "message": "「嗯……空无一人的公园真是太棒了。不知不觉就有了记者的感觉」",
    "len": 2
  },
  {
    "name": "樹",
    "message": "「没人的话什么都可以做呢」",
    "len": 1
  },
  {
    "name": "樹",
    "message": "「那么，晚安」",
    "len": 1
  },
  {
    "name": "声",
    "message": "「别睡啊————！！」",
    "len": 1
  },
  {
    "name": "樹",
    "message": "「哇啊啊！？」",
    "len": 1
  },
  {
    "message": "耳朵嗡嗡作响，嗡嗡作响！",
    "len": 1
  },
  {
    "name": "柚",
    "message": "「你到底在想什么啊！？」",
    "len": 1
  },
  {
    "name": "柚",
    "message": "「在这种地方睡觉，感冒都是轻的！？」",
    "len": 2
  },
  {
    "name": "樹",
    "message": "「诶……柚？」",
    "len": 1
  },
  {
    "name": "柚",
    "message": "「别'诶'我！你在这里干什么呢！？」",
    "len": 2
  },
  {
    "name": "樹",
    "message": "「嗯～，二度睡？」",
    "len": 1
  },
  {
    "name": "柚",
    "message": "「说得再可爱也不行！」",
    "len": 1
  },
  {
    "name": "柚",
    "message": "「二度睡简直是浪费时间！而且，要睡的话就回自己房间——」",
    "len": 2
  },
  {
    "name": "柚",
    "message": "「难、难道说……树树，你被赶出那个家了吗……？」",
    "len": 2
  },
  {
    "name": "樹",
    "message": "「不，只是起得早而已。而且我也没想说得可爱」",
    "len": 2
  },
  {
    "name": "柚",
    "message": "「只、只、只是！？树树！？无缘无故地早起！？」",
    "len": 2
  },
  {
    "name": "柚",
    "message": "「不可能……这比捡到中奖彩票还不可能……」",
    "len": 2
  },
  {
    "name": "柚",
    "message": "「糟糕，该不会今天又要下大雪吧……？接下来不会突然开始下雪吧……」",
    "len": 2
  },
  {
    "name": "樹",
    "message": "「……你这是在嘲笑我吗？」",
    "len": 1
  },
  {
    "name": "柚",
    "message": "「可是那可是树树啊？就是那个有事也会强行推掉，在房间里懒洋洋躺着的树树哦？」",
    "len": 3
  },
  {
    "name": "柚",
    "message": "「上课时站起来都嫌麻烦，一直装睡到底的树树啊！」",
    "len": 2
  },
  {
    "name": "樹",
    "message": "「别随便捏造」",
    "len": 1
  },
  {
    "name": "樹",
    "message": "「准确来说是『上课时捡起掉落的橡皮擦后，因为起身太麻烦，就那样趴在桌子上』才对」",
    "len": 4
  },
  {
    "name": "柚",
    "message": "「喂，这不是更糟糕了嘛」",
    "len": 1
  },
  {
    "name": "樹",
    "message": "「哈……无所谓吧？我怎么做关你什么事」",
    "len": 2
  },
  {
    "name": "柚",
    "message": "「这个嘛……虽然你说得对」",
    "len": 1
  },
  {
    "name": "樹",
    "message": "「还是说，你为了吐槽我而做出跟踪行为？」",
    "len": 3
  },
  {
    "name": "柚",
    "message": "「啊……怎么可能会做那种事啊！」",
    "len": 1
  },
  {
    "name": "樹",
    "message": "「那你为什么在这种时间，而且还在这种地方？」",
    "len": 2
  },
  {
    "name": "樹",
    "message": "「没理由就来这种地方，只能说你脑子有问题吧」",
    "len": 2
  },
  {
    "name": "柚",
    "message": "「这话……我也想原封不动地问你呢」",
    "len": 1
  },
  {
    "name": "柚",
    "message": "「不过……算了。反正树树早起了」",
    "len": 2
  },
  {
    "name": "樹",
    "message": "「这明显是不正常的时间段啊……」",
    "len": 1
  },
  {
    "name": "柚",
    "message": "「没事没事。这样一来，树树终于朝着正常人迈进了……三步之前」",
    "len": 3
  },
  {
    "name": "樹",
    "message": "「还差得远呢……」",
    "len": 1
  },
  {
    "name": "柚",
    "message": "「那当然啦。你之前可是糟糕透了」",
    "len": 2
  },
  {
    "name": "樹",
    "message": "「是这样吗……？」",
    "len": 1
  },
  {
    "name": "柚",
    "message": "「没有自觉也是个大问题呢」",
    "len": 1
  },
  {
    "name": "樹",
    "message": "「好好好。这类话我已经听腻了。那么，柚你在这里干什么呢」",
    "len": 2
  },
  {
    "name": "樹",
    "message": "「是来缩短我几分钟寿命的吗？真是的，你这个死神混蛋」",
    "len": 2
  },
  {
    "name": "柚",
    "message": "「哎，我只是打个招呼而已。话说这也太冤枉人了……要是在国外的话这种程度都能起诉了」",
    "len": 3
  },
  {
    "name": "樹",
    "message": "「问题就出在你打招呼的方式上。我倒是可以因为寿命被缩短而反过来起诉你」",
    "len": 2
  },
  {
    "name": "柚",
    "message": "「好啦好啦，对不起啦～不过，先把这个放一边」",
    "len": 2
  },
  {
    "name": "樹",
    "message": "「别放一边啊……」",
    "len": 1
  },
  {
    "name": "柚",
    "message": "「我是在做日常跑步。我一直都在这附近跑步的」",
    "len": 2
  },
  {
    "name": "樹",
    "message": "「呃……你还真能坚持啊，做这种事」",
    "len": 1
  },
  {
    "name": "柚",
    "message": "「也没什么大不了的啦。这种事情习惯了就好」",
    "len": 2
  },
  {
    "name": "柚",
    "message": "「而且啊，这个时间跑步感觉特别舒服呢。人也不多」",
    "len": 2
  },
  {
    "name": "柚",
    "message": "「怎么样？趁这个机会，树也一起来跑步吧？」",
    "len": 2
  },
  {
    "name": "樹",
    "message": "「死了再复活再死一次我也拒绝。谁会喜欢在这种时间折磨自己的身体啊」",
    "len": 3
  },
  {
    "name": "柚",
    "message": "「折磨……哎，果然树还是老样子啊」",
    "len": 2
  },
  {
    "name": "樹",
    "message": "「那是什么意思？」",
    "len": 1
  },
  {
    "name": "柚",
    "message": "「就是有好有坏的意思啦。看你这个时间还醒着，我还以为你吃了什么奇怪的东西呢」",
    "len": 3
  },
  {
    "name": "柚",
    "message": "「原来不是啊，那就放心了。啊，就算不是奇怪的东西也要吃点正常的哦」",
    "len": 2
  },
  {
    "name": "樹",
    "message": "「我可是好好吃饭的。而且还会做饭呢……」",
    "len": 2
  },
  {
    "name": "柚",
    "message": "「这样啊这样啊，树也在努力呢」",
    "len": 1
  },
  {
    "name": "柚",
    "message": "「照这个势头，新年之后也可以期待一下吧」",
    "len": 1
  },
  {
    "name": "樹",
    "message": "「期待……什么啊？」",
    "len": 1
  },
  {
    "name": "柚",
    "message": "「那个嘛……哎，慢慢来吧。那我先回去了哦」",
    "len": 2
  },
  {
    "name": "樹",
    "message": "「啊啊……」",
    "len": 1
  },
  {
    "message": "留下一句让人摸不着头脑的话，她就像来时一样，飞快地跑走了。",
    "len": 2
  },
  {
    "message": "唔，她到底想干什么呢。",
    "len": 1
  },
  {
    "name": "樹",
    "message": "「总之，柚是M……」",
    "len": 1
  },
  {
    "message": "我在心里的记事本上用钢笔牢牢地记下。",
    "len": 1
  },
  {
    "message": "嘛，加油吧，每个人的爱好都不一样。",
    "len": 2
  },
  {
    "message": "我可没那个兴趣，就慢悠悠地回去吧。",
    "len": 2
  },
  {
    "name": "樹",
    "message": "「哦，慢慢走着走着，太阳都完全升起来了啊」",
    "len": 2
  },
  {
    "name": "樹",
    "message": "「我回来了……不对，早上好」",
    "len": 1
  },
  {
    "name": "式子",
    "message": "「啊～，是小树君啊～。早上好～」",
    "len": 2
  },
  {
    "name": "式子",
    "message": "「虽然说了'我回来了'，你是去哪里了吗～？」",
    "len": 2
  },
  {
    "name": "樹",
    "message": "「嗯，在附近散步了一下」",
    "len": 1
  },
  {
    "name": "式子",
    "message": "「这样啊～。要是也叫上妈妈就好了」",
    "len": 2
  },
  {
    "name": "樹",
    "message": "「不，但那时还没天亮……」",
    "len": 1
  },
  {
    "name": "式子",
    "message": "「可是～，我也想和小树君一起散步啊～」",
    "len": 1
  },
  {
    "name": "式子",
    "message": "「这个时间散步应该很舒服吧～」",
    "len": 1
  },
  {
    "name": "樹",
    "message": "「不，超级冷的。呼出的气都是白的」",
    "len": 2
  },
  {
    "name": "式子",
    "message": "「那你还去散步啊～？树君，是喜欢寒冷和疼痛的人吗？」",
    "len": 2
  },
  {
    "name": "樹",
    "message": "「那是柚的爱好。我可没有那种癖好」",
    "len": 2
  },
  {
    "name": "式子",
    "message": "「可是～，你不是去散步了嘛……」",
    "len": 1
  },
  {
    "name": "樹",
    "message": "「那个……如果式子桑想去的话，我们找个合适的时间一起去吧？」",
    "len": 2
  },
  {
    "name": "式子",
    "message": "「真的吗？太好啦，和树君约会啦～」",
    "len": 2
  },
  {
    "name": "樹",
    "message": "「约会什么的……哎，随你怎么说吧」",
    "len": 2
  },
  {
    "message": "式子桑兴高采烈地重复着『约会啦～』，语尾都带着欢快的弹音。",
    "len": 2
  },
  {
    "message": "我想，没有必要特意去打消她的笑容吧。",
    "len": 2
  },
  {
    "name": "樹",
    "message": "「嗯……？」",
    "len": 1
  },
  {
    "message": "草草结束和式子桑的对话后。",
    "len": 1
  },
  {
    "message": "正当我准备回房间时，突然听到了一阵窸窸窣窣的声音。",
    "len": 2
  },
  {
    "name": "樹",
    "message": "「又是电卓那家伙吗……？」",
    "len": 1
  },
  {
    "name": "樹",
    "message": "「…………」",
    "len": 1
  },
  {
    "name": "樹",
    "message": "「姬子猫，我进来了」",
    "len": 1
  },
  {
    "name": "樹",
    "message": "「姬子猫……咦」",
    "len": 1
  },
  {
    "name": "ギズモ",
    "message": "「嗯？树树，怎么了？」",
    "len": 1
  },
  {
    "name": "樹",
    "message": "「怎么了……这应该是我的台词才对」",
    "len": 1
  },
  {
    "message": "房间的角落里，运动鞋啊靴子啊乱七八糟地堆在一起。",
    "len": 2
  },
  {
    "name": "樹",
    "message": "「那堆鞋子……是怎么回事？」",
    "len": 1
  },
  {
    "message": "看上去就像是堆积的落叶一样。要是在上面烤个红薯，肯定会臭气熏天吧。",
    "len": 2
  },
  {
    "name": "ギズモ",
    "message": "「拿来了哦」",
    "len": 1
  },
  {
    "name": "樹",
    "message": "「……偷来的？」",
    "len": 1
  },
  {
    "name": "ギズモ",
    "message": "「嗯？」",
    "len": 1
  },
  {
    "name": "樹",
    "message": "「不，等等等等，这么想太草率了」",
    "len": 2
  },
  {
    "name": "樹",
    "message": "「可能是拿来的，也可能是捡来的」",
    "len": 2
  },
  {
    "name": "樹",
    "message": "「应该不是猎来的吧……」",
    "len": 1
  },
  {
    "name": "ギズモ",
    "message": "「树树，要玩吗？」",
    "len": 1
  },
  {
    "name": "樹",
    "message": "「在那之前，我想再问一遍，那些鞋子……你是从哪里弄来的？」",
    "len": 2
  },
  {
    "name": "ギズモ",
    "message": "「要拿来吗？」",
    "len": 1
  },
  {
    "name": "樹",
    "message": "「说了你也不会明白吧……」",
    "len": 1
  },
  {
    "name": "ギズモ",
    "message": "「嗯？树，你想要吗？」",
    "len": 1
  },
  {
    "name": "樹",
    "message": "「啊～，给我我也不知道怎么办……」",
    "len": 1
  },
  {
    "name": "ギズモ",
    "message": "「树，这个给你」",
    "len": 1
  },
  {
    "name": "樹",
    "message": "「所以说……嗯？」",
    "len": 1
  },
  {
    "message": "姬子猫递过来的是一双看起来似曾相识的运动鞋。",
    "len": 2
  },
  {
    "message": "因为是大批量生产的，所以见过也很正常……",
    "len": 2
  },
  {
    "name": "樹",
    "message": "「这个……是我的？」",
    "len": 1
  },
  {
    "name": "ギズモ",
    "message": "「嗯？」",
    "len": 1
  },
  {
    "name": "樹",
    "message": "「仔细一看这边是结衣姐的，还有式子桑的……琴子的也有？」",
    "len": 2
  },
  {
    "name": "ギズモ",
    "message": "「抓来的哦」",
    "len": 1
  },
  {
    "name": "樹",
    "message": "「不行不行，这些东西是不能随便抓来的。话说回来，用'抓来'这种说法也不太对劲」",
    "len": 2
  },
  {
    "message": "准确来说应该是『收集来的』吧。不过这也不是重点。",
    "len": 2
  },
  {
    "name": "ギズモ",
    "message": "「喵？不行吗？」",
    "len": 1
  },
  {
    "name": "樹",
    "message": "「嗯，不行。鞋子是大家的东西啊」",
    "len": 2
  },
  {
    "name": "ギズモ",
    "message": "「喵～」",
    "len": 1
  },
  {
    "name": "樹",
    "message": "「嗯，其他的事情以后再说吧」",
    "len": 1
  },
  {
    "name": "ギズモ",
    "message": "「喵？以后～？」",
    "len": 1
  },
  {
    "message": "总之，得先把鞋子还回去才行。",
    "len": 1
  },
  {
    "name": "樹",
    "message": "「不过话说回来，你还真是厉害，居然能收集这么多」",
    "len": 2
  },
  {
    "name": "樹",
    "message": "「难道是在我和式子桑在客厅聊天的时候，你悄悄从玄关把这些鞋子拿走的……？」",
    "len": 2
  },
  {
    "name": "樹",
    "message": "「真是不愧是你啊…」",
    "len": 1
  },
  {
    "name": "ギズモ",
    "message": "「喵？姬子猫很厉害吗？」",
    "len": 1
  },
  {
    "name": "樹",
    "message": "「这倒不是…」",
    "len": 1
  },
  {
    "name": "樹",
    "message": "「我能理解你想收集的心情，但是姬子猫不是已经变成人了吗？」",
    "len": 2
  },
  {
    "name": "ギズモ",
    "message": "「喵？」",
    "len": 1
  },
  {
    "name": "樹",
    "message": "「不只是鞋子。老鼠啊…蟑螂啊之类的」",
    "len": 2
  },
  {
    "name": "樹",
    "message": "「这些东西身上可能带着奇怪的细菌，不能什么都往嘴里叼啊？」",
    "len": 2
  },
  {
    "name": "ギズモ",
    "message": "「喵明白了」",
    "len": 1
  },
  {
    "name": "樹",
    "message": "「嗯，那就好」",
    "len": 1
  },
  {
    "name": "ギズモ",
    "message": "「呜，不用啦」",
    "len": 1
  },
  {
    "name": "樹",
    "message": "「那个也别干了」",
    "len": 1
  },
  {
    "name": "樹",
    "message": "「呼…呼…」",
    "len": 1
  },
  {
    "name": "樹",
    "message": "「呃啊，没想到…来回爬楼梯…竟然这么累…」",
    "len": 2
  },
  {
    "message": "为了把鞋子放回玄关，来回爬了好几次楼梯。",
    "len": 1
  },
  {
    "name": "樹",
    "message": "「早知道让姬子猫也帮忙就好了…」",
    "len": 1
  },
  {
    "message": "而那个姬子猫正在睡第二觉的正中。",
    "len": 1
  },
  {
    "name": "樹",
    "message": "「哎呀～，累死了…是体力下降了吗…？」",
    "len": 2
  },
  {
    "name": "樹",
    "message": "「哈啊…我也睡个回笼觉吧」",
    "len": 1
  },
  {
    "message": "可能是因为难得这么早起床，睡意渐渐涌了上来。",
    "len": 2
  },
  {
    "message": "外面也走了，楼梯也上上下下了。",
    "len": 1
  },
  {
    "message": "就这样倒在床上，应该能舒舒服服地睡一觉吧……",
    "len": 2
  },
  {
    "name": "琴子",
    "message": "「哥哥，今天起得真早啊」",
    "len": 1
  },
  {
    "name": "樹",
    "message": "「啊……琴子。你已经起来了吗？」",
    "len": 2
  },
  {
    "name": "琴子",
    "message": "「是的。因为听到了热闹的声音」",
    "len": 2
  },
  {
    "name": "樹",
    "message": "「呃……抱歉」",
    "len": 1
  },
  {
    "name": "琴子",
    "message": "「呵呵，我没生气啦。反正也舒服地醒过来了」",
    "len": 2
  },
  {
    "name": "琴子",
    "message": "「而且……看到哥哥这么开心我也很高兴」",
    "len": 1
  },
  {
    "name": "樹",
    "message": "「嗯？什么意思？」",
    "len": 1
  },
  {
    "name": "琴子",
    "message": "「就是字面上的意思啊」",
    "len": 1
  },
  {
    "name": "琴子",
    "message": "「难道说，如果我露出开心的表情，哥哥会不高兴吗？」",
    "len": 3
  },
  {
    "name": "樹",
    "message": "「怎么会。我怎么可能会那么想」",
    "len": 1
  },
  {
    "name": "琴子",
    "message": "「这和那是一样的道理哦。看到自己重要的人一大早就笑容满面，自己也会跟着高兴起来」",
    "len": 3
  },
  {
    "name": "樹",
    "message": "「嗯～原来如此啊」",
    "len": 1
  },
  {
    "name": "琴子",
    "message": "「是的，就是这样。话说回来……哥哥刚才在做什么呢？」",
    "len": 2
  },
  {
    "name": "樹",
    "message": "「你觉得我在做什么？」",
    "len": 1
  },
  {
    "name": "琴子",
    "message": "「……看起来像是在小心翼翼地抱着我的鞋子」",
    "len": 2
  },
  {
    "name": "樹",
    "message": "「姬子猫把大家的鞋子都搬到房间里来了，我正在把它们放回原来的位置」",
    "len": 2
  },
  {
    "name": "琴子",
    "message": "「是这样吗？」",
    "len": 1
  },
  {
    "name": "樹",
    "message": "「就是这样」",
    "len": 1
  },
  {
    "message": "误会的苗头还是要尽早铲除。",
    "len": 1
  },
  {
    "name": "琴子",
    "message": "「那么，哥哥放完鞋子后，接下来是要准备早餐吗？」",
    "len": 2
  },
  {
    "name": "樹",
    "message": "「啊～现在还有点早，我打算先回房间休息一会儿」",
    "len": 2
  },
  {
    "name": "琴子",
    "message": "「休息一会儿……哥哥做了什么让人疲惫的事吗？」",
    "len": 2
  },
  {
    "name": "樹",
    "message": "「嗯，算是吧。我起得挺早的，就在附近散了会步」",
    "len": 3
  },
  {
    "name": "琴子",
    "message": "「这样啊。有什么好事发生吗？」",
    "len": 2
  },
  {
    "message": "我补充道：早起的鸟儿有虫吃。",
    "len": 1
  },
  {
    "name": "樹",
    "message": "「好事嘛……大概就是撞见了结衣姐凌晨回家，发现了柚奇怪的癖好，还阻止了姬子猫捣乱吧」",
    "len": 4
  },
  {
    "name": "樹",
    "message": "「另外，我可没有抱着鞋子的那种癖好」",
    "len": 1
  },
  {
    "name": "琴子",
    "message": "「呵呵……哥哥从早上开始就很忙呢」",
    "len": 1
  },
  {
    "name": "樹",
    "message": "「是啊，托这些事的福，我现在又开始犯困了……」",
    "len": 1
  },
  {
    "name": "琴子",
    "message": "「那样的话，还是小睡一会儿比较好呢」",
    "len": 1
  },
  {
    "name": "琴子",
    "message": "「带着困意使用菜刀的话，要是不小心受伤就麻烦了」",
    "len": 2
  },
  {
    "name": "樹",
    "message": "「嗯，我会的」",
    "len": 1
  },
  {
    "name": "琴子",
    "message": "「啊……对了对了，差点忘了」",
    "len": 1
  },
  {
    "message": "在擦肩而过之前，琴子像是突然想起什么似的抬头看向这边。",
    "len": 2
  },
  {
    "name": "琴子",
    "message": "「早上好，哥哥」",
    "len": 1
  },
  {
    "name": "樹",
    "message": "「啊啊……话说，我这就要去睡觉了，说早上好感觉有点奇怪啊」",
    "len": 2
  },
  {
    "name": "琴子",
    "message": "「那么，要不要再加上一句「晚安」呢？」",
    "len": 2
  },
  {
    "name": "樹",
    "message": "「也不用做到那种地步啦……。嘛，总之」",
    "len": 2
  },
  {
    "name": "樹",
    "message": "「早上好，琴子」",
    "len": 1
  },
  {
    "name": "琴子",
    "message": "「嗯，早上好」",
    "len": 1
  },
  {
    "message": "从早上开始就发生了各种事，感觉有点飘飘然——",
    "len": 2
  },
  {
    "message": "看到琴子的笑容，我终于感到脚踏实地了。",
    "len": 1
  },
  {
    "message": "有琴子在的一天开始了。我能真切地感受到自己在这里。",
    "len": 2
  },
  {
    "message": "因为安心下来，感觉能好好睡一觉了。",
    "len": 1
  },
  {
    "message": "那么……晚安，琴子。待会儿见。",
    "len": 2
  }
]