[
  {
    "name": "式子",
    "message": "「…………君……」",
    "len": 1
  },
  {
    "name": "樹",
    "message": "「………………」",
    "len": 1
  },
  {
    "name": "式子",
    "message": "「……塔君……快起床啦…………」",
    "len": 1
  },
  {
    "message": "……嗯……怎么回事？",
    "len": 1
  },
  {
    "message": "这感觉真怀念啊……",
    "len": 1
  },
  {
    "name": "式子",
    "message": "「呵呵呵～，真是个小懒虫呢～」",
    "len": 1
  },
  {
    "message": "很久很久以前……在我还是个孩子的时候，总是……",
    "len": 1
  },
  {
    "message": "母亲就是这样……",
    "len": 1
  },
  {
    "message": "——母亲？",
    "len": 1
  },
  {
    "name": "式子",
    "message": "「再不起床的话，我就要捏塔君的屁股咯～」",
    "len": 1
  },
  {
    "name": "樹",
    "message": "「呜、呜哇啊！？」",
    "len": 1
  },
  {
    "name": "式子",
    "message": "「哎呀～，已经醒了啊～」",
    "len": 1
  },
  {
    "name": "樹",
    "message": "「这、这不是得醒嘛！你在干什么啊！？」",
    "len": 2
  },
  {
    "name": "式子",
    "message": "「呵呵呵～，对不起啦～！」",
    "len": 1
  },
  {
    "name": "樹",
    "message": "「饶了我吧，真是的……」",
    "len": 1
  },
  {
    "name": "式子",
    "message": "「因为睡脸太可爱了，忍不住就想恶作剧了～」",
    "len": 2
  },
  {
    "message": "你虽然是我妈，但又不是亲妈……",
    "len": 1
  },
  {
    "message": "要是被摸到奇怪的地方，不小心有反应了可就糟糕了！",
    "len": 1
  },
  {
    "name": "樹",
    "message": "「话说回来，你为什么会在我房间里啊？」",
    "len": 1
  },
  {
    "name": "式子",
    "message": "「那个呢，我就是想试试叫醒塔君～」",
    "len": 1
  },
  {
    "name": "樹",
    "message": "「啊？」",
    "len": 1
  },
  {
    "name": "式子",
    "message": "「妈妈来叫你起床不行吗？」",
    "len": 1
  },
  {
    "name": "樹",
    "message": "「不是不行，怎么说呢，就是不用特意这样做也……」",
    "len": 2
  },
  {
    "name": "式子",
    "message": "「诶～～」",
    "len": 1
  },
  {
    "name": "樹",
    "message": "「我自己能起来的……」",
    "len": 1
  },
  {
    "name": "式子",
    "message": "「怎么这样～～」",
    "len": 1
  },
  {
    "name": "樹",
    "message": "「我又不是小孩子了……」",
    "len": 1
  },
  {
    "name": "式子",
    "message": "「不要嘛～～我要哭了～～」",
    "len": 1
  },
  {
    "name": "樹",
    "message": "「我知道了，请你来叫我起床吧」",
    "len": 1
  },
  {
    "name": "式子",
    "message": "「哇咿，太好了！」",
    "len": 1
  },
  {
    "message": "唉，我真是太软弱了……",
    "len": 1
  },
  {
    "name": "樹",
    "message": "「不过，只有在我请你的时候才行哦？」",
    "len": 1
  },
  {
    "name": "式子",
    "message": "「嗯，我会好好地像妈妈一样叫你起床的」",
    "len": 1
  },
  {
    "name": "樹",
    "message": "「那么，早上好」",
    "len": 1
  },
  {
    "name": "式子",
    "message": "「早安，小树君」",
    "len": 1
  },
  {
    "name": "樹",
    "message": "「…………」",
    "len": 1
  },
  {
    "name": "式子",
    "message": "「……？」",
    "len": 1
  },
  {
    "name": "樹",
    "message": "「那个……我想换衣服」",
    "len": 1
  },
  {
    "name": "式子",
    "message": "「啊，是、是啊～！呵呵呵！」",
    "len": 1
  },
  {
    "name": "式子",
    "message": "「那么，待会儿见，小树君！」",
    "len": 1
  },
  {
    "name": "樹",
    "message": "「呼，吓死我了……」",
    "len": 1
  },
  {
    "message": "话说回来，为什么突然做这种事……？",
    "len": 1
  }
]