[
  {
    "name": "樹",
    "message": "「那么……用剩下的东西做点什么吧」",
    "len": 1
  },
  {
    "message": "冰箱里应该还有柚留下的鸡蛋和香肠。",
    "len": 1
  },
  {
    "message": "还有储存的面粉。以及式子桑种植的类似卷心菜的蔬菜。",
    "len": 2
  },
  {
    "message": "有这些的话，应该能做出些像样的料理吧。",
    "len": 1
  },
  {
    "name": "樹",
    "message": "「嗯，不知不觉开始觉得有趣了呢……」",
    "len": 1
  },
  {
    "message": "我按照柚教我的做法，随意地处理了一下材料，试着做了个什锦煎饼。",
    "len": 2
  },
  {
    "message": "结果做出来的什锦煎饼扁平得像仙贝一样。",
    "len": 1
  },
  {
    "message": "不如说，明显变成了别的东西。",
    "len": 1
  },
  {
    "name": "樹",
    "message": "「唔……是面粉和水的比例不对吗？」",
    "len": 1
  },
  {
    "name": "樹",
    "message": "「算了，先吃吧」",
    "len": 1
  },
  {
    "name": "樹",
    "message": "「………………」",
    "len": 1
  },
  {
    "message": "我尝到了面粉、香肠和类似卷心菜的味道。",
    "len": 1
  },
  {
    "message": "但是在那个仙贝里，完全没有这些材料综合起来应该有的『什锦煎饼』的味道。",
    "len": 2
  },
  {
    "name": "樹",
    "message": "「搞不懂……」",
    "len": 1
  },
  {
    "message": "为什么材料都对了，却做不出『什锦煎饼』呢？",
    "len": 1
  },
  {
    "name": "樹",
    "message": "「靠，做料理比我想象的还难啊」",
    "len": 1
  },
  {
    "name": "ギズモ",
    "message": "「喵？有吃的～？」",
    "len": 1
  },
  {
    "message": "哦？来了来了。还是一如既往地对食物的气味敏感啊。",
    "len": 2
  },
  {
    "name": "樹",
    "message": "「喂，这边这边！」",
    "len": 1
  },
  {
    "name": "ギズモ",
    "message": "「喵～！树树！」",
    "len": 1
  },
  {
    "name": "樹",
    "message": "「好啦好啦，要吃类似什锦煎饼的东西吗？」",
    "len": 1
  },
  {
    "name": "ギズモ",
    "message": "「吃～！」",
    "len": 1
  },
  {
    "name": "ギズモ",
    "message": "「嗯～，呐？呐？」",
    "len": 1
  },
  {
    "name": "樹",
    "message": "「嗯，怎么了？有什么在意的吗？」",
    "len": 1
  },
  {
    "name": "ギズモ",
    "message": "「羽，不在？」",
    "len": 1
  },
  {
    "name": "樹",
    "message": "「诶，羽？」",
    "len": 1
  },
  {
    "name": "ギズモ",
    "message": "「羽～，头～，蹦蹦～」",
    "len": 1
  },
  {
    "message": "头上蹦蹦跳跳的羽？",
    "len": 1
  },
  {
    "message": "难道是在说柚……？",
    "len": 1
  },
  {
    "name": "ギズモ",
    "message": "「羽～，呜喵～！抖抖～！」",
    "len": 1
  },
  {
    "name": "樹",
    "message": "「怎么了怎么了？你是害怕那家伙吗？」",
    "len": 1
  },
  {
    "name": "ギズモ",
    "message": "「喵～，抖抖～！」",
    "len": 1
  },
  {
    "message": "唉，那家伙被讨厌了啊……",
    "len": 1
  },
  {
    "name": "樹",
    "message": "「没事的，没有可怕的长羽毛的女人哦。看，不在吧？」",
    "len": 2
  },
  {
    "name": "ギズモ",
    "message": "「喵哈哈哈～」",
    "len": 1
  },
  {
    "name": "樹",
    "message": "「好，今天就让你吃个够！上次被柚赶出去了呢」",
    "len": 2
  },
  {
    "name": "ギズモ",
    "message": "「喵～！吃～！」",
    "len": 1
  },
  {
    "message": "话虽如此，猫真的会吃大阪烧吗？",
    "len": 1
  },
  {
    "message": "不，更重要的是，这东西根本就不像大阪烧的味道……",
    "len": 1
  },
  {
    "message": "算了，总之先喂它吃吃看吧。",
    "len": 1
  },
  {
    "name": "樹",
    "message": "「那么，为了让你更容易吃，我给你撒点鲣鱼花……给！」",
    "len": 2
  },
  {
    "name": "ギズモ",
    "message": "「喵，呜……」",
    "len": 1
  },
  {
    "message": "怎、怎么样……？",
    "len": 1
  },
  {
    "name": "ギズモ",
    "message": "「喵哈，喵喵！」",
    "len": 1
  },
  {
    "name": "樹",
    "message": "「诶？好吃吗？」",
    "len": 1
  },
  {
    "name": "ギズモ",
    "message": "「喵！再来点！」",
    "len": 1
  },
  {
    "message": "看来真的很好吃啊？它好像很开心……",
    "len": 2
  },
  {
    "name": "樹",
    "message": "「等一下姬子猫，我马上就回来，你在这儿等着！」",
    "len": 2
  },
  {
    "name": "ギズモ",
    "message": "「喵？」",
    "len": 1
  },
  {
    "name": "樹",
    "message": "「结衣姐——，在吗——？」",
    "len": 1
  },
  {
    "name": "結衣",
    "message": "「哎呀呀？怎么了，突然出现？」",
    "len": 2
  },
  {
    "name": "樹",
    "message": "「我做了大阪烧，你能尝尝吗？」",
    "len": 2
  },
  {
    "name": "結衣",
    "message": "「哦，挺会来事啊。正好我肚子饿了」",
    "len": 2
  },
  {
    "name": "樹",
    "message": "「太好了，那这个给你……」",
    "len": 1
  },
  {
    "name": "結衣",
    "message": "「嗯，我开动了，啊呜」",
    "len": 1
  },
  {
    "name": "樹",
    "message": "「…………」",
    "len": 1
  },
  {
    "name": "結衣",
    "message": "「……嗯，……嗯嗯？」",
    "len": 1
  },
  {
    "name": "樹",
    "message": "「怎、怎么样？」",
    "len": 1
  },
  {
    "name": "結衣",
    "message": "「好辣～～，这是什么啊～～」",
    "len": 1
  },
  {
    "name": "樹",
    "message": "「啊，果然」",
    "len": 1
  },
  {
    "name": "結衣",
    "message": "「没味道啊～，只有一股腥味～～」",
    "len": 1
  },
  {
    "message": "盐放少了，火候也不够……嗯，我明白了。",
    "len": 2
  },
  {
    "name": "樹",
    "message": "「那，就这样吧！打扰了——！」",
    "len": 2
  },
  {
    "name": "結衣",
    "message": "「喂！就这样完事了？」",
    "len": 1
  },
  {
    "name": "樹",
    "message": "「让你久等了，姬子猫」",
    "len": 1
  },
  {
    "name": "ギズモ",
    "message": "「喵～等你好久啦！」",
    "len": 1
  },
  {
    "name": "樹",
    "message": "「剩下的大阪烧全给你，尽管吃吧」",
    "len": 2
  },
  {
    "name": "ギズモ",
    "message": "「喵！吃吃吃～！」",
    "len": 1
  },
  {
    "message": "姬子猫直奔厨房而去。",
    "len": 1
  },
  {
    "name": "樹",
    "message": "「唉，真是的」",
    "len": 1
  },
  {
    "message": "味觉的差异……应该说是。",
    "len": 1
  },
  {
    "message": "简单来说，是专门为猫咪准备的大阪烧？",
    "len": 1
  },
  {
    "name": "樹",
    "message": "「切，总觉得有点沮丧啊……」",
    "len": 1
  },
  {
    "name": "ギズモ",
    "message": "「树树！」",
    "len": 1
  },
  {
    "name": "樹",
    "message": "「嗯，怎么了？」",
    "len": 1
  },
  {
    "name": "ギズモ",
    "message": "「做饭饭，做饭饭！」",
    "len": 1
  },
  {
    "name": "樹",
    "message": "「做饭？你还想吃吗？」",
    "len": 1
  },
  {
    "name": "ギズモ",
    "message": "「不是啦，姬子猫，做饭饭！」",
    "len": 1
  },
  {
    "name": "樹",
    "message": "「啊？你在说什么呢？」",
    "len": 1
  },
  {
    "name": "ギズモ",
    "message": "「姬子猫，要做，饭饭！」",
    "len": 1
  },
  {
    "name": "樹",
    "message": "「你想做饭吗？」",
    "len": 1
  },
  {
    "name": "ギズモ",
    "message": "「嗯，要做～」",
    "len": 1
  },
  {
    "name": "樹",
    "message": "「啊？那怎么可能啊！」",
    "len": 1
  },
  {
    "name": "ギズモ",
    "message": "「要做～！」",
    "len": 1
  },
  {
    "name": "樹",
    "message": "「啊，喂……！」",
    "len": 1
  },
  {
    "message": "怎么回事？她突然说起了奇怪的话。",
    "len": 1
  },
  {
    "message": "难道她把我做饭的样子当成某种游戏了吗？",
    "len": 2
  },
  {
    "message": "总、总之得阻止她。",
    "len": 1
  },
  {
    "name": "ギズモ",
    "message": "「呐～做饭，做饭～！」",
    "len": 1
  },
  {
    "name": "樹",
    "message": "「哎呀呀，弄得这么乱……」",
    "len": 1
  },
  {
    "name": "ギズモ",
    "message": "「树，喜欢胡萝卜吗？」",
    "len": 1
  },
  {
    "message": "啊……那是式子桑种的，长得跟人一样的诡异胡萝卜……",
    "len": 2
  },
  {
    "name": "樹",
    "message": "「虽、虽然喜欢，但那个还是算了吧。总感觉切开的时候会发出惨叫声」",
    "len": 2
  },
  {
    "name": "ギズモ",
    "message": "「这样啊，那就把胡萝卜扔掉吧」",
    "len": 1
  },
  {
    "name": "樹",
    "message": "「扔掉也不行，感觉会被诅咒」",
    "len": 1
  },
  {
    "name": "樹",
    "message": "「……话说回来，不能做饭啊！那可不是游戏！」",
    "len": 2
  },
  {
    "name": "ギズモ",
    "message": "「呐～要做饭～做饭～」",
    "len": 1
  },
  {
    "name": "樹",
    "message": "「不是，都说了不行啊」",
    "len": 1
  },
  {
    "name": "ギズモ",
    "message": "「嗯？」",
    "len": 1
  },
  {
    "name": "樹",
    "message": "「要是出什么事就危险了吧？」",
    "len": 1
  },
  {
    "name": "ギズモ",
    "message": "「喵？」",
    "len": 1
  },
  {
    "name": "樹",
    "message": "「不行啊！」",
    "len": 1
  },
  {
    "name": "ギズモ",
    "message": "「喵～？？？」",
    "len": 1
  },
  {
    "message": "唔，这种模式是猫咪特有的……",
    "len": 1
  },
  {
    "message": "无论说什么都完全不为所动，反而用那种『你到底在说什么啊？』的眼神直直地盯着你看……",
    "len": 3
  },
  {
    "message": "呃，我就是对这招毫无抵抗力……",
    "len": 1
  },
  {
    "message": "就因为这个，当姬子猫还是只猫的时候，我的电脑键盘不知道被占领了多少次。",
    "len": 2
  },
  {
    "name": "樹",
    "message": "「……好吧，就一小会儿哦」",
    "len": 1
  },
  {
    "name": "ギズモ",
    "message": "「哇咿！树树，最喜欢你啦！」",
    "len": 1
  },
  {
    "name": "樹",
    "message": "「哈、哈哈哈，哈哈……」",
    "len": 1
  },
  {
    "message": "哎……我太没用了……",
    "len": 1
  },
  {
    "message": "不过，刀具之类的尖锐物品还是得好好藏起来才行啊。",
    "len": 2
  },
  {
    "name": "ギズモ",
    "message": "「做饭～！现在～，做饭～！」",
    "len": 1
  }
]