[
  {
    "message": "我把不愿离开厨房的姬子猫留在那里，回到了房间。",
    "len": 2
  },
  {
    "message": "虽然有点担心，但危险的东西都已经收拾好了，应该没问题吧。",
    "len": 1
  },
  {
    "name": "樹",
    "message": "「那么，我该做什么呢……」",
    "len": 1
  },
  {
    "message": "要不要久违地打开电脑呢。现在出门时间也不太合适……",
    "len": 2
  },
  {
    "message": "就看看视频网站打发时间吧。",
    "len": 1
  },
  {
    "message": "说起来柚那家伙一直吵着让我用手机呢。",
    "len": 1
  },
  {
    "message": "看来是时候该买一个了吗。躺着用确实很方便啊……",
    "len": 2
  },
  {
    "name": "樹",
    "message": "「哈～～～」",
    "len": 1
  },
  {
    "message": "刚打开电脑就开始犯困了。",
    "len": 1
  },
  {
    "name": "樹",
    "message": "「稍微躺一会儿吧……」",
    "len": 1
  },
  {
    "message": "我一边播放着流媒体视频，一边躺在了床上。",
    "len": 2
  },
  {
    "name": "樹",
    "message": "「啊～困……」",
    "len": 1
  },
  {
    "name": "電卓",
    "message": "「……这家伙，脚真粗啊～」",
    "len": 1
  },
  {
    "name": "樹",
    "message": "「……嗯？」",
    "len": 1
  },
  {
    "name": "電卓",
    "message": "「不过，为啥这些孩子们要进河里啊？明明是偶像却穿着自卫队的衣服啊～」",
    "len": 2
  },
  {
    "name": "樹",
    "message": "「什、什么啊！？」",
    "len": 1
  },
  {
    "name": "電卓",
    "message": "「而且，这歌也莫名其妙啊，喂？完全记不住啊」",
    "len": 2
  },
  {
    "name": "樹",
    "message": "「你在干什么啊？」",
    "len": 1
  },
  {
    "name": "電卓",
    "message": "「来看看所谓的互联网」",
    "len": 1
  },
  {
    "name": "樹",
    "message": "「啊？」",
    "len": 1
  },
  {
    "name": "電卓",
    "message": "「现在，那台电脑上播放的电视就是互联网吧？」",
    "len": 2
  },
  {
    "name": "樹",
    "message": "「啊～原来是这么回事啊」",
    "len": 1
  },
  {
    "message": "我懒得吐槽，还是轻轻带过吧。",
    "len": 1
  },
  {
    "name": "樹",
    "message": "「对啊，没什么大不了的，你失望了吗？」",
    "len": 2
  },
  {
    "name": "電卓",
    "message": "「那么，这个要多少钱？」",
    "len": 1
  },
  {
    "name": "樹",
    "message": "「多少钱？」",
    "len": 1
  },
  {
    "name": "電卓",
    "message": "「我是说，这个所谓的互联网，要花多少钱才能买到？」",
    "len": 2
  },
  {
    "name": "樹",
    "message": "「从便宜的到贵的都有，去电器店问问最靠谱」",
    "len": 2
  },
  {
    "name": "電卓",
    "message": "「这样啊，那我这就去问问」",
    "len": 1
  },
  {
    "message": "麻烦事推给别人最好不过了。",
    "len": 1
  },
  {
    "name": "電卓",
    "message": "「喂，树，等等」",
    "len": 1
  },
  {
    "name": "樹",
    "message": "「怎么了」",
    "len": 1
  },
  {
    "name": "電卓",
    "message": "「告诉我互联网的名字」",
    "len": 1
  },
  {
    "name": "樹",
    "message": "「啊？？？」",
    "len": 1
  },
  {
    "name": "電卓",
    "message": "「我是说名字啊，比如银河电视台或者远东频道之类的，应该有这种名字吧？」",
    "len": 2
  },
  {
    "name": "樹",
    "message": "「啊，那个……」",
    "len": 1
  },
  {
    "name": "電卓",
    "message": "「我现在要买这个正在播放小猫咪的互联网」",
    "len": 2
  },
  {
    "name": "樹",
    "message": "「小、小猫咪？」",
    "len": 1
  },
  {
    "name": "電卓",
    "message": "「就是这些女孩子！你不知道吗？现在可是超级流行的！」",
    "len": 2
  },
  {
    "name": "樹",
    "message": "「我觉得你可能搞错了……」",
    "len": 1
  },
  {
    "name": "電卓",
    "message": "「快告诉我啊！不知道名字的话，我怎么买得到互联网啊！」",
    "len": 2
  },
  {
    "message": "啊——真麻烦——！！！",
    "len": 1
  },
  {
    "name": "樹",
    "message": "「塔克拉玛干TV」",
    "len": 1
  },
  {
    "name": "電卓",
    "message": "「你说的是真的吧？」",
    "len": 1
  },
  {
    "name": "樹",
    "message": "「是真的，去电器店说想要塔克拉玛干TV的互联网就能买到了」",
    "len": 2
  },
  {
    "name": "電卓",
    "message": "「好，我这就去买」",
    "len": 1
  },
  {
    "message": "呼……真是的。",
    "len": 1
  },
  {
    "name": "電卓",
    "message": "「啊，还有件事」",
    "len": 1
  },
  {
    "name": "樹",
    "message": "「又怎么了」",
    "len": 1
  },
  {
    "name": "電卓",
    "message": "「厨房冒烟了」",
    "len": 1
  },
  {
    "name": "樹",
    "message": "「啊！？」",
    "len": 1
  },
  {
    "name": "電卓",
    "message": "「我都忘了，其实我是为了说这个才来的」",
    "len": 1
  },
  {
    "name": "樹",
    "message": "「这种事别给我忘啊！！」",
    "len": 1
  },
  {
    "message": "厨房冒烟了？",
    "len": 1
  },
  {
    "message": "该不会是姬子猫那家伙……！？",
    "len": 1
  }
]