[
  {
    "name": "樹",
    "message": "「哇！？这是什么情况！？」",
    "len": 1
  },
  {
    "message": "从厨房冒出的烟雾，使得周围一片白茫茫。",
    "len": 2
  },
  {
    "name": "樹",
    "message": "「喂，姬子猫！你没事吧！？」",
    "len": 1
  },
  {
    "name": "ギズモ",
    "message": "「树？树——！！」",
    "len": 1
  },
  {
    "name": "樹",
    "message": "「怎么了！你在哪儿！？」",
    "len": 1
  },
  {
    "name": "ギズモ",
    "message": "「喵——！树！！」",
    "len": 1
  },
  {
    "name": "ギズモ",
    "message": "「喵～，咳咳咳」",
    "len": 1
  },
  {
    "name": "樹",
    "message": "「哦，你没事啊！有没有受伤！？」",
    "len": 1
  },
  {
    "name": "ギズモ",
    "message": "「喵啊，没事——」",
    "len": 1
  },
  {
    "name": "樹",
    "message": "「是吗，太好了！」",
    "len": 1
  },
  {
    "name": "ギズモ",
    "message": "「呜呜呜……，鸡蛋，砰！烟雾！呼啦——轰——！！！」",
    "len": 2
  },
  {
    "name": "樹",
    "message": "「啊？啊？你说什么？」",
    "len": 1
  },
  {
    "name": "ギズモ",
    "message": "「鸡蛋！轰——！！！」",
    "len": 1
  },
  {
    "message": "鸡蛋？爆炸？",
    "len": 1
  },
  {
    "name": "樹",
    "message": "「我、我明白了，你在这里等着，我去看看！」",
    "len": 2
  },
  {
    "name": "ギズモ",
    "message": "「式子！咚——！」",
    "len": 1
  },
  {
    "name": "樹",
    "message": "「啊？」",
    "len": 1
  },
  {
    "name": "ギズモ",
    "message": "「式子，来了，咚，啪！」",
    "len": 1
  },
  {
    "message": "式子桑？来了？咚然后啪？",
    "len": 2
  },
  {
    "name": "樹",
    "message": "「喂、喂！式子桑倒下了吗！？」",
    "len": 1
  },
  {
    "name": "ギズモ",
    "message": "「式子，死啦！」",
    "len": 1
  },
  {
    "name": "樹",
    "message": "「什、什、什么！？」",
    "len": 1
  },
  {
    "name": "ギズモ",
    "message": "「死啦，死啦啦啦！」",
    "len": 1
  },
  {
    "message": "糟、糟、糟糕了！",
    "len": 1
  },
  {
    "name": "樹",
    "message": "「式子桑！！！」",
    "len": 1
  },
  {
    "message": "我冲进了厨房。",
    "len": 1
  },
  {
    "name": "樹",
    "message": "「式子桑！没事吧！？」",
    "len": 1
  },
  {
    "name": "式子",
    "message": "「……唔……树君……？咳咳，咳咳咳！」",
    "len": 2
  },
  {
    "name": "樹",
    "message": "「啊太好了，还活着！能站起来吗！？」",
    "len": 2
  },
  {
    "name": "式子",
    "message": "「呜呜……不行……，使不上力气啊……」",
    "len": 1
  },
  {
    "name": "樹",
    "message": "「但是，在这种地方待着的话，会因为烟雾中毒的……」",
    "len": 2
  },
  {
    "name": "式子",
    "message": "「呜呜～，不行～，腿，软绵绵的～」",
    "len": 1
  },
  {
    "message": "唔，没办法了！到这个地步……！",
    "len": 1
  },
  {
    "name": "樹",
    "message": "「式子桑，对不起！请稍微忍耐一下！」",
    "len": 2
  },
  {
    "name": "式子",
    "message": "「诶？什、什么？」",
    "len": 1
  },
  {
    "name": "式子",
    "message": "「等等，树君！这种事情！」",
    "len": 1
  },
  {
    "name": "樹",
    "message": "「我就这样抱着你走了，可以吧？」",
    "len": 1
  },
  {
    "name": "式子",
    "message": "「呜呜～，总觉得好害羞啊～」",
    "len": 1
  },
  {
    "name": "樹",
    "message": "「别扭来扭去的，请保持不动！」",
    "len": 1
  },
  {
    "name": "式子",
    "message": "「呜——，知道啦」",
    "len": 1
  },
  {
    "message": "火源在哪里？是什么原因引起的……",
    "len": 1
  },
  {
    "name": "樹",
    "message": "「……！？是那个吗！」",
    "len": 1
  },
  {
    "message": "炉灶上的平底锅已经变得漆黑，正在冒着浓烟。",
    "len": 2
  },
  {
    "name": "樹",
    "message": "「没有起火啊……太好了！」",
    "len": 1
  },
  {
    "message": "关掉了开到最大的炉灶开关，打开了抽油烟机的开关。",
    "len": 2
  },
  {
    "name": "樹",
    "message": "「呼……这样应该平息了吧」",
    "len": 1
  },
  {
    "name": "式子",
    "message": "「已经，没事了吗？」",
    "len": 1
  },
  {
    "name": "樹",
    "message": "「看起来没问题了，虽然烟还很大，但是没有哪里着火」",
    "len": 2
  },
  {
    "name": "式子",
    "message": "「对不起啊～，我本想阻止的，但是腿软了～」",
    "len": 2
  },
  {
    "name": "樹",
    "message": "「不过能及时发现真是太好了。式子桑也平安无事」",
    "len": 2
  },
  {
    "name": "式子",
    "message": "「树君，谢谢你……」",
    "len": 1
  },
  {
    "name": "樹",
    "message": "「哪里，这没什么……」",
    "len": 1
  },
  {
    "name": "式子",
    "message": "「你来救我，我真的好高兴啊～」",
    "len": 1
  },
  {
    "message": "她像个孩子一样天真无邪地笑着。",
    "len": 1
  },
  {
    "name": "式子",
    "message": "「嘿嘿～，树君，我喜欢你哦～」",
    "len": 1
  },
  {
    "message": "自称是『我妈妈』的她说道。",
    "len": 1
  },
  {
    "name": "樹",
    "message": "「没、没什么的，这点小事而已！」",
    "len": 1
  },
  {
    "name": "式子",
    "message": "「呐，妈妈重不重啊？」",
    "len": 1
  },
  {
    "name": "樹",
    "message": "「啊？不，比想象中要……」",
    "len": 1
  },
  {
    "name": "式子",
    "message": "「呵呵，太诚实反而是缺点呢」",
    "len": 1
  },
  {
    "name": "樹",
    "message": "「喂、喂，别乱动啊！」",
    "len": 1
  },
  {
    "message": "呜呜……手臂上传来臀部的触感……糟糕……",
    "len": 1
  },
  {
    "name": "式子",
    "message": "「树君，你害羞了～真可爱～」",
    "len": 1
  },
  {
    "name": "樹",
    "message": "「总、总之，我们先离开这里吧！我会把式子桑送到你的房间！」",
    "len": 2
  },
  {
    "name": "式子",
    "message": "「嗯，要温柔地带我走哦～」",
    "len": 1
  }
]