[
  {
    "name": "樹",
    "message": "「……唔…………」",
    "len": 1
  },
  {
    "name": "樹",
    "message": "「……怎么回事？出了好多汗」",
    "len": 1
  },
  {
    "name": "樹",
    "message": "「……是梦……吗？」",
    "len": 1
  },
  {
    "message": "我是不是做梦了……？",
    "len": 1
  },
  {
    "message": "到底是什么呢……记不太清了……",
    "len": 1
  },
  {
    "message": "但是，心里总有种说不清道不明的感觉……",
    "len": 1
  },
  {
    "message": "该死，感觉真不舒服……",
    "len": 1
  },
  {
    "name": "樹",
    "message": "「出去透透气吧」",
    "len": 1
  },
  {
    "message": "我走到阳台上抬头仰望天空。",
    "len": 1
  },
  {
    "message": "深邃浓郁的蓝色铺满了整个天空。这是只有在这个季节才能看到的透明天空——",
    "len": 2
  },
  {
    "message": "风依旧很冷，但因为阳光强烈，总感觉气温高了些。",
    "len": 2
  },
  {
    "message": "今天看来会是个稍微暖和的日子。",
    "len": 1
  },
  {
    "name": "樹",
    "message": "「呼……天气真好」",
    "len": 1
  },
  {
    "name": "樹",
    "message": "「正适合在外面睡觉呢」",
    "len": 1
  },
  {
    "message": "昨晚没睡好，好久没在公园里懒洋洋地躺着了……",
    "len": 2
  },
  {
    "name": "樹",
    "message": "「果然还是睡觉最幸福啊」",
    "len": 1
  },
  {
    "name": "琴子",
    "message": "「哥哥，可以进来吗？」",
    "len": 1
  },
  {
    "name": "樹",
    "message": "「哦，是琴子啊，进来吧」",
    "len": 1
  },
  {
    "name": "琴子",
    "message": "「早上好，天气真不错呢」",
    "len": 1
  },
  {
    "name": "樹",
    "message": "「啊，正好我打算出去睡觉呢」",
    "len": 1
  },
  {
    "name": "琴子",
    "message": "「呵呵，你刚起床就要睡觉吗？」",
    "len": 1
  },
  {
    "name": "樹",
    "message": "「不在公园睡觉就感觉没睡够啊」",
    "len": 1
  },
  {
    "name": "琴子",
    "message": "「我有点明白。在天空下睡觉，确实很舒服呢」",
    "len": 2
  },
  {
    "name": "樹",
    "message": "「琴子也有这种经历吗？」",
    "len": 1
  },
  {
    "name": "琴子",
    "message": "「小时候，经常被哥哥带去的那片草地上……」",
    "len": 2
  },
  {
    "name": "樹",
    "message": "「啊，说起来，确实有这回事」",
    "len": 1
  },
  {
    "name": "琴子",
    "message": "「一开始我还有些犹豫……但听哥哥的话躺在地上后，草地和土地暖暖的，不知不觉就睡着了，我还记得那种感觉」",
    "len": 3
  },
  {
    "name": "樹",
    "message": "「土地意外地暖和啊」",
    "len": 1
  },
  {
    "name": "琴子",
    "message": "「从那时起，哥哥就比起「玩」更喜欢「睡」了吧？」",
    "len": 1
  },
  {
    "name": "樹",
    "message": "「哈哈哈，可能是吧」",
    "len": 1
  },
  {
    "name": "琴子",
    "message": "「真想再躺一次啊……」",
    "len": 1
  },
  {
    "name": "樹",
    "message": "「…………」",
    "len": 1
  },
  {
    "name": "樹",
    "message": "「好！那我们现在就去吧！」",
    "len": 1
  },
  {
    "name": "琴子",
    "message": "「诶？」",
    "len": 1
  },
  {
    "name": "樹",
    "message": "「我们去草坪上躺一躺吧。虽然那时候的草地已经没了，但公园应该也可以吧？」",
    "len": 2
  },
  {
    "name": "琴子",
    "message": "「我也可以一起去吗？」",
    "len": 1
  },
  {
    "name": "樹",
    "message": "「啊，当然可以。只要琴子身体状况允许的话」",
    "len": 2
  },
  {
    "name": "琴子",
    "message": "「像今天这样的日子应该没问题」",
    "len": 1
  },
  {
    "name": "樹",
    "message": "「那就去吧！晒晒太阳对你也有好处吧？」",
    "len": 2
  },
  {
    "name": "琴子",
    "message": "「啊，好的，不过……」",
    "len": 1
  },
  {
    "name": "樹",
    "message": "「怎么了？」",
    "len": 1
  },
  {
    "name": "琴子",
    "message": "「如果半路走不动了的话……」",
    "len": 1
  },
  {
    "name": "樹",
    "message": "「那时候我就背你，像以前一样」",
    "len": 1
  },
  {
    "name": "琴子",
    "message": "「我现在可重了哦？」",
    "len": 1
  },
  {
    "name": "樹",
    "message": "「是吗？身高好像没怎么变啊？」",
    "len": 1
  },
  {
    "name": "琴子",
    "message": "「呜～～，哥哥真坏」",
    "len": 1
  },
  {
    "name": "樹",
    "message": "「哈哈哈，那我们这就出发吧！」",
    "len": 1
  },
  {
    "message": "三年没出去了……不，可能更久了吧？",
    "len": 1
  },
  {
    "message": "上次和琴子一起出门是……",
    "len": 1
  },
  {
    "message": "那时候还没有公园，我们就去附近的空地",
    "len": 2
  },
  {
    "message": "那是一片像小山丘一样的空地，天空非常广阔，能看到很远的地方。",
    "len": 2
  },
  {
    "message": "不知道那里现在变成什么样子了呢……？",
    "len": 1
  },
  {
    "name": "琴子",
    "message": "「让您久等了」",
    "len": 1
  },
  {
    "name": "樹",
    "message": "「准备好了吗？」",
    "len": 1
  },
  {
    "name": "琴子",
    "message": "「妈妈说她会帮忙看家」",
    "len": 1
  },
  {
    "name": "樹",
    "message": "「那应该没问题了吧」",
    "len": 1
  },
  {
    "name": "琴子",
    "message": "「哥哥，那是什么？」",
    "len": 1
  },
  {
    "name": "樹",
    "message": "「啊，这个包裹？刚才我做了点三明治」",
    "len": 2
  },
  {
    "name": "琴子",
    "message": "「诶，是您做的吗？」",
    "len": 1
  },
  {
    "name": "樹",
    "message": "「嗯，差不多是这样」",
    "len": 1
  },
  {
    "name": "琴子",
    "message": "「对不起，让您特意……」",
    "len": 1
  },
  {
    "name": "樹",
    "message": "「没事没事，别在意」",
    "len": 1
  },
  {
    "message": "其实我开始觉得做料理很有趣了。",
    "len": 1
  },
  {
    "name": "樹",
    "message": "「琴子喜欢鸡蛋三明治吧？」",
    "len": 1
  },
  {
    "name": "琴子",
    "message": "「啊，是的」",
    "len": 1
  },
  {
    "name": "樹",
    "message": "「我做了很多，你可要期待哦？」",
    "len": 1
  },
  {
    "name": "琴子",
    "message": "「嗯，我很期待！」",
    "len": 1
  },
  {
    "message": "和琴子并肩走在一起——。",
    "len": 1
  },
  {
    "message": "不知是什么奇迹还是梦境，这样的日子又回来了。",
    "len": 2
  },
  {
    "message": "还有什么好想的呢？",
    "len": 1
  },
  {
    "message": "我不想看到……",
    "len": 1
  },
  {
    "message": "那些会让我怀疑『当下』的『东西』。",
    "len": 1
  },
  {
    "message": "那些试图强加于我一个无关紧要的世界为现实的『东西』。",
    "len": 1
  },
  {
    "message": "我什么都不想看到。",
    "len": 1
  },
  {
    "message": "我……",
    "len": 1
  },
  {
    "name": "琴子",
    "message": "「和我预想的一样呢」",
    "len": 1
  },
  {
    "name": "樹",
    "message": "「诶？什么一样？」",
    "len": 1
  },
  {
    "name": "琴子",
    "message": "「我就觉得这里会变成这样的公园」",
    "len": 1
  },
  {
    "name": "樹",
    "message": "「但是，这里变成公园是最近的事吧？」",
    "len": 1
  },
  {
    "name": "琴子",
    "message": "「研究所搬迁的事，我很早以前就听说了」",
    "len": 2
  },
  {
    "name": "琴子",
    "message": "「我很期待呢？希望能变成一个大公园」",
    "len": 2
  },
  {
    "name": "樹",
    "message": "「这样啊，我倒是在它变成公园后才知道要建公园」",
    "len": 2
  },
  {
    "name": "琴子",
    "message": "「呵呵，真像哥哥的作风呢」",
    "len": 1
  },
  {
    "name": "樹",
    "message": "「琴子你是怎么想象的？」",
    "len": 1
  },
  {
    "name": "琴子",
    "message": "「有喷泉，有铺着石板的广场，周围是宽阔的草坪、森林和池塘」",
    "len": 2
  },
  {
    "name": "樹",
    "message": "「嗯嗯，差不多就是这样」",
    "len": 1
  },
  {
    "name": "琴子",
    "message": "「然后，整个公园外围有一条自行车道环绕着……」",
    "len": 2
  },
  {
    "name": "樹",
    "message": "「嗯，骑自行车，不错啊～」",
    "len": 1
  },
  {
    "name": "琴子",
    "message": "「通过收费的自行车租赁和停车场来筹集部分公园管理费用……」",
    "len": 2
  },
  {
    "name": "樹",
    "message": "「哇，行了，我懂了，不用说了」",
    "len": 1
  },
  {
    "name": "琴子",
    "message": "「哦，这样就行了吗」",
    "len": 1
  },
  {
    "name": "樹",
    "message": "「那么，我们从哪里开始逛呢？去草坪吗？」",
    "len": 2
  },
  {
    "name": "琴子",
    "message": "「那个，在那之前……」",
    "len": 1
  },
  {
    "name": "樹",
    "message": "「嗯？」",
    "len": 1
  },
  {
    "name": "琴子",
    "message": "「真的有池塘吗？」",
    "len": 1
  },
  {
    "name": "樹",
    "message": "「有啊，还挺大的，可以划船」",
    "len": 2
  },
  {
    "name": "琴子",
    "message": "「诶，划船！」",
    "len": 1
  },
  {
    "message": "琴子罕见地发出了尖锐的声音。",
    "len": 1
  },
  {
    "name": "樹",
    "message": "「划船怎么了？」",
    "len": 1
  },
  {
    "name": "琴子",
    "message": "「我从来没坐过」",
    "len": 1
  },
  {
    "name": "樹",
    "message": "「嗯，我也不记得坐过」",
    "len": 1
  },
  {
    "name": "琴子",
    "message": "「好想坐啊」",
    "len": 1
  },
  {
    "name": "樹",
    "message": "「那个会晃，很危险，考虑到琴子的身体状况，那种东西实在是……」",
    "len": 2
  },
  {
    "name": "琴子",
    "message": "「好想坐啊」",
    "len": 1
  },
  {
    "name": "樹",
    "message": "「万一出了什么事就麻烦了……」",
    "len": 1
  },
  {
    "name": "琴子",
    "message": "「好想坐啊」",
    "len": 1
  },
  {
    "name": "樹",
    "message": "「作为哥哥，我不能允许……」",
    "len": 1
  },
  {
    "name": "琴子",
    "message": "「我已经不是小孩子的身体了」",
    "len": 1
  },
  {
    "name": "樹",
    "message": "「不，不管怎么看你还是个孩子……」",
    "len": 1
  },
  {
    "name": "琴子",
    "message": "「哥哥」",
    "len": 1
  },
  {
    "name": "樹",
    "message": "「啊，怎么了？」",
    "len": 1
  },
  {
    "name": "琴子",
    "message": "「真的不行吗……？哥哥？」",
    "len": 1
  },
  {
    "name": "樹",
    "message": "「呃啊！？」",
    "len": 1
  },
  {
    "message": "这、这家伙，什么时候学会这种手段的！？",
    "len": 2
  },
  {
    "name": "琴子",
    "message": "「没问题的，不用担心」",
    "len": 1
  },
  {
    "name": "琴子",
    "message": "「为了以防万一，我已经反复进行了坐船的思考实验。理论上是完美的！」",
    "len": 2
  },
  {
    "name": "樹",
    "message": "「这、这样啊，那么……」",
    "len": 1
  },
  {
    "message": "只要小心谨慎安全驾驶的话应该没问题吧？",
    "len": 1
  },
  {
    "name": "樹",
    "message": "「我明白了，我们去坐吧」",
    "len": 1
  },
  {
    "name": "琴子",
    "message": "「嘿嘿嘿～，胜利了」",
    "len": 1
  },
  {
    "name": "樹",
    "message": "「切，这家伙，明明知道还故意这么做啊～」",
    "len": 1
  },
  {
    "name": "琴子",
    "message": "「哥哥，快点去坐船吧！」",
    "len": 1
  },
  {
    "name": "樹",
    "message": "「喂，喂！跑步很危险的！」",
    "len": 1
  },
  {
    "name": "琴子",
    "message": "「没关系啦～！快点～！」",
    "len": 1
  },
  {
    "message": "唉，这样的话今天晚上怕是睡不着了……",
    "len": 1
  },
  {
    "message": "算了，就陪她玩个痛快吧！",
    "len": 2
  },
  {
    "name": "琴子",
    "message": "「呼……空气真新鲜啊」",
    "len": 1
  },
  {
    "name": "樹",
    "message": "「嗯，池塘上的空气确实不一样呢」",
    "len": 1
  },
  {
    "name": "琴子",
    "message": "「是因为离水很近的缘故吗？感觉伸手就能碰到水面……」",
    "len": 2
  },
  {
    "name": "樹",
    "message": "「最好不要碰水，看起来比实际上要脏」",
    "len": 2
  },
  {
    "name": "琴子",
    "message": "「这样啊」",
    "len": 1
  },
  {
    "name": "樹",
    "message": "「池塘就是池塘，没有水流所以很脏。远看倒是挺漂亮的」",
    "len": 2
  },
  {
    "name": "琴子",
    "message": "「近看也很漂亮啊？你看，闪闪发光的……」",
    "len": 2
  },
  {
    "message": "高高升起的太阳反射在水面上，周围亮得几乎看不清东西。",
    "len": 2
  },
  {
    "name": "樹",
    "message": "「唔，有点想睡觉了」",
    "len": 1
  },
  {
    "name": "琴子",
    "message": "「嘻嘻，哥哥你总是这样」",
    "len": 1
  },
  {
    "name": "樹",
    "message": "「那么，感觉如何？对划船有什么看法」",
    "len": 1
  },
  {
    "name": "琴子",
    "message": "「只有上船的时候有点害怕呢」",
    "len": 1
  },
  {
    "name": "樹",
    "message": "「是吧？上船后就简单多了」",
    "len": 1
  },
  {
    "name": "琴子",
    "message": "「你还好好地抓着我的手扶我上船呢」",
    "len": 1
  },
  {
    "name": "樹",
    "message": "「这不是理所当然的吗」",
    "len": 1
  },
  {
    "name": "琴子",
    "message": "「但是，我很高兴」",
    "len": 1
  },
  {
    "name": "樹",
    "message": "「是吗？」",
    "len": 1
  },
  {
    "name": "琴子",
    "message": "「哥哥，你看起来非常认真」",
    "len": 1
  },
  {
    "name": "樹",
    "message": "「要是掉进池塘里就麻烦了」",
    "len": 1
  },
  {
    "name": "琴子",
    "message": "「你真温柔呢……」",
    "len": 1
  },
  {
    "name": "樹",
    "message": "「话说回来，可能是我太宠你了？」",
    "len": 1
  },
  {
    "name": "琴子",
    "message": "「嗯嗯，你就是很温柔，从以前到现在一直都是」",
    "len": 1
  },
  {
    "name": "樹",
    "message": "「喂，怎么突然说这个？」",
    "len": 1
  },
  {
    "name": "琴子",
    "message": "「谢谢你一直以来的照顾，哥哥……」",
    "len": 1
  },
  {
    "name": "樹",
    "message": "「啊？」",
    "len": 1
  },
  {
    "name": "琴子",
    "message": "「呵呵，我只是想说说看」",
    "len": 1
  },
  {
    "name": "樹",
    "message": "「哈哈，你吓了我一跳」",
    "len": 1
  },
  {
    "name": "琴子",
    "message": "「因为你太温柔了……我死了」",
    "len": 1
  },
  {
    "name": "樹",
    "message": "「啊……」",
    "len": 1
  },
  {
    "name": "琴子",
    "message": "「但是，因为你又一次注视着我，所以我才能回到这里……」",
    "len": 2
  },
  {
    "name": "樹",
    "message": "「琴、琴子……？」",
    "len": 1
  },
  {
    "name": "琴子",
    "message": "「这里，光芒四射呢」",
    "len": 1
  },
  {
    "message": "水面反射的光芒漩涡，瞬间闯入了我的眼中。",
    "len": 1
  },
  {
    "name": "樹",
    "message": "「…………」",
    "len": 1
  },
  {
    "name": "樹",
    "message": "「……………………」",
    "len": 1
  },
  {
    "name": "樹",
    "message": "「……琴子？」",
    "len": 1
  },
  {
    "message": "这、这是怎么回事……",
    "len": 1
  },
  {
    "message": "为什么会消失呢……？",
    "len": 1
  },
  {
    "message": "到底发生了什么？",
    "len": 1
  },
  {
    "name": "樹",
    "message": "「开什……玩……笑…………」",
    "len": 1
  },
  {
    "message": "不可能……怎么会这样…………",
    "len": 1
  },
  {
    "name": "樹",
    "message": "「琴子———！！！」",
    "len": 1
  },
  {
    "name": "琴子",
    "message": "「……桑」",
    "len": 1
  },
  {
    "name": "樹",
    "message": "「啊……诶……？」",
    "len": 1
  },
  {
    "name": "琴子",
    "message": "「哥哥，能看见我吗？」",
    "len": 1
  },
  {
    "name": "樹",
    "message": "「啊，是、琴子？」",
    "len": 1
  },
  {
    "name": "琴子",
    "message": "「太好了，看来能看见了呢。以防万一，待会儿还是滴点眼药水吧……」",
    "len": 2
  },
  {
    "name": "樹",
    "message": "「我，这是怎么了？」",
    "len": 1
  },
  {
    "name": "琴子",
    "message": "「你一直盯着池水的反光看呢」",
    "len": 1
  },
  {
    "name": "樹",
    "message": "「这样啊……突然一片白茫茫的……」",
    "len": 1
  },
  {
    "name": "琴子",
    "message": "「直射阳光很危险的哦？反射光也是一样的」",
    "len": 2
  },
  {
    "name": "樹",
    "message": "「抱歉，好像有点发呆了」",
    "len": 1
  },
  {
    "name": "琴子",
    "message": "「坐船的时候可不要发呆啊」",
    "len": 1
  },
  {
    "name": "樹",
    "message": "「这是，想缓解气氛吗？」",
    "len": 1
  },
  {
    "name": "琴子",
    "message": "「我是勉强说的啦！」",
    "len": 1
  },
  {
    "name": "樹",
    "message": "「哈哈，抱歉抱歉」",
    "len": 1
  },
  {
    "name": "琴子",
    "message": "「总之，我们先上岸好吗？」",
    "len": 1
  },
  {
    "name": "樹",
    "message": "「也是，稍微休息一下然后吃午饭吧」",
    "len": 1
  },
  {
    "name": "琴子",
    "message": "「嗯，我觉得这样不错」",
    "len": 1
  },
  {
    "message": "刚才那是怎么回事呢？",
    "len": 1
  },
  {
    "message": "那个东西……",
    "len": 1
  },
  {
    "name": "琴子",
    "message": "「真好吃，哥哥」",
    "len": 1
  },
  {
    "name": "樹",
    "message": "「是吧？我可是严格按照食谱做的」",
    "len": 1
  },
  {
    "name": "琴子",
    "message": "「鸡蛋的煮法也恰到好处」",
    "len": 1
  },
  {
    "name": "樹",
    "message": "「哈哈哈！我是不是很厉害，简直就是个天才？」",
    "len": 1
  },
  {
    "message": "那是梦吗……？",
    "len": 1
  },
  {
    "message": "还是说，这边才是？",
    "len": 1
  },
  {
    "message": "不，大概两者都不是。",
    "len": 1
  },
  {
    "message": "两边都不是梦。",
    "len": 1
  },
  {
    "message": "有一个正在看着琴子的我……",
    "len": 1
  },
  {
    "message": "还有一个没有看着琴子的我。",
    "len": 1
  },
  {
    "message": "这肯定就是这么回事了。",
    "len": 1
  },
  {
    "name": "琴子",
    "message": "「不过，盐的量还差0.3克左右」",
    "len": 1
  },
  {
    "name": "樹",
    "message": "「喂，那种程度谁能分辨得出啊！」",
    "len": 1
  },
  {
    "name": "琴子",
    "message": "「呵呵呵！我能分辨出来哦！」",
    "len": 1
  },
  {
    "message": "那么，我是……",
    "len": 1
  },
  {
    "message": "哪一个我呢？",
    "len": 9
  }
]