[
  {
    "name": "樹",
    "message": "「嗯？早上了吗……」",
    "len": 1
  },
  {
    "name": "樹",
    "message": "「感觉好久没做梦了呢」",
    "len": 1
  },
  {
    "name": "樹",
    "message": "「呼……」",
    "len": 1
  },
  {
    "message": "已经过去大约两周了吗。",
    "len": 1
  },
  {
    "message": "自从琴子回来之后……",
    "len": 1
  },
  {
    "message": "感觉我也渐渐习惯了这种生活。",
    "len": 1
  },
  {
    "message": "虽然说不清楚到底哪里变了，但连我自己都觉得很不可思议……",
    "len": 2
  },
  {
    "name": "樹",
    "message": "「好，起床吧！」",
    "len": 1
  },
  {
    "message": "今天和式子桑约好了呢。",
    "len": 1
  },
  {
    "message": "嘛，虽说是要出去，但也只是聊聊天而已，就这样轻松地出门吧。",
    "len": 2
  },
  {
    "name": "樹",
    "message": "「那么，我这就去接她吧」",
    "len": 1
  },
  {
    "message": "今天是和结衣姐约好了的。",
    "len": 1
  },
  {
    "message": "不如说，是被强行约定的。",
    "len": 1
  },
  {
    "message": "嘛，只能下定决心去了。",
    "len": 1
  },
  {
    "name": "樹",
    "message": "「唉……去吧……」",
    "len": 1
  },
  {
    "message": "琴子，已经起床了吗……？",
    "len": 1
  },
  {
    "message": "昨晚没能聊上，待会儿去看看她吧。",
    "len": 1
  },
  {
    "name": "樹",
    "message": "「总之先去吃早饭吧」",
    "len": 1
  },
  {
    "message": "今天也没什么特别的安排，就照顾照顾姬子猫打发时间吧。",
    "len": 2
  },
  {
    "message": "最近它开始学会了不少东西，也该好好教教它什么是对的什么是错的了。",
    "len": 2
  },
  {
    "name": "樹",
    "message": "「总感觉，突然就有了孩子似的……」",
    "len": 1
  },
  {
    "message": "今天好像也没什么特别要做的事。",
    "len": 1
  },
  {
    "message": "我昨晚为什么要去那个笨蛋那里呢？",
    "len": 1
  },
  {
    "message": "唉……早知如此，还不如去找别人聊聊天呢……",
    "len": 2
  },
  {
    "name": "樹",
    "message": "「算了，去吃早饭吧」",
    "len": 1
  }
]