[
  {
    "name": "樹",
    "message": "「式子桑，差不多该走了吧？」",
    "len": 1
  },
  {
    "name": "樹",
    "message": "「…………」",
    "len": 1
  },
  {
    "name": "樹",
    "message": "「式子桑！」",
    "len": 1
  },
  {
    "name": "樹",
    "message": "「……？」",
    "len": 1
  },
  {
    "message": "奇怪啊？没有回应。",
    "len": 1
  },
  {
    "message": "该不会是出门了吧？",
    "len": 1
  },
  {
    "name": "式子",
    "message": "「……树君…………」",
    "len": 1
  },
  {
    "name": "樹",
    "message": "「哎呀，原来你在啊」",
    "len": 1
  },
  {
    "name": "式子",
    "message": "「……不行哦，不能来这里」",
    "len": 1
  },
  {
    "name": "樹",
    "message": "「诶？什么意思？」",
    "len": 1
  },
  {
    "name": "式子",
    "message": "「约会的话，要来家里接我才行」",
    "len": 1
  },
  {
    "name": "樹",
    "message": "「啊？」",
    "len": 1
  },
  {
    "name": "式子",
    "message": "「对吧？要好好地从外面来拜访哦？」",
    "len": 1
  },
  {
    "name": "樹",
    "message": "「那、那个，我不太明白意思……」",
    "len": 1
  },
  {
    "name": "式子",
    "message": "「所以啊～，树君是客人啊～，突然进女孩子的房间是不行的哦？」",
    "len": 2
  },
  {
    "message": "这人突然说起什么来了……",
    "len": 1
  },
  {
    "name": "樹",
    "message": "「呃……也就是说，先出去一趟，然后再来就行了是吗？」",
    "len": 2
  },
  {
    "name": "式子",
    "message": "「对！像王子殿下一样，帅气地来接我哦～」",
    "len": 2
  },
  {
    "name": "樹",
    "message": "「哈，那个……我姑且试试看吧」",
    "len": 1
  },
  {
    "name": "樹",
    "message": "「真是的～」",
    "len": 1
  },
  {
    "message": "虽然不知道她打算干什么，但毕竟是我邀请的，就陪她玩玩吧。",
    "len": 2
  },
  {
    "message": "首先，按下门铃……",
    "len": 1
  },
  {
    "name": "樹",
    "message": "「打扰了～」",
    "len": 1
  },
  {
    "name": "樹",
    "message": "「嗨～，我来啦～」",
    "len": 1
  },
  {
    "message": "啊，真是蠢死了。",
    "len": 1
  },
  {
    "name": "式子",
    "message": "「呜呜呜呜～～～～」",
    "len": 1
  },
  {
    "name": "樹",
    "message": "「哇……」",
    "len": 1
  },
  {
    "name": "式子",
    "message": "「树君，你一点都不认真～！明明是难得的初次约会～」",
    "len": 2
  },
  {
    "name": "樹",
    "message": "「不是，可这是自己家啊」",
    "len": 1
  },
  {
    "name": "式子",
    "message": "「唔～，真是个没办法的孩子呢～」",
    "len": 1
  },
  {
    "name": "式子",
    "message": "「听～好？在这种时候，要迁就女孩子！」",
    "len": 1
  },
  {
    "name": "式子",
    "message": "「约会是特别的时光哦～？不能和平常一样啦」",
    "len": 2
  },
  {
    "name": "樹",
    "message": "「是、是这样吗」",
    "len": 1
  },
  {
    "name": "式子",
    "message": "「没错啦～，女孩子想看到男孩子平时看不到的一面嘛～」",
    "len": 2
  },
  {
    "name": "樹",
    "message": "「唔……」",
    "len": 1
  },
  {
    "message": "我觉得和平常一样就挺好的啊。",
    "len": 1
  },
  {
    "name": "式子",
    "message": "「好，那我们走吧～！今天要多多展现特别的树君哦？」",
    "len": 2
  },
  {
    "message": "特别的我是什么啊？",
    "len": 1
  },
  {
    "name": "樹",
    "message": "「哈，那我们走吧」",
    "len": 1
  },
  {
    "message": "变身啊分身啊，是这种事吗？",
    "len": 1
  },
  {
    "message": "我按约定把式子桑带到了公园。",
    "len": 1
  },
  {
    "message": "可能是因为上次下雪后突然变冷的缘故，人影稀疏了许多。",
    "len": 2
  },
  {
    "message": "看来在这个公园里午睡的日子也快到头了……",
    "len": 1
  },
  {
    "name": "式子",
    "message": "「哇～，这里变成这个样子啦～」",
    "len": 1
  },
  {
    "name": "樹",
    "message": "「你说那边的花坛？」",
    "len": 1
  },
  {
    "name": "式子",
    "message": "「嗯，我都不知道～！真希望你能早点告诉我啊」",
    "len": 2
  },
  {
    "name": "樹",
    "message": "「这都已经三年了吧？」",
    "len": 1
  },
  {
    "name": "式子",
    "message": "「哎呀～，原来是这样啊」",
    "len": 1
  },
  {
    "name": "式子",
    "message": "「哇，草坪好大～！啊，那边变成森林了呢～」",
    "len": 2
  },
  {
    "message": "到现在为止的……",
    "len": 1
  },
  {
    "name": "樹",
    "message": "「……我妈妈也是？」",
    "len": 1
  },
  {
    "name": "式子",
    "message": "「啊？」",
    "len": 1
  },
  {
    "name": "樹",
    "message": "「啊，没什么……」",
    "len": 1
  },
  {
    "name": "式子",
    "message": "「没关系的哦？是生你的那位妈妈吧？」",
    "len": 2
  },
  {
    "name": "樹",
    "message": "「嗯，是的……」",
    "len": 1
  },
  {
    "name": "式子",
    "message": "「……我呢，只记得家和克阿雷」",
    "len": 2
  },
  {
    "name": "式子",
    "message": "「一～直在两头跑。其他的，什～么都没有」",
    "len": 2
  },
  {
    "name": "式子",
    "message": "「很过分吧～，虽然自己说出来也那个但是，总觉得……」",
    "len": 2
  },
  {
    "name": "樹",
    "message": "「式子桑……」",
    "len": 1
  },
  {
    "name": "式子",
    "message": "「啊哈哈～，对不起啦～！说了些奇怪的话～」",
    "len": 2
  },
  {
    "name": "樹",
    "message": "「对不起，我多嘴了」",
    "len": 1
  },
  {
    "name": "式子",
    "message": "「没事没事啦～现在我们重新开始吧！」",
    "len": 2
  },
  {
    "name": "式子",
    "message": "「树君什～么都不用担心哦！好吗？」",
    "len": 1
  },
  {
    "name": "式子",
    "message": "「在这里的妈妈，全～都是崭新闪亮的哦？」",
    "len": 2
  },
  {
    "name": "樹",
    "message": "「哈，崭新闪亮吗」",
    "len": 1
  },
  {
    "name": "式子",
    "message": "「呵呵～不属于任何人哦！」",
    "len": 1
  },
  {
    "name": "樹",
    "message": "「是、是吗，哈哈哈……」",
    "len": 1
  },
  {
    "name": "式子",
    "message": "「嗯～，是不是有点老套了呢～」",
    "len": 1
  },
  {
    "name": "樹",
    "message": "「我又没说，像以前的偶像什么的？」",
    "len": 1
  },
  {
    "name": "式子",
    "message": "「你就是这么说的啦～，喂～！」",
    "len": 1
  },
  {
    "name": "樹",
    "message": "「啊哈哈哈！对不起对不起！」",
    "len": 1
  },
  {
    "name": "式子",
    "message": "「哎呀，跟不上潮流也是没办法的啦～毕竟不知道这边的流行嘛」",
    "len": 2
  },
  {
    "name": "樹",
    "message": "「没关系的，我不在意」",
    "len": 1
  },
  {
    "name": "式子",
    "message": "「是吗？就算我说些奇怪的话也不要笑哦～？」",
    "len": 1
  },
  {
    "name": "樹",
    "message": "「我不会笑的啦」",
    "len": 1
  },
  {
    "message": "……话说回来，我也不太懂以前的流行语什么的。",
    "len": 2
  },
  {
    "name": "式子",
    "message": "「……不过，总觉得有点开心呢」",
    "len": 1
  },
  {
    "name": "樹",
    "message": "「诶？」",
    "len": 1
  },
  {
    "name": "式子",
    "message": "「像这样和树君约会，像恋人一样聊天」",
    "len": 2
  },
  {
    "name": "式子",
    "message": "「妈妈在结婚前后，都完全没有过这种经历……」",
    "len": 2
  },
  {
    "name": "樹",
    "message": "「但是，和父亲呢……？」",
    "len": 1
  },
  {
    "name": "式子",
    "message": "「看来这边的母亲没有说过呢」",
    "len": 1
  },
  {
    "name": "式子",
    "message": "「和你父亲是相亲认识的哦，他家和我家的亲戚，因为公司之间的往来……」",
    "len": 2
  },
  {
    "name": "式子",
    "message": "「然后就有了各种各样的谈话……」",
    "len": 1
  },
  {
    "message": "嗯，简而言之，就是因为大人的原因，无法拒绝这门婚事的故事。",
    "len": 2
  },
  {
    "name": "式子",
    "message": "「但是呢，并不是说我不爱你父亲哦？」",
    "len": 2
  },
  {
    "name": "式子",
    "message": "「无论契机是什么形式，既然成为了家人，我就和你父亲约定要幸福」",
    "len": 2
  },
  {
    "name": "式子",
    "message": "「为了纠正他那严重的偏食，我也努力学习了烹饪……」",
    "len": 2
  },
  {
    "message": "那混蛋，现在就只吃方便面了吗！",
    "len": 2
  },
  {
    "name": "式子",
    "message": "「就这样，结衣酱、你和琴子酱出生了」",
    "len": 1
  },
  {
    "name": "式子",
    "message": "「不过，你还记得吗？琴子……3年前的事」",
    "len": 2
  },
  {
    "name": "樹",
    "message": "「怎么可能忘记……」",
    "len": 1
  },
  {
    "name": "式子",
    "message": "「那个时候，我突然意识到了」",
    "len": 1
  },
  {
    "name": "式子",
    "message": "「我一直以为幸福是努力后得到的奖励……」",
    "len": 2
  },
  {
    "name": "式子",
    "message": "「但似乎并非如此」",
    "len": 1
  },
  {
    "name": "樹",
    "message": "「…………」",
    "len": 1
  },
  {
    "name": "式子",
    "message": "「它不是用什么来交换的东西，大概从一开始就在眼前」",
    "len": 2
  },
  {
    "name": "式子",
    "message": "「不……它一直都在眼前。只是我没有看到而已……」",
    "len": 2
  },
  {
    "name": "式子",
    "message": "「……对不起，树」",
    "len": 1
  },
  {
    "name": "樹",
    "message": "「妈妈……」",
    "len": 1
  },
  {
    "message": "就在那一瞬间——",
    "len": 1
  },
  {
    "message": "眼前的女孩，确实是我的母亲。",
    "len": 1
  },
  {
    "name": "式子",
    "message": "「这、这是另一个妈妈说的哦～！」",
    "len": 1
  },
  {
    "name": "樹",
    "message": "「啊！？那是什么意思啊！？」",
    "len": 1
  },
  {
    "name": "式子",
    "message": "「沉重的话题到此为止！接下来我们愉快地约会吧？」",
    "len": 2
  },
  {
    "name": "樹",
    "message": "「总觉得有点节奏错乱啊～」",
    "len": 1
  },
  {
    "name": "式子",
    "message": "「呵呵！嘿，我们去草坪吧～，一定很舒服哦～？」",
    "len": 2
  },
  {
    "name": "樹",
    "message": "「好好，陪你就是了，今天是约会嘛」",
    "len": 2
  },
  {
    "name": "式子",
    "message": "「对！就该这样～！真乖真乖～！」",
    "len": 2
  },
  {
    "message": "虽然本想问很多事情的。",
    "len": 1
  },
  {
    "message": "听了刚才一瞬间出现的妈妈的话，感觉心里的疑惑消散了。",
    "len": 2
  },
  {
    "message": "我想要的东西，大概就在眼前。",
    "len": 1
  },
  {
    "message": "如果我能够看到它的话……",
    "len": 1
  },
  {
    "message": "一定……",
    "len": 1
  },
  {
    "message": "…………",
    "len": 1
  },
  {
    "message": "……嗯？",
    "len": 1
  },
  {
    "message": "看来不知不觉间睡着了啊。",
    "len": 1
  },
  {
    "message": "躺在草坪上就这么睡着了吗。",
    "len": 1
  },
  {
    "message": "真是的，我睡得也太多了……",
    "len": 1
  },
  {
    "message": "…………",
    "len": 1
  },
  {
    "message": "话说回来，从刚才开始就感觉异常舒服啊。",
    "len": 1
  },
  {
    "message": "是什么呢……好温暖啊……",
    "len": 1
  },
  {
    "name": "式子",
    "message": "「呵呵呵呵～，真可爱～」",
    "len": 1
  },
  {
    "message": "……式子桑？",
    "len": 1
  },
  {
    "name": "式子",
    "message": "「我看到了太君的特别之处哦～」",
    "len": 1
  },
  {
    "name": "式子",
    "message": "「这么温柔的睡颜……只有妈妈才能看到的……对吧？」",
    "len": 2
  },
  {
    "name": "式子",
    "message": "「呵呵，真想把你吃掉啊～」",
    "len": 1
  },
  {
    "message": "嗯……太舒服了睁不开眼……",
    "len": 1
  },
  {
    "name": "式子",
    "message": "「是你真是太好了……我的……」",
    "len": 1
  },
  {
    "message": "算了，不管了……",
    "len": 1
  },
  {
    "message": "被吃掉也没关系……",
    "len": 1
  },
  {
    "message": "再这样一会儿就好…………",
    "len": 1
  },
  {
    "message": "……………………",
    "len": 1
  }
]