[
  {
    "message": "话说回来，她刚才说的话让我有点在意啊。",
    "len": 1
  },
  {
    "message": "说我忘记了什么东西……？",
    "len": 1
  },
  {
    "message": "我应该没有向结衣姐借过什么东西才对。",
    "len": 2
  },
  {
    "message": "难道不是这回事？",
    "len": 1
  },
  {
    "message": "我该不会是做了什么奇怪的约定吧……",
    "len": 1
  },
  {
    "message": "算了，总之先过去吧。",
    "len": 1
  },
  {
    "name": "樹",
    "message": "「结衣姐——，我来啦——」",
    "len": 1
  },
  {
    "name": "結衣",
    "message": "「……我再确认一下」",
    "len": 1
  },
  {
    "message": "什、什么啊？突然……",
    "len": 1
  },
  {
    "name": "結衣",
    "message": "「你没忘带钱包吧？」",
    "len": 1
  },
  {
    "name": "樹",
    "message": "「我带了啊」",
    "len": 1
  },
  {
    "name": "結衣",
    "message": "「里面装得满满的吗？」",
    "len": 1
  },
  {
    "name": "樹",
    "message": "「就普通装着啊？」",
    "len": 1
  },
  {
    "name": "結衣",
    "message": "「那，咱们走吧」",
    "len": 1
  },
  {
    "name": "樹",
    "message": "「该不会是在打我钱包的主意吧？」",
    "len": 1
  },
  {
    "name": "結衣",
    "message": "「嗯」",
    "len": 1
  },
  {
    "name": "樹",
    "message": "「你前不久不是刚从琴子那儿拿到零花钱吗！？」",
    "len": 1
  },
  {
    "name": "結衣",
    "message": "「我那份已经花光了」",
    "len": 1
  },
  {
    "name": "樹",
    "message": "「你到底花在什么地方了啊，这么多……」",
    "len": 1
  },
  {
    "name": "結衣",
    "message": "「各种各样的东西啦」",
    "len": 1
  },
  {
    "name": "樹",
    "message": "「比如说？」",
    "len": 1
  },
  {
    "name": "結衣",
    "message": "「你真是事儿多。看看结衣的房间不就知道了吗？」",
    "len": 2
  },
  {
    "message": "我就说怎么又多了些奇奇怪怪的东西，果然是……",
    "len": 1
  },
  {
    "name": "樹",
    "message": "「喂，那种东西我可不会买」",
    "len": 1
  },
  {
    "name": "結衣",
    "message": "「你不给我买吗？」",
    "len": 1
  },
  {
    "name": "樹",
    "message": "「嗯，不买」",
    "len": 1
  },
  {
    "name": "結衣",
    "message": "「呜呜……呜呜呜……」",
    "len": 1
  },
  {
    "name": "樹",
    "message": "「装哭也没用！」",
    "len": 1
  },
  {
    "name": "結衣",
    "message": "「你这个鬼畜弟弟。要是结衣的话，只要你开口，不管多少都会给你买的」",
    "len": 2
  },
  {
    "name": "樹",
    "message": "「那么，今天你要给我买点什么吗？」",
    "len": 1
  },
  {
    "name": "結衣",
    "message": "「当然会给你买啦，只要你给我钱」",
    "len": 1
  },
  {
    "name": "樹",
    "message": "「好好，那咱们快走吧」",
    "len": 1
  },
  {
    "name": "結衣",
    "message": "「嗯，结衣很期待呢」",
    "len": 1
  },
  {
    "name": "樹",
    "message": "「我是真的不会买的哦？」",
    "len": 1
  },
  {
    "name": "結衣",
    "message": "「去Quale吧，Quale」",
    "len": 1
  },
  {
    "name": "樹",
    "message": "「你这么喜欢那里吗？」",
    "len": 1
  },
  {
    "name": "結衣",
    "message": "「这里又没有其他能购物的地方」",
    "len": 1
  },
  {
    "name": "樹",
    "message": "「话是这么说没错啦」",
    "len": 1
  },
  {
    "name": "結衣",
    "message": "「不过，为什么叫Quale（クアレ）呢？你知道吗？」",
    "len": 2
  },
  {
    "name": "樹",
    "message": "「是不是Quality的变音啊？就像是在说'这就是本大爷的品质'之类的」",
    "len": 2
  },
  {
    "name": "結衣",
    "message": "「原来如此！你这家伙，脑子真是聪明啊！」",
    "len": 1
  },
  {
    "message": "总感觉自己被夸奖了，但怎么听着不太对劲。",
    "len": 1
  },
  {
    "message": "……就这样说着傻话的功夫，我们已经到了Quale门口。",
    "len": 2
  },
  {
    "name": "結衣",
    "message": "「…………」",
    "len": 1
  },
  {
    "name": "樹",
    "message": "「嗯？你在看什么？」",
    "len": 1
  },
  {
    "name": "結衣",
    "message": "「那座铁塔倒是没被拆掉啊」",
    "len": 1
  },
  {
    "name": "樹",
    "message": "「啊，那个确实挺老的了」",
    "len": 1
  },
  {
    "name": "結衣",
    "message": "「还记得吗？这个城市曾经有三座铁塔」",
    "len": 1
  },
  {
    "name": "樹",
    "message": "「三座？」",
    "len": 1
  },
  {
    "name": "結衣",
    "message": "「这里一座，研究所一座，还有原野上一座」",
    "len": 1
  },
  {
    "name": "樹",
    "message": "「研究所，就是现在变成公园的那个地方吧？」",
    "len": 1
  },
  {
    "name": "結衣",
    "message": "「还有，那片空地现在变成警察局了。」",
    "len": 1
  },
  {
    "name": "樹",
    "message": "「啊！？那一带……」",
    "len": 1
  },
  {
    "name": "結衣",
    "message": "「变化很大吧？」",
    "len": 1
  },
  {
    "message": "原来我和琴子经常去的那片空地在那种地方啊。",
    "len": 1
  },
  {
    "name": "結衣",
    "message": "「每天都吵死了，施工……」",
    "len": 1
  },
  {
    "name": "樹",
    "message": "「结衣姐你是在那附近的学校上学的吧？」",
    "len": 1
  },
  {
    "name": "結衣",
    "message": "「对啊，就是鬼铁塔旁边的那所学校。」",
    "len": 1
  },
  {
    "name": "樹",
    "message": "「鬼铁塔？」",
    "len": 1
  },
  {
    "name": "結衣",
    "message": "「就是建在空地上的那座铁塔啊。在我们学校里可是有名的传闻呢……」",
    "len": 2
  },
  {
    "name": "結衣",
    "message": "「据说夜晚会发出青白色的光，还有闹鬼啊，人会失踪啊之类的……」",
    "len": 2
  },
  {
    "name": "樹",
    "message": "「那不就和这里一样吗。在我和柚的学校里，这里就是闹鬼铁塔」",
    "len": 2
  },
  {
    "name": "結衣",
    "message": "「我知道。然后，有一次电视台来采访了，对吧？」",
    "len": 2
  },
  {
    "name": "樹",
    "message": "「嗯，来过」",
    "len": 1
  },
  {
    "name": "結衣",
    "message": "「那帮人好像也想去采访研究所的铁塔」",
    "len": 2
  },
  {
    "name": "結衣",
    "message": "「大概是认为那里有什么原因吧」",
    "len": 1
  },
  {
    "name": "樹",
    "message": "「嗯，然后呢？」",
    "len": 1
  },
  {
    "name": "結衣",
    "message": "「那天，采访完两座铁塔后，到了深夜，有个摄影师偷偷溜进了研究所……」",
    "len": 2
  },
  {
    "name": "樹",
    "message": "「然、然后怎么样了！？」",
    "len": 1
  },
  {
    "name": "結衣",
    "message": "「只听到一瞬间传来可怕的尖叫声，然后就再也没有了……」",
    "len": 2
  },
  {
    "name": "樹",
    "message": "「他没回来吗？」",
    "len": 1
  },
  {
    "name": "結衣",
    "message": "「不，他回来了……只不过是3年后」",
    "len": 1
  },
  {
    "name": "樹",
    "message": "「3年后……」",
    "len": 1
  },
  {
    "name": "結衣",
    "message": "「据说他的样子和消失时一模一样」",
    "len": 1
  },
  {
    "name": "結衣",
    "message": "「那个男人肩上扛着相机，踉踉跄跄地走着，然后被警察发现并保护了起来……就是这样的故事」",
    "len": 2
  },
  {
    "name": "樹",
    "message": "「…………」",
    "len": 1
  },
  {
    "name": "結衣",
    "message": "「怎么样？作为学校的传闻，还挺像那么回事的吧？」",
    "len": 2
  },
  {
    "name": "樹",
    "message": "「啊，啊啊……是啊……」",
    "len": 1
  },
  {
    "message": "消失的男人3年后回来了？而且样子和消失时一模一样？",
    "len": 2
  },
  {
    "message": "总觉得这故事哪里不对劲啊……",
    "len": 1
  },
  {
    "name": "結衣",
    "message": "「那么，差不多该去购物了。今天有很多想逛的店呢」",
    "len": 2
  },
  {
    "name": "樹",
    "message": "「啊，等、等一下！」",
    "len": 1
  },
  {
    "name": "結衣",
    "message": "「抱歉啊，树，让你陪我东奔西走的」",
    "len": 1
  },
  {
    "name": "樹",
    "message": "「没关系，不过又是只看不买吗？」",
    "len": 1
  },
  {
    "name": "結衣",
    "message": "「这里没有合适的东西。尽是些不中意的」",
    "len": 2
  },
  {
    "name": "樹",
    "message": "「刚才那件外套不是挺好的吗」",
    "len": 1
  },
  {
    "name": "結衣",
    "message": "「那种款式大概穿一次就完事了。很快就会显得过时」",
    "len": 2
  },
  {
    "name": "樹",
    "message": "「哦～？」",
    "len": 1
  },
  {
    "message": "女人说的新旧标准，太微妙了根本搞不懂。",
    "len": 1
  },
  {
    "name": "結衣",
    "message": "「这点上男人就好了。即使粗枝大叶一点，只要不出错就能穿出样子来」",
    "len": 2
  },
  {
    "name": "樹",
    "message": "「我穿的可都是一楼特价区的啊？」",
    "len": 1
  },
  {
    "name": "結衣",
    "message": "「但是很适合你哦」",
    "len": 1
  },
  {
    "name": "樹",
    "message": "「切，我是那种适合特价品的男人吗」",
    "len": 1
  },
  {
    "name": "結衣",
    "message": "「呵呵，便宜点不是挺好的嘛」",
    "len": 1
  },
  {
    "name": "樹",
    "message": "「烦死了，别管我」",
    "len": 1
  },
  {
    "name": "結衣",
    "message": "「嗯？生气了？」",
    "len": 1
  },
  {
    "name": "樹",
    "message": "「没生气」",
    "len": 1
  },
  {
    "name": "結衣",
    "message": "「呵呵，真好啊……太好了」",
    "len": 1
  },
  {
    "name": "樹",
    "message": "「怎么了？」",
    "len": 1
  },
  {
    "name": "結衣",
    "message": "「生气的弟弟很诱人呢」",
    "len": 1
  },
  {
    "name": "樹",
    "message": "「结衣姐姐有这种癖好吗？」",
    "len": 1
  },
  {
    "name": "結衣",
    "message": "「不，只对树你才这样」",
    "len": 1
  },
  {
    "name": "樹",
    "message": "「那还真是谢谢啊」",
    "len": 1
  },
  {
    "name": "結衣",
    "message": "「真想把你变成宝石收藏起来呢」",
    "len": 1
  },
  {
    "name": "樹",
    "message": "「我可不是那种料子」",
    "len": 1
  },
  {
    "name": "結衣",
    "message": "「对结衣来说你就是宝石……」",
    "len": 1
  },
  {
    "name": "樹",
    "message": "「啊？」",
    "len": 1
  },
  {
    "name": "結衣",
    "message": "「来，我们去下一个地方」",
    "len": 1
  },
  {
    "name": "樹",
    "message": "「哈～，还要继续逛啊……」",
    "len": 1
  },
  {
    "message": "逛完三楼，又去了二楼，然后又回来……",
    "len": 1
  },
  {
    "message": "结果，今天最后还是变成了单纯的购物。",
    "len": 1
  },
  {
    "name": "結衣",
    "message": "「怎么了，一脸疲惫的样子？」",
    "len": 1
  },
  {
    "name": "樹",
    "message": "「累死了，腿都软了～」",
    "len": 1
  },
  {
    "name": "結衣",
    "message": "「没出息的弟弟我也不讨厌哦」",
    "len": 1
  },
  {
    "name": "樹",
    "message": "「我这边有个精力充沛的姐姐也挺辛苦的」",
    "len": 1
  },
  {
    "name": "結衣",
    "message": "「没办法，为了你稍微休息一下再回去吧」",
    "len": 1
  },
  {
    "name": "樹",
    "message": "「在这里的长椅上可以吗？」",
    "len": 1
  },
  {
    "name": "結衣",
    "message": "「结衣哪里都行」",
    "len": 1
  },
  {
    "name": "樹",
    "message": "「那，坐下吧」",
    "len": 1
  },
  {
    "name": "結衣",
    "message": "「呐，树……」",
    "len": 1
  },
  {
    "name": "樹",
    "message": "「怎么了？」",
    "len": 1
  },
  {
    "name": "結衣",
    "message": "「这是你的专座吗？」",
    "len": 1
  },
  {
    "name": "樹",
    "message": "「嗯，我差不多都在这儿发呆」",
    "len": 1
  },
  {
    "name": "結衣",
    "message": "「这样啊……」",
    "len": 1
  },
  {
    "name": "樹",
    "message": "「…………」",
    "len": 1
  },
  {
    "name": "結衣",
    "message": "「…………」",
    "len": 1
  },
  {
    "name": "樹",
    "message": "「…………」",
    "len": 1
  },
  {
    "name": "結衣",
    "message": "「嗯，还不错」",
    "len": 1
  },
  {
    "name": "樹",
    "message": "「啊？」",
    "len": 1
  },
  {
    "name": "結衣",
    "message": "「刚才，结衣也试着发了会儿呆」",
    "len": 1
  },
  {
    "name": "樹",
    "message": "「啊，是这样啊」",
    "len": 1
  },
  {
    "name": "結衣",
    "message": "「本以为这么嘈杂的地方会让人心烦意乱，没想到意外地还挺舒服的嘛」",
    "len": 2
  },
  {
    "name": "結衣",
    "message": "「没人会注意到我们。就好像我们根本不存在一样」",
    "len": 2
  },
  {
    "name": "樹",
    "message": "「嗯，就是这种感觉」",
    "len": 1
  },
  {
    "name": "結衣",
    "message": "「要是站在小巷子里反而会被人盯着看呢」",
    "len": 1
  },
  {
    "message": "这倒也是……",
    "len": 1
  },
  {
    "name": "結衣",
    "message": "「我喜欢上这里了。以后我也要常来这个长椅」",
    "len": 2
  },
  {
    "name": "樹",
    "message": "「虽然你喜欢上这里我很高兴，但结衣姐你以前是这样的人吗？」",
    "len": 2
  },
  {
    "name": "結衣",
    "message": "「我一直都是这样的，只是你没注意到而已」",
    "len": 1
  },
  {
    "name": "樹",
    "message": "「诶，是这样吗……」",
    "len": 1
  },
  {
    "name": "結衣",
    "message": "「那个啊，树……」",
    "len": 1
  },
  {
    "name": "樹",
    "message": "「什、什么事？」",
    "len": 1
  },
  {
    "name": "結衣",
    "message": "「三年前改变的，不只是你一个人」",
    "len": 1
  },
  {
    "name": "樹",
    "message": "「啊？」",
    "len": 1
  },
  {
    "name": "結衣",
    "message": "「……这是这边的结衣说的」",
    "len": 1
  },
  {
    "name": "樹",
    "message": "「这、这是什么意思？」",
    "len": 1
  },
  {
    "name": "結衣",
    "message": "「你，忘记了吧？琴子葬礼那天晚上……」",
    "len": 2
  },
  {
    "name": "結衣",
    "message": "「在空地的铁塔下，你……」",
    "len": 1
  },
  {
    "name": "樹",
    "message": "「…………」",
    "len": 1
  },
  {
    "name": "結衣",
    "message": "「从那时起……」",
    "len": 1
  },
  {
    "message": "——我？",
    "len": 1
  },
  {
    "name": "結衣",
    "message": "「这边的结衣是……」",
    "len": 1
  },
  {
    "message": "——我到底做了什么？",
    "len": 1
  },
  {
    "name": "結衣",
    "message": "「算了，回去吧」",
    "len": 1
  },
  {
    "name": "樹",
    "message": "「等等，姐姐！」",
    "len": 1
  },
  {
    "name": "樹",
    "message": "「我让你等等啊！」",
    "len": 1
  },
  {
    "name": "結衣",
    "message": "「怎么了？购物已经结束了哦」",
    "len": 1
  },
  {
    "name": "樹",
    "message": "「那个啊，我，记不太清了」",
    "len": 1
  },
  {
    "name": "結衣",
    "message": "「…………」",
    "len": 1
  },
  {
    "name": "樹",
    "message": "「那时候的我，脑子一片混乱，什么都搞不清楚，只记得参加了葬礼，之后的事就……」",
    "len": 2
  },
  {
    "name": "結衣",
    "message": "「别再在意了，这和结衣无关」",
    "len": 1
  },
  {
    "name": "樹",
    "message": "「可是……！」",
    "len": 1
  },
  {
    "name": "結衣",
    "message": "「因为你看起来很烦恼，我只是借用了这边结衣的记忆而已」",
    "len": 2
  },
  {
    "name": "樹",
    "message": "「但是，你们不是一样的吗！？」",
    "len": 1
  },
  {
    "name": "結衣",
    "message": "「在你看来是这样吗？」",
    "len": 1
  },
  {
    "name": "樹",
    "message": "「结衣姐姐就是结衣姐姐啊！！」",
    "len": 1
  },
  {
    "name": "結衣",
    "message": "「树……」",
    "len": 1
  },
  {
    "name": "結衣",
    "message": "「很遗憾，并不是这样的」",
    "len": 1
  },
  {
    "name": "樹",
    "message": "「啊！？」",
    "len": 1
  },
  {
    "name": "結衣",
    "message": "「结衣……不，我们是……」",
    "len": 1
  },
  {
    "name": "結衣",
    "message": "「因为我们就像是铁塔的幽灵一样」",
    "len": 1
  },
  {
    "name": "樹",
    "message": "「那是什么啊！？」",
    "len": 1
  },
  {
    "name": "結衣",
    "message": "「总之，就是这么回事，所以你不用客气哦？」",
    "len": 2
  },
  {
    "name": "樹",
    "message": "「我才不会……」",
    "len": 1
  },
  {
    "name": "結衣",
    "message": "「如果你想抱结衣的话，可以抱哦」",
    "len": 1
  },
  {
    "name": "樹",
    "message": "「啊？」",
    "len": 1
  },
  {
    "name": "結衣",
    "message": "「没关系的，只要是你想要的话……」",
    "len": 1
  },
  {
    "name": "樹",
    "message": "「诶诶！？」",
    "len": 1
  },
  {
    "name": "結衣",
    "message": "「当、当然，刚才那只是打个比方！别当真啊？」",
    "len": 2
  },
  {
    "name": "結衣",
    "message": "「那、那我先回去了！拜拜！」",
    "len": 1
  },
  {
    "message": "结衣姐姐……",
    "len": 1
  },
  {
    "message": "刚才那个，真是让人受不了啊……",
    "len": 1
  },
  {
    "name": "樹",
    "message": "「哈啊啊啊～，这到底是怎么回事啊……」",
    "len": 1
  },
  {
    "message": "是在糊弄我吗？",
    "len": 1
  },
  {
    "message": "还是认真的？",
    "len": 1
  },
  {
    "message": "啊啊，真是的，搞不懂啊！",
    "len": 1
  }
]