[
  {
    "name": "樹",
    "message": "「……虽然想着下来吃点东西，但好像也不是很饿啊」",
    "len": 1
  },
  {
    "name": "樹",
    "message": "「偶尔看看电视打发时间吧。兴许过会儿就有食欲了……」",
    "len": 2
  },
  {
    "message": "我坐在沙发上，打开了电视遥控器。",
    "len": 1
  },
  {
    "name": "テレビの音声",
    "message": "「人类，用自己的双手创造出「意识」——」",
    "len": 1
  },
  {
    "name": "テレビの音声",
    "message": "「如果这是可能的话，我的实验就没有必要了」",
    "len": 1
  },
  {
    "name": "テレビの音声",
    "message": "「但是现在，即使我们能够将人类的全部记忆移植到计算机中，那台计算机能说是拥有了「意识」吗？」",
    "len": 2
  },
  {
    "name": "樹",
    "message": "「这是什么啊？科普节目之类的？」",
    "len": 1
  },
  {
    "name": "テレビの音声",
    "message": "「「意识」或者说被称为「感觉质」的某种东西——」",
    "len": 1
  },
  {
    "name": "テレビの音声",
    "message": "「只要无法创造出这个，我就只能用我自己的方法来做了」",
    "len": 1
  },
  {
    "name": "樹",
    "message": "「虽然无所谓，但这节目真是无聊啊……」",
    "len": 1
  },
  {
    "name": "樹",
    "message": "「哈啊啊啊～，困了……」",
    "len": 1
  },
  {
    "name": "テレビの音声",
    "message": "「但是，如果扩展我关于多余维度的假说的话……」",
    "len": 1
  },
  {
    "name": "テレビの音声",
    "message": "「在重叠的世界中的某一个里，另一个不是我的我，可能已经找到了那个方法……」",
    "len": 2
  },
  {
    "name": "樹",
    "message": "「呼噜～～～～咕哝咕哝…………」",
    "len": 1
  },
  {
    "name": "樹",
    "message": "「…………………………」",
    "len": 1
  },
  {
    "name": "琴子",
    "message": "「我想差不多该来了」",
    "len": 1
  },
  {
    "name": "？？？",
    "message": "「…………」",
    "len": 1
  },
  {
    "name": "琴子",
    "message": "「请进」",
    "len": 1
  },
  {
    "name": "？？？",
    "message": "「……抱歉打扰了」",
    "len": 1
  },
  {
    "name": "琴子",
    "message": "「好久不见了呢」",
    "len": 1
  },
  {
    "name": "？？？",
    "message": "「啊，好久没来这个房间了。这个书架也让人怀念啊」",
    "len": 2
  },
  {
    "name": "琴子",
    "message": "「您给我的书，我几乎都读完了」",
    "len": 1
  },
  {
    "name": "？？？",
    "message": "「那真了不起，其中应该有不少专业性很强的书吧」",
    "len": 1
  },
  {
    "name": "琴子",
    "message": "「我差一点就要把全部的书都读完了，但在那之前我就死了……」",
    "len": 2
  },
  {
    "name": "？？？",
    "message": "「现在是在继续读那些书吗？」",
    "len": 1
  },
  {
    "name": "琴子",
    "message": "「是的，难得能回来，所以……」",
    "len": 1
  },
  {
    "name": "？？？",
    "message": "「还有大约一周的时间。别留下遗憾啊？」",
    "len": 2
  },
  {
    "name": "琴子",
    "message": "「我明白，爸爸」",
    "len": 1
  },
  {
    "name": "？？？",
    "message": "「那么，树怎么样？他有好好照顾你吗？」",
    "len": 2
  },
  {
    "name": "琴子",
    "message": "「哥哥还是和以前一样温柔。但是……」",
    "len": 2
  },
  {
    "name": "琴子",
    "message": "「我感觉他似乎在某种程度上心存恐惧。可能是因为他目睹了我的死亡……」",
    "len": 2
  },
  {
    "name": "？？？",
    "message": "「嗯……」",
    "len": 1
  },
  {
    "name": "琴子",
    "message": "「我想他正在为眼前所见的世界和他想要看到的世界之间的差异而烦恼」",
    "len": 2
  },
  {
    "name": "？？？",
    "message": "「但正是因为他处在那个位置，我才选择树作为观测者」",
    "len": 2
  },
  {
    "name": "琴子",
    "message": "「是的……」",
    "len": 1
  },
  {
    "name": "？？？",
    "message": "「我们在物理上的存在，可以说仅仅是通向世界「扭曲」的一种途径」",
    "len": 4
  },
  {
    "name": "？？？",
    "message": "「由于霍金辐射的作用，这种现象很快就会终止。我们无法逃脱能量守恒定律」",
    "len": 2
  },
  {
    "name": "琴子",
    "message": "「但是，那毕竟只是物理学上的问题……」",
    "len": 1
  },
  {
    "name": "琴子",
    "message": "「仅仅存在于这个封闭的宇宙中」",
    "len": 1
  },
  {
    "name": "？？？",
    "message": "「没错，你学习得很不错嘛」",
    "len": 1
  },
  {
    "name": "琴子",
    "message": "「不，和父亲相比的话……」",
    "len": 1
  },
  {
    "name": "？？？",
    "message": "「我只不过是重叠世界中的一种可能性」",
    "len": 1
  },
  {
    "name": "？？？",
    "message": "「只是恰好成为了能够介入「扭曲」的「信息」而已。而且接口还带有bug」",
    "len": 4
  },
  {
    "name": "琴子",
    "message": "「这样的话，倒也挺有意思的呢」",
    "len": 1
  },
  {
    "name": "？？？",
    "message": "「你这么说我可就没立场了」",
    "len": 1
  },
  {
    "name": "琴子",
    "message": "「呵呵，失礼了」",
    "len": 1
  },
  {
    "name": "？？？",
    "message": "「我基于自身存在的理由，提出了几种可能性」",
    "len": 2
  },
  {
    "name": "？？？",
    "message": "「是通过否定变化来获得永恒，还是相反，通过肯定变化来获得永恒」",
    "len": 2
  },
  {
    "name": "？？？",
    "message": "「然后是琴子。你作为既不属于这两者的存在而在这里」",
    "len": 2
  },
  {
    "name": "琴子",
    "message": "「是的……」",
    "len": 1
  },
  {
    "name": "？？？",
    "message": "「还有一周」",
    "len": 1
  },
  {
    "name": "？？？",
    "message": "「就让我们静观其变吧……最终确定一切的，是那个不肖的蠢儿子」",
    "len": 2
  },
  {
    "name": "琴子",
    "message": "「没问题的。毕竟我们是一家人」",
    "len": 2
  },
  {
    "name": "？？？",
    "message": "「嗯，回答得好」",
    "len": 1
  },
  {
    "name": "琴子",
    "message": "「是」",
    "len": 1
  },
  {
    "name": "？？？",
    "message": "「我就到这里了……虽然以后不能再见面了……」",
    "len": 1
  },
  {
    "name": "琴子",
    "message": "「爸爸？」",
    "len": 1
  },
  {
    "name": "？？？",
    "message": "「……保重啊…………」",
    "len": 1
  },
  {
    "name": "琴子",
    "message": "「………………」",
    "len": 1
  },
  {
    "name": "琴子",
    "message": "「爸爸也要……保重……」",
    "len": 1
  },
  {
    "name": "樹",
    "message": "「呼噜～～～～嘶～～～～～～」",
    "len": 1
  },
  {
    "name": "電卓",
    "message": "「喂！臭小子！」",
    "len": 1
  },
  {
    "name": "樹",
    "message": "「哇！？什、什么啊！？」",
    "len": 1
  },
  {
    "name": "電卓",
    "message": "「你还睡到几时啊，混蛋！赶紧去做饭！」",
    "len": 2
  },
  {
    "name": "樹",
    "message": "「好痛啊你这混蛋！明明自己只吃泡面！」",
    "len": 2
  },
  {
    "name": "電卓",
    "message": "「哼！不是说我。是说给琴子做饭」",
    "len": 2
  },
  {
    "name": "樹",
    "message": "「啊？为什么是琴子的？」",
    "len": 1
  },
  {
    "name": "電卓",
    "message": "「闭嘴，担心可爱的小女儿有什么不对，你这蠢货」",
    "len": 2
  },
  {
    "name": "樹",
    "message": "「担心你个头啊！与其担心琴子，不如先担心下你自己营养不均衡」",
    "len": 2
  },
  {
    "name": "電卓",
    "message": "「你这张嘴还真是停不下来啊。算了，随你便吧！」",
    "len": 2
  },
  {
    "name": "樹",
    "message": "「搞什么搞什么，还是一如既往地莫名其妙！」",
    "len": 1
  },
  {
    "message": "算了，不管那个白痴了……",
    "len": 1
  },
  {
    "name": "樹",
    "message": "「好吧，那就去给琴子做饭吧！」",
    "len": 1
  }
]