[
  {
    "name": "樹",
    "message": "「姬子猫，你醒了吗？」",
    "len": 1
  },
  {
    "name": "ギズモ",
    "message": "「……嗯？」",
    "len": 1
  },
  {
    "name": "樹",
    "message": "「你在睡觉啊……」",
    "len": 1
  },
  {
    "name": "ギズモ",
    "message": "「呼哇啊啊啊啊啊～～呜」",
    "len": 1
  },
  {
    "message": "最近，她睡觉的样子越来越像人类了。",
    "len": 1
  },
  {
    "message": "还是猫的时候，只要有一点声音就会醒过来的。",
    "len": 1
  },
  {
    "name": "ギズモ",
    "message": "「呼哇啊啊～～呜」",
    "len": 1
  },
  {
    "message": "猫连续打哈欠，通常是不想被吵醒的时候。",
    "len": 1
  },
  {
    "message": "大概是还想多睡一会儿吧。",
    "len": 1
  },
  {
    "name": "樹",
    "message": "「啊——抱歉吵醒你了。你可以继续睡」",
    "len": 2
  },
  {
    "name": "ギズモ",
    "message": "「嗯？」",
    "len": 1
  },
  {
    "name": "樹",
    "message": "「我在厨房呢，你醒了就过来啊？」",
    "len": 1
  },
  {
    "name": "ギズモ",
    "message": "「呼～～～～」",
    "len": 1
  },
  {
    "message": "她一翻身躺下，立刻就开始发出睡觉的声音。",
    "len": 1
  },
  {
    "name": "ギズモ",
    "message": "「呼、呼、呼」",
    "len": 1
  },
  {
    "name": "樹",
    "message": "「哎呀呀……」",
    "len": 1
  },
  {
    "message": "本来就整天睡觉，现在更是……",
    "len": 1
  },
  {
    "message": "不过，这种没什么用处的地方，正是猫咪可爱的地方呢。",
    "len": 2
  },
  {
    "name": "樹",
    "message": "「那么，今天就做点吃的吧」",
    "len": 1
  },
  {
    "message": "储备的松饼还有，就用这个做个松饼三明治吧。",
    "len": 2
  },
  {
    "message": "把松饼切成两半，涂上人造黄油和芥末酱……",
    "len": 2
  },
  {
    "message": "放上火腿或金枪鱼，再加点披萨用的奶酪，然后夹上式子桑种的那种可疑的生菜叶……",
    "len": 2
  },
  {
    "message": "放进烤箱里叮一下就大功告成了。简单，方便。",
    "len": 2
  },
  {
    "message": "要不是柚教我，我都不知道还能这么随意地做出来。",
    "len": 2
  },
  {
    "name": "樹",
    "message": "「话说回来，汉堡店就靠这种东西在敲诈顾客吗……」",
    "len": 2
  },
  {
    "name": "電卓",
    "message": "「可不是嘛，真搞不懂那些买这玩意儿的家伙」",
    "len": 1
  },
  {
    "name": "樹",
    "message": "「哇！？你从哪冒出来的！？」",
    "len": 1
  },
  {
    "name": "電卓",
    "message": "「热水」",
    "len": 1
  },
  {
    "name": "樹",
    "message": "「啊？」",
    "len": 1
  },
  {
    "name": "電卓",
    "message": "「烧点热水，树。还有，今天要海鲜口味的」",
    "len": 2
  },
  {
    "name": "樹",
    "message": "「泡个杯面都不会啊」",
    "len": 1
  },
  {
    "name": "電卓",
    "message": "「切，小气鬼」",
    "len": 1
  },
  {
    "message": "他一边嘟囔着什么一边走进了厨房。",
    "len": 1
  },
  {
    "name": "樹",
    "message": "「喂！别把整个水壶放进微波炉啊？」",
    "len": 1
  },
  {
    "name": "電卓",
    "message": "「喂，你」",
    "len": 1
  },
  {
    "name": "樹",
    "message": "「啊，咋了？」",
    "len": 1
  },
  {
    "name": "電卓",
    "message": "「卡乌冬面怎么样了？」",
    "len": 1
  },
  {
    "name": "樹",
    "message": "「卡乌冬面？」",
    "len": 1
  },
  {
    "name": "電卓",
    "message": "「哪儿都买不到了！明明是我最爱吃的！」",
    "len": 1
  },
  {
    "name": "樹",
    "message": "「谁知道那玩意儿」",
    "len": 1
  },
  {
    "name": "電卓",
    "message": "「切，没有卡乌冬面就提不起劲啊」",
    "len": 1
  },
  {
    "message": "难道他说的是『力乌冬面』？",
    "len": 1
  },
  {
    "message": "算了，别管这个白痴了。",
    "len": 1
  },
  {
    "name": "結衣",
    "message": "「哦，看起来很好吃啊」",
    "len": 1
  },
  {
    "name": "樹",
    "message": "「啊，结衣姐，早上好」",
    "len": 1
  },
  {
    "name": "結衣",
    "message": "「我要拿火腿芝士的，就这个和这个……」",
    "len": 1
  },
  {
    "message": "我一个接一个地翻开松饼，只拿了有火腿的那些。",
    "len": 2
  },
  {
    "name": "樹",
    "message": "「喂，喂，别一个人只拿火腿的啊」",
    "len": 1
  },
  {
    "name": "結衣",
    "message": "「结衣就想吃火腿嘛」",
    "len": 1
  },
  {
    "name": "樹",
    "message": "「生菜三明治也得吃啊」",
    "len": 1
  },
  {
    "name": "結衣",
    "message": "「想吃火腿」",
    "len": 1
  },
  {
    "name": "樹",
    "message": "「不行」",
    "len": 1
  },
  {
    "name": "結衣",
    "message": "「你这个坏心眼的弟弟，呜呜……」",
    "len": 1
  },
  {
    "name": "樹",
    "message": "「别废话了，把火腿放回去拿生菜，快！」",
    "len": 1
  },
  {
    "name": "結衣",
    "message": "「哼，你越来越像个家庭主夫了」",
    "len": 1
  },
  {
    "name": "樹",
    "message": "「…………」",
    "len": 1
  },
  {
    "message": "我又不是自愿干这个的！",
    "len": 1
  },
  {
    "message": "……虽然很想这么说，但最近似乎有点乐在其中了。",
    "len": 1
  },
  {
    "message": "这样不太妙吧……",
    "len": 1
  },
  {
    "name": "式子",
    "message": "「早啊，树君」",
    "len": 1
  },
  {
    "name": "樹",
    "message": "「啊，式子桑，早上好」",
    "len": 1
  },
  {
    "name": "式子",
    "message": "「哇～，做得真好呢～！可以吃吗？」",
    "len": 2
  },
  {
    "name": "樹",
    "message": "「请随意，不用客气」",
    "len": 1
  },
  {
    "name": "式子",
    "message": "「哎呀，你还真的用了拉夫生菜啊」",
    "len": 1
  },
  {
    "name": "樹",
    "message": "「这个叫拉夫生菜吗」",
    "len": 1
  },
  {
    "name": "式子",
    "message": "「嗯，是把拉夫莱西亚和生菜杂交的结果～」",
    "len": 1
  },
  {
    "name": "樹",
    "message": "「哈啊，原来如此……」",
    "len": 1
  },
  {
    "name": "式子",
    "message": "「像奶油一样滑溜溜的叶子很好吃吧～？」",
    "len": 2
  },
  {
    "name": "樹",
    "message": "「哈哈哈，虽然有点厕所的味道但很好吃呢！」",
    "len": 1
  },
  {
    "name": "式子",
    "message": "「我会培育更多种类的，你要多多用在料理上哦～」",
    "len": 2
  },
  {
    "name": "樹",
    "message": "「…………呼」",
    "len": 1
  },
  {
    "message": "不过，这个生菜，不知为何让人想一直吃下去啊。",
    "len": 1
  },
  {
    "message": "里面是不是含有什么让人上瘾的东西……？",
    "len": 1
  },
  {
    "message": "就这样不知不觉间，到了中午。",
    "len": 1
  },
  {
    "message": "那三个人出门后不久，姬子猫从二楼下来坐在了沙发上。",
    "len": 2
  },
  {
    "name": "テレビの音声",
    "message": "「也就是说，一旦实现了非常高度的人工智能，预计这种AI的智能将超越人类……」",
    "len": 2
  },
  {
    "name": "ギズモ",
    "message": "「喵？」",
    "len": 1
  },
  {
    "message": "而且，她一直在看着电视，时不时地回应或歪着头。",
    "len": 2
  },
  {
    "name": "テレビの音声",
    "message": "「人类对科学的新发现将在那时终结，人类的角色也将结束。这就是科学的极限点啊」",
    "len": 2
  },
  {
    "name": "ギズモ",
    "message": "「嗯嗯，懂了」",
    "len": 1
  },
  {
    "message": "虽然不知道她是否真的理解了……",
    "len": 1
  },
  {
    "name": "テレビの音声",
    "message": "「这样的时代可能会比想象中来得更快。非冯·诺依曼型计算机的概念已经进入实证阶段……」",
    "len": 2
  },
  {
    "name": "ギズモ",
    "message": "「喵？嗯？」",
    "len": 1
  },
  {
    "message": "嗯，她大概是不懂的吧。连我都听不明白呢。",
    "len": 2
  },
  {
    "name": "樹",
    "message": "「喂，姬子猫，你看这个觉得有意思吗？」",
    "len": 1
  },
  {
    "name": "ギズモ",
    "message": "「有意思喵」",
    "len": 1
  },
  {
    "name": "樹",
    "message": "「你懂这些话的意思吗？」",
    "len": 1
  },
  {
    "name": "ギズモ",
    "message": "「不懂喵」",
    "len": 1
  },
  {
    "name": "樹",
    "message": "「那你肯定觉得没意思吧」",
    "len": 1
  },
  {
    "name": "ギズモ",
    "message": "「有意思喵」",
    "len": 1
  },
  {
    "name": "樹",
    "message": "「你不懂还觉得有意思吗？」",
    "len": 1
  },
  {
    "name": "ギズモ",
    "message": "「喵？」",
    "len": 1
  },
  {
    "name": "ギズモ",
    "message": "「呜～～～～喵啊～～～」",
    "len": 1
  },
  {
    "name": "ギズモ",
    "message": "「好开心喵！」",
    "len": 1
  },
  {
    "name": "樹",
    "message": "「这、这样啊，那就好」",
    "len": 1
  },
  {
    "name": "ギズモ",
    "message": "「喵！」",
    "len": 1
  },
  {
    "message": "……是怎么回事呢？难道仅仅是听到声音本身就让她觉得开心吗？",
    "len": 2
  },
  {
    "message": "就像我们听音乐会觉得愉悦一样。",
    "len": 1
  },
  {
    "name": "テレビの音声",
    "message": "「这里最大的问题就是『意识』。目前为了让AI拥有人工意识，正在考虑的方法是……」",
    "len": 2
  },
  {
    "name": "ギズモ",
    "message": "「喵～？」",
    "len": 1
  },
  {
    "message": "我刚停止说话，姬子猫就开始继续看电视了。",
    "len": 2
  },
  {
    "name": "テレビの音声",
    "message": "「这是一种通过给予自主网络足够的复杂性，从而使意识自发产生的架构。」",
    "len": 2
  },
  {
    "name": "ギズモ",
    "message": "「喵，嗯嗯……」",
    "len": 1
  },
  {
    "message": "姬子猫还是猫的时候，也经常专注地看电视……",
    "len": 2
  },
  {
    "message": "但那时只是对移动的东西感兴趣，单纯用眼睛追随而已。",
    "len": 2
  },
  {
    "name": "ギズモ",
    "message": "「喵？喵？」",
    "len": 1
  },
  {
    "message": "但现在不同了。",
    "len": 1
  },
  {
    "message": "姬子猫正试图从声音这种符号中读取意义。",
    "len": 2
  },
  {
    "message": "而且，她似乎很享受这个过程。",
    "len": 1
  },
  {
    "name": "樹",
    "message": "「喂，姬子猫？」",
    "len": 1
  },
  {
    "name": "ギズモ",
    "message": "「喵？」",
    "len": 1
  },
  {
    "name": "樹",
    "message": "「你喜欢看电视吗？」",
    "len": 1
  },
  {
    "name": "ギズモ",
    "message": "「喵！我喜欢看电视喵！」",
    "len": 1
  },
  {
    "message": "我这时才恍然大悟。",
    "len": 1
  },
  {
    "message": "在我和姬子猫之间……",
    "len": 1
  },
  {
    "message": "竟然成立了『对话』。",
    "len": 1
  },
  {
    "name": "樹",
    "message": "「……嗯」",
    "len": 1
  },
  {
    "name": "樹",
    "message": "「哈欠～」",
    "len": 1
  },
  {
    "message": "因为太无聊，不知不觉就睡着了。",
    "len": 1
  },
  {
    "message": "外面的光线变红了。不知不觉已经到傍晚了吗……",
    "len": 2
  },
  {
    "name": "樹",
    "message": "「姬子猫呢？」",
    "len": 1
  },
  {
    "name": "ギズモ",
    "message": "「呼～呼～，嗯啊……」",
    "len": 1
  },
  {
    "name": "樹",
    "message": "「什么啊，你也睡着了啊」",
    "len": 1
  },
  {
    "message": "电视还开着，姬子猫在沙发上发出均匀的呼吸声。",
    "len": 2
  },
  {
    "name": "樹",
    "message": "「没办法啊，把你叫醒吧」",
    "len": 1
  },
  {
    "name": "ギズモ",
    "message": "「呼噜……，呼～呼～」",
    "len": 1
  },
  {
    "name": "樹",
    "message": "「啧，真是的，你睡得可真香啊」",
    "len": 1
  },
  {
    "message": "不过，嘛……",
    "len": 1
  },
  {
    "message": "我稍微安心了一点？姬子猫还是那个姬子猫。",
    "len": 2
  },
  {
    "message": "要是变得比我聪明了，我可真不知道该怎么办了……",
    "len": 1
  }
]