[
  {
    "name": "樹",
    "message": "「好吧，今天吃什么呢……嗯？」",
    "len": 1
  },
  {
    "name": "樹",
    "message": "「桌子有点脏啊，摸起来黏糊糊的」",
    "len": 2
  },
  {
    "message": "仔细一看，酱油洒过的痕迹没擦干净。",
    "len": 1
  },
  {
    "message": "再看看地板，姬子猫踢飞的食物残渣已经干了，粘在上面。",
    "len": 2
  },
  {
    "message": "凑近一看，房间角落里零星地积着一层薄薄的白色灰尘。",
    "len": 2
  },
  {
    "name": "樹",
    "message": "「啧，真脏……」",
    "len": 1
  },
  {
    "message": "说起来，我完全忘了，根本没做过打扫。",
    "len": 2
  },
  {
    "message": "当然，我以前从来没做过，也没想过是谁在打扫。",
    "len": 2
  },
  {
    "message": "只记得偶尔看到妈妈或爸爸在打扫……也就只记得这么多了。",
    "len": 2
  },
  {
    "message": "那还是琴子回来之前的事。",
    "len": 1
  },
  {
    "message": "……那现在是谁在打扫呢？",
    "len": 1
  },
  {
    "name": "樹",
    "message": "「难道说，这两周以来，谁都没有……」",
    "len": 1
  },
  {
    "message": "对了，大概就是这么回事。",
    "len": 1
  },
  {
    "message": "我就觉得家里有种朦朦胧胧的、灰尘弥漫的感觉……",
    "len": 2
  },
  {
    "message": "这该不会是很糟糕的情况吧？",
    "len": 1
  },
  {
    "name": "樹",
    "message": "「天哪……」",
    "len": 1
  },
  {
    "message": "刚以为解决了吃饭和钱的问题，现在又来了这个……",
    "len": 2
  },
  {
    "message": "为什么总是这样，一个接一个从没想过的事情冒出来……",
    "len": 2
  },
  {
    "message": "不，不对。这种事我早就该知道的！",
    "len": 2
  },
  {
    "message": "这些事情一直以来都是爸爸妈妈在做的吧？",
    "len": 2
  },
  {
    "message": "因为爸爸妈妈和我一样降级到了下级水平，所以才会变成这种状况。",
    "len": 2
  },
  {
    "message": "那该怎么办呢？",
    "len": 1
  },
  {
    "name": "樹",
    "message": "「果然还是得我来吗？」",
    "len": 1
  },
  {
    "name": "樹",
    "message": "「我得负责管理这个家……不，是得打扫卫生吗？」",
    "len": 2
  },
  {
    "name": "樹",
    "message": "「呜哇啊啊，我讨厌打扫卫生！好麻烦啊——！！！」",
    "len": 2
  },
  {
    "name": "樹",
    "message": "「今天的计划……决定逃避现实！」",
    "len": 1
  },
  {
    "name": "樹",
    "message": "「去公园睡觉吧，就这么办」",
    "len": 1
  },
  {
    "name": "柚",
    "message": "「喂——，你要去哪里！」",
    "len": 1
  },
  {
    "name": "樹",
    "message": "「呃！？」",
    "len": 1
  },
  {
    "name": "柚",
    "message": "「不是有事要做吗？就这样不管不顾可以吗？」",
    "len": 2
  },
  {
    "name": "樹",
    "message": "「哦，是柚啊，别吓我」",
    "len": 1
  },
  {
    "name": "柚",
    "message": "「你又打算去公园睡觉吧。这样可解决不了任何问题哦？」",
    "len": 2
  },
  {
    "name": "樹",
    "message": "「烦死了，别管我。话说，你怎么总是这么巧就出现了？」",
    "len": 2
  },
  {
    "name": "柚",
    "message": "「我可是对树木的一切了如指掌哦。你的行为模式总是一成不变嘛」",
    "len": 2
  },
  {
    "name": "樹",
    "message": "「呃，该怎么反驳呢……」",
    "len": 1
  },
  {
    "name": "柚",
    "message": "「来吧，我也来帮忙，咱们一起麻利地收拾吧？」",
    "len": 2
  },
  {
    "name": "樹",
    "message": "「帮忙？帮什么忙？」",
    "len": 1
  },
  {
    "name": "柚",
    "message": "「打扫卫生啊，不是吗？」",
    "len": 1
  },
  {
    "name": "樹",
    "message": "「你怎么知道的！？」",
    "len": 1
  },
  {
    "name": "柚",
    "message": "「你不是大声喊'讨厌打扫卫生'嘛，连我房间都听得一清二楚呢」",
    "len": 2
  },
  {
    "message": "啧，我怎么会……",
    "len": 1
  },
  {
    "name": "樹",
    "message": "「啊，那个啊……也不一定非得今天做。改天天气好的时候再说吧」",
    "len": 2
  },
  {
    "name": "柚",
    "message": "「天气不是挺好的吗，阳光明媚的？」",
    "len": 1
  },
  {
    "name": "樹",
    "message": "「那边有云」",
    "len": 1
  },
  {
    "name": "柚",
    "message": "「行行行，是有云，就那么一丁点」",
    "len": 1
  },
  {
    "name": "樹",
    "message": "「我看得出来，马上就要下大雨了！」",
    "len": 1
  },
  {
    "name": "柚",
    "message": "「哦～，那你还想去公园睡觉啊」",
    "len": 1
  },
  {
    "name": "樹",
    "message": "「呃，这个嘛，那个……那是……」",
    "len": 1
  },
  {
    "name": "柚",
    "message": "「别磨磨唧唧的，赶紧干活！打扫卫生就得趁着想起来的时候做！」",
    "len": 2
  },
  {
    "name": "樹",
    "message": "「呜哇，真要做啊……」",
    "len": 1
  },
  {
    "name": "柚",
    "message": "「难得有这机会，我来教你打扫卫生的诀窍吧。进屋吧？快点进去！」",
    "len": 2
  },
  {
    "name": "樹",
    "message": "「哈啊……我的自由时光啊……」",
    "len": 1
  },
  {
    "name": "柚",
    "message": "「好，那么问你个问题。打扫卫生最重要的是什么？」",
    "len": 2
  },
  {
    "name": "樹",
    "message": "「什么啊那是，用心之类的吗？」",
    "len": 1
  },
  {
    "name": "柚",
    "message": "「噗，不对哦」",
    "len": 1
  },
  {
    "name": "樹",
    "message": "「仔细认真……之类的？」",
    "len": 1
  },
  {
    "name": "柚",
    "message": "「果然还是不懂啊。要是想那些的话家庭主夫可干不下去哦？」",
    "len": 2
  },
  {
    "name": "樹",
    "message": "「我什么时候成家庭主夫了……」",
    "len": 1
  },
  {
    "name": "柚",
    "message": "「说到点子上，打扫最重要的是「工具」！谁有好装备谁就赢了！」",
    "len": 2
  },
  {
    "name": "樹",
    "message": "「这不是RPG游戏吗」",
    "len": 1
  },
  {
    "name": "柚",
    "message": "「嗯，差不多差不多，你可以这么想」",
    "len": 1
  },
  {
    "name": "樹",
    "message": "「但是，电视剧里不是经常这么说吗？什么擦地板也要用心之类的……」",
    "len": 2
  },
  {
    "name": "柚",
    "message": "「那怎么可能嘛」",
    "len": 1
  },
  {
    "name": "樹",
    "message": "「不可能吗！？」",
    "len": 1
  },
  {
    "name": "柚",
    "message": "「每次都想那些的话，只会浪费时间」",
    "len": 1
  },
  {
    "name": "柚",
    "message": "「比如说，这张桌子……树树，你试着擦一下看？」",
    "len": 2
  },
  {
    "name": "樹",
    "message": "「啊，是酱油溅到的污渍啊。这个擦不掉，完全粘住了」",
    "len": 2
  },
  {
    "message": "我用抹布使劲擦了擦，只感觉到一阵粗糙的触感，根本擦不掉。",
    "len": 2
  },
  {
    "name": "樹",
    "message": "「你看吧？只能花时间慢慢擦了」",
    "len": 1
  },
  {
    "name": "柚",
    "message": "「哼哼，是吗？那有酒吗？」",
    "len": 2
  },
  {
    "name": "樹",
    "message": "「酒？料酒倒是有」",
    "len": 1
  },
  {
    "name": "柚",
    "message": "「那就行，拿来吧」",
    "len": 1
  },
  {
    "name": "樹",
    "message": "「哦，稍等」",
    "len": 1
  },
  {
    "message": "她要酒干什么……？",
    "len": 1
  },
  {
    "message": "我从厨房冰箱里拿出料酒递给了柚。",
    "len": 1
  },
  {
    "name": "柚",
    "message": "「这样把它滴在污渍上……」",
    "len": 1
  },
  {
    "name": "柚",
    "message": "「好了，再擦一次试试？」",
    "len": 2
  },
  {
    "name": "樹",
    "message": "「这样能有什么变化……诶？」",
    "len": 1
  },
  {
    "name": "柚",
    "message": "「哼哼，怎么样？」",
    "len": 1
  },
  {
    "name": "樹",
    "message": "「擦掉了……只擦了一下就……」",
    "len": 1
  },
  {
    "message": "那么顽固的污渍，一下子就干干净净地去掉了。",
    "len": 2
  },
  {
    "name": "樹",
    "message": "「太厉害了！！这是什么东西啊！？」",
    "len": 1
  },
  {
    "name": "柚",
    "message": "「嘛，通常是用厨房清洁剂的，不过主要成分都是酒精啦」",
    "len": 2
  },
  {
    "name": "樹",
    "message": "「哦～～你懂得真多啊」",
    "len": 1
  },
  {
    "name": "柚",
    "message": "「怎么样？现在明白工具很重要了吧？」",
    "len": 2
  },
  {
    "name": "樹",
    "message": "「唉，我刚才拼命擦来擦去的样子真像个傻瓜……」",
    "len": 2
  },
  {
    "name": "柚",
    "message": "「对吧！？清洁就是科学的世界！科学的力量能解决一切问题哦！」",
    "len": 2
  },
  {
    "name": "樹",
    "message": "「哦～！听起来真有意思啊！」",
    "len": 1
  },
  {
    "name": "柚",
    "message": "「那就继续干下去吧！接下来是清洁地板哦！」",
    "len": 2
  },
  {
    "name": "樹",
    "message": "「好嘞，下一个工具是什么！？」",
    "len": 1
  },
  {
    "name": "柚",
    "message": "「嗯，到处都闪闪发亮！感觉真好啊，树！」",
    "len": 2
  },
  {
    "name": "樹",
    "message": "「啊，啊啊……哈哈哈……不过真累啊……」",
    "len": 1
  },
  {
    "name": "柚",
    "message": "「那么，我就先回去了，以后记得按我教你的方法努力哦！」",
    "len": 2
  },
  {
    "name": "樹",
    "message": "「嗯……我会试试看的，尽量吧……」",
    "len": 1
  },
  {
    "name": "柚",
    "message": "「打扫卫生也很有趣吧？自己动脑筋想办法的话」",
    "len": 2
  },
  {
    "name": "樹",
    "message": "「哈哈，嗯，还行吧……」",
    "len": 1
  },
  {
    "message": "话说，我刚才突然想到。",
    "len": 1
  },
  {
    "message": "我这人还真是容易被人忽悠啊……",
    "len": 1
  },
  {
    "name": "柚",
    "message": "「那就这样，明天见！」",
    "len": 1
  },
  {
    "name": "樹",
    "message": "「哦，再见」",
    "len": 1
  },
  {
    "message": "明天是不是有什么事来着？",
    "len": 1
  },
  {
    "message": "12月24日……啊，对了。",
    "len": 1
  },
  {
    "message": "已经到圣诞节了啊……",
    "len": 1
  },
  {
    "message": "那样的话……",
    "len": 1
  },
  {
    "name": "樹",
    "message": "「喂，柚！等一下！」",
    "len": 1
  },
  {
    "name": "柚",
    "message": "「嗯？怎么了？」",
    "len": 1
  },
  {
    "name": "樹",
    "message": "「你啊，明天还打算来我家吗？」",
    "len": 1
  },
  {
    "name": "柚",
    "message": "「怎么？不行吗？」",
    "len": 1
  },
  {
    "name": "樹",
    "message": "「不，不是那个意思……我是说，要来的话就饿着肚子来」",
    "len": 2
  },
  {
    "name": "柚",
    "message": "「啊？」",
    "len": 1
  },
  {
    "name": "樹",
    "message": "「我稍微练习了一下做菜……你来帮我尝尝味道吧」",
    "len": 2
  },
  {
    "name": "柚",
    "message": "「嗯！我很期待！」",
    "len": 1
  },
  {
    "message": "切，什么啊，那么高兴的样子……",
    "len": 1
  },
  {
    "message": "就算难吃我也不管啊。",
    "len": 1
  }
]