[
  {
    "message": "有时候，我会这样想……",
    "len": 1
  },
  {
    "message": "流星是不是会选择特定的地方坠落呢？",
    "len": 1
  },
  {
    "message": "有些地方会反复有流星坠落，而有些地方却从未见过……",
    "len": 1
  },
  {
    "message": "在那些会坠落的地方，流星就像赖着不走似的，一次又一次地落下来。",
    "len": 1
  },
  {
    "message": "之所以会这么想，是因为这个城镇里奇怪地落下了大量的陨石。",
    "len": 2
  },
  {
    "message": "据说这里从古至今就是这样的一块地方。",
    "len": 1
  },
  {
    "message": "还是个小屁孩的时候，学校里的老师曾经自豪地讲过这事。",
    "len": 1
  },
  {
    "message": "那些特别的石头，可以用来制作剑或刀，或者在神社里被供奉……",
    "len": 2
  },
  {
    "message": "正因为能出产这种石头，这个地方才被称为要石之地。",
    "len": 2
  },
  {
    "message": "不过，那些古老的故事怎样都无所谓了……",
    "len": 1
  },
  {
    "message": "我对流星也有很多回忆。",
    "len": 1
  },
  {
    "message": "和琴子一起去草地上看星星的事——",
    "len": 1
  },
  {
    "message": "三年前的双子座流星雨——",
    "len": 1
  },
  {
    "message": "在公园里捡到姬子猫的时候——",
    "len": 1
  },
  {
    "message": "还有，就在前不久的流星雨——",
    "len": 1
  },
  {
    "message": "每一次，世界发生变化都是在星星坠落的夜晚。",
    "len": 1
  },
  {
    "name": "樹",
    "message": "「真是不可思议啊……」",
    "len": 1
  },
  {
    "message": "我一边看着窗外，一边喃喃自语道。",
    "len": 1
  },
  {
    "message": "如果是琴子的话，一定会告诉我些什么吧。",
    "len": 1
  },
  {
    "message": "但是，今晚我想独自思考一下。",
    "len": 1
  },
  {
    "message": "最长的夜晚过去了……",
    "len": 1
  },
  {
    "message": "明天开始的庆典结束后，新的一年就会很快到来。",
    "len": 2
  },
  {
    "message": "下一次，当星星在这片天空坠落时……",
    "len": 1
  },
  {
    "message": "会有什么改变呢？",
    "len": 1
  },
  {
    "message": "我所看到的世界……",
    "len": 1
  },
  {
    "message": "还有，我自己…………",
    "len": 1
  }
]