[
  {
    "name": "琴子",
    "message": "「蛋糕，我吃得很满足，谢谢款待」",
    "len": 1
  },
  {
    "name": "樹",
    "message": "「啊，不好意思，让你尝味道了」",
    "len": 1
  },
  {
    "name": "琴子",
    "message": "「没关系，虽然糖分稍微多了点，但很好吃哦？」",
    "len": 2
  },
  {
    "name": "樹",
    "message": "「这家伙总是不由自主地按自己的口味调味啊」",
    "len": 2
  },
  {
    "name": "ギズモ",
    "message": "「喵？甜的不行吗？」",
    "len": 1
  },
  {
    "name": "樹",
    "message": "「光吃甜食的话，会长胖的吧？」",
    "len": 1
  },
  {
    "name": "ギズモ",
    "message": "「变胖？胖乎乎的很好吃喵」",
    "len": 1
  },
  {
    "name": "樹",
    "message": "「我们很好吃有什么用啊」",
    "len": 1
  },
  {
    "name": "琴子",
    "message": "「呵呵，对猫咪来说，「好吃」就等于「好事」呢」",
    "len": 2
  },
  {
    "name": "ギズモ",
    "message": "「喵！」",
    "len": 1
  },
  {
    "name": "樹",
    "message": "「哎～这家伙真是悠哉游哉啊」",
    "len": 1
  },
  {
    "message": "早上还在可怜兮兮地喵喵叫，现在就完全忘记了吗？",
    "len": 2
  },
  {
    "message": "说是转换得快，还是说不会留下后遗症呢……",
    "len": 2
  },
  {
    "name": "琴子",
    "message": "「嗯？哥哥？」",
    "len": 1
  },
  {
    "name": "樹",
    "message": "「没什么，我在想姬子猫真好啊」",
    "len": 1
  },
  {
    "name": "琴子",
    "message": "「猫咪就像小孩子一样。刚刚开始有自我意识」",
    "len": 2
  },
  {
    "name": "樹",
    "message": "「嗯，你这么一说，确实有这种感觉」",
    "len": 1
  },
  {
    "name": "琴子",
    "message": "「但正因如此，我觉得现在很重要」",
    "len": 1
  },
  {
    "message": "是啊，这个我明白，但是……",
    "len": 1
  },
  {
    "name": "樹",
    "message": "「我能做好吗……？」",
    "len": 1
  },
  {
    "name": "琴子",
    "message": "「哥哥？」",
    "len": 1
  },
  {
    "name": "樹",
    "message": "「今天的聚会，这家伙本来很期待的，结果到头来还是没能把大家聚在一起……」",
    "len": 2
  },
  {
    "name": "樹",
    "message": "「哈哈哈，真没用啊，完全什么都没变」",
    "len": 1
  },
  {
    "name": "樹",
    "message": "「我还以为很多事情都改变了，但果然还是一盘散沙，什么都……」",
    "len": 2
  },
  {
    "name": "琴子",
    "message": "「不，确实有些东西变了」",
    "len": 1
  },
  {
    "name": "樹",
    "message": "「诶？」",
    "len": 1
  },
  {
    "name": "琴子",
    "message": "「我们家人在此之前，在哥哥眼中的世界里，就如同不存在一样」",
    "len": 2
  },
  {
    "name": "樹",
    "message": "「那是……」",
    "len": 1
  },
  {
    "name": "琴子",
    "message": "「但是现在，哥哥为了我们，这么拼命地努力着」",
    "len": 2
  },
  {
    "name": "樹",
    "message": "「不，不是，但那个……」",
    "len": 1
  },
  {
    "name": "琴子",
    "message": "「这才刚刚开始呢，哥哥」",
    "len": 1
  },
  {
    "name": "琴子",
    "message": "「大家能够团结一致，就让我们把它留到稍后的将来吧」",
    "len": 2
  },
  {
    "name": "琴子",
    "message": "「到那时，我们和哥哥一定会……」",
    "len": 1
  },
  {
    "name": "ギズモ",
    "message": "「喵～～」",
    "len": 1
  },
  {
    "name": "樹",
    "message": "「哇，吓我一跳」",
    "len": 1
  },
  {
    "name": "琴子",
    "message": "「呵呵呵，小猫咪，困了吗？」",
    "len": 1
  },
  {
    "name": "ギズモ",
    "message": "「不睡」",
    "len": 1
  },
  {
    "name": "ギズモ",
    "message": "「喵～～～」",
    "len": 1
  },
  {
    "name": "樹",
    "message": "「唉，就这家伙还是……」",
    "len": 1
  },
  {
    "name": "琴子",
    "message": "「我也觉得有点困了呢」",
    "len": 1
  },
  {
    "name": "樹",
    "message": "「啊，已经这个点了吗」",
    "len": 1
  },
  {
    "name": "琴子",
    "message": "「不好意思，我可以先告辞了吗？」",
    "len": 1
  },
  {
    "name": "樹",
    "message": "「嗯，我再在这里待一会儿。抱歉让你待到这么晚」",
    "len": 2
  },
  {
    "name": "琴子",
    "message": "「好的，那晚安，哥哥」",
    "len": 1
  },
  {
    "name": "樹",
    "message": "「嗯，晚安」",
    "len": 1
  },
  {
    "name": "樹",
    "message": "「呼……」",
    "len": 1
  },
  {
    "message": "话说回来真晚啊。那三个人在干什么呢，在这种日子？",
    "len": 2
  },
  {
    "message": "圣诞节有那么稀奇吗？",
    "len": 1
  },
  {
    "name": "樹",
    "message": "「哈欠～」",
    "len": 1
  },
  {
    "message": "……不管他们了，我也去睡觉吧。",
    "len": 1
  },
  {
    "name": "樹",
    "message": "「嗯～……」",
    "len": 1
  },
  {
    "name": "樹",
    "message": "「睡个10分钟左右吧」",
    "len": 1
  },
  {
    "name": "樹",
    "message": "「好，睡觉吧」",
    "len": 1
  },
  {
    "name": "樹",
    "message": "「…………」",
    "len": 1
  },
  {
    "name": "式子",
    "message": "「…………君……」",
    "len": 1
  },
  {
    "name": "式子",
    "message": "「……呵呵，塔君……」",
    "len": 1
  },
  {
    "name": "樹",
    "message": "「呃……呜呜呜呜～……要被吃掉了……，有什么东西在咬我的脚……呜呜呜…………」",
    "len": 2
  },
  {
    "name": "樹",
    "message": "「哇！？被吃了！？」",
    "len": 1
  },
  {
    "name": "式子",
    "message": "「哎呀哎呀，帕克君，不行哦～！不能把那个放进嘴里！」",
    "len": 2
  },
  {
    "name": "樹",
    "message": "「等、等一下式子桑！这食虫植物！请把它从我脚上拿开！」",
    "len": 2
  },
  {
    "name": "式子",
    "message": "「哎～～好，稍等一下哦？」",
    "len": 1
  },
  {
    "name": "式子",
    "message": "「帕克君，张嘴，啊～～！挠挠挠！看，取出来啦」",
    "len": 2
  },
  {
    "name": "樹",
    "message": "「哇啊啊啊啊，这是什么啊！我的脚没被消化掉吧！？」",
    "len": 2
  },
  {
    "name": "式子",
    "message": "「对不起啦～，今天回来晚了，这孩子好像饿坏了～」",
    "len": 2
  },
  {
    "name": "樹",
    "message": "「……真是的，你到这个时候都在干什么啊？」",
    "len": 2
  },
  {
    "name": "式子",
    "message": "「妈妈？我在花店帮忙呢～」",
    "len": 1
  },
  {
    "name": "樹",
    "message": "「是那家花园商店吗？」",
    "len": 1
  },
  {
    "name": "式子",
    "message": "「嗯，前几天给他们添麻烦了。来了好多拿枪的警察」",
    "len": 2
  },
  {
    "name": "樹",
    "message": "「是啊，都是因为这株食人花」",
    "len": 2
  },
  {
    "name": "式子",
    "message": "「所以啦～，我去道歉了。结果呢，就被拜托了各种事情～」",
    "len": 2
  },
  {
    "name": "樹",
    "message": "「你在当销售员吗？」",
    "len": 1
  },
  {
    "name": "式子",
    "message": "「唔，不是哦，我在制作花朵呢～」",
    "len": 1
  },
  {
    "name": "樹",
    "message": "「诶？那就是平常的……那种」",
    "len": 1
  },
  {
    "name": "式子",
    "message": "「我在店长面前展示了妈妈会做这种东西，然后他就问我能不能做这个，能不能做那个……」",
    "len": 2
  },
  {
    "name": "式子",
    "message": "「啊哈哈哈～，不愧是累坏了呢～」",
    "len": 1
  },
  {
    "name": "樹",
    "message": "「啊，那个……，顺便问一下，是什么花？」",
    "len": 1
  },
  {
    "name": "式子",
    "message": "「普通的哦～，兰花之类的」",
    "len": 1
  },
  {
    "message": "兰花啊……有些价格高得离谱，动辄百万五百万的吧？",
    "len": 2
  },
  {
    "name": "式子",
    "message": "「但是，光是帮忙还是不够的呢～，果然还是得赔偿被破坏的店铺才行……」",
    "len": 2
  },
  {
    "name": "樹",
    "message": "「式子桑，那个，没必要的」",
    "len": 1
  },
  {
    "name": "式子",
    "message": "「诶，真的可以吗～？」",
    "len": 1
  },
  {
    "name": "樹",
    "message": "「我想，现在他们可能已经赚到足够建一栋大楼的钱了」",
    "len": 1
  },
  {
    "name": "式子",
    "message": "「是这样吗～？」",
    "len": 1
  },
  {
    "message": "总觉得这个人有点不靠谱啊……",
    "len": 1
  },
  {
    "name": "樹",
    "message": "「总之，那个东西不能给别人看！无论被怎么恳求」",
    "len": 2
  },
  {
    "name": "式子",
    "message": "「嗯，如果是树君说的，我就照做～」",
    "len": 1
  },
  {
    "name": "樹",
    "message": "「真的，拜托你了」",
    "len": 1
  },
  {
    "name": "式子",
    "message": "「那么，从今以后，我就只为树君使用它哦！」",
    "len": 1
  },
  {
    "message": "即便她这么说……",
    "len": 1
  },
  {
    "name": "樹",
    "message": "「那个东西只限于植物吧？」",
    "len": 1
  },
  {
    "name": "式子",
    "message": "「嗯，是这样的哦～」",
    "len": 1
  },
  {
    "message": "果然，感觉没什么用处啊……",
    "len": 1
  },
  {
    "name": "樹",
    "message": "「不过啊，为什么偏偏是植物呢？妈妈有那么喜欢绿色吗……」",
    "len": 2
  },
  {
    "name": "式子",
    "message": "「她很喜欢哦～，小时候的梦想就是住在大森林里的小房子里呢～」",
    "len": 2
  },
  {
    "name": "樹",
    "message": "「哈，真像童话故事啊」",
    "len": 1
  },
  {
    "name": "式子",
    "message": "「我超爱有树有草有花的森林～，现在也一样哦？」",
    "len": 2
  },
  {
    "name": "式子",
    "message": "「森林呢，是由各种不同的生物聚集在一起，创造出一个世界，对吧～？」",
    "len": 2
  },
  {
    "name": "式子",
    "message": "「少了什么或多了什么都会破坏平衡，大家互相帮助，所有的生命都得到了滋养」",
    "len": 2
  },
  {
    "name": "樹",
    "message": "「呃……你说的是生态系统吗」",
    "len": 1
  },
  {
    "name": "式子",
    "message": "「对对，就是那个～」",
    "len": 1
  },
  {
    "name": "樹",
    "message": "「我在网上查过，那个真的很厉害呢，就像是大自然创造的系统一样……」",
    "len": 2
  },
  {
    "name": "式子",
    "message": "「嗯嗯，真是不可思议呢～」",
    "len": 1
  },
  {
    "message": "就在式子桑身边，一朵看起来随时可能破坏生态系统的食人花也跟着一起点头。",
    "len": 2
  },
  {
    "name": "式子",
    "message": "「呐，这个蛋糕怎么样？」",
    "len": 1
  },
  {
    "name": "樹",
    "message": "「啊，那是姬子猫做的哦」",
    "len": 1
  },
  {
    "name": "式子",
    "message": "「哎呀～，真的吗？」",
    "len": 1
  },
  {
    "name": "樹",
    "message": "「味道嘛有点……不过，还是挺能吃的哦？」",
    "len": 2
  },
  {
    "name": "式子",
    "message": "「哎呀哎呀，真厉害呢～！真乖真乖～！」",
    "len": 2
  },
  {
    "name": "ギズモ",
    "message": "「喵呜～，咕噜咕噜」",
    "len": 1
  },
  {
    "name": "式子",
    "message": "「不过对不起啦～，妈妈不能吃这种东西～」",
    "len": 2
  },
  {
    "name": "式子",
    "message": "「没关系，让帕克君来吃吧～」",
    "len": 1
  },
  {
    "name": "ギズモ",
    "message": "「喵？喵？」",
    "len": 1
  },
  {
    "name": "式子",
    "message": "「来～，帕克君吃饭啦～！啊～～」",
    "len": 1
  },
  {
    "message": "呜呜……那朵花在吃蛋糕…………",
    "len": 1
  },
  {
    "name": "式子",
    "message": "「来，塔君也张嘴，啊～～」",
    "len": 1
  },
  {
    "name": "樹",
    "message": "「啊，谢谢」",
    "len": 1
  },
  {
    "name": "式子",
    "message": "「呵呵～，好吃吗？」",
    "len": 1
  },
  {
    "name": "樹",
    "message": "「甜得快要吐了」",
    "len": 1
  },
  {
    "name": "式子",
    "message": "「说起来，今天是圣诞节呢～」",
    "len": 1
  },
  {
    "name": "樹",
    "message": "「是啊，虽然变成了奇怪的一天」",
    "len": 1
  },
  {
    "name": "式子",
    "message": "「对不起啊～，塔君，是不是觉得很寂寞？」",
    "len": 1
  },
  {
    "name": "樹",
    "message": "「不，没什么，我觉得这样就挺好的」",
    "len": 1
  },
  {
    "name": "式子",
    "message": "「是这样吗～？」",
    "len": 1
  },
  {
    "name": "樹",
    "message": "「嗯，嘛……」",
    "len": 1
  },
  {
    "name": "式子",
    "message": "「………………」",
    "len": 1
  },
  {
    "name": "式子",
    "message": "「那个啊，塔君，刚才说的森林的事……可以吗？」",
    "len": 2
  },
  {
    "name": "樹",
    "message": "「什么事？」",
    "len": 1
  },
  {
    "name": "式子",
    "message": "「妈妈啊，觉得如果家人能像森林一样，那该多美好啊～」",
    "len": 2
  },
  {
    "name": "樹",
    "message": "「啊？」",
    "len": 1
  },
  {
    "name": "式子",
    "message": "「一个小小的森林……那样的家庭……」",
    "len": 1
  },
  {
    "name": "式子",
    "message": "「虽然只是个梦想啦～，嘿嘿，不知道行不行呢～」",
    "len": 1
  },
  {
    "message": "小小的森林……吗。",
    "len": 1
  },
  {
    "name": "樹",
    "message": "「我大概能想象得到」",
    "len": 1
  },
  {
    "name": "式子",
    "message": "「虽然妈妈现在还完全不行，但我真想试试那样呢～」",
    "len": 2
  },
  {
    "name": "式子",
    "message": "「不过，先反省今天的事吧！嘿嘿～」",
    "len": 1
  },
  {
    "message": "她一边用小拳头轻轻敲着自己的头一边说道。",
    "len": 1
  },
  {
    "name": "樹",
    "message": "「感觉真的像个18岁左右的女孩啊……」",
    "len": 1
  },
  {
    "name": "式子",
    "message": "「啊～，真是的啦～！妈妈可是个有点色色的奶味小宝贝哦？」",
    "len": 2
  },
  {
    "name": "樹",
    "message": "「所以说，这种话我听不懂啊！」",
    "len": 1
  },
  {
    "name": "式子",
    "message": "「呵呵～，没关系没关系！听不懂也没关系！」",
    "len": 1
  },
  {
    "message": "对于什么都没看到的我来说，通过看到某些东西。",
    "len": 1
  },
  {
    "message": "如果能诞生出一个世界的话。",
    "len": 1
  },
  {
    "message": "那会是一个充满绿意和阳光的世界。",
    "len": 1
  },
  {
    "message": "就像一片小小的森林。",
    "len": 1
  },
  {
    "message": "那样的话，或许会很不错。",
    "len": 1
  },
  {
    "message": "看着在我眼前如春日暖阳般微笑的女孩。",
    "len": 1
  },
  {
    "message": "我不禁这样想道——。",
    "len": 1
  }
]