[
  {
    "name": "琴子",
    "message": "「蛋糕，我吃得很饱，谢谢款待」",
    "len": 1
  },
  {
    "name": "樹",
    "message": "「啊，真不好意思，让你试吃了」",
    "len": 1
  },
  {
    "name": "琴子",
    "message": "「没关系，虽然糖分稍多了点，但很好吃哦？」",
    "len": 2
  },
  {
    "name": "樹",
    "message": "「这家伙总是不由自主地按自己的口味调味呢」",
    "len": 2
  },
  {
    "name": "ギズモ",
    "message": "「喵～～」",
    "len": 1
  },
  {
    "name": "琴子",
    "message": "「呵呵呵，小猫咪，困了吗？」",
    "len": 1
  },
  {
    "name": "ギズモ",
    "message": "「不睡」",
    "len": 1
  },
  {
    "name": "ギズモ",
    "message": "「喵呼～～～」",
    "len": 1
  },
  {
    "name": "樹",
    "message": "「哎呀，在这种地方睡着了……喂，姬子猫！」",
    "len": 2
  },
  {
    "name": "ギズモ",
    "message": "「嗯啊，呼～～～」",
    "len": 1
  },
  {
    "name": "樹",
    "message": "「不行，这家伙怎么也叫不醒啊」",
    "len": 1
  },
  {
    "name": "琴子",
    "message": "「肯定是做了不习惯的事情太累了吧」",
    "len": 1
  },
  {
    "name": "樹",
    "message": "「这家伙确实挺努力的呢」",
    "len": 1
  },
  {
    "name": "琴子",
    "message": "「就这样让她睡吧？」",
    "len": 1
  },
  {
    "name": "樹",
    "message": "「也好，待会儿我去拿条毯子来」",
    "len": 1
  },
  {
    "name": "琴子",
    "message": "「不好意思啊，哥」",
    "len": 1
  },
  {
    "name": "樹",
    "message": "「没事没事」",
    "len": 1
  },
  {
    "name": "琴子",
    "message": "「啊，对了，也给回来的人切点蛋糕吧」",
    "len": 2
  },
  {
    "name": "樹",
    "message": "「OK，那现在就来搞定吧」",
    "len": 1
  },
  {
    "name": "琴子",
    "message": "「我去拿盘子和保鲜膜」",
    "len": 1
  },
  {
    "message": "真是干净利落啊。",
    "len": 1
  },
  {
    "message": "果然琴子是我们家的指挥官啊。",
    "len": 1
  },
  {
    "name": "琴子",
    "message": "「哥，这个盘子可以吗？」",
    "len": 1
  },
  {
    "name": "樹",
    "message": "「谢啦，正合适」",
    "len": 1
  },
  {
    "name": "琴子",
    "message": "「我们还是做个标记吧。巧克力多的那个是……」",
    "len": 2
  },
  {
    "message": "我在盘子前放了一个未开封的方便面。",
    "len": 1
  },
  {
    "name": "琴子",
    "message": "「水果多的是……」",
    "len": 1
  },
  {
    "message": "我放了一个小盆栽香草。",
    "len": 1
  },
  {
    "name": "琴子",
    "message": "「然后，奶油多的是……嗯……」",
    "len": 2
  },
  {
    "message": "想了一会儿后，我从口袋里拿出一块小石头放在那里。",
    "len": 1
  },
  {
    "name": "樹",
    "message": "「那块石头是？」",
    "len": 1
  },
  {
    "name": "琴子",
    "message": "「是姐姐给我的石头」",
    "len": 1
  },
  {
    "name": "樹",
    "message": "「啊？这样好吗？」",
    "len": 1
  },
  {
    "name": "琴子",
    "message": "「嗯，因为我有这么多」",
    "len": 1
  },
  {
    "message": "琴子从口袋里掏出一把小石子给我看。",
    "len": 1
  },
  {
    "name": "樹",
    "message": "「那是什么啊？为什么会有石头……」",
    "len": 1
  },
  {
    "name": "琴子",
    "message": "「这些全都是陨石」",
    "len": 1
  },
  {
    "name": "樹",
    "message": "「啊！？」",
    "len": 1
  },
  {
    "name": "琴子",
    "message": "「姐姐每次捡到这种东西，都会全部给我」",
    "len": 2
  },
  {
    "name": "琴子",
    "message": "「因为她知道我喜欢流星……」",
    "len": 1
  },
  {
    "message": "结衣姐姐，原来她一直在做这种事啊。我都不知道……",
    "len": 2
  },
  {
    "name": "琴子",
    "message": "「呵呵，不过很有意思呢！」",
    "len": 1
  },
  {
    "name": "琴子",
    "message": "「哥哥是夜空中的流星。姐姐是落下的流星」",
    "len": 2
  },
  {
    "name": "琴子",
    "message": "「明明是同样的星星，却有这么大的区别……嘻嘻嘻嘻！」",
    "len": 2
  },
  {
    "message": "琴子似乎觉得很有趣，难得地咯咯笑了起来。",
    "len": 1
  },
  {
    "name": "樹",
    "message": "「不过，陨石居然能这么随便就捡到啊……」",
    "len": 1
  },
  {
    "name": "琴子",
    "message": "「当然能捡到啊？虽然只有这个城市有这么多陨石掉落」",
    "len": 2
  },
  {
    "name": "樹",
    "message": "「为什么会有这么多呢？」",
    "len": 1
  },
  {
    "name": "琴子",
    "message": "「我读过的论文说，这是由地磁引起的」",
    "len": 1
  },
  {
    "name": "樹",
    "message": "「地磁？」",
    "len": 1
  },
  {
    "name": "琴子",
    "message": "「据说这座城市建在一种在其他地方看不到的特殊地层上……」",
    "len": 2
  },
  {
    "name": "樹",
    "message": "「嗯～？这听起来有点像神秘学啊」",
    "len": 1
  },
  {
    "name": "琴子",
    "message": "「呵呵，要是让写这个的人听到了，肯定会生气的哦？」",
    "len": 1
  },
  {
    "name": "樹",
    "message": "「谁写的啊？」",
    "len": 1
  },
  {
    "name": "琴子",
    "message": "「七枷电卓——是爸爸的大学毕业论文」",
    "len": 1
  },
  {
    "name": "樹",
    "message": "「啊！？真的假的！？」",
    "len": 1
  },
  {
    "name": "琴子",
    "message": "「这可是千真万确」",
    "len": 1
  },
  {
    "name": "琴子",
    "message": "「虽然现在看起来不像，但听说他学生时代是个很有前途的优秀研究者呢……」",
    "len": 2
  },
  {
    "message": "那他到底是怎么走错路，变成了这么个一事无成的普通上班族的？",
    "len": 2
  },
  {
    "name": "琴子",
    "message": "「就连我看来，爸爸的论文也是很新颖的，观点的犀利程度也相当不错」",
    "len": 2
  },
  {
    "name": "樹",
    "message": "「嘿～，那个电卓脑袋啊～」",
    "len": 1
  },
  {
    "message": "人的未来啊，真是难以预料……不，现在已经是过去的事了吧。",
    "len": 2
  },
  {
    "name": "琴子",
    "message": "「那个，哥哥……，时间不早了」",
    "len": 1
  },
  {
    "name": "樹",
    "message": "「啊，已经这么晚了吗」",
    "len": 1
  },
  {
    "name": "琴子",
    "message": "「抱歉，我可以先告辞了吗？」",
    "len": 1
  },
  {
    "name": "樹",
    "message": "「嗯，我再在这里待一会儿」",
    "len": 1
  },
  {
    "name": "琴子",
    "message": "「看着猫咪就困了呢，呵呵」",
    "len": 1
  },
  {
    "name": "樹",
    "message": "「让你陪到这么晚真是不好意思啊，琴子」",
    "len": 1
  },
  {
    "name": "琴子",
    "message": "「嗯，那晚安了，哥哥」",
    "len": 1
  },
  {
    "name": "樹",
    "message": "「嗯，晚安」",
    "len": 1
  },
  {
    "name": "樹",
    "message": "「呼……」",
    "len": 1
  },
  {
    "message": "总之今天就到此为止了吧……",
    "len": 1
  },
  {
    "message": "结果，出去的那三个人到现在都没回来啊。",
    "len": 1
  },
  {
    "message": "……啧，在这种日子里搞什么啊？圣诞节有那么稀奇吗？",
    "len": 2
  },
  {
    "name": "樹",
    "message": "「哈啊啊啊～」",
    "len": 1
  },
  {
    "message": "不管他们了，我也该睡了吧……？",
    "len": 1
  },
  {
    "name": "樹",
    "message": "「…………」",
    "len": 1
  },
  {
    "message": "但是，还是有点在意啊。",
    "len": 1
  },
  {
    "message": "傍晚看到的结衣姐……",
    "len": 1
  },
  {
    "name": "結衣",
    "message": "「……差不多该……」",
    "len": 1
  },
  {
    "name": "結衣",
    "message": "「对啊，就选那个地方吧……」",
    "len": 1
  },
  {
    "message": "那到底是什么呢？",
    "len": 1
  },
  {
    "message": "我以为可能是公园，刚才出去的时候去看了看……",
    "len": 2
  },
  {
    "message": "但是平常的长椅周围和铺石广场上都没有人。",
    "len": 2
  },
  {
    "message": "所以我想，大概是在其他地方吧。",
    "len": 1
  },
  {
    "message": "可是到这么晚还不回来的话……",
    "len": 1
  },
  {
    "name": "樹",
    "message": "「难道说……」",
    "len": 1
  },
  {
    "message": "果然还是在公园吗？",
    "len": 1
  },
  {
    "message": "是不是去了我没找的深处的树林或者池塘那边？",
    "len": 1
  },
  {
    "message": "那个公园很大，光是粗略看一眼是看不出来的。",
    "len": 1
  },
  {
    "name": "樹",
    "message": "「……要不要去看看？」",
    "len": 1
  },
  {
    "message": "虽然不愿意这么想……",
    "len": 1
  },
  {
    "message": "不会游泳的结衣姐姐，一个人坐上了小船。",
    "len": 1
  },
  {
    "message": "在没人看见的时候，扑通一声掉进了池子里……",
    "len": 1
  },
  {
    "name": "樹",
    "message": "「啊，总觉得有点不安……」",
    "len": 1
  },
  {
    "name": "樹",
    "message": "「再去公园看看吧！」",
    "len": 1
  },
  {
    "name": "樹",
    "message": "「哈啊……真是个让人操心的姐姐啊……」",
    "len": 1
  },
  {
    "name": "樹",
    "message": "「靠，好冷～！」",
    "len": 1
  },
  {
    "message": "话说回来，结衣姐姐居然把陨石送给琴子，真是意外啊。",
    "len": 2
  },
  {
    "message": "不过话说回来，掉在地上的话，不就是普通的石头吗。",
    "len": 1
  },
  {
    "message": "不过，即便如此，结衣姐姐还是送了礼物，真是很有她的风格啊。",
    "len": 2
  },
  {
    "message": "从以前开始，结衣姐姐就和琴子保持着微妙的距离……",
    "len": 2
  },
  {
    "message": "虽然也有我成了琴子的照顾者这个原因吧。",
    "len": 2
  },
  {
    "message": "在琴子面前，她总是显得有些拘谨，变得疏远起来……",
    "len": 2
  },
  {
    "name": "結衣",
    "message": "「树，你来照顾她吧」",
    "len": 1
  },
  {
    "name": "結衣",
    "message": "「树，你带她出去玩吧」",
    "len": 1
  },
  {
    "message": "……结果，最后只剩下我和琴子。",
    "len": 1
  },
  {
    "message": "一直都是这种感觉。",
    "len": 1
  },
  {
    "message": "不过，听了刚才那个陨石的事。",
    "len": 1
  },
  {
    "message": "果然，姐姐还是以她自己的方式在关心琴子吧？",
    "len": 2
  },
  {
    "message": "在我看不到的地方……",
    "len": 1
  },
  {
    "name": "樹",
    "message": "「这样的姐姐大人……」",
    "len": 1
  },
  {
    "name": "樹",
    "message": "「在这种地方到底在干什么啊？」",
    "len": 1
  },
  {
    "message": "已经空无一人的深夜公园……",
    "len": 1
  },
  {
    "message": "在薄薄积雪的广场中央，结衣姐姐一个人站在那里。",
    "len": 2
  },
  {
    "name": "結衣",
    "message": "「是树啊……」",
    "len": 1
  },
  {
    "name": "樹",
    "message": "「别'是树啊'了。赶紧回家吧？」",
    "len": 2
  },
  {
    "name": "結衣",
    "message": "「正好，你也来看看吧」",
    "len": 1
  },
  {
    "name": "樹",
    "message": "「看什么？」",
    "len": 1
  },
  {
    "name": "結衣",
    "message": "「美丽的景色」",
    "len": 1
  },
  {
    "name": "樹",
    "message": "「算了，反正很冷」",
    "len": 1
  },
  {
    "name": "結衣",
    "message": "「哼，你也一样啊」",
    "len": 1
  },
  {
    "name": "樹",
    "message": "「一样？」",
    "len": 1
  },
  {
    "name": "結衣",
    "message": "「刚才还在这里乱哄哄的那些蠢情侣。下雪后，漂亮地消失得无影无踪了」",
    "len": 2
  },
  {
    "name": "樹",
    "message": "「嗯，毕竟是圣诞节嘛」",
    "len": 1
  },
  {
    "name": "結衣",
    "message": "「太吵了，所以结衣逃到森林深处去了。现在终于安静下来了」",
    "len": 2
  },
  {
    "message": "难怪我最开始找的时候没找到她。",
    "len": 1
  },
  {
    "name": "結衣",
    "message": "「树，那些家伙有什么好玩的，能在公园长椅上叽叽喳喳两三个小时？」",
    "len": 2
  },
  {
    "name": "樹",
    "message": "「谁知道呢……我也不太明白，但可能只是在一起就觉得开心吧？」",
    "len": 2
  },
  {
    "name": "結衣",
    "message": "「那么，就该默默地待在一起」",
    "len": 1
  },
  {
    "name": "樹",
    "message": "「那样的话，会不会觉得尴尬啊？」",
    "len": 1
  },
  {
    "name": "結衣",
    "message": "「非得一直说个不停算什么啊？」",
    "len": 1
  },
  {
    "name": "樹",
    "message": "「结衣姐姐不喜欢吵闹呢……」",
    "len": 1
  },
  {
    "name": "結衣",
    "message": "「与其说不喜欢，不如说是讨厌」",
    "len": 1
  },
  {
    "name": "樹",
    "message": "「一直都是这样吗？」",
    "len": 1
  },
  {
    "name": "結衣",
    "message": "「三年前之前是这样的」",
    "len": 1
  },
  {
    "name": "結衣",
    "message": "「之后，为了改变自己，我试着和那些吵闹的人交往」",
    "len": 2
  },
  {
    "name": "結衣",
    "message": "「然后，现在只是回到原来的样子罢了」",
    "len": 1
  },
  {
    "name": "樹",
    "message": "「这也是「这边的结衣姐姐」的台词？」",
    "len": 1
  },
  {
    "name": "結衣",
    "message": "「差不多吧」",
    "len": 1
  },
  {
    "name": "樹",
    "message": "「我，总觉得有点明白了……」",
    "len": 1
  },
  {
    "name": "樹",
    "message": "「爸爸和妈妈「飞」了20多年，而结衣姐姐只「飞」了3年，是这样吗？」",
    "len": 2
  },
  {
    "name": "結衣",
    "message": "「你的直觉还不错嘛」",
    "len": 1
  },
  {
    "name": "樹",
    "message": "「叫它推理好不好」",
    "len": 1
  },
  {
    "name": "結衣",
    "message": "「不过，你只说对了一部分」",
    "len": 1
  },
  {
    "name": "樹",
    "message": "「什么意思？」",
    "len": 1
  },
  {
    "name": "結衣",
    "message": "「嗯……」",
    "len": 1
  },
  {
    "name": "結衣",
    "message": "「我们坐下聊吧？就那边的长椅上」",
    "len": 1
  },
  {
    "name": "樹",
    "message": "「啊，行啊」",
    "len": 1
  },
  {
    "name": "結衣",
    "message": "「和你一起坐下的话，也许就能明白了……」",
    "len": 1
  },
  {
    "name": "樹",
    "message": "「明白什么？」",
    "len": 1
  },
  {
    "name": "結衣",
    "message": "「傻瓜情侣的心情啊」",
    "len": 1
  },
  {
    "message": "我和结衣姐并排坐在长椅上。",
    "len": 1
  },
  {
    "message": "正好是我平常午睡的那张长椅。",
    "len": 1
  },
  {
    "name": "樹",
    "message": "「果然还是很冷啊，结衣姐」",
    "len": 1
  },
  {
    "name": "結衣",
    "message": "「那就再靠近点嘛。贴在一起就不冷了吧？」",
    "len": 2
  },
  {
    "name": "樹",
    "message": "「诶，那样太害羞了……」",
    "len": 1
  },
  {
    "name": "結衣",
    "message": "「别说得那么像大人。明明还尿床让结衣给你洗屁股呢」",
    "len": 2
  },
  {
    "name": "樹",
    "message": "「那是小时候的事了吧！」",
    "len": 1
  },
  {
    "name": "結衣",
    "message": "「哼哼，现在也一样哦。弟弟真是太需要照顾了」",
    "len": 2
  },
  {
    "name": "樹",
    "message": "「切，你说得倒轻巧」",
    "len": 1
  },
  {
    "name": "結衣",
    "message": "「呐，树……」",
    "len": 1
  },
  {
    "name": "樹",
    "message": "「怎么了？」",
    "len": 1
  },
  {
    "name": "結衣",
    "message": "「开心吗？」",
    "len": 1
  },
  {
    "name": "樹",
    "message": "「用言语来问这个感觉有点奇怪啊」",
    "len": 1
  },
  {
    "name": "結衣",
    "message": "「呵呵，说得也是呢」",
    "len": 1
  },
  {
    "name": "樹",
    "message": "「我很开心哦，和现在的结衣姐在一起的时候」",
    "len": 1
  },
  {
    "name": "結衣",
    "message": "「真的吗？」",
    "len": 1
  },
  {
    "name": "樹",
    "message": "「骗你有什么好处啊」",
    "len": 1
  },
  {
    "name": "結衣",
    "message": "「那结衣可要高兴了，没问题吧？」",
    "len": 1
  },
  {
    "name": "樹",
    "message": "「请，不用客气」",
    "len": 1
  },
  {
    "name": "結衣",
    "message": "「嘿嘿～～」",
    "len": 1
  },
  {
    "name": "樹",
    "message": "「…………………………」",
    "len": 1
  },
  {
    "name": "結衣",
    "message": "「说点什么啊」",
    "len": 1
  },
  {
    "name": "樹",
    "message": "「噗……哈哈哈哈哈哈！」",
    "len": 1
  },
  {
    "name": "結衣",
    "message": "「这、这家伙，真没礼貌！」",
    "len": 1
  },
  {
    "name": "樹",
    "message": "「哈哈哈！对不起对不起！那个反应太有趣了！」",
    "len": 2
  },
  {
    "name": "結衣",
    "message": "「呜呜……我再也不为你高兴了！」",
    "len": 1
  },
  {
    "name": "樹",
    "message": "「哈哈，抱歉啦，结衣姐！我也是因为太高兴了」",
    "len": 2
  },
  {
    "name": "結衣",
    "message": "「那你一开始就该高兴啊，笨蛋」",
    "len": 1
  },
  {
    "name": "樹",
    "message": "「……！？」",
    "len": 1
  },
  {
    "name": "結衣",
    "message": "「……嗯？」",
    "len": 1
  },
  {
    "name": "樹",
    "message": "「地面好像……不，是雪吗？你能看到吗？结衣姐？」",
    "len": 2
  },
  {
    "name": "結衣",
    "message": "「啊，我能看到」",
    "len": 1
  },
  {
    "name": "樹",
    "message": "「好像在发出蓝色的光……」",
    "len": 1
  },
  {
    "name": "結衣",
    "message": "「这就是结衣想要给你看的景色」",
    "len": 1
  },
  {
    "name": "樹",
    "message": "「诶？」",
    "len": 1
  },
  {
    "name": "結衣",
    "message": "「很漂亮吧？这个公园积雪后就会变成这个样子」",
    "len": 2
  },
  {
    "name": "樹",
    "message": "「这是地面在发光吗？」",
    "len": 1
  },
  {
    "name": "結衣",
    "message": "「是土里的什么东西反射到雪上了」",
    "len": 1
  },
  {
    "name": "樹",
    "message": "「什么东西？」",
    "len": 1
  },
  {
    "name": "結衣",
    "message": "「我也不太清楚」",
    "len": 1
  },
  {
    "name": "樹",
    "message": "「嗯～……，不过真漂亮啊，这个」",
    "len": 1
  },
  {
    "name": "結衣",
    "message": "「要不要给你看更漂亮的东西？」",
    "len": 1
  },
  {
    "name": "樹",
    "message": "「还有什么吗？」",
    "len": 1
  },
  {
    "name": "結衣",
    "message": "「这是专门为你准备的」",
    "len": 1
  },
  {
    "name": "結衣",
    "message": "「怎么样，树？能看到吗？」",
    "len": 1
  },
  {
    "message": "在这奇妙的景色中，结衣姐为其添加了一抹透明的色彩。",
    "len": 1
  },
  {
    "message": "本不应该能看到的雪花结晶，正在空中翩翩起舞。",
    "len": 1
  },
  {
    "message": "就像是用水晶制成的装饰品一般。",
    "len": 1
  },
  {
    "message": "飘落的雪花在经过结衣姐周围的空间时，瞬间变成了被切割成几何图案的宝石。",
    "len": 2
  },
  {
    "name": "樹",
    "message": "「……姐姐……那、那个…………」",
    "len": 1
  },
  {
    "name": "結衣",
    "message": "「我不是说过吗？结衣是电波塔的幽灵哦」",
    "len": 2
  },
  {
    "message": "我完全不明白她在说什么，只是一直盯着结衣姐看。",
    "len": 2
  },
  {
    "name": "結衣",
    "message": "「怎么了？害怕了吗？」",
    "len": 1
  },
  {
    "name": "樹",
    "message": "「…………」",
    "len": 1
  },
  {
    "name": "結衣",
    "message": "「你要是想逃走也没关系哦」",
    "len": 1
  },
  {
    "name": "樹",
    "message": "「……不，我不会逃的」",
    "len": 1
  },
  {
    "message": "说实话，只是我的腿动不了而已。",
    "len": 1
  },
  {
    "name": "結衣",
    "message": "「别勉强自己，我知道你其实挺胆小的」",
    "len": 2
  },
  {
    "name": "樹",
    "message": "「哈哈，毕竟是结衣姐啊……」",
    "len": 1
  },
  {
    "name": "結衣",
    "message": "「哼，看来你比我想象的冷静嘛？」",
    "len": 1
  },
  {
    "name": "樹",
    "message": "「总觉得会变成这样」",
    "len": 1
  },
  {
    "name": "結衣",
    "message": "「哦？」",
    "len": 1
  },
  {
    "name": "樹",
    "message": "「在这个公园里，结衣姐想对那只鸽子做什么的时候……」",
    "len": 2
  },
  {
    "name": "結衣",
    "message": "「啊，你说那只虚弱的家伙啊」",
    "len": 1
  },
  {
    "name": "樹",
    "message": "「果然，那只鸽子……」",
    "len": 1
  },
  {
    "name": "結衣",
    "message": "「我本打算把它变成水晶」",
    "len": 1
  },
  {
    "name": "樹",
    "message": "「为什么要做这种事？」",
    "len": 1
  },
  {
    "name": "結衣",
    "message": "「你居然会问这个？」",
    "len": 1
  },
  {
    "name": "樹",
    "message": "「这是什么意思？」",
    "len": 1
  },
  {
    "name": "結衣",
    "message": "「你应该比起死亡更渴望永恒才对」",
    "len": 1
  },
  {
    "name": "樹",
    "message": "「我什么时候……」",
    "len": 1
  },
  {
    "name": "結衣",
    "message": "「还没想起来吗……」",
    "len": 1
  },
  {
    "message": "结衣姐抓住我的手，把它按在了她自己的胸口上。",
    "len": 2
  },
  {
    "name": "樹",
    "message": "「啊……！？」",
    "len": 1
  },
  {
    "message": "从接触结衣姐的掌心传来了柔软但……冰冷的触感。",
    "len": 2
  },
  {
    "name": "結衣",
    "message": "「怎么样？这样做已经是第二次了哦」",
    "len": 2
  },
  {
    "name": "樹",
    "message": "「结衣姐！」",
    "len": 1
  },
  {
    "name": "結衣",
    "message": "「三年前，在草地上的铁塔下……」",
    "len": 1
  },
  {
    "name": "樹",
    "message": "「……啊？」",
    "len": 1
  },
  {
    "name": "結衣",
    "message": "「你一直在哭吧……」",
    "len": 1
  },
  {
    "message": "那是……。",
    "len": 1
  },
  {
    "name": "結衣",
    "message": "「然后，你憎恨着。憎恨这个世界会有'终结'」",
    "len": 2
  },
  {
    "message": "在琴子葬礼那天的……。",
    "len": 1
  },
  {
    "name": "結衣",
    "message": "「她已经消失了」",
    "len": 1
  },
  {
    "message": "——去哪里了？",
    "len": 1
  },
  {
    "name": "結衣",
    "message": "「哪里都不在了……。琴子的身体被火化成灰烬消失了」",
    "len": 2
  },
  {
    "message": "——为什么？",
    "len": 1
  },
  {
    "message": "——明明她一直都在这里的。",
    "len": 1
  },
  {
    "name": "結衣",
    "message": "「但是，现在她已经不在了」",
    "len": 1
  },
  {
    "message": "——明明我还能听到她的声音。",
    "len": 1
  },
  {
    "name": "結衣",
    "message": "「从今以后，也不会再在了」",
    "len": 1
  },
  {
    "message": "——明明我还抚摸过她那小小的头。",
    "len": 1
  },
  {
    "name": "結衣",
    "message": "「她已经消失不见了」",
    "len": 1
  },
  {
    "message": "——为什么啊！",
    "len": 1
  },
  {
    "message": "——为什么会消失啊！？",
    "len": 1
  },
  {
    "name": "結衣",
    "message": "「一切都结束了，树……」",
    "len": 1
  },
  {
    "name": "結衣",
    "message": "「总有一天会迎来终结……，你应该明白的吧？」",
    "len": 2
  },
  {
    "message": "——不要。",
    "len": 1
  },
  {
    "message": "——我不要。",
    "len": 1
  },
  {
    "message": "——要是没有结束就好了。",
    "len": 1
  },
  {
    "message": "——要是能一直那样就好了。",
    "len": 1
  },
  {
    "name": "結衣",
    "message": "「…………」",
    "len": 1
  },
  {
    "message": "——要是什么……都不会改变就好了……",
    "len": 1
  },
  {
    "name": "結衣",
    "message": "「那么，我们去那样的地方吧？」",
    "len": 1
  },
  {
    "message": "结衣姐姐把我抱在怀里说道。",
    "len": 1
  },
  {
    "name": "結衣",
    "message": "「看啊，树……，下雪了……」",
    "len": 1
  },
  {
    "name": "結衣",
    "message": "「这是能带我们去一个什么都不会改变的地方的雪」",
    "len": 2
  },
  {
    "message": "——可以吗？结衣姐姐？",
    "len": 1
  },
  {
    "name": "結衣",
    "message": "「只要和你在一起就好」",
    "len": 1
  },
  {
    "name": "結衣",
    "message": "「而且，结衣也想看看」",
    "len": 1
  },
  {
    "name": "結衣",
    "message": "「不，我一直都希望能一直那样」",
    "len": 1
  },
  {
    "name": "結衣",
    "message": "「听了你的话我就决定了」",
    "len": 1
  },
  {
    "name": "結衣",
    "message": "「我们一起成为永恒吧？在像琴子那样消失之前」",
    "len": 2
  },
  {
    "message": "——嗯，要是能那样就好了。",
    "len": 1
  },
  {
    "name": "結衣",
    "message": "「一定可以的，只要时间就此停止」",
    "len": 1
  },
  {
    "message": "——只要我们两个一直这样在一起。",
    "len": 1
  },
  {
    "name": "結衣",
    "message": "「一定，能成为永恒……」",
    "len": 3
  },
  {
    "message": "我想起来了……。那时，我们……。",
    "len": 2
  },
  {
    "name": "結衣",
    "message": "「你虽然没被说什么，但那之后，结衣可是被大人们狠狠地骂了一顿」",
    "len": 2
  },
  {
    "name": "結衣",
    "message": "「毕竟在雪地里待了一整晚。差点两个人都死掉了呢」",
    "len": 2
  },
  {
    "name": "樹",
    "message": "「对不起，都是因为我说了奇怪的话」",
    "len": 1
  },
  {
    "name": "結衣",
    "message": "「托你的福，这边的结衣完全消沉了，变成了不良少女……」",
    "len": 2
  },
  {
    "name": "樹",
    "message": "「呜呜……对不起……」",
    "len": 1
  },
  {
    "name": "結衣",
    "message": "「呵呵，不用道歉。那时候的你是对的」",
    "len": 2
  },
  {
    "name": "結衣",
    "message": "「虚弱的鸽子，终将变成丑陋的尸体消失」",
    "len": 1
  },
  {
    "name": "結衣",
    "message": "「人的思念，爱情，也终将消逝」",
    "len": 1
  },
  {
    "name": "結衣",
    "message": "「随着时间流逝，一切都会结束，一切都会改变」",
    "len": 1
  },
  {
    "name": "結衣",
    "message": "「树，你呢？现在还恨这个「世界」吗？」",
    "len": 2
  },
  {
    "name": "樹",
    "message": "「我、我是……」",
    "len": 1
  },
  {
    "name": "結衣",
    "message": "「结衣是」「我是」",
    "len": 2
  },
  {
    "name": "結衣",
    "message": "「为了实现你的愿望而来到这里」「是为了否定这个『世界』而被创造出来的存在」",
    "len": 2
  },
  {
    "name": "樹",
    "message": "「结衣姐姐……？」",
    "len": 1
  },
  {
    "name": "結衣",
    "message": "「怎么样？你会注视结衣吗？」",
    "len": 1
  },
  {
    "name": "樹",
    "message": "「……」",
    "len": 1
  },
  {
    "name": "樹",
    "message": "「…会的…………」",
    "len": 1
  },
  {
    "name": "樹",
    "message": "「啊啊……会注视的…………」",
    "len": 1
  },
  {
    "message": "因为无法将视线移开……。",
    "len": 1
  },
  {
    "message": "不由自主地这样低语着。",
    "len": 1
  },
  {
    "name": "結衣",
    "message": "「别轻易回答，笨蛋」",
    "len": 1
  },
  {
    "name": "樹",
    "message": "「呃！？」",
    "len": 1
  },
  {
    "name": "結衣",
    "message": "「呵呵，不过如果这是你真心所望的话」",
    "len": 1
  },
  {
    "name": "結衣",
    "message": "「下次一定会……」",
    "len": 1
  },
  {
    "message": "我们肩并肩走在雪中，踏上了回家的路。",
    "len": 1
  },
  {
    "message": "彼此都没什么特别要说的话，但是……",
    "len": 1
  },
  {
    "message": "仅仅是在一起，就莫名感到开心和温暖。",
    "len": 1
  },
  {
    "message": "真希望这样的时光能永远持续下去。",
    "len": 1
  },
  {
    "message": "有琴子在，有结衣姐姐在。",
    "len": 1
  },
  {
    "message": "还有爸爸妈妈和姬子猫在。",
    "len": 1
  },
  {
    "message": "这个世界……",
    "len": 1
  },
  {
    "message": "我根本不愿去想，它有朝一日会消失不见。",
    "len": 1
  },
  {
    "message": "所以……我……",
    "len": 1
  }
]