[
  {
    "name": "樹",
    "message": "「果然还是找不到啊……」",
    "len": 1
  },
  {
    "message": "不行，那帮家伙太自由散漫了。",
    "len": 1
  },
  {
    "message": "我们真的是一家人吗？",
    "len": 1
  },
  {
    "message": "这样的话，还不如以前呢……",
    "len": 1
  },
  {
    "name": "樹",
    "message": "「哈……我回来了」",
    "len": 1
  },
  {
    "name": "樹",
    "message": "「……嗯？」",
    "len": 1
  },
  {
    "message": "客厅还保持着我出门时的样子，蛋糕和点心都原封不动地摆在那里。",
    "len": 2
  },
  {
    "name": "樹",
    "message": "「姬子猫？不在吗？」",
    "len": 1
  },
  {
    "name": "ギズモ",
    "message": "「呼，嗯……，呼」",
    "len": 1
  },
  {
    "name": "樹",
    "message": "「原来在这儿啊……」",
    "len": 1
  },
  {
    "message": "姬子猫在沙发下面蜷缩成一团，发出均匀的呼吸声。",
    "len": 1
  },
  {
    "name": "ギズモ",
    "message": "「呼，呼，咕……」",
    "len": 1
  },
  {
    "name": "樹",
    "message": "「啧，睡得真香啊」",
    "len": 1
  },
  {
    "message": "这家伙在做什么美梦呢？",
    "len": 1
  },
  {
    "message": "是不是在梦见大家一起开派对……",
    "len": 1
  },
  {
    "name": "ギズモ",
    "message": "「喵罐头～，呼，呼」",
    "len": 1
  },
  {
    "message": "就这样不要吵醒它，让它安静地睡吧……",
    "len": 1
  },
  {
    "name": "樹",
    "message": "「对不起啊，姬子猫。你明明那么期待的……」",
    "len": 2
  },
  {
    "name": "ギズモ",
    "message": "「咕……，树……，呼，呼」",
    "len": 1
  },
  {
    "name": "樹",
    "message": "「好！那我现在就去吃蛋糕了！」",
    "len": 1
  },
  {
    "message": "我摆好盘子，切好了蛋糕。",
    "len": 1
  },
  {
    "message": "毕竟不可能全部吃完，那就把没回来的3人的份放进冰箱里吧。",
    "len": 2
  },
  {
    "message": "还有，琴子的那份该怎么办呢？她可能还没睡……",
    "len": 2
  },
  {
    "name": "樹",
    "message": "「对了，不如送到她房间去看看吧」",
    "len": 1
  },
  {
    "message": "没开暖气的走廊果然很冷。",
    "len": 1
  },
  {
    "message": "今晚的雪看来要积起来了，希望琴子穿得暖和点……",
    "len": 2
  },
  {
    "name": "樹",
    "message": "「琴子……还没睡吗？」",
    "len": 1
  },
  {
    "name": "琴子",
    "message": "「啊，哥哥，我还没睡呢」",
    "len": 1
  },
  {
    "name": "樹",
    "message": "「我带了蛋糕来，可以进去吗？」",
    "len": 1
  },
  {
    "name": "琴子",
    "message": "「嗯，请进」",
    "len": 1
  },
  {
    "name": "樹",
    "message": "「啊……该不会是要睡了吧？」",
    "len": 1
  },
  {
    "name": "琴子",
    "message": "「嗯，不过我还不困」",
    "len": 1
  },
  {
    "name": "樹",
    "message": "「抱歉啊，这么晚了还来打扰」",
    "len": 1
  },
  {
    "name": "琴子",
    "message": "「没事，话说蛋糕呢？」",
    "len": 1
  },
  {
    "name": "樹",
    "message": "「哦，在这儿呢！虽然看起来不怎么样，但味道还挺不错的哦」",
    "len": 2
  },
  {
    "name": "琴子",
    "message": "「呵呵，我一直很期待呢。可以吃了吗？」",
    "len": 2
  },
  {
    "name": "樹",
    "message": "「请随意」",
    "len": 1
  },
  {
    "name": "琴子",
    "message": "「好的，那我开动了……」",
    "len": 1
  },
  {
    "name": "樹",
    "message": "「…………」",
    "len": 1
  },
  {
    "name": "琴子",
    "message": "「嗯…………」",
    "len": 1
  },
  {
    "name": "樹",
    "message": "「怎、怎么样？」",
    "len": 1
  },
  {
    "name": "琴子",
    "message": "「还不错哦」",
    "len": 1
  },
  {
    "name": "樹",
    "message": "「真的还不错吗！」",
    "len": 1
  },
  {
    "name": "琴子",
    "message": "「这种风格也很美味呢」",
    "len": 1
  },
  {
    "name": "樹",
    "message": "「这种风格也！」",
    "len": 1
  },
  {
    "name": "琴子",
    "message": "「呵呵呵呵！哥哥，你真有趣」",
    "len": 1
  },
  {
    "name": "樹",
    "message": "「哈哈哈，总感觉好像是我自己做的一样担心呢！」",
    "len": 1
  },
  {
    "name": "琴子",
    "message": "「看来可以让猫咪桑尝试做些简单的料理了呢」",
    "len": 2
  },
  {
    "name": "樹",
    "message": "「嗯，只要不用火和刀具应该就没问题吧？」",
    "len": 1
  },
  {
    "name": "琴子",
    "message": "「哥哥，以后也请继续照顾那孩子哦」",
    "len": 2
  },
  {
    "name": "樹",
    "message": "「啊，那是当然的」",
    "len": 1
  },
  {
    "name": "琴子",
    "message": "「那孩子大概是连接我们的关键存在」",
    "len": 2
  },
  {
    "name": "琴子",
    "message": "「因为她比任何人都了解哥哥的愿望……」",
    "len": 1
  },
  {
    "message": "琴子瞬间露出了寂寞的表情。",
    "len": 1
  },
  {
    "name": "樹",
    "message": "「诶？琴子？」",
    "len": 1
  },
  {
    "name": "琴子",
    "message": "「我刚才稍微有点羡慕呢」",
    "len": 1
  },
  {
    "name": "樹",
    "message": "「羡慕？是姬子猫吗？」",
    "len": 1
  },
  {
    "name": "琴子",
    "message": "「三年前的哥哥一直陪在琴子身边，现在却只顾着那孩子」",
    "len": 2
  },
  {
    "name": "樹",
    "message": "「诶？那、那个……！」",
    "len": 1
  },
  {
    "name": "琴子",
    "message": "「有点小嫉妒呢」",
    "len": 1
  },
  {
    "name": "樹",
    "message": "「不是，但那只是只猫啊！你看！要是不盯着点可能会出事，那个……」",
    "len": 2
  },
  {
    "name": "琴子",
    "message": "「呵呵！我明白的，哥哥。刚才是我在捉弄你啦」",
    "len": 2
  },
  {
    "name": "樹",
    "message": "「哎呀，别吓我啊，琴子」",
    "len": 1
  },
  {
    "name": "琴子",
    "message": "「嘻嘻，对不起啦」",
    "len": 1
  },
  {
    "message": "说起来，三年前还没有姬子猫呢。",
    "len": 1
  },
  {
    "message": "确实比起那时候，和琴子在一起的时间可能减少了。",
    "len": 2
  },
  {
    "message": "是不是因此让她感到寂寞了呢……",
    "len": 1
  },
  {
    "name": "樹",
    "message": "「…………」",
    "len": 1
  },
  {
    "name": "琴子",
    "message": "「下雪了……呢……」",
    "len": 1
  },
  {
    "name": "樹",
    "message": "「啊，今晚看来会一直下呢」",
    "len": 1
  },
  {
    "name": "琴子",
    "message": "「可以让我任性一次吗？」",
    "len": 1
  },
  {
    "name": "樹",
    "message": "「嗯，什么事？」",
    "len": 1
  },
  {
    "name": "琴子",
    "message": "「等这场雪停了，下次能看到星空的时候……」",
    "len": 1
  },
  {
    "name": "琴子",
    "message": "「能再带我去那片草地吗？」",
    "len": 1
  },
  {
    "name": "樹",
    "message": "「草地啊……」",
    "len": 1
  },
  {
    "message": "我不太明白琴子为什么突然提出这样的要求。",
    "len": 2
  },
  {
    "name": "樹",
    "message": "「但是，你知道的吧？那片空地已经不在了」",
    "len": 1
  },
  {
    "message": "所以，我想不出什么巧妙的话来，只能回答这样平凡的台词。",
    "len": 2
  },
  {
    "name": "琴子",
    "message": "「我想再去一次」",
    "len": 1
  },
  {
    "name": "琴子",
    "message": "「想在那个地方，和哥哥一起看星星……」",
    "len": 1
  },
  {
    "name": "樹",
    "message": "「我理解你的心情，但是……」",
    "len": 1
  },
  {
    "name": "琴子",
    "message": "「果然，还是不行吗……」",
    "len": 1
  },
  {
    "name": "樹",
    "message": "「对不起，但已经不存在的东西我们也无能为力啊」",
    "len": 1
  },
  {
    "name": "琴子",
    "message": "「………………」",
    "len": 1
  },
  {
    "name": "琴子",
    "message": "「是啊，任性到此为止吧，我去睡了」",
    "len": 1
  },
  {
    "name": "樹",
    "message": "「琴子……」",
    "len": 1
  },
  {
    "name": "琴子",
    "message": "「晚安，哥哥」",
    "len": 1
  },
  {
    "name": "樹",
    "message": "「啊，嗯……晚安……」",
    "len": 1
  },
  {
    "message": "这样做真的好吗……？",
    "len": 1
  },
  {
    "message": "如果可能的话，我也想再去一次。",
    "len": 1
  },
  {
    "message": "那片草地，是我和琴子的回忆洒落的地方。",
    "len": 1
  },
  {
    "message": "不，曾经是那样的地方……",
    "len": 1
  },
  {
    "message": "但是，它已经消失了。",
    "len": 1
  },
  {
    "message": "想去见已经不存在的东西，这种事……",
    "len": 1
  },
  {
    "name": "樹",
    "message": "「……不存在的东西？」",
    "len": 1
  },
  {
    "message": "琴子是……",
    "len": 1
  },
  {
    "name": "樹",
    "message": "「…………」",
    "len": 1
  },
  {
    "message": "那么，琴子又是怎么回事呢？",
    "len": 1
  },
  {
    "message": "我现在正在和琴子相见。",
    "len": 1
  },
  {
    "message": "和本应失去的琴子……",
    "len": 1
  },
  {
    "name": "樹",
    "message": "「也许……」",
    "len": 1
  },
  {
    "message": "琴子想要说的是……",
    "len": 1
  },
  {
    "message": "再确认一次吧。",
    "len": 1
  },
  {
    "message": "琴子的话……",
    "len": 1
  },
  {
    "name": "樹",
    "message": "「琴子，对不起，我又来打扰你了……」",
    "len": 1
  },
  {
    "name": "琴子",
    "message": "「哥哥？」",
    "len": 1
  },
  {
    "name": "樹",
    "message": "「我只想问一件事」",
    "len": 1
  },
  {
    "name": "琴子",
    "message": "「那请进来……」",
    "len": 1
  },
  {
    "name": "樹",
    "message": "「不，就这样就行，只是一会儿」",
    "len": 1
  },
  {
    "name": "琴子",
    "message": "「好的，那就这样吧」",
    "len": 1
  },
  {
    "name": "樹",
    "message": "「我能去那片草地吗？」",
    "len": 1
  },
  {
    "name": "琴子",
    "message": "「…………」",
    "len": 1
  },
  {
    "name": "樹",
    "message": "「如果我能看到和琴子一样的东西，我也能去吗？」",
    "len": 1
  },
  {
    "name": "琴子",
    "message": "「如果哥哥能看到的话，一定……」",
    "len": 1
  },
  {
    "name": "樹",
    "message": "「那我们约定吧。下次能看到星空的时候，一起去草地好吗？」",
    "len": 2
  },
  {
    "name": "琴子",
    "message": "「嗯！一起去吧！」",
    "len": 1
  },
  {
    "name": "樹",
    "message": "「嗯，那今天就晚安了」",
    "len": 1
  },
  {
    "name": "琴子",
    "message": "「晚安，哥哥」",
    "len": 1
  },
  {
    "name": "樹",
    "message": "「记得盖好被子睡觉哦？」",
    "len": 1
  },
  {
    "name": "琴子",
    "message": "「好的，哥哥」",
    "len": 1
  },
  {
    "message": "能不能真的去，其实并不重要。",
    "len": 1
  },
  {
    "message": "我只是觉得必须要做出这个约定。",
    "len": 1
  },
  {
    "message": "否则，就等于我没有真正看到琴子。",
    "len": 1
  },
  {
    "message": "一直以来，我所看到的世界就像是影子戏一样――",
    "len": 1
  },
  {
    "message": "随着那颗流星，我的世界又回来了。",
    "len": 1
  },
  {
    "message": "所以，当下一次星星坠落的时候――",
    "len": 1
  },
  {
    "message": "我一定会――",
    "len": 1
  }
]