[
  {
    "name": "樹",
    "message": "「啊呜——好困！」",
    "len": 1
  },
  {
    "name": "樹",
    "message": "「因为困，再睡一会儿吧」",
    "len": 1
  },
  {
    "name": "樹",
    "message": "「………………」",
    "len": 1
  },
  {
    "name": "樹",
    "message": "「………………………………」",
    "len": 1
  },
  {
    "name": "樹",
    "message": "「呼……不行啊。想睡反而睡不着了」",
    "len": 2
  },
  {
    "name": "樹",
    "message": "「没办法，起床吧」",
    "len": 1
  },
  {
    "message": "今天得去采购了，各种东西都快用完了。",
    "len": 2
  },
  {
    "message": "夸雷超市年末开始变得拥挤，我想尽量早点去。",
    "len": 2
  },
  {
    "message": "啊，还有……，差不多该打扫了，家里都有点灰尘了。",
    "len": 2
  },
  {
    "message": "然后，得去取送洗的冬季夹克，不然就没衣服穿了哦？",
    "len": 2
  },
  {
    "name": "樹",
    "message": "「啊，该死，要做的事情太多了！」",
    "len": 1
  },
  {
    "message": "为什么会这样呢？明明既不用工作也不用上学……",
    "len": 2
  },
  {
    "message": "最近莫名地忙，连午睡的时间都没有。",
    "len": 1
  },
  {
    "name": "樹",
    "message": "「这种时候，要是能变成猫就好了……」",
    "len": 1
  },
  {
    "message": "就能一直睡觉了……我又一次想起了这个曾经无数次浮现的念头。",
    "len": 2
  },
  {
    "message": "动物没有义务感和道德观念，只是按照本能生活。",
    "len": 2
  },
  {
    "message": "牺牲自己保护同伴，抚养其他动物的幼崽……",
    "len": 2
  },
  {
    "message": "这些都是刻在基因里的本能行为。其中没有人类情感介入的余地。",
    "len": 2
  },
  {
    "name": "樹",
    "message": "「就像机器一样……」",
    "len": 1
  },
  {
    "message": "在动物群体或动物家庭中发生的，那些看似'基于爱情的行为'……",
    "len": 2
  },
  {
    "message": "这不过是为了维持物种而进行的系统性行为。将其视为'爱情'，只是人类自以为是的主观看法罢了。",
    "len": 2
  },
  {
    "message": "人和动物是不同的。只有人类才会违背基因的指令，做些毫无意义的事情。",
    "len": 2
  },
  {
    "message": "正因为如此，人类才能创造出文明这种东西。",
    "len": 2
  },
  {
    "message": "……以前听父亲这么说的时候，我觉得很有道理。",
    "len": 2
  },
  {
    "name": "ギズモ",
    "message": "「树树，早上好！」",
    "len": 1
  },
  {
    "name": "樹",
    "message": "「哦，今天起得真早啊！」",
    "len": 1
  },
  {
    "name": "ギズモ",
    "message": "「饭饭！要吃早饭～！」",
    "len": 1
  },
  {
    "message": "实际上，自从捡到这家伙后，我才意识到事情并没有那么简单。",
    "len": 2
  },
  {
    "message": "你说是吧？被那圆溜溜的眼睛茫然地注视着……",
    "len": 2
  },
  {
    "message": "它跳到我的膝盖上，露出肚子咕噜咕噜地叫的时候，我就……！",
    "len": 2
  },
  {
    "message": "即便知道这只是本能，我还是忍不住认为'它是因为喜欢我才这样的！'",
    "len": 2
  },
  {
    "message": "实在遗憾，一旦被萌到就完蛋了。",
    "len": 1
  },
  {
    "message": "就这样，通过我这个人类的眼睛，看到的被我擅自人格化的姬子猫……",
    "len": 2
  },
  {
    "message": "大概一直住在我的脑海里吧。",
    "len": 1
  },
  {
    "name": "ギズモ",
    "message": "「树树！猫罐头，这是最后一个啦！」",
    "len": 1
  },
  {
    "name": "樹",
    "message": "「这样啊，已经用完了吗」",
    "len": 1
  },
  {
    "message": "然后，不知怎么的，现在这个拟人化的姬子猫就真的出现在我眼前了。",
    "len": 2
  },
  {
    "message": "虽然说话还是结结巴巴的，但比起最初已经进步很多了。",
    "len": 2
  },
  {
    "message": "琴子说，这是因为我希望它能这样。",
    "len": 2
  },
  {
    "message": "很多事情一下子发生了，实际上，我也只能这么想了……",
    "len": 2
  },
  {
    "name": "ギズモ",
    "message": "「嗯？」",
    "len": 1
  },
  {
    "message": "不知道姬子猫自己是怎么想的呢？",
    "len": 1
  },
  {
    "message": "突然变成了人类……而且还是戴着猫耳的女仆。",
    "len": 2
  },
  {
    "message": "会不会觉得不自在呢？",
    "len": 1
  },
  {
    "message": "对姬子猫来说，这是它所希望的吗？",
    "len": 1
  },
  {
    "name": "ギズモ",
    "message": "「树！姬子猫，要出门啦！」",
    "len": 1
  },
  {
    "name": "樹",
    "message": "「诶，出门？」",
    "len": 1
  },
  {
    "name": "ギズモ",
    "message": "「要去收集猫罐头啦！」",
    "len": 1
  },
  {
    "name": "樹",
    "message": "「收集空罐头干什么啊？」",
    "len": 1
  },
  {
    "name": "ギズモ",
    "message": "「只收集装得满满的那种啦！」",
    "len": 1
  },
  {
    "name": "樹",
    "message": "「啊？」",
    "len": 1
  },
  {
    "name": "ギズモ",
    "message": "「式子说那个叫库阿雷的地方，有很多罐头掉在那里呢！」",
    "len": 2
  },
  {
    "name": "樹",
    "message": "「库阿雷？那不是掉在那里，而是在那里卖吧？」",
    "len": 2
  },
  {
    "name": "ギズモ",
    "message": "「既然有那么多，那我去收集一些吧！」",
    "len": 1
  },
  {
    "name": "樹",
    "message": "「喂！等一下！」",
    "len": 1
  },
  {
    "name": "樹",
    "message": "「姬子猫！等等等！我也一起去！」",
    "len": 2
  },
  {
    "name": "ギズモ",
    "message": "「嗯？树也要来吗？」",
    "len": 1
  },
  {
    "name": "樹",
    "message": "「嗯，正好趁这个机会，教你什么是「购物」」",
    "len": 2
  },
  {
    "name": "ギズモ",
    "message": "「购物？」",
    "len": 1
  },
  {
    "name": "樹",
    "message": "「你既然要变成人类了，购物可是基本功哦？如果不会这个，可是会变成小偷的」",
    "len": 2
  },
  {
    "name": "ギズモ",
    "message": "「小偷？嗯～？」",
    "len": 1
  },
  {
    "name": "樹",
    "message": "「要是变成小偷的话，就会被可怕的大婶抓住，在猪笼里吃臭烘烘的饭哦～～～」",
    "len": 2
  },
  {
    "name": "ギズモ",
    "message": "「呜哇～～，瑟瑟发抖～」",
    "len": 1
  },
  {
    "name": "樹",
    "message": "「不过别担心！我会好好教你怎么用钱的！」",
    "len": 2
  },
  {
    "name": "ギズモ",
    "message": "「喵～！树，最喜欢你啦！」",
    "len": 1
  },
  {
    "name": "樹",
    "message": "「哇哈哈！那我们走吧！」",
    "len": 1
  },
  {
    "message": "观察了姬子猫一整天的行为后，我……",
    "len": 1
  },
  {
    "message": "开始有些怀疑把她变成人类是否正确。",
    "len": 2
  },
  {
    "message": "虽然明白既然已经变成人类的样子，就只能这么做了……",
    "len": 2
  },
  {
    "message": "但总觉得自己做了件非常自私的事，心里很不安。",
    "len": 2
  },
  {
    "message": "人类和动物是不同的。",
    "len": 1
  },
  {
    "message": "有着决定性的不同之处。",
    "len": 1
  },
  {
    "message": "那个『不同之处』，会不会默许我正在做的事情……",
    "len": 1
  },
  {
    "message": "呢？",
    "len": 1
  },
  {
    "name": "ギズモ",
    "message": "「哇！闻到食物的味道了！」",
    "len": 1
  },
  {
    "name": "樹",
    "message": "「好了，我们到了。来去购物吧」",
    "len": 2
  },
  {
    "name": "ギズモ",
    "message": "「购物～！购物好吃吗？」",
    "len": 1
  },
  {
    "name": "樹",
    "message": "「购物的话，就能吃到美味的东西哦」",
    "len": 1
  },
  {
    "name": "ギズモ",
    "message": "「嗯？」",
    "len": 1
  },
  {
    "name": "樹",
    "message": "「那么，先给你钱吧。喏，这是100日元」",
    "len": 2
  },
  {
    "name": "ギズモ",
    "message": "「一百日元？」",
    "len": 1
  },
  {
    "name": "樹",
    "message": "「拿着这个100日元硬币，去那边的店里看看？他们会给你换薯条的」",
    "len": 2
  },
  {
    "name": "ギズモ",
    "message": "「店？唐纳德的店？」",
    "len": 1
  },
  {
    "name": "樹",
    "message": "「对对，就是唐纳德的店。记住说「请给我薯条！」，然后给他们100日元，懂吗？」",
    "len": 2
  },
  {
    "name": "ギズモ",
    "message": "「哈！懂了懂了！我去啦！」",
    "len": 1
  },
  {
    "name": "樹",
    "message": "「呼～～，感觉就像在教小孩子一样啊」",
    "len": 1
  },
  {
    "name": "樹",
    "message": "「希望她能顺利买到东西……」",
    "len": 1
  },
  {
    "name": "ギズモ",
    "message": "「树树！」",
    "len": 1
  },
  {
    "name": "樹",
    "message": "「哦，这么快就回来了」",
    "len": 1
  },
  {
    "name": "ギズモ",
    "message": "「喵！我回来啦！」",
    "len": 1
  },
  {
    "name": "樹",
    "message": "「咦？你什么都没拿回来，薯条呢？」",
    "len": 1
  },
  {
    "name": "ギズモ",
    "message": "「我用一百元换了啊」",
    "len": 1
  },
  {
    "name": "樹",
    "message": "「那薯条呢？」",
    "len": 1
  },
  {
    "name": "ギズモ",
    "message": "「啥？」",
    "len": 1
  },
  {
    "name": "樹",
    "message": "「为什么没拿回来？」",
    "len": 1
  },
  {
    "name": "ギズモ",
    "message": "「啊！应该带回来的吗！？」",
    "len": 1
  },
  {
    "name": "樹",
    "message": "「当然啊，你给了100日元换薯条，那薯条就是你的了」",
    "len": 2
  },
  {
    "name": "ギズモ",
    "message": "「哇哦！太厉害了！」",
    "len": 1
  },
  {
    "name": "樹",
    "message": "「喏，再去取一次吧！」",
    "len": 1
  },
  {
    "name": "ギズモ",
    "message": "「哦！我这就去！」",
    "len": 1
  },
  {
    "name": "樹",
    "message": "「嗯，真是出乎意料的行动啊」",
    "len": 1
  },
  {
    "name": "樹",
    "message": "「不过，她连购物的意思都不知道，这种结果也算正常吧……」",
    "len": 2
  },
  {
    "name": "ギズモ",
    "message": "「喵！树树！」",
    "len": 1
  },
  {
    "name": "ギズモ",
    "message": "「薯条，我拿回来啦喵！」",
    "len": 1
  },
  {
    "name": "樹",
    "message": "「好好好，真棒！做得不错啊！」",
    "len": 1
  },
  {
    "name": "ギズモ",
    "message": "「可以吃了吗？」",
    "len": 1
  },
  {
    "name": "樹",
    "message": "「当然，吃吧吃吧，那都是姬子猫的！」",
    "len": 1
  },
  {
    "name": "ギズモ",
    "message": "「喵！我开动啦喵！」",
    "len": 1
  },
  {
    "message": "OK，好极了！作为第一次购物来说，这不是相当成功吗？",
    "len": 2
  },
  {
    "name": "ギズモ",
    "message": "「喵～！好吃～！」",
    "len": 1
  },
  {
    "message": "好嘞！就这样，让你慢慢习惯起来吧！",
    "len": 2
  }
]