[
  {
    "name": "樹",
    "message": "「……………………」",
    "len": 1
  },
  {
    "name": "樹",
    "message": "「……呼，早上了吗…………」",
    "len": 1
  },
  {
    "message": "怎么感觉床里暖洋洋的？多亏如此我才睡得这么香……",
    "len": 2
  },
  {
    "name": "樹",
    "message": "「……嗯嗯！？」",
    "len": 1
  },
  {
    "message": "有什么毛茸茸的东西碰到我的脚了……？",
    "len": 1
  },
  {
    "message": "这是什么？这个软绵绵毛茸茸的东西……",
    "len": 2
  },
  {
    "message": "难道是……",
    "len": 1
  },
  {
    "name": "樹",
    "message": "「猫耳朵吗！？」",
    "len": 1
  },
  {
    "name": "ギズモ",
    "message": "「喵～～，咕噜咕噜……」",
    "len": 1
  },
  {
    "name": "樹",
    "message": "「啊！？ 姬子猫！？」",
    "len": 1
  },
  {
    "name": "ギズモ",
    "message": "「嗯？树～，呼喵～～」",
    "len": 1
  },
  {
    "name": "樹",
    "message": "「喂，喂，你在干什么？为什么会在这里！？」",
    "len": 2
  },
  {
    "name": "ギズモ",
    "message": "「喵～，树，好暖和啊～～」",
    "len": 1
  },
  {
    "name": "樹",
    "message": "「难道说，你趁我睡觉的时候钻进来的吗！？」",
    "len": 1
  },
  {
    "name": "ギズモ",
    "message": "「喵！」",
    "len": 1
  },
  {
    "name": "樹",
    "message": "「不，不行啊，这种事！快点出去！」",
    "len": 2
  },
  {
    "name": "ギズモ",
    "message": "「呜喵！我要待在这里！我喜欢这里！」",
    "len": 1
  },
  {
    "name": "樹",
    "message": "「虽然我很高兴你这么说……但这样不行吧？你现在已经是人类女孩了啊……」",
    "len": 2
  },
  {
    "name": "ギズモ",
    "message": "「就～～要～～待～～」",
    "len": 1
  },
  {
    "name": "樹",
    "message": "「哎呀真是的，太危险了！要是被谁看到这种场面的话……」",
    "len": 2
  },
  {
    "name": "結衣",
    "message": "「被人看到了又怎样？」",
    "len": 1
  },
  {
    "name": "樹",
    "message": "「嘶！？」",
    "len": 1
  },
  {
    "name": "結衣",
    "message": "「树……，你，终于……」",
    "len": 1
  },
  {
    "name": "樹",
    "message": "「不，不是的！这绝对不是你想的那样，结衣姐！」",
    "len": 1
  },
  {
    "name": "結衣",
    "message": "「没想到你竟然跨越了人与动物的界限，老实说，我小看你了」",
    "len": 2
  },
  {
    "name": "樹",
    "message": "「我没有跨越啊！」",
    "len": 1
  },
  {
    "name": "結衣",
    "message": "「结衣并不打算对伦理道德说三道四。只是，让我说一句」",
    "len": 2
  },
  {
    "name": "結衣",
    "message": "「噗嗤，祝你们幸福！」",
    "len": 1
  },
  {
    "name": "樹",
    "message": "「哇啊啊啊啊！等等！等一下啊，结衣姐！！」",
    "len": 2
  },
  {
    "name": "ギズモ",
    "message": "「呼喵～～～」",
    "len": 1
  },
  {
    "name": "樹",
    "message": "「姬子猫！你看看这都什么事啊！」",
    "len": 1
  },
  {
    "name": "ギズモ",
    "message": "「睡觉」",
    "len": 1
  },
  {
    "name": "樹",
    "message": "「啊？」",
    "len": 1
  },
  {
    "message": "姬子猫钻进了我的床里，转眼间就开始发出均匀的呼噜声。",
    "len": 2
  },
  {
    "name": "樹",
    "message": "「这是什么情况啊！？我该怎么办！？」",
    "len": 1
  },
  {
    "name": "ギズモ",
    "message": "「呼……呼、呼」",
    "len": 1
  },
  {
    "name": "樹",
    "message": "「姬子猫啊啊啊！」",
    "len": 1
  },
  {
    "message": "关于这件事的传闻，很快就在我家里传开了。",
    "len": 2
  },
  {
    "name": "式子",
    "message": "「那、那个啊，小树……妈妈我，听说了……」",
    "len": 2
  },
  {
    "name": "樹",
    "message": "「这是误会」",
    "len": 1
  },
  {
    "name": "式子",
    "message": "「树君，如果你的……性癖是那样的话，我觉得也没办法，但是……」",
    "len": 2
  },
  {
    "name": "樹",
    "message": "「不是，我说了这是误会啊」",
    "len": 1
  },
  {
    "name": "式子",
    "message": "「妈妈我呢，本来是希望树君能和一个正经人家的大小姐交往的啊～」",
    "len": 2
  },
  {
    "name": "樹",
    "message": "「呜呜呜……能不能好好听我解释啊！」",
    "len": 3
  },
  {
    "name": "樹",
    "message": "「哈啊……真是够呛，整整解释了一个小时啊……」",
    "len": 2
  },
  {
    "name": "電卓",
    "message": "「喂，树……」",
    "len": 1
  },
  {
    "name": "樹",
    "message": "「是是，这回又怎么了？」",
    "len": 1
  },
  {
    "name": "電卓",
    "message": "「你这个色鬼」",
    "len": 1
  },
  {
    "name": "樹",
    "message": "「就这？！」",
    "len": 1
  },
  {
    "name": "樹",
    "message": "「喂喂，姬子猫」",
    "len": 1
  },
  {
    "name": "ギズモ",
    "message": "「嗯？」",
    "len": 1
  },
  {
    "name": "樹",
    "message": "「切，你一直舒舒服服地睡觉啊」",
    "len": 1
  },
  {
    "name": "ギズモ",
    "message": "「喵～～～」",
    "len": 1
  },
  {
    "name": "樹",
    "message": "「我带来了猫罐头和猫草，好好吃掉啊？」",
    "len": 2
  },
  {
    "name": "ギズモ",
    "message": "「呜喵……」",
    "len": 1
  },
  {
    "name": "樹",
    "message": "「你在听吗？」",
    "len": 1
  },
  {
    "name": "ギズモ",
    "message": "「嗯？」",
    "len": 1
  },
  {
    "name": "樹",
    "message": "「喂，姬子猫，你听见了吗？」",
    "len": 1
  },
  {
    "name": "ギズモ",
    "message": "「哈喵～～～～」",
    "len": 1
  },
  {
    "message": "怎么回事？怎么一副傻乎乎的样子？",
    "len": 2
  },
  {
    "name": "樹",
    "message": "「随便你吧，我把饭放这儿了啊？」",
    "len": 1
  },
  {
    "name": "ギズモ",
    "message": "「喵～～～～」",
    "len": 1
  },
  {
    "name": "樹",
    "message": "「嗯……怎么回事？」",
    "len": 1
  },
  {
    "message": "样子看起来有点奇怪，但也不像是生病的样子。",
    "len": 1
  },
  {
    "message": "算了，先不管它吧。",
    "len": 1
  },
  {
    "message": "之后每次和大家聊天，都被唠叨个不停……",
    "len": 2
  },
  {
    "message": "好不容易解开误会，以为事情告一段落了，结果又出现了新问题。",
    "len": 2
  },
  {
    "name": "樹",
    "message": "「……嗯？」",
    "len": 1
  },
  {
    "name": "樹",
    "message": "「刚才好像听到叫声了……？」",
    "len": 1
  },
  {
    "name": "ギズモ",
    "message": "「嗷～」",
    "len": 1
  },
  {
    "name": "樹",
    "message": "「……！？姬子猫？」",
    "len": 1
  },
  {
    "name": "ギズモ",
    "message": "「嗷呜嗷～～」",
    "len": 1
  },
  {
    "message": "毫无疑问，是姬子猫的声音。",
    "len": 1
  },
  {
    "message": "从远处传来……大概是从后院那边传来的。",
    "len": 1
  },
  {
    "name": "樹",
    "message": "「但是，这声音……」",
    "len": 1
  },
  {
    "name": "ギズモ",
    "message": "「嗷～」",
    "len": 1
  },
  {
    "message": "这奇怪的叫声……难道是……",
    "len": 1
  },
  {
    "message": "我急忙冲出了房间。",
    "len": 1
  },
  {
    "name": "樹",
    "message": "「喂，姬子猫！你在哪儿！？」",
    "len": 1
  },
  {
    "name": "ギズモ",
    "message": "「喵～～」",
    "len": 1
  },
  {
    "name": "ギズモ",
    "message": "「哈呼～～～～」",
    "len": 1
  },
  {
    "name": "樹",
    "message": "「哦，在这儿啊！太好了，找到你了！」",
    "len": 2
  },
  {
    "name": "ギズモ",
    "message": "「呐呼～～树～～～」",
    "len": 1
  },
  {
    "message": "她用一种奇怪的、热切而迷离的眼神紧紧盯着我。",
    "len": 2
  },
  {
    "message": "脸颊通红，脚步虚浮，整个人看起来摇摇晃晃的。",
    "len": 2
  },
  {
    "name": "樹",
    "message": "「你、你……看你这样子，该不会是……」",
    "len": 1
  },
  {
    "name": "ギズモ",
    "message": "「嗅嗅！嗅嗅！」",
    "len": 1
  },
  {
    "message": "姬子猫发出鼻音，开始嗅我屁股的味道。",
    "len": 2
  },
  {
    "name": "樹",
    "message": "「啊！？你在干什么……！」",
    "len": 1
  },
  {
    "name": "ギズモ",
    "message": "「嗷呜嗷～～」",
    "len": 1
  },
  {
    "name": "樹",
    "message": "「这、这是……弗莱门反应！？」",
    "len": 1
  },
  {
    "message": "毫无疑问！姬子猫这家伙……",
    "len": 1
  },
  {
    "name": "樹",
    "message": "「你是在发情吗！」",
    "len": 1
  },
  {
    "name": "柚",
    "message": "「树，你在这种地方干什么呢……」",
    "len": 1
  },
  {
    "name": "柚",
    "message": "「诶诶诶诶诶！？」",
    "len": 1
  },
  {
    "message": "看到姬子猫在嗅我的屁股，柚的脸瞬间扭曲了。",
    "len": 2
  },
  {
    "name": "樹",
    "message": "「等等！先等一下！」",
    "len": 1
  },
  {
    "name": "柚",
    "message": "「好、好脏…………」",
    "len": 1
  },
  {
    "name": "樹",
    "message": "「我们都冷静一下！」",
    "len": 1
  },
  {
    "name": "ギズモ",
    "message": "「呐呼～～舔舔～～～」",
    "len": 1
  },
  {
    "name": "樹",
    "message": "「哇哈！哇哈哈哈哈哈哈哈！别、别舔屁股啊，哇哈！」",
    "len": 2
  },
  {
    "name": "柚",
    "message": "「树居然……有这种癖好……，难道是在屁股上涂了黄油……」",
    "len": 2
  },
  {
    "name": "樹",
    "message": "「不、不是……」",
    "len": 1
  },
  {
    "name": "柚",
    "message": "「笨蛋啊啊啊！你这个完美变态！！！」",
    "len": 2
  },
  {
    "name": "樹",
    "message": "「呃啊啊啊啊啊！！！」",
    "len": 1
  },
  {
    "name": "柚",
    "message": "「我不管了！树你干脆和猫结婚去吧！」",
    "len": 2
  },
  {
    "name": "樹",
    "message": "「咕呜……意识被收割了……啊…………」",
    "len": 1
  },
  {
    "name": "ギズモ",
    "message": "「喵呜～～喵～」",
    "len": 1
  },
  {
    "name": "琴子",
    "message": "「……所以呢，我想召开第二次家庭会议」",
    "len": 2
  },
  {
    "message": "晚饭后，除了姬子猫以外的所有人都留在了客厅。",
    "len": 1
  },
  {
    "name": "結衣",
    "message": "「简单来说，就是姬子猫进入发情期了……是这么回事吗？」",
    "len": 2
  },
  {
    "name": "琴子",
    "message": "「是的，当然如果是普通的猫倒不会有太大问题」",
    "len": 2
  },
  {
    "name": "琴子",
    "message": "「但是那孩子生物学上来说是人类，如果放任不管的话可能会造成严重的后果」",
    "len": 2
  },
  {
    "name": "式子",
    "message": "「要是在哪里生了孩子就麻烦了呢～」",
    "len": 1
  },
  {
    "message": "就在我们聚集在这里讨论的时候，姬子猫还在屋外四处游荡，不停地发出嗷呜～嗷呜～的叫声。",
    "len": 3
  },
  {
    "name": "結衣",
    "message": "「干脆给她做个绝育手术如何？」",
    "len": 1
  },
  {
    "name": "樹",
    "message": "「这、这也太过分了吧！」",
    "len": 1
  },
  {
    "name": "結衣",
    "message": "「有什么关系嘛，反正是只猫」",
    "len": 1
  },
  {
    "name": "樹",
    "message": "「不是，如果真的是猫倒还好，但问题是她不完全是猫啊！」",
    "len": 1
  },
  {
    "name": "結衣",
    "message": "「那到底是哪边啊，她究竟是什么？」",
    "len": 1
  },
  {
    "name": "電卓",
    "message": "「虽然无关紧要～但是那叫声吵得我受不了啊」",
    "len": 2
  },
  {
    "name": "電卓",
    "message": "「喂树，你去让它安静下来」",
    "len": 1
  },
  {
    "name": "樹",
    "message": "「为什么总是我啊！」",
    "len": 1
  },
  {
    "name": "琴子",
    "message": "「看来我们一时难以达成共识，不如请教一下父亲的意见如何？」",
    "len": 2
  },
  {
    "name": "電卓",
    "message": "「嗯，你是说我？」",
    "len": 1
  },
  {
    "name": "琴子",
    "message": "「是的，拜托了」",
    "len": 1
  },
  {
    "name": "電卓",
    "message": "「稍等，我现在就去问问」",
    "len": 1
  },
  {
    "name": "電卓",
    "message": "「……嗯，……唔嗯……哦哦……哦……原来如此，那就这样吧！」",
    "len": 2
  },
  {
    "name": "琴子",
    "message": "「结果如何？」",
    "len": 1
  },
  {
    "name": "電卓",
    "message": "「氢氧神说「让树去做」」",
    "len": 1
  },
  {
    "name": "琴子",
    "message": "「那么，就交给哥哥了」",
    "len": 1
  },
  {
    "name": "結衣",
    "message": "「就这么定了」",
    "len": 1
  },
  {
    "name": "式子",
    "message": "「决定啦～」",
    "len": 1
  },
  {
    "name": "樹",
    "message": "「这就决定了！？」",
    "len": 1
  },
  {
    "name": "琴子",
    "message": "「接下来可能会很辛苦，拜托你了」",
    "len": 2
  },
  {
    "name": "樹",
    "message": "「唉……算了，这也是主人的职责」",
    "len": 2
  },
  {
    "name": "電卓",
    "message": "「既然事情已经定下来了，那我就去车站前玩玩」",
    "len": 2
  },
  {
    "name": "電卓",
    "message": "「要是整晚都叽叽喳喳的叫个不停，我可睡不着觉」",
    "len": 2
  },
  {
    "name": "樹",
    "message": "「哼，去吧去吧！」",
    "len": 1
  },
  {
    "name": "式子",
    "message": "「呵呵，得赶紧准备庆祝用的红豆了～」",
    "len": 1
  },
  {
    "name": "樹",
    "message": "「啊？红豆？」",
    "len": 1
  },
  {
    "name": "結衣",
    "message": "「今晚结衣就睡客厅了。你最好感恩戴德啊？」",
    "len": 2
  },
  {
    "name": "樹",
    "message": "「啊？啊？」",
    "len": 1
  },
  {
    "name": "琴子",
    "message": "「那、那个，哥哥……那个……」",
    "len": 1
  },
  {
    "name": "琴子",
    "message": "「加油啊！」",
    "len": 1
  },
  {
    "name": "樹",
    "message": "「哦、哦？我会加油的！」",
    "len": 1
  },
  {
    "name": "樹",
    "message": "「……话说，我到底要为什么加油啊？」",
    "len": 1
  },
  {
    "name": "樹",
    "message": "「虽说是交给我了……但我也只能等姬子猫冷静下来啊」",
    "len": 2
  },
  {
    "name": "樹",
    "message": "「哈啊……真是麻烦啊……」",
    "len": 1
  },
  {
    "message": "话说回来，在这种隆冬时节就开始发情，难道真的是因为变成人的缘故吗？",
    "len": 2
  },
  {
    "message": "一般来说，猫的发情期是在初春或夏天。到了那个季节，它们会反复发情好几次。",
    "len": 2
  },
  {
    "message": "一旦变成那种状态，至少要持续三天以上。",
    "len": 1
  },
  {
    "message": "虽说交配后就能平静下来，但如果怀孕了就麻烦了，所以我还没让姬子猫这么做。",
    "len": 2
  },
  {
    "message": "所以我也不知道那样真的能不能让她平静下来。",
    "len": 1
  },
  {
    "message": "但是，就这样放任她保持女孩的样子，一直处于那种状态也太可怜了。",
    "len": 2
  },
  {
    "message": "如果交配真的能治好的话，或许值得一试……",
    "len": 2
  },
  {
    "message": "……等等，我怎么在考虑交配的事啊？",
    "len": 1
  },
  {
    "message": "话说回来，要和什么交配啊？该不会是要去附近抓只公猫来吧……？",
    "len": 2
  },
  {
    "message": "不不不！现在那样可不行！",
    "len": 1
  },
  {
    "message": "姬子猫已经是人类了。她是以人类的身份在发情啊。",
    "len": 2
  },
  {
    "message": "只是，因为头脑里还是猫的思维，所以只能用类似猫发情的行为来表达。",
    "len": 2
  },
  {
    "message": "……那么，这是怎么回事？",
    "len": 1
  },
  {
    "name": "樹",
    "message": "「不，等等！这意味着……」",
    "len": 2
  },
  {
    "message": "姬子猫作为人类，对什么……？",
    "len": 1
  },
  {
    "name": "樹",
    "message": "「不，到底是什么引起她变成那样的？」",
    "len": 1
  },
  {
    "name": "ギズモ",
    "message": "「喵～～，咕噜咕噜……」",
    "len": 1
  },
  {
    "name": "ギズモ",
    "message": "「喵？树～，喵呜～～」",
    "len": 1
  },
  {
    "name": "ギズモ",
    "message": "「喵～，树，好暖和啊～～」",
    "len": 1
  },
  {
    "name": "樹",
    "message": "「是我！？」",
    "len": 1
  },
  {
    "name": "樹",
    "message": "「难道说，是因为我她才发情的吗？」",
    "len": 1
  },
  {
    "message": "是因为我像她还是猫的时候那样抚摸她、挠她、让她发出咕噜声的缘故吗？",
    "len": 2
  },
  {
    "name": "樹",
    "message": "「她看起来很舒服啊……这倒也是理所当然的……」",
    "len": 2
  },
  {
    "message": "人类一年365天都可能发情，稍微做点什么就会发情……",
    "len": 2
  },
  {
    "message": "都是因为我把姬子猫当成猫来抚摸的缘故。",
    "len": 1
  },
  {
    "message": "这就是让她感到舒服的结果！",
    "len": 1
  },
  {
    "name": "樹",
    "message": "「糟了～～～，该怎么办才好……」",
    "len": 1
  },
  {
    "name": "樹",
    "message": "「果然还是我吗？只能由我来负责吗？」",
    "len": 2
  },
  {
    "message": "到底该怎么办？",
    "len": 1
  },
  {
    "message": "我这样做可以吗？",
    "len": 1
  },
  {
    "message": "先把房间弄暗一点试试看。",
    "len": 1
  },
  {
    "message": "冷静下来，再好好想一想。",
    "len": 1
  },
  {
    "message": "回想一下捡到她之后的这一年。",
    "len": 1
  },
  {
    "message": "对我来说，她是怎样的存在……",
    "len": 1
  },
  {
    "message": "如果没有她，我会变成什么样……",
    "len": 1
  },
  {
    "message": "一切都失去了形状，世界就像影子戏一样模糊不清。",
    "len": 2
  },
  {
    "message": "她是我唯一的……不，是我唯一的家人。",
    "len": 1
  },
  {
    "message": "只有她在注视着我。",
    "len": 1
  },
  {
    "message": "因为她注视着我，所以我也只注视着她。",
    "len": 1
  },
  {
    "message": "因为有她在，我才能在这个家里生活下去。",
    "len": 2
  },
  {
    "message": "才能活下去……",
    "len": 1
  },
  {
    "message": "对了，我想起了很多事情。",
    "len": 1
  },
  {
    "message": "想起了许多无法用言语表达、无法用影像呈现的事情。",
    "len": 2
  },
  {
    "message": "记忆一个接一个地涌现出来。",
    "len": 1
  },
  {
    "message": "它们最终混合在一起，形成了一片广阔的海洋。",
    "len": 1
  },
  {
    "message": "我在那片海洋中，飘飘荡荡。",
    "len": 1
  },
  {
    "message": "原来如此……",
    "len": 1
  },
  {
    "message": "我一直在看着的是…………",
    "len": 1
  }
]