[
  {
    "message": "然后……",
    "len": 1
  },
  {
    "message": "那家伙得到了吗？",
    "len": 1
  },
  {
    "message": "一直以来渴望的东西。",
    "len": 1
  },
  {
    "message": "明知道再也回不去了，却仍然不断追求的东西。",
    "len": 2
  },
  {
    "message": "那边『世界』里的我……？",
    "len": 1
  },
  {
    "name": "樹",
    "message": "「喂，你怎么看？」",
    "len": 1
  },
  {
    "message": "我关闭了电脑浏览器，那个『世界』的画面消失了。",
    "len": 2
  },
  {
    "name": "樹",
    "message": "「这种事，真的能做到吗？」",
    "len": 1
  },
  {
    "name": "琴子",
    "message": "「我觉得很难」",
    "len": 1
  },
  {
    "message": "站在黄昏色世界中的琴子说道。",
    "len": 1
  },
  {
    "name": "琴子",
    "message": "「至少，仅仅靠哥哥一个人的认知改变，问题是无法解决的」",
    "len": 2
  },
  {
    "name": "琴子",
    "message": "「全家人都必须接受已经发生的现实，认真面对自己的内心，然后寻求建立新的联系」",
    "len": 3
  },
  {
    "name": "樹",
    "message": "「你是说……琴子已经死了的现实吗」",
    "len": 1
  },
  {
    "name": "琴子",
    "message": "「正是因为每个人都回避这一点，才导致了那个「世界」里七枷家的崩溃」",
    "len": 2
  },
  {
    "name": "樹",
    "message": "「原来，对「世界」模糊不清的感觉，不只是我一个人有啊……」",
    "len": 2
  },
  {
    "name": "琴子",
    "message": "「没错」",
    "len": 1
  },
  {
    "name": "琴子",
    "message": "「为了不让现实变得确定，大家一直把模糊的东西保持在模糊的状态」",
    "len": 2
  },
  {
    "name": "琴子",
    "message": "「谁都不愿意面对对方，谁都不愿意真心交谈」",
    "len": 2
  },
  {
    "name": "樹",
    "message": "「感觉就像在和影子对话一样……」",
    "len": 1
  },
  {
    "name": "琴子",
    "message": "「哥哥无法忍受这样的日子，在潜意识的驱使下，寻找起了我的替代品」",
    "len": 2
  },
  {
    "name": "樹",
    "message": "「…………」",
    "len": 1
  },
  {
    "name": "琴子",
    "message": "「那就是那只猫咪吧？」",
    "len": 1
  },
  {
    "name": "樹",
    "message": "「虽然听起来很蠢，但动画和漫画里不是经常有这种情节吗？死去的女主角转世成婴儿回来」",
    "len": 2
  },
  {
    "name": "樹",
    "message": "「那天晚上……在追逐星星的时候，我就有了这种想法」",
    "len": 2
  },
  {
    "name": "樹",
    "message": "「而且，小猫的叫声听起来奇怪地像人类婴儿的声音」",
    "len": 2
  },
  {
    "name": "樹",
    "message": "「当时我完全没想过要无视它，或者通知动物收容所……」",
    "len": 2
  },
  {
    "name": "琴子",
    "message": "「那只小猫能成为我的替代品吗？」",
    "len": 1
  },
  {
    "name": "樹",
    "message": "「不，完全不行！」",
    "len": 1
  },
  {
    "name": "琴子",
    "message": "「呵呵，那是当然的吧」",
    "len": 1
  },
  {
    "name": "樹",
    "message": "「生物啊，无论是人类还是动物，都不会完全按照自己的想法行事」",
    "len": 2
  },
  {
    "name": "樹",
    "message": "「它自己呼吸，自己活着。捡到它之后，我至少明白了这一点」",
    "len": 2
  },
  {
    "name": "樹",
    "message": "「姬子猫就是姬子猫。它不是谁的替代品，只是一只普通的猫」",
    "len": 2
  },
  {
    "name": "琴子",
    "message": "「但是，即使明白这一点，哥哥还是好好地养育了它呢」",
    "len": 2
  },
  {
    "name": "樹",
    "message": "「嗯，怎么说呢，有了感情，变得可爱起来了……」",
    "len": 2
  },
  {
    "name": "樹",
    "message": "「我可是认真查了一堆资料哦？关于怎么养猫的，虽然都是网上的信息就是了」",
    "len": 2
  },
  {
    "name": "琴子",
    "message": "「我觉得哥哥把它养得很好呢？」",
    "len": 1
  },
  {
    "name": "樹",
    "message": "「是、是吗，哈哈……，听你这么说我挺高兴的」",
    "len": 2
  },
  {
    "name": "琴子",
    "message": "「所以，我才希望它能变成人类……」",
    "len": 1
  },
  {
    "name": "樹",
    "message": "「啊？」",
    "len": 1
  },
  {
    "name": "琴子",
    "message": "「我知道，如果那孩子学会了「说话」，一定会把哥哥带到它的世界去……」",
    "len": 2
  },
  {
    "name": "琴子",
    "message": "「但是，那也是哥哥应该拥有的可能性之一」",
    "len": 2
  },
  {
    "name": "琴子",
    "message": "「因为那是哥哥所期望的「世界」的形态……」",
    "len": 1
  },
  {
    "name": "樹",
    "message": "「是这样吗？也许我只是单纯地想回到3年前的世界而已……」",
    "len": 2
  },
  {
    "name": "琴子",
    "message": "「至少那孩子一直被告知这是哥哥的愿望」",
    "len": 2
  },
  {
    "name": "樹",
    "message": "「那只是我在说些谁都不能说的牢骚话罢了」",
    "len": 1
  },
  {
    "name": "琴子",
    "message": "「哥哥……即便如此那孩子还是……」",
    "len": 1
  },
  {
    "name": "樹",
    "message": "「……啊，我明白。所以它消失了」",
    "len": 2
  },
  {
    "name": "樹",
    "message": "「在3年前，它还不存在于这个世界的任何地方呢」",
    "len": 2
  },
  {
    "name": "琴子",
    "message": "「是的……」",
    "len": 1
  },
  {
    "name": "樹",
    "message": "「它创造出了一个与3年前非常相似的「世界」，然后消失了」",
    "len": 1
  },
  {
    "name": "樹",
    "message": "「……不，它已经成为了「世界」本身」",
    "len": 1
  },
  {
    "name": "樹",
    "message": "「通过「观察」我所希望的世界……」",
    "len": 1
  },
  {
    "name": "琴子",
    "message": "「为了产生可能性而存在的可能性……」",
    "len": 1
  },
  {
    "name": "琴子",
    "message": "「父亲把这称为「世界之卵」。这是一种西方哲学的说法」",
    "len": 2
  },
  {
    "name": "樹",
    "message": "「明明它自己只是一只普通的猫」",
    "len": 1
  },
  {
    "name": "琴子",
    "message": "「这个「扭曲」使得那个模糊的猫本身成为了观测者」",
    "len": 2
  },
  {
    "name": "樹",
    "message": "「能够创造世界的猫……吗」",
    "len": 1
  },
  {
    "name": "琴子",
    "message": "「是一只非常喜欢和虫子玩耍的猫咪呢」",
    "len": 1
  },
  {
    "name": "樹",
    "message": "「那边「世界」里的我，能顺利地生活下去吗……」",
    "len": 1
  },
  {
    "name": "琴子",
    "message": "「要再看一眼吗？」",
    "len": 1
  },
  {
    "name": "樹",
    "message": "「……不，还是算了吧。我想相信自己能做得很好」",
    "len": 2
  },
  {
    "name": "樹",
    "message": "「接下来会发生什么我大概也清楚。那边的我只能一往直前了」",
    "len": 2
  },
  {
    "name": "樹",
    "message": "「因为到头来，琴子已经死了，对吧？在那边的「世界」里」",
    "len": 2
  },
  {
    "name": "琴子",
    "message": "「……是这样呢」",
    "len": 1
  },
  {
    "name": "樹",
    "message": "「姬子猫生出了「世界」，但那只是世界数量增加了而已……」",
    "len": 2
  },
  {
    "name": "樹",
    "message": "「并不意味着原本存在的世界会消失或改变」",
    "len": 2
  },
  {
    "name": "樹",
    "message": "「幸运的「我」或许存在于某个世界里，但刚才的「我」依然如故」",
    "len": 2
  },
  {
    "name": "樹",
    "message": "「没有琴子，也没有姬子猫……只能一个人回到那个影子们生活的家」",
    "len": 2
  },
  {
    "name": "琴子",
    "message": "「那天晚上12点过后……」",
    "len": 1
  },
  {
    "name": "樹",
    "message": "「梦就结束了」",
    "len": 1
  },
  {
    "name": "樹",
    "message": "「把眼前的世界视为唯一的现实，面对一切继续生活下去……」",
    "len": 2
  },
  {
    "name": "樹",
    "message": "「除此之外别无他法。大概，只能这样了……」",
    "len": 2
  },
  {
    "name": "琴子",
    "message": "「你看起来很不满呢」",
    "len": 1
  },
  {
    "name": "樹",
    "message": "「因为，不就是这样吗？这种结论也太理所当然了吧」",
    "len": 2
  },
  {
    "name": "樹",
    "message": "「还是说，我该期待什么奇迹发生？比如死去的人能够复活之类的「奇迹」」",
    "len": 2
  },
  {
    "name": "琴子",
    "message": "「虽然由我来说有点那个……」",
    "len": 1
  },
  {
    "name": "琴子",
    "message": "「奇迹其实非常普遍，随处可见」",
    "len": 2
  },
  {
    "name": "琴子",
    "message": "「世界上每天都在不断发生着许多奇迹」",
    "len": 2
  },
  {
    "name": "琴子",
    "message": "「中彩票？从重大事故中幸存？这样只能称之为奇迹的事情比比皆是吧」",
    "len": 2
  },
  {
    "name": "琴子",
    "message": "「但是，即便是这些司空见惯的奇迹，一旦想靠自己的力量去实现，立刻就变得近乎不可能了」",
    "len": 2
  },
  {
    "name": "琴子",
    "message": "「如果说无法靠自己力量实现的才叫「奇迹」的话，那哥哥现在看到的我……」",
    "len": 2
  },
  {
    "name": "樹",
    "message": "「对啊，琴子你又是怎么回事？」",
    "len": 1
  },
  {
    "name": "樹",
    "message": "「一切都是从琴子回来的那天开始的。这难道不是「奇迹」吗？」",
    "len": 2
  },
  {
    "name": "琴子",
    "message": "「不是的」",
    "len": 1
  },
  {
    "name": "樹",
    "message": "「不是？」",
    "len": 1
  },
  {
    "name": "琴子",
    "message": "「我之所以存在于此，是因为一个疯狂的人的执念所产生的物理现象」",
    "len": 2
  },
  {
    "name": "琴子",
    "message": "「真正的「奇迹」，应该是更加不经意、悄无声息地降临的东西……」",
    "len": 2
  },
  {
    "name": "樹",
    "message": "「那么我……」",
    "len": 1
  },
  {
    "name": "樹",
    "message": "「那个世界的「我」还有救吗……？」",
    "len": 1
  },
  {
    "name": "ギズモ",
    "message": "「没问题的喵」",
    "len": 1
  },
  {
    "name": "樹",
    "message": "「……！？」",
    "len": 1
  },
  {
    "name": "ギズモ",
    "message": "「一定会有新的东西来到树那里喵」",
    "len": 2
  },
  {
    "name": "樹",
    "message": "「新的东西是指……？」",
    "len": 1
  },
  {
    "name": "琴子",
    "message": "「虽然不知道那会是什么，但有一件事是可以确定的」",
    "len": 2
  },
  {
    "name": "琴子",
    "message": "「当一切都失去，所有东西都被摧毁之后，必定会有新的事物诞生……」",
    "len": 2
  },
  {
    "name": "琴子",
    "message": "「就像冬天荒芜的大地，到了春天就会萌发出许多嫩草」",
    "len": 1
  },
  {
    "name": "琴子",
    "message": "「有些东西只有通过失去才能获得」",
    "len": 1
  },
  {
    "name": "琴子",
    "message": "「只有能够舍弃的人，才能迎来新的「世界」……」",
    "len": 2
  },
  {
    "name": "琴子",
    "message": "「我想，那大概就是被称为奇迹的东西吧」",
    "len": 1
  },
  {
    "name": "琴子",
    "message": "「而且，那也是能让人感觉像是奇迹的东西」",
    "len": 1
  },
  {
    "name": "ギズモ",
    "message": "「不是通过捡起来而发生的。是因为扔掉才会发生的喵」",
    "len": 2
  },
  {
    "name": "琴子",
    "message": "「质量守恒定律、大数定律……，虽然叫法有很多种」",
    "len": 2
  },
  {
    "name": "琴子",
    "message": "「但为了填补缺失的东西，它会自动从那边来到这里」",
    "len": 2
  },
  {
    "name": "ギズモ",
    "message": "「必须要扔掉喵」",
    "len": 1
  },
  {
    "name": "琴子",
    "message": "「所以，失去一切的哥哥，比任何世界的哥哥都更接近奇迹」",
    "len": 2
  },
  {
    "name": "琴子",
    "message": "「剩下的就是，能否抓住它了……」",
    "len": 1
  },
  {
    "name": "ギズモ",
    "message": "「一定要抓住喵」",
    "len": 1
  },
  {
    "name": "樹",
    "message": "「我能注意到吗……？那个……什么新的东西」",
    "len": 2
  },
  {
    "name": "樹",
    "message": "「明明是不想看任何东西的我……」",
    "len": 1
  },
  {
    "name": "ギズモ",
    "message": "「树看到了姬子猫喵。说什么都不想看是骗人的喵」",
    "len": 2
  },
  {
    "name": "琴子",
    "message": "「哥哥一直在寻求吧？自己所观察的『世界』」",
    "len": 2
  },
  {
    "name": "琴子",
    "message": "「一棵树应该存在的森林的模样……」",
    "len": 1
  },
  {
    "message": "仅凭琴子和姬子猫的话语，仿佛就能浮现出某处森林的景象。",
    "len": 2
  },
  {
    "message": "起初有言语——",
    "len": 1
  },
  {
    "message": "世界诞生——",
    "len": 1
  },
  {
    "message": "有人『观察』它，世界就此确定。",
    "len": 1
  },
  {
    "message": "我们所处的地方，真是太不可思议了。",
    "len": 1
  },
  {
    "message": "但是，如果是这样的话，我……",
    "len": 1
  },
  {
    "name": "樹",
    "message": "「再看一次吧。那个世界的『我』」",
    "len": 2
  },
  {
    "name": "琴子",
    "message": "「嗯，我觉得那样很好」",
    "len": 1
  },
  {
    "name": "ギズモ",
    "message": "「加油啊，树！」",
    "len": 1
  },
  {
    "name": "樹",
    "message": "「嗯……那我走了！」",
    "len": 1
  },
  {
    "message": "再一次，前往那个地方……",
    "len": 1
  },
  {
    "message": "刚才还在响的烟花声停止了。",
    "len": 1
  },
  {
    "message": "庆祝新年的小型活动应该正在夸雷前的广场上举行。",
    "len": 2
  },
  {
    "message": "记得今晚是跨年促销，应该是24小时营业……",
    "len": 2
  },
  {
    "message": "这样也不想回家，我想在夸雷消磨时间到早上也不错。",
    "len": 2
  },
  {
    "message": "不管看多少次，姬子猫的身影都不在了。",
    "len": 1
  },
  {
    "message": "只有一个破损的工具箱掉在枯萎的草丛中。",
    "len": 1
  },
  {
    "message": "是那种在工厂或建筑工地上使用的朴素铁箱。表面覆盖着使用过的手垢和暗红色的锈迹。",
    "len": 2
  },
  {
    "message": "这可能是在这里变成公园之前，研究设施里使用的东西吧。",
    "len": 2
  },
  {
    "message": "是被埋在土里了，还是有人把它放在这里的呢？",
    "len": 2
  },
  {
    "message": "现在已经无从得知了。",
    "len": 1
  },
  {
    "message": "只是，对我来说确定的是，这个地方留下了某种思念……",
    "len": 2
  },
  {
    "message": "在那思念的引导下，我遇见了姬子猫。",
    "len": 1
  },
  {
    "message": "这绝对不是一场梦。",
    "len": 1
  },
  {
    "message": "我曾养过一只叫姬子猫的猫。",
    "len": 1
  },
  {
    "message": "我以为我养过。",
    "len": 1
  },
  {
    "message": "为什么，我会在这里？",
    "len": 1
  },
  {
    "message": "这是我熟悉的地方吗？",
    "len": 1
  },
  {
    "message": "到底，什么叫做知道呢？",
    "len": 1
  },
  {
    "message": "我不明白……",
    "len": 1
  },
  {
    "message": "什么都没有定下来……",
    "len": 1
  },
  {
    "message": "我还什么都没决定。",
    "len": 1
  },
  {
    "message": "一切都是模糊的，世界是不确定的，时而可见时而不可见，时而存在时而不存在。",
    "len": 2
  },
  {
    "message": "是谁把这里变成这样的地方？",
    "len": 1
  },
  {
    "message": "我为什么非得待在这种地方不可。",
    "len": 1
  },
  {
    "message": "姬子猫……是从哪里来，又去了哪里？",
    "len": 2
  },
  {
    "message": "这绝不是幻觉。",
    "len": 1
  },
  {
    "message": "我确实看到了它。",
    "len": 1
  },
  {
    "message": "在一片模糊不清的影子中，只有它清晰可见。",
    "len": 2
  },
  {
    "message": "它是我唯一的家人。",
    "len": 1
  },
  {
    "message": "这就是我这一年来所看到的世界。",
    "len": 1
  },
  {
    "message": "啊，没错……",
    "len": 1
  },
  {
    "message": "一切都是只有我才能看到的世界。",
    "len": 1
  },
  {
    "message": "也许，除此之外，还存在着一个叫做现实的世界吧……",
    "len": 2
  },
  {
    "message": "在那里，住着一个自闭症男子。自妹妹去世后，他一直把自己关在房间里，最终在一年前连学校也不去了，整天只是对着捡来的猫喃喃自语。",
    "len": 3
  },
  {
    "message": "那又怎么样？",
    "len": 1
  },
  {
    "message": "就因为你们不像人样，我才不想和任何人说话！",
    "len": 2
  },
  {
    "message": "他们和不存在没什么两样。",
    "len": 1
  },
  {
    "message": "什么都没有了……",
    "len": 1
  },
  {
    "message": "对我来说，已经什么都…………",
    "len": 1
  },
  {
    "message": "——真的吗？",
    "len": 1
  },
  {
    "name": "樹",
    "message": "「啊，是啊……，已经消失了不是吗」",
    "len": 2
  },
  {
    "name": "樹",
    "message": "「我所看到的那家伙消失了。就在它出现的同一个地方」",
    "len": 2
  },
  {
    "name": "樹",
    "message": "「只留下了我想听的那些话……」",
    "len": 1
  },
  {
    "message": "——去哪里了？",
    "len": 1
  },
  {
    "name": "樹",
    "message": "「回归到概率和可能性的海洋中去了」",
    "len": 1
  },
  {
    "name": "樹",
    "message": "「它大概，就是那样的存在吧」",
    "len": 1
  },
  {
    "name": "樹",
    "message": "「在这个什么都没有决定的地方，观察着这一切的我，什么都没有决定……」",
    "len": 2
  },
  {
    "name": "樹",
    "message": "「我遇到了那家伙」",
    "len": 1
  },
  {
    "message": "——在这个模糊不清的箱子里。",
    "len": 2
  },
  {
    "name": "樹",
    "message": "「但是现在，那种「扭曲」已经结束了」",
    "len": 1
  },
  {
    "name": "樹",
    "message": "「那家伙也回去了。所以，我也……」",
    "len": 2
  },
  {
    "message": "——去哪里？",
    "len": 1
  },
  {
    "name": "樹",
    "message": "「该回去了，差不多……」",
    "len": 1
  },
  {
    "message": "——我要回到哪里去？",
    "len": 1
  },
  {
    "name": "式子",
    "message": "「小卓君，欢迎回来！」",
    "len": 1
  },
  {
    "message": "——那是哪里？",
    "len": 1
  },
  {
    "name": "電卓",
    "message": "「树！大家一起去初诣吧！」",
    "len": 1
  },
  {
    "message": "——我想去的那个『世界』在哪里？",
    "len": 1
  },
  {
    "name": "結衣",
    "message": "「结衣想吃棉花糖！」",
    "len": 1
  },
  {
    "message": "——怎样才能去呢？",
    "len": 1
  },
  {
    "name": "琴子",
    "message": "「哥哥，我在这里！」",
    "len": 1
  },
  {
    "message": "——不，不对。",
    "len": 1
  },
  {
    "message": "——不对不对不对！",
    "len": 1
  },
  {
    "name": "式子",
    "message": "「小卓君！这边哦～！」",
    "len": 1
  },
  {
    "name": "電卓",
    "message": "「树！这边啊！」",
    "len": 1
  },
  {
    "name": "結衣",
    "message": "「快来啊！大家都在等着呢！」",
    "len": 1
  },
  {
    "name": "琴子",
    "message": "「哥哥！来我们这里！」",
    "len": 1
  },
  {
    "message": "——不对！这个『世界』不对！",
    "len": 1
  },
  {
    "message": "——这种东西是假的！",
    "len": 1
  },
  {
    "message": "——这是一个没有终点也没有起点，永远坠落的世界。",
    "len": 1
  },
  {
    "message": "——我想看到的不是这个！",
    "len": 1
  },
  {
    "message": "——消失吧！幻想！！！",
    "len": 3
  },
  {
    "name": "樹",
    "message": "「………………」",
    "len": 1
  },
  {
    "message": "某处，一个『世界』消失了。",
    "len": 1
  },
  {
    "name": "樹",
    "message": "「终于什么都没剩下了啊……」",
    "len": 1
  },
  {
    "name": "樹",
    "message": "「哈哈，这下痛快了」",
    "len": 1
  },
  {
    "name": "樹",
    "message": "「那么，这次真的回去吧」",
    "len": 1
  },
  {
    "name": "樹",
    "message": "「回去睡个好觉吧，睡个昏天黑地……」",
    "len": 1
  },
  {
    "name": "？？？",
    "message": "「不好意思！能打扰一下吗？可以吧？」",
    "len": 2
  },
  {
    "name": "樹",
    "message": "「啊，什么什么！？怎么回事！？」",
    "len": 1
  },
  {
    "name": "？？？",
    "message": "「活动会场是在这里吗？怎么好像一个人都没有啊——」",
    "len": 2
  },
  {
    "name": "樹",
    "message": "「啊？什么活动？」",
    "len": 1
  },
  {
    "name": "？？？",
    "message": "「新春特别演唱会！48人的小猫咪表演秀！」",
    "len": 2
  },
  {
    "name": "樹",
    "message": "「什、什么鬼祭典啊？难道是Quare的小型活动？」",
    "len": 2
  },
  {
    "name": "？？？",
    "message": "「对对对！就是Quare！那是在这里吗？」",
    "len": 2
  },
  {
    "name": "樹",
    "message": "「喂，你看到的这里明明是公园……诶？」",
    "len": 1
  },
  {
    "name": "？？？",
    "message": "「……？怎么了？」",
    "len": 1
  },
  {
    "name": "樹",
    "message": "「啊、啊……呃……、诶诶？」",
    "len": 1
  },
  {
    "name": "？？？",
    "message": "「嗯？」",
    "len": 1
  },
  {
    "name": "樹",
    "message": "「姬子猫……应该不是吧……」",
    "len": 1
  },
  {
    "name": "？？？",
    "message": "「才不是那种奇怪的名字呢，我是喵喵哦！看不出来吗，这对猫耳！」",
    "len": 2
  },
  {
    "name": "樹",
    "message": "「啊，对、对啊！哈哈哈，确实是这样！」",
    "len": 2
  },
  {
    "name": "？？？",
    "message": "「我可是勉强算个有名的偶像呢！」",
    "len": 2
  },
  {
    "message": "嘛，要是真的很有名的话，就不会自己说出来了吧……",
    "len": 2
  },
  {
    "name": "樹",
    "message": "「那么，方便的话能告诉我你的名字吗？」",
    "len": 1
  },
  {
    "name": "？？？",
    "message": "「名字吗？我是……」",
    "len": 1
  },
  {
    "message": "几年后——",
    "len": 1
  },
  {
    "message": "偶像热潮早已结束，退役的她和大学毕业的我，搬到了一个新的城市……",
    "len": 2
  },
  {
    "message": "在那里，我们组建了一个只有三个人的新家庭。",
    "len": 1
  },
  {
    "message": "老实说，我本想再和她二人世界一段时间，但既然第三个人已经出现了，也没办法。",
    "len": 2
  },
  {
    "message": "姬子猫离开的那晚，我偶然遇见了她，没想到会发展成这么长久的关系……",
    "len": 2
  },
  {
    "message": "不知不觉间我们相爱了，一直走到了现在。",
    "len": 1
  },
  {
    "message": "虽然偶尔也会吵架，但这几年过得很有趣。",
    "len": 2
  },
  {
    "message": "被她那总是闹腾的性格搞得团团转，我反而乐在其中，不知不觉变成了个喜欢户外活动的人。连我自己都对这种变化感到惊讶。",
    "len": 3
  },
  {
    "message": "我曾经问过她，到底喜欢我哪一点……",
    "len": 2
  },
  {
    "message": "她当时是这么说的。想和一个能理解猫的人交往。",
    "len": 2
  },
  {
    "message": "她坚信自己是猫的转世。",
    "len": 1
  },
  {
    "message": "不过，在我看来，她的性格更像是狗。",
    "len": 1
  },
  {
    "message": "因为她总是把我放在第一位。",
    "len": 1
  },
  {
    "message": "就这样，我们迎来了第三个家庭成员。",
    "len": 1
  },
  {
    "message": "那是一个隐约带有琴子影子的女孩。虽说是我的女儿，像姑姑也很正常……",
    "len": 2
  },
  {
    "message": "我给这个刚出生的婴儿取名为『奏』，意为弹奏琴弦。",
    "len": 2
  },
  {
    "message": "希望这孩子能替短命的姑姑好好活下去。",
    "len": 2
  },
  {
    "message": "名字的传承——意义的延续——",
    "len": 2
  },
  {
    "message": "代代相传的『思念』——",
    "len": 1
  },
  {
    "message": "就这样，生育者与被生育者成为了父母与子女，父母和子女的循环构成了『家庭』。",
    "len": 2
  },
  {
    "message": "相连的羁绊才是家人——",
    "len": 1
  },
  {
    "message": "我成为父亲后，终于意识到了。",
    "len": 1
  },
  {
    "message": "家庭不是『空间』，而是『时间』。",
    "len": 1
  },
  {
    "message": "通过思念和言语编织的时间叠加……",
    "len": 1
  },
  {
    "message": "就这样，我们现在拥有了新的『世界』。",
    "len": 1
  },
  {
    "message": "有了姬子猫为我们创造的世界……",
    "len": 1
  },
  {
    "message": "我紧紧抓住了它。",
    "len": 1
  },
  {
    "message": "我要一直守望下去。守望我所爱的人们。",
    "len": 2
  },
  {
    "message": "直到无法用言语表达的时间尽头——",
    "len": 1
  }
]