[
  {
    "message": "昨夜的雪在一夜之间就完全融化了。",
    "len": 1
  },
  {
    "message": "是气温没有降得太低，还是雪量本就不多呢……",
    "len": 2
  },
  {
    "message": "无论如何，今天从早上开始就是个好天气。外面还有些湿润的地面，到了下午应该就会干了吧。",
    "len": 2
  },
  {
    "name": "樹",
    "message": "「那么，该怎么办呢……」",
    "len": 1
  },
  {
    "message": "虽然我决定要好好观察姬子猫，但首先该从哪里开始呢。",
    "len": 2
  },
  {
    "message": "当它还是只猫的时候，我大致了解它的行为习惯。",
    "len": 1
  },
  {
    "message": "首先是睡觉。几乎一整天都在睡。",
    "len": 2
  },
  {
    "message": "完全熟睡的时间大约只有2小时，但半睡半醒的状态会持续很长时间。",
    "len": 2
  },
  {
    "message": "一找到舒适的地方，就会霸占那里睡觉。",
    "len": 2
  },
  {
    "message": "除此之外就是吃或者玩……",
    "len": 1
  },
  {
    "name": "樹",
    "message": "「仔细想想，真是悠哉游哉啊」",
    "len": 1
  },
  {
    "message": "嘛，只要还是猫，一直都是这种模式。",
    "len": 1
  },
  {
    "message": "变成人形之后，有什么特别的变化吗？",
    "len": 1
  },
  {
    "message": "到现在为止一直没怎么在意，不过现在好好检查一下也不错。",
    "len": 2
  },
  {
    "message": "好，今天就来观察姬子猫！",
    "len": 1
  },
  {
    "message": "猫基本上是夜行性动物，但是家猫的话，会逐渐适应人类的生活习惯。",
    "len": 2
  },
  {
    "message": "也就是说，如果我睡得早，姬子猫也会早睡早起。",
    "len": 2
  },
  {
    "message": "当然了，我不可能那么早睡……",
    "len": 1
  },
  {
    "message": "姬子猫这个时候，一般都在睡觉。",
    "len": 1
  },
  {
    "name": "ギズモ",
    "message": "「呼，呼——」",
    "len": 1
  },
  {
    "message": "猫的词源是『睡觉的孩子』，可见猫是多么爱睡觉啊。",
    "len": 1
  },
  {
    "message": "对猫的大脑来说，这大概是很自然的事情吧。",
    "len": 1
  },
  {
    "message": "不过，现在的姬子猫应该已经不需要那么多睡眠了才对……",
    "len": 2
  },
  {
    "message": "难道只是保留了以前的习惯吗？",
    "len": 1
  },
  {
    "name": "ギズモ",
    "message": "「呼噜……咕……」",
    "len": 1
  },
  {
    "message": "一个穿着女仆装的女孩钻进了桌子和箱子的缝隙里，灵巧地蜷缩着身体睡着了。",
    "len": 2
  },
  {
    "name": "樹",
    "message": "「没办法啊，等她醒来吧」",
    "len": 1
  },
  {
    "name": "結衣",
    "message": "「怎么了，在照顾猫吗？」",
    "len": 1
  },
  {
    "name": "樹",
    "message": "「啊，结衣姐，早上好」",
    "len": 1
  },
  {
    "name": "結衣",
    "message": "「好好照顾她啊？这家伙饿了可是很吵的」",
    "len": 2
  },
  {
    "message": "结衣姐从一开始就对姬子猫表现得很冷淡。",
    "len": 1
  },
  {
    "message": "说到底，她本来就不太喜欢动物。",
    "len": 1
  },
  {
    "name": "結衣",
    "message": "「要不是你的东西，我早就把它装箱扔掉了……」",
    "len": 2
  },
  {
    "name": "樹",
    "message": "「结衣姐，现在这么做可不是开玩笑的」",
    "len": 1
  },
  {
    "name": "結衣",
    "message": "「是吗？我觉得会有很多人想要这种东西吧」",
    "len": 1
  },
  {
    "name": "樹",
    "message": "「嗯，确实很多。正因为很多才很危险啊」",
    "len": 2
  },
  {
    "name": "結衣",
    "message": "「哼，结衣我可搞不懂」",
    "len": 1
  },
  {
    "message": "结衣姐一脸无奈地下楼去了。",
    "len": 1
  },
  {
    "name": "樹",
    "message": "「嘛，有些世界还是不知道为好」",
    "len": 1
  },
  {
    "message": "站在走廊里也没用，我就回房间去了。",
    "len": 1
  },
  {
    "message": "我决定一边玩电脑，一边等姬子猫醒来。",
    "len": 1
  },
  {
    "name": "樹",
    "message": "「嗯？」",
    "len": 1
  },
  {
    "message": "过了一会儿，我听到储藏室的门开了。",
    "len": 1
  },
  {
    "name": "樹",
    "message": "「醒了吗？去看看情况……」",
    "len": 2
  },
  {
    "message": "我稍微打开门，偷偷看了看走廊。",
    "len": 1
  },
  {
    "name": "ギズモ",
    "message": "「呼啊～～～，呼……」",
    "len": 1
  },
  {
    "message": "打着哈欠出来的姬子猫，啪嗒啪嗒地走在走廊上，来到了琴子的房间前。",
    "len": 2
  },
  {
    "name": "ギズモ",
    "message": "「琴子！尿尿！」",
    "len": 1
  },
  {
    "message": "诶诶？尿尿？",
    "len": 1
  },
  {
    "name": "ギズモ",
    "message": "「琴子！」",
    "len": 1
  },
  {
    "name": "琴子",
    "message": "「好好，小猫咪，让你久等了」",
    "len": 1
  },
  {
    "name": "ギズモ",
    "message": "「要去尿尿啦！」",
    "len": 1
  },
  {
    "name": "琴子",
    "message": "「好～，那我们走吧？」",
    "len": 1
  },
  {
    "name": "ギズモ",
    "message": "「走咯！」",
    "len": 1
  },
  {
    "name": "樹",
    "message": "「这是……」",
    "len": 1
  },
  {
    "name": "樹",
    "message": "「原来姬子猫的如厕是琴子在照顾啊」",
    "len": 1
  },
  {
    "message": "当然，在姬子猫还是猫的时候，是我准备厕所用的猫砂之类的。",
    "len": 2
  },
  {
    "message": "即使她变成那个样子后，我本想继续照顾的……",
    "len": 2
  },
  {
    "message": "但在最初大家聚在一起讨论的时候，除了我以外所有人都表示难色。",
    "len": 2
  },
  {
    "name": "式子",
    "message": "「可是～，洗澡和上厕所什么的……，你懂的？」",
    "len": 1
  },
  {
    "name": "琴子",
    "message": "「我想在很多方面都会有问题」",
    "len": 1
  },
  {
    "name": "樹",
    "message": "「很多方面是指什么啊？」",
    "len": 1
  },
  {
    "name": "結衣",
    "message": "「就是各种方面啦，你这个色鬼」",
    "len": 1
  },
  {
    "name": "電卓",
    "message": "「色鬼」",
    "len": 1
  },
  {
    "name": "琴子",
    "message": "「暂时的话，姬子猫的洗澡和上厕所，由我们女生负责」",
    "len": 2
  },
  {
    "name": "琴子",
    "message": "「这样可以吧，哥哥？」",
    "len": 1
  },
  {
    "message": "……就这样，我只负责照顾姬子猫的饮食了。",
    "len": 2
  },
  {
    "message": "要说养猫最麻烦的是什么，那就是铲屎最麻烦。一直以来都是琴子在做这件事，我得好好感谢她才行……",
    "len": 2
  },
  {
    "name": "琴子",
    "message": "「哥哥」",
    "len": 1
  },
  {
    "name": "樹",
    "message": "「哦，琴子？」",
    "len": 1
  },
  {
    "name": "琴子",
    "message": "「打扰了，请问有什么事吗？」",
    "len": 1
  },
  {
    "name": "樹",
    "message": "「啊？」",
    "len": 1
  },
  {
    "name": "琴子",
    "message": "「你好像一直在盯着看，所以……」",
    "len": 1
  },
  {
    "name": "樹",
    "message": "「哦，被你发现了啊。我在观察姬子猫的情况」",
    "len": 2
  },
  {
    "name": "琴子",
    "message": "「猫咪的？」",
    "len": 1
  },
  {
    "name": "樹",
    "message": "「嗯，我想好好掌握一下它的行为」",
    "len": 1
  },
  {
    "name": "琴子",
    "message": "「那很好啊。了解它的行为很重要」",
    "len": 2
  },
  {
    "name": "樹",
    "message": "「我在想变成人之后，有什么变化没有」",
    "len": 1
  },
  {
    "name": "琴子",
    "message": "「我没法和以前比较，但哥哥应该能注意到的」",
    "len": 2
  },
  {
    "name": "琴子",
    "message": "「猫咪现在说话还很幼稚，请多观察它的行为，体会它的心情」",
    "len": 2
  },
  {
    "name": "樹",
    "message": "「嗯，说得对。我得多体会姬子猫的心情才行」",
    "len": 2
  },
  {
    "name": "琴子",
    "message": "「是的」",
    "len": 1
  },
  {
    "name": "樹",
    "message": "「话说回来，上厕所一直都是琴子在照顾吗？」",
    "len": 1
  },
  {
    "name": "琴子",
    "message": "「嗯，一开始它不喜欢冲水马桶，但现在几乎可以自己完成了」",
    "len": 2
  },
  {
    "name": "樹",
    "message": "「哇！那真了不起，一定很辛苦吧？」",
    "len": 1
  },
  {
    "name": "琴子",
    "message": "「不会，比起洗澡来说这完全不算什么」",
    "len": 1
  },
  {
    "name": "樹",
    "message": "「啊，果然还是不行啊」",
    "len": 1
  },
  {
    "name": "琴子",
    "message": "「它根本不让我给它洗澡」",
    "len": 1
  },
  {
    "message": "猫咪真的很讨厌淋浴啊……",
    "len": 1
  },
  {
    "name": "琴子",
    "message": "「如果是主人哥哥的话，应该能更轻松地给它洗澡吧……」",
    "len": 2
  },
  {
    "name": "樹",
    "message": "「嗯，但是啊……」",
    "len": 1
  },
  {
    "name": "琴子",
    "message": "「下次要不要瞒着大家，偷偷给猫咪洗个澡试试？」",
    "len": 1
  },
  {
    "name": "樹",
    "message": "「诶！？这、这样行吗？」",
    "len": 3
  },
  {
    "name": "琴子",
    "message": "「我个人觉得可以。虽然对家人来说可能会有点问题」",
    "len": 2
  },
  {
    "name": "樹",
    "message": "「不愧是琴子，就是懂我！」",
    "len": 1
  },
  {
    "name": "琴子",
    "message": "「当然了，只是洗澡而已哦？」",
    "len": 1
  },
  {
    "name": "樹",
    "message": "「那、那是当然的！毕竟要是它身上长满跳蚤就麻烦了」",
    "len": 2
  },
  {
    "name": "琴子",
    "message": "「呵呵，说得对呢！」",
    "len": 1
  },
  {
    "message": "不过，我对变成人类的姬子猫也有点兴趣……",
    "len": 2
  },
  {
    "message": "比如尾巴的根部，到底是什么样子的呢？",
    "len": 1
  },
  {
    "name": "琴子",
    "message": "「不用看看猫咪吗？」",
    "len": 1
  },
  {
    "name": "樹",
    "message": "「啊，对了！姬子猫去哪儿了？」",
    "len": 4
  },
  {
    "name": "琴子",
    "message": "「它不是下楼去了吗？」",
    "len": 1
  },
  {
    "name": "樹",
    "message": "「那我也去看看」",
    "len": 1
  },
  {
    "name": "琴子",
    "message": "「好的，下次给它洗澡就拜托你了哦」",
    "len": 1
  },
  {
    "message": "下楼的话，应该是去厨房了吧？",
    "len": 1
  },
  {
    "message": "大概是去找吃的了。",
    "len": 1
  },
  {
    "name": "樹",
    "message": "「哦，找到了……」",
    "len": 1
  },
  {
    "name": "ギズモ",
    "message": "「喵～～！猫罐头，猫罐头——！」",
    "len": 1
  },
  {
    "message": "多亏教会了它做菜和使用厨房，姬子猫已经完全能自己解决吃饭问题了。",
    "len": 2
  },
  {
    "message": "它自己打开猫罐头，盛到盘子里，还用勺子好好地吃着。",
    "len": 2
  },
  {
    "message": "虽然它抓勺子的方式还是有点粗鲁，但这也算是它的可爱之处吧。",
    "len": 1
  },
  {
    "message": "总之，在饮食方面，它越来越像人类了。",
    "len": 2
  },
  {
    "name": "ギズモ",
    "message": "「喵～，真香～！」",
    "len": 1
  },
  {
    "message": "话说回来，那饮食内容就不能改改吗？",
    "len": 1
  },
  {
    "message": "现在已经是人类的身体了，摄入和人类一样的盐分应该也没问题才对……",
    "len": 2
  },
  {
    "message": "可它却一直在吃那些没什么味道的猫粮。",
    "len": 1
  },
  {
    "message": "看来习惯了的饮食习惯，还真不是那么容易改变的啊？",
    "len": 2
  },
  {
    "name": "ギズモ",
    "message": "「喵～吃饱啦」",
    "len": 1
  },
  {
    "message": "吃完后，姬子猫把盘子和勺子随意丢在一旁，啪嗒啪嗒地跑开了。",
    "len": 2
  },
  {
    "name": "樹",
    "message": "「得教教它怎么收拾残局啊……」",
    "len": 1
  },
  {
    "name": "樹",
    "message": "「哎呀，它要过来了吗？」",
    "len": 1
  },
  {
    "message": "我慌忙躲到了浴室那边。",
    "len": 1
  },
  {
    "name": "ギズモ",
    "message": "「喵～，今天树不在家啊？」",
    "len": 1
  },
  {
    "name": "ギズモ",
    "message": "「咦！」",
    "len": 1
  },
  {
    "message": "不知道它突然想到了什么，打开玄关的门就跑到外面去了。",
    "len": 2
  },
  {
    "name": "樹",
    "message": "「呼～，还以为要被发现了」",
    "len": 1
  },
  {
    "name": "樹",
    "message": "「话说回来，它的行动真是难以捉摸啊……。好像是出去了？」",
    "len": 2
  },
  {
    "message": "我从玄关门后悄悄地窥视外面的情况。",
    "len": 1
  },
  {
    "name": "ギズモ",
    "message": "「喵呜～～，蹭蹭～～」",
    "len": 1
  },
  {
    "message": "它在干什么呢？",
    "len": 1
  },
  {
    "name": "ギズモ",
    "message": "「嗯，这样就行了」",
    "len": 1
  },
  {
    "message": "姬子猫正在玄关前的树木和电线杆上蹭来蹭去。",
    "len": 1
  },
  {
    "name": "ギズモ",
    "message": "「接下来是后院！」",
    "len": 1
  },
  {
    "name": "樹",
    "message": "「哈哈，原来如此……」",
    "len": 1
  },
  {
    "message": "这是在巡视领地啊。",
    "len": 1
  },
  {
    "message": "猫经常用脖子和脸颊蹭来蹭去，其实是在标记『这是我的东西！』的意思。",
    "len": 2
  },
  {
    "message": "当它们蹭我们的腿时，看起来很亲昵可爱，但实际上在猫看来，是在把我们当作『所有物』来认定呢。",
    "len": 2
  },
  {
    "message": "对姬子猫来说，这个家就是它的领地。是它整个世界的全部吧。",
    "len": 2
  },
  {
    "message": "姬子猫所认知的『世界』——。",
    "len": 1
  },
  {
    "message": "从动物的角度来看，这个『世界』可能与我们人类所看到的世界完全不同。",
    "len": 2
  },
  {
    "message": "通常，我们人类是没有办法了解这一点的。",
    "len": 1
  },
  {
    "message": "但是，学会说话的姬子猫或许能让我们看到这个世界。",
    "len": 1
  },
  {
    "message": "我不禁这样想着。",
    "len": 1
  },
  {
    "message": "回到屋里的姬子猫跳上了客厅的沙发，开始看电视。",
    "len": 2
  },
  {
    "name": "ギズモ",
    "message": "「呼啊～～～，呼……」",
    "len": 1
  },
  {
    "message": "不知道是谁教的，还是它看别人操作学会的……",
    "len": 2
  },
  {
    "message": "令人惊讶的是，它居然自己操作遥控器换台。",
    "len": 2
  },
  {
    "name": "ギズモ",
    "message": "「嗯～～～，喵～～～」",
    "len": 1
  },
  {
    "message": "它时不时地点头，好像真的理解了似的，但究竟是否真的明白，还是值得怀疑的。",
    "len": 2
  },
  {
    "message": "说到底，它可能根本就没有理解。",
    "len": 1
  },
  {
    "name": "式子",
    "message": "「哎呀～？你在做什么呢？」",
    "len": 1
  },
  {
    "name": "樹",
    "message": "「啊，式子桑」",
    "len": 1
  },
  {
    "name": "式子",
    "message": "「怎么了？在偷看～？」",
    "len": 1
  },
  {
    "name": "樹",
    "message": "「不，不是的，那个，我在观察姬子猫的行为……」",
    "len": 1
  },
  {
    "name": "式子",
    "message": "「小姬的？」",
    "len": 1
  },
  {
    "name": "樹",
    "message": "「是的，我想看看它的自然行为」",
    "len": 1
  },
  {
    "name": "式子",
    "message": "「哎呀哎呀，虽然不太明白，但很辛苦呢～」",
    "len": 1
  },
  {
    "name": "樹",
    "message": "「嗯？式子桑，那是？」",
    "len": 1
  },
  {
    "message": "式子桑双手抱着一个花盆。",
    "len": 1
  },
  {
    "message": "尖尖的草密密麻麻地长着，像韭菜一样。",
    "len": 1
  },
  {
    "name": "式子",
    "message": "「这个？听说叫猫草哦～」",
    "len": 1
  },
  {
    "name": "樹",
    "message": "「啊，原来这就是猫草……」",
    "len": 1
  },
  {
    "message": "这是猫喜欢吃的一种草，属于麦类。",
    "len": 1
  },
  {
    "message": "当然，这并不是猫变成的草。",
    "len": 1
  },
  {
    "name": "式子",
    "message": "「电视上播过，所以我就拿了些种子回来」",
    "len": 1
  },
  {
    "name": "樹",
    "message": "「姬子猫会吃吗？我还从没给它吃过呢」",
    "len": 2
  },
  {
    "name": "式子",
    "message": "「那孩子不怎么吃蔬菜吧？我想它应该会吃这个～」",
    "len": 2
  },
  {
    "name": "樹",
    "message": "「抱歉，让你费心了」",
    "len": 1
  },
  {
    "name": "式子",
    "message": "「没事没事，我也喜欢那孩子～」",
    "len": 1
  },
  {
    "name": "式子",
    "message": "「那我去给它喂了哦！」",
    "len": 1
  },
  {
    "message": "……不知不觉，今天一天我就明白了。",
    "len": 1
  },
  {
    "message": "姬子猫不是只有我一个人在养，而是我们全家人一起在养……",
    "len": 2
  },
  {
    "message": "这种感觉真不错啊。",
    "len": 1
  },
  {
    "name": "電卓",
    "message": "「哟～猫小子！我给你抓了只虫子来！是叫大褐枝螳螂的家伙，很帅吧！」",
    "len": 2
  },
  {
    "name": "ギズモ",
    "message": "「喵～！好大啊～～！！真厉害～！」",
    "len": 1
  },
  {
    "message": "这种事情也算是有点用处吧……",
    "len": 1
  },
  {
    "message": "算了，姬子猫开心就好。",
    "len": 1
  },
  {
    "message": "虽然只是一时兴起跟着姬子猫转了转，但却了解到了很多有趣的事情。",
    "len": 2
  },
  {
    "message": "看到除了我以外的大家比我想象中更关心姬子猫，我也很高兴……",
    "len": 2
  },
  {
    "message": "特别感谢琴子的努力。简直就像琴子才是真正的主人一样。",
    "len": 2
  },
  {
    "message": "姬子猫还是猫的时候，所有事情都是我在照顾，但现在已经不能那样了。",
    "len": 2
  },
  {
    "message": "今后要把她当成人类女孩来照顾的话，恐怕只能依靠琴子和式子桑了。",
    "len": 2
  },
  {
    "message": "另外，如果结衣姐能和姬子猫熟悉起来就再好不过了……",
    "len": 2
  },
  {
    "name": "樹",
    "message": "「今天就睡吧……」",
    "len": 1
  },
  {
    "message": "……总觉得吧。",
    "len": 1
  },
  {
    "message": "现在各自为政、我行我素的我们。",
    "len": 1
  },
  {
    "message": "仅仅因为有了姬子猫……就感觉能够团结在一起了。",
    "len": 2
  },
  {
    "message": "真是不可思议啊……",
    "len": 1
  },
  {
    "message": "即使变成了人类女孩，姬子猫还是姬子猫。",
    "len": 1
  },
  {
    "message": "有她在的话，家里就会变得明亮温暖。",
    "len": 1
  },
  {
    "message": "这到底是怎么回事呢……",
    "len": 1
  },
  {
    "message": "为什么会有这种感觉呢。",
    "len": 1
  },
  {
    "message": "周围的氛围在慢慢改变，那种感觉……",
    "len": 1
  }
]