[
  {
    "name": "樹",
    "message": "「………………」",
    "len": 1
  },
  {
    "name": "樹",
    "message": "「……天亮了」",
    "len": 1
  },
  {
    "name": "樹",
    "message": "「这是晨光」",
    "len": 1
  },
  {
    "name": "樹",
    "message": "「那就是说……」",
    "len": 1
  },
  {
    "name": "樹",
    "message": "「这是梦啊」",
    "len": 1
  },
  {
    "message": "虽然很罕见，但我意识到自己在做梦。",
    "len": 2
  },
  {
    "message": "因为此刻，世界被红光笼罩。",
    "len": 1
  },
  {
    "message": "能看到这样的晨曦白光，单凭这一点就足以证明这里是梦境。",
    "len": 2
  },
  {
    "name": "樹",
    "message": "「既然知道是梦，那就无所畏惧了」",
    "len": 1
  },
  {
    "message": "我从床上一跃而起。",
    "len": 1
  },
  {
    "message": "既然有这样难得的机会，我决定要尽情地享受一番。",
    "len": 1
  },
  {
    "message": "现在的我，可以做任何想做的事。",
    "len": 1
  },
  {
    "message": "就算出了什么岔子，醒过来就行了。",
    "len": 1
  },
  {
    "name": "樹",
    "message": "「那么……从什么开始呢？」",
    "len": 1
  },
  {
    "name": "ギズモ",
    "message": "「喵呜～」",
    "len": 1
  },
  {
    "name": "樹",
    "message": "「哟！今天起得真早啊，姬子猫」",
    "len": 1
  },
  {
    "name": "ギズモ",
    "message": "「喵～」",
    "len": 1
  },
  {
    "name": "樹",
    "message": "「怎么了？肚子饿了吗？」",
    "len": 1
  },
  {
    "name": "ギズモ",
    "message": "「喵～」",
    "len": 1
  },
  {
    "name": "樹",
    "message": "「还是说，一大早就想玩了？」",
    "len": 1
  },
  {
    "name": "ギズモ",
    "message": "「喵～」",
    "len": 1
  },
  {
    "name": "樹",
    "message": "「哎，是这个吗？」",
    "len": 1
  },
  {
    "message": "我轻轻拍了拍姬子猫的屁股。",
    "len": 1
  },
  {
    "name": "ギズモ",
    "message": "「喵呜～咕噜咕噜～」",
    "len": 1
  },
  {
    "name": "樹",
    "message": "「不过，你还真是个怪家伙啊。这样就高兴得不得了」",
    "len": 2
  },
  {
    "name": "ギズモ",
    "message": "「喵！」",
    "len": 1
  },
  {
    "message": "姬子猫好像发现了什么似的，跑向了走廊深处。",
    "len": 2
  },
  {
    "message": "肯定又是那只老螳螂吧。",
    "len": 1
  },
  {
    "name": "樹",
    "message": "「那我去吃饭了」",
    "len": 1
  },
  {
    "name": "樹",
    "message": "「啧，一个人都没有……」",
    "len": 1
  },
  {
    "name": "樹",
    "message": "「为什么每次我起床的时候这家里都没人啊？」",
    "len": 1
  },
  {
    "message": "爸爸去公司了，结衣姐去上学了……妈妈嘛……虽然不太清楚，但总是不在家。",
    "len": 2
  },
  {
    "message": "然后，桌子上放着一张一千日元的纸币。",
    "len": 1
  },
  {
    "message": "今天和昨天一样，明天和前天一样，每天每天，都是同样景象的重复……",
    "len": 2
  },
  {
    "message": "唯一的区别就是外面的天气。",
    "len": 1
  },
  {
    "message": "从什么时候开始的呢……这种情况……",
    "len": 2
  },
  {
    "message": "是从不去学校开始的吗？不，应该是更早之前……",
    "len": 2
  },
  {
    "message": "更早，更久远之前……早到我都记不清了……",
    "len": 2
  },
  {
    "message": "眼前的景象似乎从一开始就存在于那里。不知为何，我就这样被扔进了这个环境中。",
    "len": 2
  },
  {
    "name": "樹",
    "message": "「……啧，到底是谁」",
    "len": 1
  },
  {
    "message": "――大概，是从那个时候开始的…………。",
    "len": 1
  },
  {
    "name": "樹",
    "message": "「连招呼都不打，就把我丢在这种地方？」",
    "len": 2
  },
  {
    "message": "――那个时候？",
    "len": 1
  },
  {
    "name": "樹",
    "message": "「把我丢在这种地方……」",
    "len": 1
  },
  {
    "message": "――那个时候是什么时候？",
    "len": 1
  },
  {
    "message": "――这里是梦境吧？",
    "len": 1
  },
  {
    "message": "――是从开始做梦的时候开始的吗？",
    "len": 1
  },
  {
    "message": "――从那时起我就。",
    "len": 1
  },
  {
    "message": "――一直在这里吗？",
    "len": 1
  },
  {
    "name": "樹",
    "message": "「今天去哪里呢……」",
    "len": 1
  },
  {
    "name": "樹",
    "message": "「虽然很冷，但还是去公园吧……」",
    "len": 1
  },
  {
    "name": "樹",
    "message": "「人少一点比较好……」",
    "len": 1
  },
  {
    "name": "母",
    "message": "「出门要穿暖和点哦？」",
    "len": 1
  },
  {
    "message": "——妈妈？",
    "len": 1
  },
  {
    "name": "母",
    "message": "「不能老是吃汉堡包哦？」",
    "len": 1
  },
  {
    "message": "——啊对了，这是我妈妈。",
    "len": 1
  },
  {
    "name": "母",
    "message": "「还有，别忘了把零钱放在桌子上哦」",
    "len": 1
  },
  {
    "message": "——每天每天，像机器一样只说同样的话。",
    "len": 1
  },
  {
    "name": "母",
    "message": "「……唉」",
    "len": 1
  },
  {
    "message": "——总是这样，最后都会。",
    "len": 1
  },
  {
    "message": "——她深深地叹了口气，仿佛精疲力尽，然后消失了。",
    "len": 1
  },
  {
    "name": "樹",
    "message": "「………………」",
    "len": 1
  },
  {
    "message": "——我不想听那令人烦躁的叹息声。",
    "len": 1
  },
  {
    "name": "樹",
    "message": "「无所谓了……」",
    "len": 1
  },
  {
    "message": "——我讨厌那个絮絮叨叨只会重复同样话语的声音。",
    "len": 1
  },
  {
    "name": "樹",
    "message": "「为什么这房子里没有人呢？……」",
    "len": 2
  },
  {
    "message": "——我决定不去『看』妈妈。",
    "len": 1
  },
  {
    "name": "樹",
    "message": "「哈啊啊啊啊啊啊～」",
    "len": 1
  },
  {
    "name": "樹",
    "message": "「啊，天气真好啊」",
    "len": 1
  },
  {
    "name": "樹",
    "message": "「暖洋洋的感觉真不错嘛。马上就去睡一觉吧！」",
    "len": 2
  },
  {
    "name": "樹",
    "message": "「晚安～」",
    "len": 1
  },
  {
    "name": "姉",
    "message": "「又在这种地方……」",
    "len": 1
  },
  {
    "message": "——这次是姐姐吗。",
    "len": 1
  },
  {
    "name": "姉",
    "message": "「反正你也不会听的，别在外面到处晃悠了」",
    "len": 2
  },
  {
    "message": "——这是不再和我说话的姐姐。",
    "len": 1
  },
  {
    "name": "姉",
    "message": "「真是的，太丢人了。我可不想让人知道你是我弟弟」",
    "len": 2
  },
  {
    "message": "——只说自己想说的，其他的都不在乎的人。",
    "len": 1
  },
  {
    "name": "姉",
    "message": "「啊～恶心！」",
    "len": 1
  },
  {
    "message": "——所以我也开始觉得这个人无所谓了。",
    "len": 1
  },
  {
    "name": "樹",
    "message": "「哈啊啊啊啊啊啊啊～」",
    "len": 1
  },
  {
    "message": "——和在街上擦肩而过的路人没什么两样。",
    "len": 1
  },
  {
    "name": "樹",
    "message": "「唔～天气好像渐渐变冷了呢」",
    "len": 1
  },
  {
    "message": "——无论是脸还是说的话，连记忆的角落都不会留下。",
    "len": 1
  },
  {
    "name": "父",
    "message": "「啊，那个……还有啊，树……」",
    "len": 1
  },
  {
    "message": "——父亲边慢吞吞地嚼着饭边说道。",
    "len": 1
  },
  {
    "message": "——看来这是晚餐时间。",
    "len": 1
  },
  {
    "name": "樹",
    "message": "「…………………」",
    "len": 1
  },
  {
    "message": "——我无视他继续吃着自己的饭。",
    "len": 1
  },
  {
    "name": "父",
    "message": "「今天……那个……因为那个……」",
    "len": 1
  },
  {
    "message": "——这种说话不清不楚的方式真让人火大。",
    "len": 1
  },
  {
    "name": "父",
    "message": "「刚好，已经三年了……那个，你看……」",
    "len": 1
  },
  {
    "message": "——烦死了，闭嘴，真让人火大。",
    "len": 1
  },
  {
    "name": "父",
    "message": "「至少，点根香什么的……」",
    "len": 1
  },
  {
    "message": "——闭嘴！",
    "len": 1
  },
  {
    "message": "——你怎么说得跟事不关己似的！？",
    "len": 1
  },
  {
    "message": "——琴子死的时候，你还在公司工作的混蛋！",
    "len": 1
  },
  {
    "message": "——对出现在葬礼上的上司点头哈腰……",
    "len": 1
  },
  {
    "message": "——还一个劲儿地为请假道歉的蠢货！",
    "len": 1
  },
  {
    "message": "——你女儿死了啊，混蛋！",
    "len": 1
  },
  {
    "name": "父",
    "message": "「树、树……」",
    "len": 1
  },
  {
    "name": "樹",
    "message": "「烦死了……」",
    "len": 1
  },
  {
    "message": "——那种家伙，我根本就不想看到。",
    "len": 1
  },
  {
    "name": "樹",
    "message": "「……就发生过这种事。那时候真是开心啊～」",
    "len": 2
  },
  {
    "name": "ギズモ",
    "message": "「喵……」",
    "len": 1
  },
  {
    "name": "樹",
    "message": "「看那家伙一副得意洋洋的样子说话，真是有意思！」",
    "len": 1
  },
  {
    "name": "ギズモ",
    "message": "「喵……」",
    "len": 1
  },
  {
    "message": "——我一直在跟姬子猫说话。",
    "len": 1
  },
  {
    "name": "ギズモ",
    "message": "「喵呜～～」",
    "len": 1
  },
  {
    "message": "——姬子猫看起来很困。一直在打哈欠。",
    "len": 1
  },
  {
    "name": "樹",
    "message": "「唉，要是你也能说说话就好了……」",
    "len": 1
  },
  {
    "name": "ギズモ",
    "message": "「喵？」",
    "len": 1
  },
  {
    "message": "——我太久没和人说话了。",
    "len": 1
  },
  {
    "message": "——大概是因为这个反作用吧。",
    "len": 1
  },
  {
    "message": "——我只在姬子猫面前话特别多。",
    "len": 1
  },
  {
    "message": "——整晚都能聊，直到厌烦为止。",
    "len": 1
  },
  {
    "message": "——虽然可能给姬子猫添麻烦了。",
    "len": 1
  },
  {
    "name": "樹",
    "message": "「这房子里……就只有你了……」",
    "len": 1
  },
  {
    "name": "ギズモ",
    "message": "「喵～～」",
    "len": 1
  },
  {
    "message": "——因为只有姬子猫能被我『看见』。",
    "len": 1
  },
  {
    "name": "樹",
    "message": "「啊？」",
    "len": 1
  },
  {
    "message": "窗外闪过一道明亮的光。",
    "len": 1
  },
  {
    "message": "仿佛烟花般只持续了一瞬。接着一个接一个，像下雨一样。",
    "len": 2
  },
  {
    "name": "樹",
    "message": "「流星雨……？」",
    "len": 1
  },
  {
    "message": "——原来如此，这是琴子回来的那天。",
    "len": 1
  },
  {
    "message": "——一切都改变了，那天的梦境。",
    "len": 1
  },
  {
    "message": "——接下来姬子猫会逃跑，我会去琴子的房间。",
    "len": 1
  },
  {
    "name": "ギズモ",
    "message": "「喵！喵喵！？」",
    "len": 1
  },
  {
    "name": "樹",
    "message": "「啊，喂！」",
    "len": 1
  },
  {
    "message": "——没错，首先是姬子猫逃跑。",
    "len": 1
  },
  {
    "message": "——观看了一会儿流星雨的我。",
    "len": 1
  },
  {
    "message": "——想起琴子，我走出了走廊。",
    "len": 1
  },
  {
    "name": "樹",
    "message": "「她说过，想看更多的星星」",
    "len": 2
  },
  {
    "message": "——仿佛被吸引一般。",
    "len": 1
  },
  {
    "name": "樹",
    "message": "「她说过，「世界」是由「人脑」创造出来的……」",
    "len": 2
  },
  {
    "message": "——我走到了琴子房间门前。",
    "len": 1
  },
  {
    "name": "樹",
    "message": "「把单纯的「脑」变成「人脑」的东西是……」",
    "len": 1
  },
  {
    "name": "？？？",
    "message": "「「语言」」",
    "len": 1
  },
  {
    "name": "樹",
    "message": "「……！？」",
    "len": 1
  },
  {
    "message": "——那个声音，与记忆中的不同。",
    "len": 1
  },
  {
    "name": "樹",
    "message": "「难道！？」",
    "len": 1
  },
  {
    "name": "ギズモ",
    "message": "「我从你那里学会了「语言」，能够「看见」这个世界了」",
    "len": 2
  },
  {
    "name": "ギズモ",
    "message": "「知道了自己在这里存在，我成为了人类」",
    "len": 2
  },
  {
    "name": "ギズモ",
    "message": "「……来到了和你……一样的地方」",
    "len": 1
  },
  {
    "name": "樹",
    "message": "「姬子猫……」",
    "len": 1
  },
  {
    "message": "不知何时，我从梦中醒来了吗？",
    "len": 1
  },
  {
    "name": "樹",
    "message": "「那么，这里是……」",
    "len": 1
  },
  {
    "name": "ギズモ",
    "message": "「是的，这是我「看见」的世界」",
    "len": 1
  },
  {
    "message": "还是说，从一开始就不一样了？",
    "len": 1
  },
  {
    "name": "樹",
    "message": "「……现在是几点？」",
    "len": 1
  },
  {
    "name": "ギズモ",
    "message": "「再过3个小时左右，新的一年就要到来了」",
    "len": 1
  },
  {
    "name": "樹",
    "message": "「原来是除夕夜啊」",
    "len": 1
  },
  {
    "name": "ギズモ",
    "message": "「是的，是个非常安静美好的夜晚」",
    "len": 1
  },
  {
    "name": "樹",
    "message": "「星星出来了吗？」",
    "len": 1
  },
  {
    "name": "ギズモ",
    "message": "「多得仿佛要洒落下来」",
    "len": 1
  },
  {
    "name": "樹",
    "message": "「那么，我们出去走走吧？」",
    "len": 1
  },
  {
    "name": "ギズモ",
    "message": "「出去？」",
    "len": 1
  },
  {
    "name": "樹",
    "message": "「我也想看看星星了」",
    "len": 1
  },
  {
    "name": "ギズモ",
    "message": "「好的，我们一起去吧」",
    "len": 1
  },
  {
    "message": "我们并肩走在夜路上。",
    "len": 1
  },
  {
    "message": "不，准确地说，姬子猫落后半步，走在我的斜后方。",
    "len": 2
  },
  {
    "message": "她就像是在宣示那个位置是属于自己的一样，始终没有挪动。",
    "len": 2
  },
  {
    "message": "我带着女仆走在一条普通得不能再普通的日本国道上。",
    "len": 2
  },
  {
    "message": "这个世界很像是一场梦。",
    "len": 1
  },
  {
    "message": "在无数的可能性中，姬子猫选择了这个世界，而我们现在就身处其中。",
    "len": 2
  },
  {
    "message": "我这样想着，让自己冷静下来。",
    "len": 1
  },
  {
    "message": "至于为什么会变成这样——这些道理和理论之后可以问问琴子。",
    "len": 2
  },
  {
    "message": "现在，我更想听听姬子猫说的话。",
    "len": 1
  },
  {
    "message": "想听听变成人类女孩的姬子猫说的话。",
    "len": 1
  },
  {
    "message": "大概，留给我们的时间已经不多了……",
    "len": 1
  },
  {
    "message": "琴子说「还剩50小时」是两天前的事了。",
    "len": 1
  },
  {
    "message": "奇迹发生的时间已经不多了。",
    "len": 1
  },
  {
    "message": "……对了，这是错误的。",
    "len": 1
  },
  {
    "message": "这种事情，根本不可能发生。",
    "len": 1
  },
  {
    "message": "如果是现实的话，绝对不可能发生。",
    "len": 1
  },
  {
    "message": "猫变成人类，这是什么物理现象？这又是什么样的幻想？",
    "len": 2
  },
  {
    "message": "正常人都会这么想吧？如果头脑正常的话，应该会这么想才对吧？",
    "len": 2
  },
  {
    "message": "但是，我却只能想到『原来如此』。",
    "len": 1
  },
  {
    "message": "小时候，爸爸带我去了某个大型活动会场。",
    "len": 2
  },
  {
    "message": "舞台上，当时很受欢迎的四人偶像组合正在进行现场表演。",
    "len": 2
  },
  {
    "message": "那是一个比较面向儿童的组合，唱的都是些奇怪的歌，比如石头剪刀布啊，电话铃铃啊之类的……",
    "len": 2
  },
  {
    "message": "现在想来，父亲大概是以我这个『孩子』为借口，其实是他自己想看那个偶像吧。",
    "len": 2
  },
  {
    "message": "会场里正在举行一场与那个偶像的歌曲相关的儿童石头剪刀布大赛。",
    "len": 2
  },
  {
    "message": "觉得无聊的我参加了那个比赛。本来只是想打发时间而已。",
    "len": 2
  },
  {
    "message": "但是30分钟后，我手里拿着最新款的游戏机，接受着会场观众的掌声。",
    "len": 2
  },
  {
    "message": "不知不觉中我已经连胜10场了。",
    "len": 1
  },
  {
    "message": "我连续10次在石头剪刀布中获胜。就这样不知不觉间就赢了。",
    "len": 2
  },
  {
    "message": "不，从中途开始我莫名其妙地就知道了。",
    "len": 1
  },
  {
    "message": "我大概会赢，就是这种感觉。",
    "len": 1
  },
  {
    "message": "就像远处看到的电车慢慢靠近，最后停在站台上等待的自己面前一样。",
    "len": 2
  },
  {
    "message": "仿佛在按照已经决定好的一连串流程在进行。",
    "len": 1
  },
  {
    "message": "我『看到』了自己身处在我获胜的世界里。",
    "len": 1
  },
  {
    "message": "既然是在已经赢了的世界里玩石头剪刀布，那当然不可能输。",
    "len": 2
  },
  {
    "message": "姬子猫掉下来时我的心情，和那次石头剪刀布大赛时一模一样……",
    "len": 2
  },
  {
    "message": "与其说是高兴，不如说是一种『原来如此』的感觉。",
    "len": 1
  },
  {
    "message": "没有任何理由，就是知道会这样，理所当然的事情理所当然地发生了——",
    "len": 2
  },
  {
    "message": "这种事很罕见吗？",
    "len": 1
  },
  {
    "message": "不需要是什么大事。",
    "len": 1
  },
  {
    "message": "比如知道朋友的邮件会到，之类的小事就行。",
    "len": 2
  },
  {
    "message": "每个人应该都在某处经历过。",
    "len": 1
  },
  {
    "message": "那种已经知道结果，却再次亲身体验的感觉——",
    "len": 2
  },
  {
    "message": "对我来说，那时的姬子猫就是这样。",
    "len": 1
  },
  {
    "message": "我看到了自己身处在姬子猫变成人类的世界里。",
    "len": 1
  },
  {
    "message": "我『看到』了自己存在于那个世界中。",
    "len": 1
  },
  {
    "message": "所以，我立刻就明白了。",
    "len": 1
  },
  {
    "message": "这个女孩就是姬子猫……",
    "len": 1
  },
  {
    "message": "在琴子所说的『特殊时间』里，我抽中了一直以来所期望的东西。",
    "len": 2
  },
  {
    "message": "这里就是我抽中的那个世界。",
    "len": 1
  },
  {
    "message": "这也意味着，存在着我没抽中的世界。",
    "len": 1
  },
  {
    "message": "或许没抽中的世界无数存在，而抽中的只有这一个。",
    "len": 2
  },
  {
    "message": "这可能就是所谓的奇迹吧。",
    "len": 1
  },
  {
    "message": "但是，如果成千上万的人聚在一起玩石头剪刀布，必然会出现连续赢几十次的家伙。",
    "len": 2
  },
  {
    "message": "至少会有一个人从未输过，一直坚持到最后。",
    "len": 1
  },
  {
    "message": "这肯定会发生。我赢了，就是这种注定的奇迹。",
    "len": 2
  },
  {
    "message": "世界的存在数量等同于可能性的数量。",
    "len": 1
  },
  {
    "message": "我抽中这个世界，不过是一个并不罕见的数学结果……",
    "len": 2
  },
  {
    "message": "然而，我所观察到的世界只有一个。",
    "len": 1
  },
  {
    "message": "只有在这里，姬子猫才会走在我身后不远处。",
    "len": 1
  },
  {
    "message": "我就在这里。",
    "len": 1
  },
  {
    "message": "我不是那个没能遇见姬子猫的我。",
    "len": 1
  },
  {
    "message": "我是那唯一一个遇见了姬子猫的我，正在观察着这一切。",
    "len": 1
  },
  {
    "message": "我一直在和她说话。",
    "len": 1
  },
  {
    "message": "一直在赋予曾是猫的姬子猫以『言语』。",
    "len": 1
  },
  {
    "message": "如果她是以这些言语为养分，最终变成了人类的话……",
    "len": 2
  },
  {
    "message": "那么现在我必须倾听。",
    "len": 1
  },
  {
    "message": "倾听已成为人类少女的姬子猫的话语。",
    "len": 1
  },
  {
    "message": "倾听镜中映照的自己的话语——",
    "len": 1
  },
  {
    "message": "我教给姬子猫的『言语』……",
    "len": 1
  },
  {
    "message": "正是我一直以来所渴望的东西。",
    "len": 1
  },
  {
    "name": "樹",
    "message": "「……所以，就变成这样了？」",
    "len": 1
  },
  {
    "name": "ギズモ",
    "message": "「梦想……早就已经开始了」",
    "len": 1
  },
  {
    "name": "ギズモ",
    "message": "「从你希望琴子桑能够转世的那一刻起……」",
    "len": 2
  },
  {
    "name": "樹",
    "message": "「我记得」",
    "len": 1
  },
  {
    "message": "那个夜晚，在一颗巨大的星星的指引下……",
    "len": 1
  },
  {
    "name": "樹",
    "message": "「我在这个公园里捡到了你」",
    "len": 1
  },
  {
    "name": "ギズモ",
    "message": "「那时的我还只是个什么都不是的单纯「物品」」",
    "len": 4
  },
  {
    "name": "ギズモ",
    "message": "「是你用「言语」赋予了我形态」",
    "len": 2
  },
  {
    "name": "ギズモ",
    "message": "「你所期望的「世界」，就存在于我的内心深处」",
    "len": 2
  },
  {
    "name": "樹",
    "message": "「那里面也有琴子吗？」",
    "len": 1
  },
  {
    "name": "ギズモ",
    "message": "「是的，那里有一个不用担心生病、健康快乐的琴子桑」",
    "len": 2
  },
  {
    "name": "樹",
    "message": "「妈妈她……变回那个开朗温暖的妈妈了吗？」",
    "len": 2
  },
  {
    "name": "ギズモ",
    "message": "「她非常开朗可爱哦」",
    "len": 1
  },
  {
    "name": "樹",
    "message": "「姐姐是不是变回了那个温柔、正直、纯真的结衣姐姐呢？」",
    "len": 2
  },
  {
    "name": "ギズモ",
    "message": "「当然，她已经重拾了坚强和温柔」",
    "len": 1
  },
  {
    "name": "樹",
    "message": "「爸爸嘛……虽然希望不大，但是变得稍微傻一点会不会更好呢？」",
    "len": 2
  },
  {
    "name": "ギズモ",
    "message": "「嗯，他变成了一个非常有趣的人呢」",
    "len": 1
  },
  {
    "name": "樹",
    "message": "「哈哈，那真不错……如果我家真的成了那样的家庭的话……」",
    "len": 2
  },
  {
    "message": "每天都会很快乐吧。",
    "len": 1
  },
  {
    "message": "整个『世界』都会变得清晰美好吧……",
    "len": 2
  },
  {
    "name": "樹",
    "message": "「真想去那样的地方啊……」",
    "len": 1
  },
  {
    "name": "ギズモ",
    "message": "「没问题的，你一定能去的」",
    "len": 1
  },
  {
    "name": "ギズモ",
    "message": "「如果能通过我这个茧，来「观察」世界的话……」",
    "len": 2
  },
  {
    "name": "樹",
    "message": "「通过姬子猫？」",
    "len": 1
  },
  {
    "name": "ギズモ",
    "message": "「是的，你培育的「世界」，就在这里」",
    "len": 2
  },
  {
    "message": "——在这里？",
    "len": 1
  },
  {
    "name": "ギズモ",
    "message": "「这是由你的「言语」编织而成的「世界」」",
    "len": 1
  },
  {
    "message": "——但是，在那里。",
    "len": 1
  },
  {
    "name": "樹",
    "message": "「姬子猫……会在那里吗？」",
    "len": 1
  },
  {
    "name": "ギズモ",
    "message": "「…………」",
    "len": 1
  },
  {
    "name": "樹",
    "message": "「在那个「世界」里，姬子猫是不存在的吧？」",
    "len": 1
  },
  {
    "name": "ギズモ",
    "message": "「我本来就只是一个靠概率存在的「物体」」",
    "len": 2
  },
  {
    "name": "ギズモ",
    "message": "「对你来说，我只会变回一只模糊不清的猫罢了……」",
    "len": 2
  },
  {
    "name": "樹",
    "message": "「不行啊，这样可不行……」",
    "len": 1
  },
  {
    "name": "ギズモ",
    "message": "「…………」",
    "len": 1
  },
  {
    "name": "樹",
    "message": "「在我想去的「世界」里，你也必须存在才行」",
    "len": 1
  },
  {
    "name": "ギズモ",
    "message": "「但是，那样……」",
    "len": 1
  },
  {
    "name": "樹",
    "message": "「喂姬子猫，我们一起组成家庭吧」",
    "len": 1
  },
  {
    "name": "樹",
    "message": "「你不是也那么努力了吗，做蛋糕、打扫卫生，那么多事……」",
    "len": 2
  },
  {
    "name": "ギズモ",
    "message": "「你一直，都有好好看着我呢……」",
    "len": 1
  },
  {
    "name": "樹",
    "message": "「当然看着！无论发生什么！」",
    "len": 1
  },
  {
    "name": "樹",
    "message": "「我早就，把你当成家人了！」",
    "len": 2
  },
  {
    "name": "ギズモ",
    "message": "「…………」",
    "len": 1
  },
  {
    "name": "ギズモ",
    "message": "「……非常感谢」",
    "len": 1
  },
  {
    "name": "ギズモ",
    "message": "「仅仅是这句话，就让我也能做梦了」",
    "len": 2
  },
  {
    "name": "樹",
    "message": "「梦？我可没说什么梦的事……！」",
    "len": 1
  },
  {
    "name": "ギズモ",
    "message": "「不，很遗憾，时间到了」",
    "len": 1
  },
  {
    "name": "樹",
    "message": "「啊？」",
    "len": 1
  },
  {
    "name": "ギズモ",
    "message": "「你应该已经从琴子桑那里听说了。现在，这个时刻是特别的」",
    "len": 2
  },
  {
    "name": "ギズモ",
    "message": "「很快，在与这里相邻的世界里将会产生巨大的质量，我将回归到只是一种概率的存在……」",
    "len": 3
  },
  {
    "name": "ギズモ",
    "message": "「也就是说，这就是再见了」",
    "len": 1
  },
  {
    "message": "听到这些话后，我已经记不清自己回答了什么。",
    "len": 2
  },
  {
    "message": "我只记得自己一直在喊着一些莫名其妙的台词，里面混杂着惊讶、愤怒、悲伤和爱意。",
    "len": 2
  },
  {
    "message": "在这期间，姬子猫一直带着温柔的微笑默默地注视着我。",
    "len": 2
  },
  {
    "message": "最后，她说出了这样的话。",
    "len": 1
  },
  {
    "name": "ギズモ",
    "message": "「如果可以的话，请像往常一样抚摸我吧」",
    "len": 2
  },
  {
    "name": "ギズモ",
    "message": "「就在这个「扭曲」结束前的最后一小段时间里」",
    "len": 2
  },
  {
    "name": "ギズモ",
    "message": "「拜托了，树……」",
    "len": 1
  },
  {
    "name": "樹",
    "message": "「别说什么最后一小段时间」",
    "len": 1
  },
  {
    "name": "ギズモ",
    "message": "「…………」",
    "len": 1
  },
  {
    "name": "樹",
    "message": "「我会一直抚摸你的。直到你说够了为止……」",
    "len": 2
  },
  {
    "name": "ギズモ",
    "message": "「嗯！」",
    "len": 1
  },
  {
    "message": "我的手掌中，是姬子猫柔软的头发。",
    "len": 1
  },
  {
    "message": "她的左右耳朵在我的手掌两侧一动一动的。",
    "len": 1
  },
  {
    "message": "感觉很奇妙。明明是在抚摸一个出色女孩的头……",
    "len": 2
  },
  {
    "message": "我现在依然在抚摸着那只一直陪伴我的猫……",
    "len": 1
  },
  {
    "message": "星空的顶端闪过一颗巨大的流星。",
    "len": 1
  },
  {
    "message": "如果说有什么变化的话，也就只有这个了。",
    "len": 2
  },
  {
    "message": "而在姬子猫消失的地方，落下了一个破旧的工具箱。",
    "len": 2
  },
  {
    "message": "箱子里装着一个小小的机械猫玩具。",
    "len": 2
  },
  {
    "message": "那是一个非常古老、已经坏掉的玩具……",
    "len": 1
  },
  {
    "name": "ギズモ",
    "message": "「喂……」",
    "len": 1
  }
]