[
  {
    "name": "樹",
    "message": "「……………………」",
    "len": 1
  },
  {
    "name": "樹",
    "message": "「……！？糟糕，我睡着了！」",
    "len": 1
  },
  {
    "name": "樹",
    "message": "「现在是……早上了吗？姬子猫怎么样了？」",
    "len": 2
  },
  {
    "message": "该不会在这么冷的天气里，整晚都在房子周围徘徊吧？",
    "len": 2
  },
  {
    "name": "樹",
    "message": "「得去找找看……嗯？」",
    "len": 1
  },
  {
    "name": "ギズモ",
    "message": "「呼咕咕咕，呜呜，嗯，呐，啊啊啊啊……树……嗯嗯，哈，咕，呜呜呜呜呜……」",
    "len": 2
  },
  {
    "message": "能给睡着的女孩洗个澡吗？",
    "len": 1
  },
  {
    "message": "那天晚上只有一颗特别大的流星。",
    "len": 1
  },
  {
    "message": "我感觉那颗流星似乎在向我传达着什么。",
    "len": 2
  },
  {
    "message": "不由自主地追随着那颗星星，在夜晚的街道上奔跑。",
    "len": 1
  },
  {
    "message": "我一直跑啊跑，然后……",
    "len": 1
  },
  {
    "message": "在那个地方捡到了姬子猫。",
    "len": 1
  },
  {
    "message": "那家伙，一边看着我，一边喵喵地叫着，声音很悲伤……",
    "len": 2
  },
  {
    "message": "我实在无法置之不理。",
    "len": 1
  },
  {
    "message": "虽然从没养过动物，但我还是伸出了双手。",
    "len": 2
  },
  {
    "message": "它被装在一个破旧的工具箱里，侧面用英文写着『Gizmo』。",
    "len": 2
  },
  {
    "message": "我想起了电影里看到的那个奇怪的小动物Gizmo，觉得这大概就是它的名字……",
    "len": 2
  },
  {
    "name": "樹",
    "message": "「喂，你……是叫姬子猫吗？」",
    "len": 1
  },
  {
    "name": "ギズモ",
    "message": "「喵～」",
    "len": 1
  },
  {
    "name": "樹",
    "message": "「真是个奇怪的名字啊……算了，反正好记，就叫姬子猫吧」",
    "len": 2
  },
  {
    "name": "ギズモ",
    "message": "「啊！？」",
    "len": 1
  },
  {
    "name": "樹",
    "message": "「从今天起你就叫姬子猫了！多多关照啊，姬子猫！」",
    "len": 2
  },
  {
    "name": "ギズモ",
    "message": "「喵喵？喵呜！」",
    "len": 1
  },
  {
    "message": "……现在回想起来，感觉它当时好像在拼命地说不是不是。",
    "len": 2
  },
  {
    "message": "结果到头来，还是习惯了这个称呼。",
    "len": 1
  },
  {
    "message": "不知道姬子猫当时是怎么想的呢……",
    "len": 1
  },
  {
    "message": "啊对了！姬子猫现在已经能说话了。",
    "len": 2
  },
  {
    "message": "直接问它不就行了吗？问问它喜不喜欢姬子猫这个名字。",
    "len": 2
  },
  {
    "message": "对啊。好，等它醒了就这么做吧！",
    "len": 2
  },
  {
    "name": "樹",
    "message": "「……嗯？」",
    "len": 1
  },
  {
    "name": "樹",
    "message": "「醒来的时候？」",
    "len": 1
  },
  {
    "name": "樹",
    "message": "「…………？」",
    "len": 1
  },
  {
    "name": "樹",
    "message": "「哇，又睡着了吗！」",
    "len": 1
  },
  {
    "message": "四周充满了夕阳的红光。",
    "len": 1
  },
  {
    "name": "樹",
    "message": "「……傍晚了？」",
    "len": 1
  },
  {
    "name": "樹",
    "message": "「姬子猫呢？」",
    "len": 1
  },
  {
    "message": "床上没有姬子猫的身影。",
    "len": 1
  },
  {
    "message": "房间里只有我一个人。",
    "len": 1
  },
  {
    "name": "樹",
    "message": "「看来我睡了很久啊……」",
    "len": 1
  },
  {
    "message": "我从床上下来，想出去阳台呼吸下外面的空气。",
    "len": 2
  },
  {
    "message": "赤褐色的天空下，飘荡着温热的空气。",
    "len": 1
  },
  {
    "message": "外面奇怪地安静，听不到任何声响。",
    "len": 1
  },
  {
    "message": "微弱的阳光在路面上投下电线杆和庭院树木细长的影子。",
    "len": 1
  },
  {
    "name": "樹",
    "message": "「箱子里的……猫吗」",
    "len": 1
  },
  {
    "message": "好久没有梦见那时捡到它的场景了。",
    "len": 1
  },
  {
    "message": "无论是电视还是漫画里，被遗弃的猫都是在箱子里的，它果然也是在箱子里。",
    "len": 2
  },
  {
    "message": "归根结底，这是猫喜欢钻进狭小空间的习性。",
    "len": 1
  },
  {
    "message": "只要放一个空锅，猫就会自己钻进去蜷缩起来。",
    "len": 1
  },
  {
    "message": "不知道为什么，它们就是这样的生物，即使箱子里有毒气装置也会钻进去。",
    "len": 2
  },
  {
    "message": "……这是个模糊的猫的思想实验。我觉得这肯定是个很了解猫的人想出来的。",
    "len": 2
  },
  {
    "message": "箱子是猫的栖身之所。",
    "len": 1
  },
  {
    "message": "小小的箱子内部，就是猫的空间。",
    "len": 1
  },
  {
    "message": "而放置那个箱子的地方，就是猫的『世界』。",
    "len": 1
  },
  {
    "message": "无法看到远处静止物体的猫，生活在比我们小得多的世界里。",
    "len": 2
  },
  {
    "message": "只有眼睛能看到的狭小地方才是一切，外面什么都没有。",
    "len": 1
  },
  {
    "message": "就像我们对宇宙的认知一样，看着却并没有真正看见。",
    "len": 2
  },
  {
    "message": "我们看到的是『天空』，而不是宇宙。",
    "len": 2
  },
  {
    "message": "宇宙存在与否都无所谓。",
    "len": 1
  },
  {
    "message": "这和什么都没有是一样的。",
    "len": 1
  },
  {
    "message": "对猫来说，看不见的东西就是『不存在』的。",
    "len": 1
  },
  {
    "message": "所以，猫会安家……因为对猫来说，家就是它的整个世界。",
    "len": 2
  },
  {
    "name": "樹",
    "message": "「我……能成为那家伙的「家」吗？」",
    "len": 1
  },
  {
    "name": "樹",
    "message": "「……嗯？」",
    "len": 1
  },
  {
    "name": "琴子",
    "message": "「哥哥，打扰了」",
    "len": 1
  },
  {
    "name": "樹",
    "message": "「琴子？」",
    "len": 1
  },
  {
    "name": "琴子",
    "message": "「辛苦你了。多亏你，小猫咪也安静下来了的样子」",
    "len": 2
  },
  {
    "name": "樹",
    "message": "「不，那倒没什么，姬子猫呢？」",
    "len": 1
  },
  {
    "name": "琴子",
    "message": "「洗完澡，吃过饭，现在正在休息」",
    "len": 2
  },
  {
    "name": "樹",
    "message": "「这样啊，是琴子照顾的吧」",
    "len": 1
  },
  {
    "name": "琴子",
    "message": "「不，我什么都没做」",
    "len": 1
  },
  {
    "name": "樹",
    "message": "「啊？」",
    "len": 1
  },
  {
    "name": "琴子",
    "message": "「全都是猫咪自己完成的」",
    "len": 1
  },
  {
    "name": "樹",
    "message": "「姬子猫？真的全都是它自己做的？」",
    "len": 1
  },
  {
    "name": "琴子",
    "message": "「是的」",
    "len": 1
  },
  {
    "name": "樹",
    "message": "「骗人的吧？」",
    "len": 1
  },
  {
    "name": "琴子",
    "message": "「……包括这件事在内，我想是时候让哥哥知道了」",
    "len": 2
  },
  {
    "name": "樹",
    "message": "「啊？什、什么啊？」",
    "len": 1
  },
  {
    "name": "琴子",
    "message": "「从现在起大约50小时……」",
    "len": 1
  },
  {
    "name": "琴子",
    "message": "「无论发生什么，请千万不要惊讶」",
    "len": 1
  },
  {
    "message": "50小时？惊讶？",
    "len": 1
  },
  {
    "message": "琴子到底在说什么啊？",
    "len": 1
  },
  {
    "name": "樹",
    "message": "「我会对什么感到惊讶？」",
    "len": 1
  },
  {
    "name": "琴子",
    "message": "「嗯，首先……」",
    "len": 1
  },
  {
    "name": "琴子",
    "message": "「夜晚不会再来了」",
    "len": 1
  },
  {
    "message": "琴子说的没错。",
    "len": 1
  },
  {
    "message": "就在这时，从客厅传来了电子钟的报时声。",
    "len": 2
  },
  {
    "message": "时间是晚上12点。",
    "len": 1
  }
]