[
  {
    "message": "我在看什么？",
    "len": 1
  },
  {
    "name": "樹",
    "message": "「早上了」",
    "len": 1
  },
  {
    "message": "正在看的我是什么？",
    "len": 1
  },
  {
    "name": "樹",
    "message": "「我是七枷树」",
    "len": 1
  },
  {
    "message": "我的眼睛醒了吗？",
    "len": 1
  },
  {
    "name": "樹",
    "message": "「嗯，醒了」",
    "len": 1
  },
  {
    "message": "我就是我，这里是我的房间。",
    "len": 1
  },
  {
    "name": "樹",
    "message": "「好，回来了」",
    "len": 1
  },
  {
    "message": "我回到了我自己。",
    "len": 1
  },
  {
    "message": "人类的视野似乎有将近180度。",
    "len": 1
  },
  {
    "message": "多亏了这个，我能把我房间的每个角落都尽收眼底。",
    "len": 2
  },
  {
    "message": "但是，在这180度的视野中，实际上我能集中注意力『看』到的范围要小得多。",
    "len": 2
  },
  {
    "message": "没错，我现在看到的范围就是那样。",
    "len": 1
  },
  {
    "message": "人类虽然能看到180度的世界，但在脑海中真正『看』到的只是其中的一部分。",
    "len": 2
  },
  {
    "message": "比如读书时，在大量的文字中，只有正在读的那部分字才是清晰可见的……",
    "len": 2
  },
  {
    "message": "就像在人群嘈杂的交谈声中，只有熟人的声音才能被清晰地听到一样……",
    "len": 2
  },
  {
    "message": "摄像机『看』到的世界和人类『观察』到的世界是不同的。",
    "len": 2
  },
  {
    "message": "眼睛这个器官捕捉光线，然后大脑接收这些视觉信号。到这一步，机器和人类是一样的。",
    "len": 2
  },
  {
    "message": "但人类会从视觉信号中选择自己想看的东西来观察。",
    "len": 2
  },
  {
    "message": "脑海中的『某种东西』只用我们想看的事物来构建世界。",
    "len": 1
  },
  {
    "message": "如果——",
    "len": 1
  },
  {
    "message": "假设我现在看到的『我的房间』的画面，是显示在电脑显示器上的画面……",
    "len": 2
  },
  {
    "message": "那么正在观看的我，能分辨出区别吗？",
    "len": 1
  },
  {
    "message": "如果只看想看的东西——只看显示器上显示的画面的话。",
    "len": 2
  },
  {
    "message": "那么画面之外的东西，不就等同于『不存在』吗？",
    "len": 1
  },
  {
    "message": "对于脑海中的『某种东西』来说，这里的『我的房间』和显示器里的『我的房间』都无关紧要。",
    "len": 2
  },
  {
    "message": "对于人所看到的『世界』而言，现实和幻想不过是同样的素材罢了。",
    "len": 2
  },
  {
    "message": "我打开电脑，启动了地图搜索应用。",
    "len": 2
  },
  {
    "name": "樹",
    "message": "「试着模拟一下吧」",
    "len": 1
  },
  {
    "message": "我移动到要石市的地图，然后跳转到常去的公园，显示出图像。",
    "len": 2
  },
  {
    "name": "樹",
    "message": "「来模拟一下视野受限的世界」",
    "len": 1
  },
  {
    "name": "樹",
    "message": "「比如说是这样的……」",
    "len": 1
  },
  {
    "name": "樹",
    "message": "「猫无法识别远处「静止」的物体」",
    "len": 1
  },
  {
    "name": "樹",
    "message": "「也就是说，它们看到的是这样的」",
    "len": 1
  },
  {
    "name": "樹",
    "message": "「但是对于「运动」的物体，即使在远处也能识别」",
    "len": 1
  },
  {
    "name": "樹",
    "message": "「假如远处有人扔了一个飞盘……」",
    "len": 1
  },
  {
    "name": "樹",
    "message": "「在猫眼中就会像是凭空出现了一个飞盘」",
    "len": 2
  },
  {
    "message": "怎么样，这个例子？",
    "len": 1
  },
  {
    "message": "这个奇妙的世界就是猫眼中的『世界』哦？",
    "len": 1
  },
  {
    "message": "对姬子猫来说，世界就是由『运动的事物』构成的。",
    "len": 1
  },
  {
    "message": "『运动的事物』突然出现，又突然消失。这就是『世界』。",
    "len": 2
  },
  {
    "message": "但是，拥有人类大脑的姬子猫，除此之外还能识别『静止的事物』。",
    "len": 2
  },
  {
    "message": "它终于认识到，『世界』是由静止的事物和运动的事物组成的。",
    "len": 2
  },
  {
    "name": "樹",
    "message": "「哈喽，世界！」",
    "len": 1
  },
  {
    "name": "樹",
    "message": "「欢迎来到这个世界！现在，你和我看到的是同一个「世界」！」",
    "len": 2
  },
  {
    "name": "樹",
    "message": "「这不是很棒吗，我们并不孤单哦？」",
    "len": 1
  },
  {
    "name": "結衣",
    "message": "「哼，真是天真的幻想啊」",
    "len": 1
  },
  {
    "name": "樹",
    "message": "「呃！？」",
    "len": 1
  },
  {
    "name": "結衣",
    "message": "「人类都能看到同样的「世界」吗？怎么可能啊」",
    "len": 2
  },
  {
    "name": "樹",
    "message": "「结衣姐！你一直在听吗！？」",
    "len": 1
  },
  {
    "name": "結衣",
    "message": "「你一大早就吵吵闹闹的，我是来看看情况的」",
    "len": 2
  },
  {
    "name": "樹",
    "message": "「啊，对、对不起！我觉得自己好像发现了新理论，就有点兴奋…」",
    "len": 2
  },
  {
    "name": "結衣",
    "message": "「你这样子，简直和老爸一模一样」",
    "len": 1
  },
  {
    "name": "樹",
    "message": "「啊！？不会吧！？」",
    "len": 1
  },
  {
    "name": "結衣",
    "message": "「完全没自觉啊…」",
    "len": 1
  },
  {
    "name": "樹",
    "message": "「那绝对不可能！肯定不是那样的！」",
    "len": 1
  },
  {
    "name": "結衣",
    "message": "「看吧，我说的没错」",
    "len": 1
  },
  {
    "name": "樹",
    "message": "「什么？」",
    "len": 1
  },
  {
    "name": "結衣",
    "message": "「我和你看到的「世界」是不一样的」",
    "len": 1
  },
  {
    "name": "樹",
    "message": "「呃，这个…」",
    "len": 1
  },
  {
    "name": "結衣",
    "message": "「如果认为每个人都看到相同的「世界」，那可不会有什么好结果」",
    "len": 2
  },
  {
    "name": "樹",
    "message": "「我明白你说的，但是……」",
    "len": 1
  },
  {
    "message": "内心深处总觉得，如果不怀有这种幻想，就无法顺利进行下去。",
    "len": 2
  },
  {
    "message": "毕竟要和直到前不久还是只猫的孩子成为一家人……",
    "len": 2
  },
  {
    "name": "樹",
    "message": "「……话说回来，最重要的姬子猫还在睡觉吗」",
    "len": 1
  },
  {
    "name": "樹",
    "message": "「趁现在准备点吃的吧」",
    "len": 1
  },
  {
    "name": "式子",
    "message": "「哎呀，小树君，早上好～」",
    "len": 1
  },
  {
    "name": "樹",
    "message": "「啊，早上好」",
    "len": 1
  },
  {
    "name": "式子",
    "message": "「今天也在做饭？真了不起呢～！」",
    "len": 1
  },
  {
    "name": "樹",
    "message": "「哎呀，不知怎么的越来越有意思了，哈哈哈！」",
    "len": 1
  },
  {
    "name": "式子",
    "message": "「如果蔬菜不够的话，随时告诉我哦？我会做很～多的！」",
    "len": 2
  },
  {
    "name": "樹",
    "message": "「嗯，那时候我会直说的，不用客气」",
    "len": 1
  },
  {
    "name": "式子",
    "message": "「话说，小姬在哪儿呢？」",
    "len": 1
  },
  {
    "name": "樹",
    "message": "「还在睡觉呢」",
    "len": 1
  },
  {
    "name": "式子",
    "message": "「那孩子，在那么窄的地方，居然能睡得那么香～真让人有点心疼啊～」",
    "len": 2
  },
  {
    "name": "式子",
    "message": "「对了！要不要借给她一张多余的床呢？」",
    "len": 1
  },
  {
    "name": "式子",
    "message": "「我这儿有爸爸以前用过的！就是那个！把后院当花架用的那个搬进来……」",
    "len": 2
  },
  {
    "name": "樹",
    "message": "「不，还是算了吧」",
    "len": 1
  },
  {
    "name": "式子",
    "message": "「诶？为什么～？」",
    "len": 1
  },
  {
    "name": "樹",
    "message": "「之前我也想过类似的事，那时候她还是只猫的时候……」",
    "len": 2
  },
  {
    "name": "樹",
    "message": "「我用一个大衣柜箱子铺上布，给它做了张床。结果呢……」",
    "len": 2
  },
  {
    "name": "式子",
    "message": "「结果怎么样？」",
    "len": 1
  },
  {
    "name": "樹",
    "message": "「它根本不理那床，反而在这～么小的箱子里睡觉！」",
    "len": 2
  },
  {
    "name": "樹",
    "message": "「猫这种生物，如果不是比自己身体还小的地方，根本不愿意钻进去」",
    "len": 2
  },
  {
    "name": "式子",
    "message": "「哦～原来是这样啊」",
    "len": 1
  },
  {
    "name": "樹",
    "message": "「所以姬子猫的房间，那种狭小刚刚好。要是太宽敞的话，说不定它还会跑掉」",
    "len": 2
  },
  {
    "name": "式子",
    "message": "「明白了～那现在这样就行啦」",
    "len": 1
  },
  {
    "name": "樹",
    "message": "「嗯，就是这么回事」",
    "len": 1
  },
  {
    "name": "式子",
    "message": "「那妈妈要出门了，剩下的就拜托你啦？」",
    "len": 2
  },
  {
    "name": "樹",
    "message": "「我就在这看会儿电视吧」",
    "len": 1
  },
  {
    "name": "樹",
    "message": "「好，那就赶紧收拾一下餐具吧！」",
    "len": 1
  },
  {
    "name": "ギズモ",
    "message": "「呼啊～～～」",
    "len": 1
  },
  {
    "name": "樹",
    "message": "「嗯，困了吗？」",
    "len": 1
  },
  {
    "name": "ギズモ",
    "message": "「好困啊」",
    "len": 1
  },
  {
    "name": "樹",
    "message": "「你刚醒没多久，这就又困了？」",
    "len": 1
  },
  {
    "name": "ギズモ",
    "message": "「喵～～，呼啊……」",
    "len": 1
  },
  {
    "name": "樹",
    "message": "「真是的，你睡得也太多了吧～」",
    "len": 1
  },
  {
    "name": "ギズモ",
    "message": "「树树不喜欢睡觉吗？」",
    "len": 1
  },
  {
    "name": "樹",
    "message": "「啊？倒也不是不喜欢」",
    "len": 1
  },
  {
    "name": "ギズモ",
    "message": "「姬子猫喜欢睡觉」",
    "len": 1
  },
  {
    "name": "ギズモ",
    "message": "「睡觉能让脑子变聪明哦」",
    "len": 1
  },
  {
    "name": "樹",
    "message": "「哈哈，你是从谁那儿听说的啊，这种事」",
    "len": 1
  },
  {
    "name": "ギズモ",
    "message": "「琴子！」",
    "len": 1
  },
  {
    "name": "樹",
    "message": "「诶，琴子？」",
    "len": 1
  },
  {
    "name": "ギズモ",
    "message": "「姬子猫要听琴子的话哦」",
    "len": 1
  },
  {
    "name": "樹",
    "message": "「你对琴子说的话也很听话啊……」",
    "len": 1
  },
  {
    "name": "ギズモ",
    "message": "「琴子是老大」",
    "len": 1
  },
  {
    "name": "樹",
    "message": "「啊！？」",
    "len": 1
  },
  {
    "name": "ギズモ",
    "message": "「琴子是大家的老大！」",
    "len": 1
  },
  {
    "name": "樹",
    "message": "「是、是吗，原来如此……」",
    "len": 1
  },
  {
    "message": "她把被大家珍视的琴子视为这个家庭的老大啊。",
    "len": 2
  },
  {
    "message": "确实，没有一个人敢违抗琴子的话呢……",
    "len": 2
  },
  {
    "name": "ギズモ",
    "message": "「不睡」",
    "len": 1
  },
  {
    "name": "ギズモ",
    "message": "「呼啊～～～」",
    "len": 1
  },
  {
    "message": "它在我脚边滚了一圈，然后伸了个大懒腰。",
    "len": 1
  },
  {
    "name": "樹",
    "message": "「要是真的光睡觉就能变聪明就好了……」",
    "len": 2
  },
  {
    "message": "我迷迷糊糊地看着电视，不知不觉就到傍晚了。",
    "len": 2
  },
  {
    "message": "因为姬子猫一直不肯从我脚边离开，所以我也没法站起来。",
    "len": 2
  },
  {
    "name": "ギズモ",
    "message": "「呼，呼，喵…………」",
    "len": 1
  },
  {
    "message": "难得它睡得这么香，我觉得把它叫醒太可怜了……",
    "len": 2
  },
  {
    "message": "这种感觉，喜欢猫的人应该都能理解吧？",
    "len": 1
  },
  {
    "name": "ギズモ",
    "message": "「喵？树？」",
    "len": 1
  },
  {
    "name": "樹",
    "message": "「哦，终于醒了啊。睡得好吗？」",
    "len": 2
  },
  {
    "name": "ギズモ",
    "message": "「喵啊～～～呜！」",
    "len": 1
  },
  {
    "message": "它打了个大大的哈欠。",
    "len": 1
  },
  {
    "message": "",
    "len": 2,
    "name": "ギズモ"
  },
  {
    "message": "它东张西望地环顾四周。",
    "len": 1
  },
  {
    "name": "ギズモ",
    "message": "「喵喵……」",
    "len": 1
  },
  {
    "message": "然后一扭头，跑到不知哪里去了。",
    "len": 1
  },
  {
    "message": "我忍着腿麻让它舒服地睡觉，我的这番辛苦却被它完全无视了，就像空气一样。",
    "len": 3
  },
  {
    "name": "樹",
    "message": "「呵，这种感觉真是让人欲罢不能啊……」",
    "len": 1
  },
  {
    "message": "这种心情，喜欢猫的人应该都能理解吧（泪）。",
    "len": 1
  },
  {
    "message": "晚饭过后，我正悠闲地玩着电脑，突然从走廊传来了一阵大喊声。",
    "len": 2
  },
  {
    "name": "ギズモ",
    "message": "「呜哇——！讨厌——！」",
    "len": 1
  },
  {
    "name": "琴子",
    "message": "「小猫咪，不可以啊——！」",
    "len": 1
  },
  {
    "message": "怎么回事！？发生什么了？",
    "len": 1
  },
  {
    "message": "乒乒乓乓吵死了！她们俩在追什么啊？",
    "len": 2
  },
  {
    "name": "樹",
    "message": "「喂！怎么了！？」",
    "len": 1
  },
  {
    "name": "ギズモ",
    "message": "「树树！救救我啊！」",
    "len": 1
  },
  {
    "name": "樹",
    "message": "「姬子猫！你在干什么呀？」",
    "len": 1
  },
  {
    "name": "琴子",
    "message": "「啊，哥哥！请帮忙抓住它！」",
    "len": 1
  },
  {
    "name": "樹",
    "message": "「诶，抓住什么！？」",
    "len": 1
  },
  {
    "name": "琴子",
    "message": "「是小猫啊！它怎么也不听话！」",
    "len": 1
  },
  {
    "name": "ギズモ",
    "message": "「讨厌！不要啊！」",
    "len": 1
  },
  {
    "name": "樹",
    "message": "「等、等一下，解释一下啊。到底发生什么了？」",
    "len": 2
  },
  {
    "name": "琴子",
    "message": "「它不肯洗澡，带它去浴室就马上逃跑了……」",
    "len": 2
  },
  {
    "name": "ギズモ",
    "message": "「讨厌洗澡——！！！」",
    "len": 1
  },
  {
    "name": "琴子",
    "message": "「哥哥，拜托了！请帮忙抓住它，别让它跑掉！」",
    "len": 2
  },
  {
    "name": "ギズモ",
    "message": "「树树，救救我！求你啦！」",
    "len": 1
  },
  {
    "name": "樹",
    "message": "「唔……这该怎么办呢？」",
    "len": 1
  },
  {
    "len": "selection",
    "message": "帮助姬子猫"
  },
  {
    "len": "selectionend",
    "message": "抓住姬子猫"
  },
  {
    "name": "樹",
    "message": "「好啦好啦，它这么不愿意，今天就饶过它吧，行不？」",
    "len": 2
  },
  {
    "name": "琴子",
    "message": "「可是，这样真的好吗？这样下去我担心会生跳蚤啊？」",
    "len": 2
  },
  {
    "name": "樹",
    "message": "「到时候我一只只亲自消灭」",
    "len": 1
  },
  {
    "name": "琴子",
    "message": "「我明白了，既然哥哥都这么说了，今天就放弃吧」",
    "len": 2
  },
  {
    "name": "樹",
    "message": "「下次挑个好日子再说吧」",
    "len": 1
  },
  {
    "name": "琴子",
    "message": "「那到底是什么时候呢……」",
    "len": 1
  },
  {
    "name": "樹",
    "message": "「唉……」",
    "len": 1
  },
  {
    "name": "ギズモ",
    "message": "「树树！最喜欢你啦！！！」",
    "len": 1
  },
  {
    "name": "樹",
    "message": "「哈哈，太好了吧姬子猫？」",
    "len": 1
  },
  {
    "name": "ギズモ",
    "message": "「洗澡结束啦！哈哈哈哈哈哈！」",
    "len": 1
  },
  {
    "message": "唉……我是不是太心软了呢……？",
    "len": 1
  },
  {
    "name": "樹",
    "message": "「好，抓住它！」",
    "len": 1
  },
  {
    "name": "ギズモ",
    "message": "「啊！？？？」",
    "len": 1
  },
  {
    "message": "我抓住了姬子猫的后颈，不让它逃跑。",
    "len": 2
  },
  {
    "name": "ギズモ",
    "message": "「喵呜——！树树——！！！」",
    "len": 1
  },
  {
    "name": "琴子",
    "message": "「对不起，这孩子，慢慢地我越来越控制不住了……」",
    "len": 2
  },
  {
    "name": "樹",
    "message": "「可能是它变得越来越聪明了吧。接下来怎么办？」",
    "len": 2
  },
  {
    "name": "琴子",
    "message": "「哥哥，能帮我做吗？」",
    "len": 1
  },
  {
    "name": "樹",
    "message": "「果然还是我来？」",
    "len": 1
  },
  {
    "name": "琴子",
    "message": "「是的，如果可以的话……。这样不清洁的话，有害虫滋生的危险」",
    "len": 2
  },
  {
    "message": "确实如此啊，没办法……",
    "len": 1
  },
  {
    "name": "樹",
    "message": "「知道了，我去给这家伙洗澡」",
    "len": 1
  },
  {
    "name": "ギズモ",
    "message": "「喵！喵！喵！」",
    "len": 1
  },
  {
    "name": "琴子",
    "message": "「那么，就拜托你了」",
    "len": 1
  },
  {
    "name": "樹",
    "message": "「来，去浴室了，姬子猫！」",
    "len": 1
  },
  {
    "name": "ギズモ",
    "message": "「喵呜！树树太过分了～～～！」",
    "len": 1
  },
  {
    "name": "ギズモ",
    "message": "「呜哇～～～！好烫啊～～～！」",
    "len": 1
  },
  {
    "name": "樹",
    "message": "「喂喂，再凉一点的话会感冒的。稍微忍耐一下」",
    "len": 2
  },
  {
    "name": "ギズモ",
    "message": "「啊——呜——，讨厌水，讨厌洗澡——！」",
    "len": 1
  },
  {
    "name": "樹",
    "message": "「来，我给你洗头发，闭上眼睛！」",
    "len": 1
  },
  {
    "message": "给猫洗澡速度是关键。",
    "len": 1
  },
  {
    "message": "如果磨磨蹭蹭的话，它会闹腾逃跑，猫本身对洗澡的厌恶也会加剧。",
    "len": 2
  },
  {
    "message": "如果它讨厌并反抗，不如就在它反抗的状态下哗啦哗啦地快速洗完。",
    "len": 2
  },
  {
    "name": "樹",
    "message": "「来，快好了！现在抹泡泡使劲搓搓！」",
    "len": 2
  },
  {
    "name": "ギズモ",
    "message": "「喵呜！好痒啊！」",
    "len": 1
  },
  {
    "name": "樹",
    "message": "「来来，把两只前爪再抬高点！」",
    "len": 1
  },
  {
    "name": "ギズモ",
    "message": "「哈，哈哈哈哈——」",
    "len": 1
  },
  {
    "name": "樹",
    "message": "「呃……！？」",
    "len": 1
  },
  {
    "message": "当我从姬子猫的背后伸手环抱过去时，传来了柔软弹性的触感。",
    "len": 2
  },
  {
    "message": "那远远超出了我的想象，是女孩子真实而生动的隆起。",
    "len": 2
  },
  {
    "name": "ギズモ",
    "message": "「……？树？」",
    "len": 1
  },
  {
    "name": "樹",
    "message": "「不、不是！没什么！剩下的你自己能洗吧？给，肥皂！」",
    "len": 2
  },
  {
    "name": "ギズモ",
    "message": "「啊——呜——，泡泡——！滑溜溜的——！」",
    "len": 1
  },
  {
    "name": "樹",
    "message": "「…………」",
    "len": 1
  },
  {
    "message": "冷静！我要冷静……！",
    "len": 1
  },
  {
    "message": "这是猫！这只是猫！",
    "len": 1
  },
  {
    "name": "ギズモ",
    "message": "「喵——，肥皂——！」",
    "len": 1
  },
  {
    "name": "樹",
    "message": "「喂！不能吃肥皂——！」",
    "len": 1
  },
  {
    "name": "樹",
    "message": "「哈～～，今天真是闹腾啊」",
    "len": 1
  },
  {
    "message": "光是姬子猫洗澡的闹腾，就让我有这种感觉了。",
    "len": 1
  },
  {
    "message": "白天的时候，其实还挺悠闲的，还和姬子猫一起午睡了呢……",
    "len": 2
  },
  {
    "message": "嘛，就当是过了个不错的一天吧。",
    "len": 1
  },
  {
    "name": "樹",
    "message": "「姬子猫已经睡了吗？」",
    "len": 1
  },
  {
    "name": "樹",
    "message": "「果然睡觉的时候还是在纸箱里吗？」",
    "len": 1
  },
  {
    "message": "得尽快想办法解决这个问题啊……",
    "len": 1
  },
  {
    "message": "我有朝一日，会不会把她……",
    "len": 1
  },
  {
    "message": "不再当作猫，而是作为一个女孩子来看待呢？",
    "len": 2
  },
  {
    "message": "如果那一天真的来临的话……",
    "len": 1
  },
  {
    "message": "我该如何面对姬子猫呢？",
    "len": 1
  },
  {
    "message": "主人和女仆？",
    "len": 1
  },
  {
    "message": "还是说……",
    "len": 1
  }
]