[
  {
    "message": "——喂，你在看吧。",
    "len": 1
  },
  {
    "message": "——现在，哥哥正在看着。",
    "len": 1
  },
  {
    "message": "——我的声音，传达到了呢。",
    "len": 1
  },
  {
    "message": "——从无尽虚空的海洋中，我的『话语』。",
    "len": 3
  },
  {
    "message": "——来吧。",
    "len": 1
  },
  {
    "message": "——我一直在这个地方等待着。",
    "len": 1
  },
  {
    "message": "——这里什么都没有改变。",
    "len": 1
  },
  {
    "message": "——和那时一样，满天的星空照亮着世界。",
    "len": 1
  },
  {
    "message": "——我在这里哦？",
    "len": 1
  },
  {
    "message": "——我是………………。",
    "len": 1
  },
  {
    "name": "樹",
    "message": "「……琴子？」",
    "len": 1
  },
  {
    "name": "樹",
    "message": "「………………」",
    "len": 1
  },
  {
    "message": "……我听到了琴子的声音。",
    "len": 1
  },
  {
    "message": "虽然记不清是什么时候、在哪个地方，但一直都能听到。",
    "len": 2
  },
  {
    "message": "是在哪里呢？",
    "len": 1
  },
  {
    "message": "那个能听到声音的地方……。",
    "len": 1
  },
  {
    "message": "总觉得有点模糊，像是卡在喉咙里似的……。",
    "len": 1
  },
  {
    "name": "樹",
    "message": "「唉……不行啊」",
    "len": 1
  },
  {
    "message": "为什么梦境总是这么容易就忘记呢……。",
    "len": 1
  },
  {
    "name": "樹",
    "message": "「靠，起床吧」",
    "len": 1
  },
  {
    "message": "今天也是一个蓝天如画的日子。",
    "len": 1
  },
  {
    "message": "冬日刺骨的风中，隐约夹杂着各种气味……",
    "len": 2
  },
  {
    "message": "远处的喧嚣，充满天空的阳光。这些一齐汇聚，向我诉说着这就是『现实』。",
    "len": 2
  },
  {
    "name": "樹",
    "message": "「可是，这样真的对吗？」",
    "len": 1
  },
  {
    "message": "我打开了电脑开关。熟悉的桌面很快就显示出来了。",
    "len": 2
  },
  {
    "name": "樹",
    "message": "「这上面的天空，和外面有什么区别？」",
    "len": 1
  },
  {
    "message": "我访问了实时摄像头网站，调到了显示要石市天空的频道。",
    "len": 2
  },
  {
    "message": "等了几秒钟，液晶屏幕上就大大地显示出了刚才看到的同样的天空。",
    "len": 2
  },
  {
    "name": "樹",
    "message": "「果然，是一样的啊」",
    "len": 1
  },
  {
    "message": "除了没有风、气味和声音，这两片天空是完全相同的。",
    "len": 1
  },
  {
    "name": "樹",
    "message": "「哼，那我就来改变这个世界！」",
    "len": 1
  },
  {
    "message": "我把光标移到『工具』上，启用了AR（增强现实）插件。",
    "len": 2
  },
  {
    "name": "樹",
    "message": "「怎么样，本大爷正在看着呢～～～」",
    "len": 1
  },
  {
    "name": "樹",
    "message": "「哇哈哈哈哈哈哈！这个世界已经被我的「神之眼」所统治了！」",
    "len": 2
  },
  {
    "name": "樹",
    "message": "「哈啊啊啊……无聊透顶…………」",
    "len": 1
  },
  {
    "name": "樹",
    "message": "「要是真能这么顺利就好了」",
    "len": 1
  },
  {
    "message": "不如干脆让『现实』进入这液晶屏里算了……",
    "len": 2
  },
  {
    "name": "樹",
    "message": "「要是真能那样的话肯定很有意思吧！看到这个的人就可以随心所欲地操控「世界」……」",
    "len": 2
  },
  {
    "message": "——看到？",
    "len": 1
  },
  {
    "name": "樹",
    "message": "「……啊？」",
    "len": 1
  },
  {
    "message": "我关掉了浏览器。",
    "len": 1
  },
  {
    "message": "刚才还显示在液晶屏上的我的房间，随着浏览器的关闭彻底消失了，取而代之的是熟悉的桌面。",
    "len": 2
  },
  {
    "message": "不，有一样东西是不一样的。",
    "len": 1
  },
  {
    "message": "一个陌生的文本文件图标……",
    "len": 1
  },
  {
    "message": "因为一直没整理，图标散乱地摆放着，所以现在才注意到。",
    "len": 2
  },
  {
    "message": "那个文件的标题是『给哥哥』。",
    "len": 1
  },
  {
    "name": "樹",
    "message": "「琴子……吗？」",
    "len": 1
  },
  {
    "message": "我双击了那个图标。",
    "len": 1
  },
  {
    "message": "我是琴子。",
    "len": 1
  },
  {
    "message": "擅自使用你的电脑，对不起。",
    "len": 2
  },
  {
    "message": "我在网上购物了。因为我房间里没有电脑，",
    "len": 2
  },
  {
    "message": "所以趁哥哥出门的时候，稍微借用了一下。",
    "len": 2
  },
  {
    "message": "购物的费用我会通过网银转到哥哥的账户里。",
    "len": 2
  },
  {
    "message": "另外，难得有这个机会，",
    "len": 1
  },
  {
    "message": "我想把一直没能说出口的话，稍微写一点在这里。",
    "len": 2
  },
  {
    "message": "首先是关于妈妈的事。",
    "len": 1
  },
  {
    "message": "妈妈其实是个非常调皮可爱的人呢。",
    "len": 2
  },
  {
    "message": "我记忆中的她总是一脸疲惫，只会抱怨和唠叨。",
    "len": 3
  },
  {
    "message": "一定是因为我变成这样……那个重担让她变成那个样子的。",
    "len": 3
  },
  {
    "message": "她总是用一种像是放弃了什么的眼神看着我。",
    "len": 2
  },
  {
    "message": "但是，我还是很感谢妈妈。",
    "len": 1
  },
  {
    "message": "感谢她生下我，让我看到这个世界，",
    "len": 2
  },
  {
    "message": "我大约有75%的感谢。",
    "len": 1
  },
  {
    "message": "这个数字已经相当大了哦？",
    "len": 1
  },
  {
    "message": "嗯？有什么奇怪的吗？",
    "len": 1
  },
  {
    "message": "呵呵，没错，我就是个奇怪的孩子！",
    "len": 2
  },
  {
    "name": "樹",
    "message": "「这是……」",
    "len": 1
  },
  {
    "message": "草和蔬菜都『正常』了。",
    "len": 1
  },
  {
    "message": "那些花里胡哨的紫色果实变回了普通的番茄，像葡萄一样小的甜瓜变成了普通的葡萄……",
    "len": 2
  },
  {
    "message": "到处走动的食人花，也变回了普通的捕蝇草。",
    "len": 2
  },
  {
    "name": "樹",
    "message": "「得给它们……浇点水啊……」",
    "len": 1
  },
  {
    "message": "我往返于厨房，给还没枯萎的草浇了水。",
    "len": 2
  },
  {
    "message": "接下来，是姐姐的事。",
    "len": 1
  },
  {
    "message": "姐姐一直都很笨拙，不擅长表达自己的感情。",
    "len": 2
  },
  {
    "message": "所以我常常不明白姐姐在想什么，老实说，有时候还会觉得有点可怕。",
    "len": 3
  },
  {
    "message": "但是，她会送我小陨石，或者在我生日时为我找到漂亮的石头……",
    "len": 3
  },
  {
    "message": "那种时候，她总是用非常温柔的眼神看着我哦？",
    "len": 2
  },
  {
    "message": "我想，哥哥肯定不知道这些。因为每次都是在哥哥看不到的时候。",
    "len": 3
  },
  {
    "message": "小时候的我不明白姐姐为什么要偷偷地做这些。",
    "len": 3
  },
  {
    "message": "但是现在我明白了。因为我也成为一个淑女了，嘻嘻！",
    "len": 2
  },
  {
    "message": "因为我一直独占着哥哥。",
    "len": 2
  },
  {
    "message": "所以姐姐在哥哥面前，不想对我太好。",
    "len": 2
  },
  {
    "message": "现在的姐姐，这一点也完全没变呢。",
    "len": 2
  },
  {
    "message": "我最喜欢这样的结衣姐姐了！",
    "len": 2
  },
  {
    "name": "樹",
    "message": "「这里也……吗」",
    "len": 1
  },
  {
    "message": "散落在房间里的『摆设』已经消失得无影无踪了。",
    "len": 2
  },
  {
    "message": "我在这空荡荡的房间一角发现了一只已经不再动弹的白鸽。",
    "len": 2
  },
  {
    "message": "大概如果放着不管的话，这具尸体会被乌鸦或野猫吃掉吧。",
    "len": 2
  },
  {
    "name": "樹",
    "message": "「至少，把它埋了吧……」",
    "len": 1
  },
  {
    "message": "我去了后院，把那只鸽子埋在那棵大树的根部。",
    "len": 2
  },
  {
    "message": "我的世界，仅限于这个家里。",
    "len": 2
  },
  {
    "message": "除了偶尔哥哥带我去的地方以外……",
    "len": 2
  },
  {
    "message": "但是，我很幸福。",
    "len": 1
  },
  {
    "message": "有人注视着我，我在这里。",
    "len": 2
  },
  {
    "message": "我存在于某个人的心中……所以……我才能存在于这个世界上。",
    "len": 2
  },
  {
    "message": "这是哥哥教给我的……",
    "len": 2
  },
  {
    "message": "所以……我很幸福……",
    "len": 1
  },
  {
    "message": "哥哥也很了解父亲的事情吧？",
    "len": 2
  },
  {
    "message": "现在父亲也在守护着我。当然，也守护着哥哥……",
    "len": 3
  },
  {
    "message": "接下来会发生什么，应该做些什么。",
    "len": 2
  },
  {
    "message": "以父亲的聪明才智，他很可能给哥哥留下了某种信息。",
    "len": 3
  },
  {
    "message": "请务必试着去寻找一下。",
    "len": 1
  },
  {
    "name": "樹",
    "message": "「信息？」",
    "len": 1
  },
  {
    "message": "我在书房里四处寻找可能相关的东西。",
    "len": 1
  },
  {
    "message": "从前的父亲只要一有空就会读书，或者记录一些深奥难懂的内容。",
    "len": 2
  },
  {
    "message": "后来可能是因为工作繁忙，到了休息日就从早上开始无所事事地度过了。",
    "len": 2
  },
  {
    "name": "樹",
    "message": "「……嗯？」",
    "len": 1
  },
  {
    "message": "书架的一角有一本只写着『电脑』的书。",
    "len": 1
  },
  {
    "message": "拿出来一看，虽然外表像本书的精装本，但内容却像是日记。",
    "len": 2
  },
  {
    "message": "封面上写着『电脑——关于试作人工意识的个人见解』这样夸张而深奥的标题。",
    "len": 2
  },
  {
    "name": "樹",
    "message": "「我的真名……吗。是让我读这个的意思吗……」",
    "len": 2
  },
  {
    "name": "樹",
    "message": "「至少写得让我能看懂啊」",
    "len": 1
  },
  {
    "message": "我把那本异常沉重的日记带回了自己的房间。",
    "len": 2
  },
  {
    "message": "最后，关于猫桑的事。",
    "len": 1
  },
  {
    "message": "那孩子的出现，对我来说也是意料之外的巨大惊喜。",
    "len": 2
  },
  {
    "message": "关于哥哥的事，我以为自己都了解了，但原来还有这么多不知道的事呢。",
    "len": 3
  },
  {
    "message": "如果哥哥选择了那孩子，请把那孩子变成人类。",
    "len": 3
  },
  {
    "message": "然后，请倾听作为人类的那孩子的话语。",
    "len": 2
  },
  {
    "message": "我认为，这是观察那孩子所在世界的唯一方法。",
    "len": 2
  },
  {
    "message": "呵呵，有点羡慕呢！",
    "len": 2
  },
  {
    "message": "在我不在的时候，那孩子独占了哥哥。",
    "len": 2
  },
  {
    "message": "真是只不折不扣的小偷猫呢。",
    "len": 1
  },
  {
    "message": "但是，如果可以的话，我也想一起看看……",
    "len": 2
  },
  {
    "message": "想和哥哥、那孩子，还有大家一起生活。",
    "len": 2
  },
  {
    "message": "因为我已经和那孩子成为好朋友了呢！",
    "len": 2
  },
  {
    "name": "樹",
    "message": "「………………」",
    "len": 1
  },
  {
    "message": "我是否真的把姬子猫当成人类来看待了呢。",
    "len": 1
  },
  {
    "message": "如果我做得更好一些，是不是就能让她变成人类了？",
    "len": 1
  },
  {
    "name": "ギズモ",
    "message": "「喵呜……」",
    "len": 1
  },
  {
    "name": "樹",
    "message": "「果然，你也是……」",
    "len": 1
  },
  {
    "name": "ギズモ",
    "message": "「喵？」",
    "len": 1
  },
  {
    "name": "樹",
    "message": "「对不起，姬子猫……，如果我能再……」",
    "len": 1
  },
  {
    "name": "ギズモ",
    "message": "「喵？」",
    "len": 1
  },
  {
    "name": "樹",
    "message": "「如果我能更好地……关注你的话……」",
    "len": 1
  },
  {
    "name": "ギズモ",
    "message": "「喵呜……」",
    "len": 1
  },
  {
    "message": "一切都在回归原点。",
    "len": 1
  },
  {
    "message": "回到没有琴子的世界……",
    "len": 1
  },
  {
    "message": "本想只是短暂的时光，却不知不觉变得如此漫长。",
    "len": 2
  },
  {
    "message": "谢谢你关注我的话语……哥哥。",
    "len": 2
  },
  {
    "message": "我会一直在这里。",
    "len": 1
  },
  {
    "message": "我也会在那个地方。",
    "len": 1
  },
  {
    "message": "我会与这些话语一起永存。",
    "len": 1
  },
  {
    "message": "所以，如果你能再次想起我，",
    "len": 2
  },
  {
    "message": "我们或许还能再相见。",
    "len": 2
  },
  {
    "message": "那么，在那一天到来之前……",
    "len": 1
  },
  {
    "message": "我折叠起打印出来的纸张。",
    "len": 1
  },
  {
    "message": "虽然上面写着最后还有一句话，但我故意删除了那句。",
    "len": 2
  },
  {
    "message": "不用读也知道是什么。",
    "len": 1
  },
  {
    "message": "我不会让琴子说出那种话。",
    "len": 1
  },
  {
    "message": "我不会看那样的结局。",
    "len": 1
  },
  {
    "message": "所以，我不会打开这扇门。",
    "len": 1
  },
  {
    "message": "怎么可能打开……",
    "len": 1
  },
  {
    "message": "我再也不想看这样的『世界』了。",
    "len": 1
  },
  {
    "message": "我——",
    "len": 1
  },
  {
    "message": "点击了浏览器的关闭按钮。",
    "len": 1
  }
]