[
  {
    "message": "之后直到傍晚的几个小时里，我和琴子一直在打扫被弄得一团糟的房子。",
    "len": 2
  },
  {
    "message": "我们两个都没什么胃口，就从剩下的大量杯面中各自挑了一个来吃。",
    "len": 2
  },
  {
    "message": "可能是因为平时很少吃的缘故，琴子一边说着好吃好吃，一边吃着那便宜的海鲜面。",
    "len": 2
  },
  {
    "message": "就在太阳快要落山的时候，柚来访了。",
    "len": 1
  },
  {
    "name": "柚",
    "message": "「……对不起，变成这样」",
    "len": 1
  },
  {
    "name": "樹",
    "message": "「你没必要道歉吧」",
    "len": 1
  },
  {
    "name": "柚",
    "message": "「果然还是我的错。如果我不多管闲事的话……」",
    "len": 2
  },
  {
    "message": "据柚说，蜜柑桑也在暗中用自己的电脑接收着安装在客厅的电脑摄像头的信号。",
    "len": 2
  },
  {
    "message": "结果就是，柚以为自己做了很多，但实际上一切都在蜜柑桑的掌控之中。",
    "len": 2
  },
  {
    "name": "樹",
    "message": "「嗯，对方是专业的。平时虽然看起来那么轻浮……」",
    "len": 2
  },
  {
    "name": "柚",
    "message": "「……嗯」",
    "len": 1
  },
  {
    "name": "樹",
    "message": "「吸取这次教训，以后别再玩侦探游戏了，知道吗？」",
    "len": 1
  },
  {
    "name": "柚",
    "message": "「但是，树木接下来要怎么办呢？」",
    "len": 1
  },
  {
    "name": "樹",
    "message": "「我吗……」",
    "len": 1
  },
  {
    "name": "柚",
    "message": "「如果那三个人再也不回来的话……」",
    "len": 1
  },
  {
    "name": "樹",
    "message": "「那我只能去把他们带回来了」",
    "len": 1
  },
  {
    "name": "柚",
    "message": "「这次恐怕不会那么简单，妈妈也认真起来了」",
    "len": 2
  },
  {
    "message": "柚说了些关于拘留期限和起诉之类的事情，但我几乎一点都没听进去。",
    "len": 2
  },
  {
    "name": "柚",
    "message": "「也就是说，那些人可能会一直这样下去……」",
    "len": 1
  },
  {
    "name": "樹",
    "message": "「我绝对不会让那种事发生的！」",
    "len": 1
  },
  {
    "name": "柚",
    "message": "「树木……」",
    "len": 1
  },
  {
    "name": "樹",
    "message": "「我会想办法的」",
    "len": 1
  },
  {
    "name": "柚",
    "message": "「怎么想？」",
    "len": 1
  },
  {
    "name": "樹",
    "message": "「虽然不知道该怎么做，但我一定会想办法的」",
    "len": 1
  },
  {
    "name": "柚",
    "message": "「…………」",
    "len": 1
  },
  {
    "name": "樹",
    "message": "「虽然他们和原来的妈妈他们完全不一样，但是，他们本质上还是相同的」",
    "len": 2
  },
  {
    "name": "樹",
    "message": "「那个人就是和爸爸一样的某个人，那个人就是和妈妈一样的某个人，姐姐就是和姐姐一样的某个人」",
    "len": 2
  },
  {
    "name": "樹",
    "message": "「在我看来就是这样。这一点是毋庸置疑的！」",
    "len": 2
  },
  {
    "name": "樹",
    "message": "「所以，我必须要去救他们……」",
    "len": 1
  },
  {
    "name": "柚",
    "message": "「如果真正的爸爸他们回来了呢？」",
    "len": 1
  },
  {
    "name": "樹",
    "message": "「我不是说过了吗？现在他们就是我的家人」",
    "len": 1
  },
  {
    "name": "柚",
    "message": "「这样啊……」",
    "len": 1
  },
  {
    "message": "柚盯着我的脸看了一会儿，然后像是放弃了似的摇摇头说道。",
    "len": 2
  },
  {
    "name": "柚",
    "message": "「也就是说我什么都做不了吗……」",
    "len": 1
  },
  {
    "name": "樹",
    "message": "「抱歉啊，柚」",
    "len": 1
  },
  {
    "name": "柚",
    "message": "「呵呵，真奇怪！明明是我来道歉的，反而被道歉了」",
    "len": 2
  },
  {
    "name": "樹",
    "message": "「说起来确实是这样啊」",
    "len": 1
  },
  {
    "name": "柚",
    "message": "「树真是个笨蛋呢……」",
    "len": 1
  },
  {
    "name": "樹",
    "message": "「别这么感慨地说啊」",
    "len": 1
  },
  {
    "name": "柚",
    "message": "「嘛，你就做到自己满意为止吧。我会在背后默默支持你的」",
    "len": 2
  },
  {
    "name": "樹",
    "message": "「不过，别再拍照了，好吗？」",
    "len": 1
  },
  {
    "name": "柚",
    "message": "「不会啦，真是的！」",
    "len": 1
  },
  {
    "name": "樹",
    "message": "「哈哈哈，拜托了哦？」",
    "len": 1
  },
  {
    "message": "到了晚上，不知道之前躲在哪里的姬子猫突然冒出了头。",
    "len": 2
  },
  {
    "name": "ギズモ",
    "message": "「喵～可怕的人已经不在了吗？」",
    "len": 1
  },
  {
    "name": "樹",
    "message": "「嗯，早就走了。没事了，过来吧」",
    "len": 2
  },
  {
    "name": "ギズモ",
    "message": "「喵……」",
    "len": 1
  },
  {
    "message": "姬子猫一边东张西望地警惕着周围，一边走进了客厅。",
    "len": 2
  },
  {
    "name": "樹",
    "message": "「你一直躲在储物间吗？」",
    "len": 1
  },
  {
    "name": "ギズモ",
    "message": "「躲在箱子里喵」",
    "len": 1
  },
  {
    "name": "樹",
    "message": "「你肯定饿了吧，我去给你拿罐头」",
    "len": 1
  },
  {
    "name": "ギズモ",
    "message": "「喵！吃的！」",
    "len": 1
  },
  {
    "message": "不过，幸好姬子猫没被发现。",
    "len": 1
  },
  {
    "message": "要是被发现了的话，以蜜柑桑的性格，恐怕不是逮捕，而是直接送去动物收容所了。",
    "len": 2
  },
  {
    "name": "ギズモ",
    "message": "「小树，大家都不在啊……」",
    "len": 1
  },
  {
    "message": "吃完罐头的姬子猫又开始东张西望，一副警惕的样子。",
    "len": 2
  },
  {
    "name": "ギズモ",
    "message": "「都不在啊……」",
    "len": 1
  },
  {
    "name": "樹",
    "message": "「嗯，确实有点寂寞呢」",
    "len": 1
  },
  {
    "name": "ギズモ",
    "message": "「大家都不在啊……」",
    "len": 1
  },
  {
    "name": "樹",
    "message": "「不过，这不是常有的事吗？」",
    "len": 1
  },
  {
    "name": "樹",
    "message": "「你看，圣诞节的时候，他们不也是自顾自地到处闲逛，早上才回来吗……」",
    "len": 2
  },
  {
    "name": "ギズモ",
    "message": "「小树，大家会回来吗？」",
    "len": 1
  },
  {
    "name": "樹",
    "message": "「一定会回来的，别担心」",
    "len": 1
  },
  {
    "name": "ギズモ",
    "message": "「喵～……」",
    "len": 1
  },
  {
    "name": "樹",
    "message": "「……嗯？怎么了？」",
    "len": 1
  },
  {
    "name": "ギズモ",
    "message": "「喵呜～……」",
    "len": 1
  },
  {
    "name": "樹",
    "message": "「你在干什么啊，姬子猫？」",
    "len": 1
  },
  {
    "name": "ギズモ",
    "message": "「喵呜～……」",
    "len": 1
  },
  {
    "name": "樹",
    "message": "「喂，你待在那种地方，谁也不会回来的哦？」",
    "len": 2
  },
  {
    "name": "ギズモ",
    "message": "「喵呜呜呜～……」",
    "len": 1
  },
  {
    "message": "姬子猫对我的话充耳不闻，只是盯着玄关的门，不停地发出喵喵的叫声。",
    "len": 2
  },
  {
    "message": "看起来就像是被遗弃的猫一样。",
    "len": 1
  },
  {
    "name": "ギズモ",
    "message": "「喵～……」",
    "len": 1
  },
  {
    "name": "樹",
    "message": "「姬子猫，够了，别叫了……」",
    "len": 1
  },
  {
    "name": "ギズモ",
    "message": "「喵呜～……」",
    "len": 1
  },
  {
    "name": "樹",
    "message": "「姬子猫……」",
    "len": 1
  },
  {
    "message": "我感到难以忍受，离开了那个地方。",
    "len": 1
  },
  {
    "name": "樹",
    "message": "「唉……」",
    "len": 1
  },
  {
    "message": "那家伙，她已经意识到了。",
    "len": 1
  },
  {
    "message": "那三个人可能再也不会回来了。",
    "len": 1
  },
  {
    "message": "即使这样直到天亮。",
    "len": 1
  },
  {
    "message": "不管过去多长时间。",
    "len": 1
  },
  {
    "name": "樹",
    "message": "「如果我什么都不做的话……」",
    "len": 1
  },
  {
    "message": "——那些已经不在任何地方的人的存在。",
    "len": 1
  },
  {
    "name": "樹",
    "message": "「如果我什么都不去看的话……」",
    "len": 1
  },
  {
    "message": "——『世界』是不可能允许的。",
    "len": 1
  },
  {
    "name": "樹",
    "message": "「会消失掉……」",
    "len": 1
  },
  {
    "message": "就像用橡皮擦掉，然后重新画一样。",
    "len": 1
  },
  {
    "message": "画错的图画会被擦掉。",
    "len": 1
  },
  {
    "message": "……我有这样的感觉。",
    "len": 1
  },
  {
    "message": "琴子会怎么做呢？",
    "len": 1
  },
  {
    "message": "她知道如何帮助他们吗？",
    "len": 1
  },
  {
    "message": "那三个人能找到在这个世界存在的理由吗？",
    "len": 2
  },
  {
    "name": "樹",
    "message": "「……琴子，你醒着吗？」",
    "len": 1
  },
  {
    "name": "琴子",
    "message": "「请进，哥哥」",
    "len": 1
  },
  {
    "message": "琴子没有多问，就让我进来了。",
    "len": 1
  },
  {
    "name": "樹",
    "message": "「抱歉，我进来了」",
    "len": 1
  },
  {
    "name": "琴子",
    "message": "「我正打算去哥哥的房间呢」",
    "len": 2
  },
  {
    "name": "樹",
    "message": "「是吗，我也有话想说」",
    "len": 1
  },
  {
    "name": "琴子",
    "message": "「是关于父亲他们的事吧」",
    "len": 1
  },
  {
    "name": "樹",
    "message": "「嗯，我在想琴子会怎么做……」",
    "len": 1
  },
  {
    "name": "琴子",
    "message": "「在那之前，我可以问个问题吗？」",
    "len": 1
  },
  {
    "name": "樹",
    "message": "「问题？可以啊？」",
    "len": 1
  },
  {
    "name": "琴子",
    "message": "「请告诉我哥哥的想法……」",
    "len": 1
  },
  {
    "name": "琴子",
    "message": "「如果在无人的森林里一棵树倒下了，会发出声音吗，还是不会发出声音呢？」",
    "len": 2
  },
  {
    "len": "selection",
    "message": "会发出声音"
  },
  {
    "len": "selectionend",
    "message": "不会发出声音"
  },
  {
    "name": "樹",
    "message": "「那肯定会发出声音吧？就算没人在，树实际上确实倒下了啊」",
    "len": 2
  },
  {
    "name": "琴子",
    "message": "「但是，没有人在场意味着没有人知道树倒下了」",
    "len": 2
  },
  {
    "name": "琴子",
    "message": "「你不觉得没有人知道的事物，和不存在是一样的吗？」",
    "len": 1
  },
  {
    "name": "樹",
    "message": "「就算不知道，存在的东西也是存在的吧」",
    "len": 1
  },
  {
    "name": "琴子",
    "message": "「那么，假设10年后有人进入那片森林，发现了一棵已经倒下的枯树」",
    "len": 2
  },
  {
    "name": "琴子",
    "message": "「那棵枯树是突然发出巨大声响倒下的吗？还是随着时间慢慢无声地倒下的呢？」",
    "len": 2
  },
  {
    "name": "琴子",
    "message": "「到底有没有「声音」呢……」",
    "len": 1
  },
  {
    "name": "樹",
    "message": "「唔～这个嘛……」",
    "len": 1
  },
  {
    "name": "琴子",
    "message": "「没有人能观测到的东西就是「不存在」的哦」",
    "len": 1
  },
  {
    "name": "樹",
    "message": "「不会发出声音……不如说，本来就不知道的话和不存在是一样的」",
    "len": 2
  },
  {
    "name": "樹",
    "message": "「比如说西伯利亚某处倒下了一棵树，大家都不知道这件事，过完一生就死了」",
    "len": 2
  },
  {
    "name": "樹",
    "message": "「这种无关紧要的事情，就当作「不存在」也无所谓吧」",
    "len": 1
  },
  {
    "name": "琴子",
    "message": "「也就是说，没有人能观测到的东西就是「不存在」的，对吧」",
    "len": 1
  },
  {
    "name": "樹",
    "message": "「宇宙的「外侧」也是这样的吧？」",
    "len": 1
  },
  {
    "name": "琴子",
    "message": "「是的，这是个很好的比喻」",
    "len": 1
  },
  {
    "name": "樹",
    "message": "「但是啊，就这样断定「不存在」，总觉得哪里不对劲……」",
    "len": 2
  },
  {
    "name": "琴子",
    "message": "「准确来说，「声音」既可以说发出了，也可以说没发出。这是一种只能用概率来表示的情况呢」",
    "len": 2
  },
  {
    "name": "樹",
    "message": "「真是让人不爽啊……」",
    "len": 1
  },
  {
    "name": "琴子",
    "message": "「这和哥哥也很熟悉的那个装着模糊状态猫的盒子是同样的思想实验」",
    "len": 2
  },
  {
    "name": "樹",
    "message": "「你是说活猫和死猫处于叠加状态的那个吧」",
    "len": 2
  },
  {
    "name": "琴子",
    "message": "「薛定谔提出这个思想实验是为了说明这种情况是不可能存在的」",
    "len": 2
  },
  {
    "name": "琴子",
    "message": "「但在微观系统中这确实在发生。问题是能否将其应用到宏观系统中……」",
    "len": 2
  },
  {
    "name": "樹",
    "message": "「也就是说，这种情况能否在现实世界中发生，对吧」",
    "len": 1
  },
  {
    "name": "琴子",
    "message": "「没错」",
    "len": 1
  },
  {
    "message": "那么，我就能自信满满地回答了。",
    "len": 1
  },
  {
    "name": "樹",
    "message": "「会发生的。不……现在就在我眼前发生着」",
    "len": 2
  },
  {
    "name": "琴子",
    "message": "「那是因为哥哥在观察着我……」",
    "len": 1
  },
  {
    "name": "樹",
    "message": "「你是说琴子存在这件事吗？」",
    "len": 1
  },
  {
    "name": "琴子",
    "message": "「嗯」",
    "len": 1
  },
  {
    "name": "樹",
    "message": "「那么，能改变到什么程度呢？」",
    "len": 1
  },
  {
    "message": "我把心里想的说了出来。",
    "len": 1
  },
  {
    "name": "樹",
    "message": "「通过我的观察，能把「世界」改变到什么程度？」",
    "len": 1
  },
  {
    "name": "琴子",
    "message": "「…………」",
    "len": 1
  },
  {
    "message": "琴子欲言又止，陷入了短暂的沉默。",
    "len": 1
  },
  {
    "name": "琴子",
    "message": "「哥哥就像森林里的一棵树」",
    "len": 1
  },
  {
    "name": "樹",
    "message": "「啊？」",
    "len": 1
  },
  {
    "name": "琴子",
    "message": "「你是唯一能观测到「声音」是否发出的存在」",
    "len": 2
  },
  {
    "name": "琴子",
    "message": "「但是……你无法自己阻止自己倒下」",
    "len": 1
  },
  {
    "name": "樹",
    "message": "「你是说我无法改变什么吗？」",
    "len": 1
  },
  {
    "name": "琴子",
    "message": "「只要还在森林里……」",
    "len": 1
  },
  {
    "name": "琴子",
    "message": "「就无法救助爸爸他们」",
    "len": 1
  },
  {
    "message": "我对琴子说的话感到很困惑。",
    "len": 1
  },
  {
    "name": "樹",
    "message": "「那么，我该怎么办……！？」",
    "len": 1
  },
  {
    "name": "琴子",
    "message": "「让我们等待呼唤吧」",
    "len": 1
  },
  {
    "name": "樹",
    "message": "「呼唤？」",
    "len": 1
  },
  {
    "name": "琴子",
    "message": "「如果对森林来说发出「声音」更好，哥哥就会观察到「声音」发出的世界」",
    "len": 2
  },
  {
    "name": "琴子",
    "message": "「相反，如果希望「声音」不发出，那就会观察到那样的世界」",
    "len": 2
  },
  {
    "name": "琴子",
    "message": "「「世界」自身所期望的必然性，应该会将观测者引向那个「世界」」",
    "len": 2
  },
  {
    "name": "樹",
    "message": "「你怎么能说出这种话？」",
    "len": 1
  },
  {
    "name": "琴子",
    "message": "「我希望能见到哥哥！」",
    "len": 1
  },
  {
    "name": "樹",
    "message": "「……！」",
    "len": 1
  },
  {
    "name": "琴子",
    "message": "「所以我想……我们才能这样再次相见」",
    "len": 2
  },
  {
    "name": "樹",
    "message": "「琴子……」",
    "len": 1
  },
  {
    "message": "如果『世界』希望的话，我就会观察那个『世界』？",
    "len": 1
  },
  {
    "message": "琴子想说的，大概就是这个意思吧……",
    "len": 1
  },
  {
    "message": "消失的三个人回来了……",
    "len": 1
  },
  {
    "message": "这个世界是否希望我们作为一家人生活下去呢？",
    "len": 2
  },
  {
    "message": "还是说，我们待在这片森林里本身就是错误的？",
    "len": 3
  },
  {
    "message": "无论怎么想都想不明白。",
    "len": 1
  },
  {
    "message": "远处传来姬子猫喵喵的叫声。",
    "len": 1
  },
  {
    "message": "那是个没有星星，阴沉而黑暗的夜晚……",
    "len": 1
  }
]