[
  {
    "name": "樹",
    "message": "「……！？」",
    "len": 1
  },
  {
    "name": "樹",
    "message": "「糟了，天亮了……！」",
    "len": 1
  },
  {
    "message": "本想稍微休息一下，结果完全睡着了。",
    "len": 1
  },
  {
    "name": "樹",
    "message": "「哈啊……，我，是不是太累了……」",
    "len": 1
  },
  {
    "message": "这次连梦都没做。",
    "len": 1
  },
  {
    "message": "感觉时间一下子就过去了。",
    "len": 1
  },
  {
    "name": "樹",
    "message": "「我本来应该要做什么来着……」",
    "len": 1
  },
  {
    "name": "樹",
    "message": "「啊对了，是琴子。我本来打算去看看琴子的情况」",
    "len": 2
  },
  {
    "name": "樹",
    "message": "「她没事吧？希望她已经醒了」",
    "len": 2
  },
  {
    "name": "樹",
    "message": "「……咦？」",
    "len": 1
  },
  {
    "name": "ギズモ",
    "message": "「…………」",
    "len": 1
  },
  {
    "message": "姬子猫？怎么在琴子房间门前？",
    "len": 1
  },
  {
    "name": "樹",
    "message": "「喂，姬子猫」",
    "len": 1
  },
  {
    "name": "ギズモ",
    "message": "「啊，树？」",
    "len": 1
  },
  {
    "name": "樹",
    "message": "「怎么了，在这种地方？」",
    "len": 1
  },
  {
    "name": "ギズモ",
    "message": "「呜呜，喵呜呜呜……」",
    "len": 1
  },
  {
    "name": "樹",
    "message": "「？？？」",
    "len": 1
  },
  {
    "name": "ギズモ",
    "message": "「呜呜……喵呜，啊啊啊，啊啊啊……」",
    "len": 1
  },
  {
    "message": "怎么回事？姬子猫这是什么情况？",
    "len": 1
  },
  {
    "name": "樹",
    "message": "「喂，到底怎么了？琴子出什么事了吗！？」",
    "len": 2
  },
  {
    "name": "ギズモ",
    "message": "「呜啊啊……琴子，在，不在……」",
    "len": 1
  },
  {
    "name": "樹",
    "message": "「啊？你说什么？」",
    "len": 1
  },
  {
    "name": "ギズモ",
    "message": "「琴子——在！不在！琴子，在！不在——！」",
    "len": 2
  },
  {
    "name": "樹",
    "message": "「在？不在？你到底在说什么啊！？」",
    "len": 2
  },
  {
    "name": "ギズモ",
    "message": "「喵呜呜！嘶——————！！！」",
    "len": 1
  },
  {
    "name": "樹",
    "message": "「哇！发火了！？」",
    "len": 1
  },
  {
    "name": "ギズモ",
    "message": "「喵嗷——————！！！」",
    "len": 1
  },
  {
    "message": "姬子猫竖起毛发，冲进了储物间。砰地一声关上门，看样子是不打算出来了。",
    "len": 2
  },
  {
    "name": "樹",
    "message": "「这……这家伙怎么回事？」",
    "len": 1
  },
  {
    "message": "很明显，这是猫受到惊吓时的行为。",
    "len": 1
  },
  {
    "message": "姬子猫还是猫的时候，一旦变成那样，就会躲在某个地方大约半天不出来。",
    "len": 2
  },
  {
    "message": "就像是看到了什么可怕的东西一样……",
    "len": 1
  },
  {
    "name": "樹",
    "message": "「琴子怎么了？在不在的……」",
    "len": 2
  },
  {
    "name": "樹",
    "message": "「……这个房间里发生了什么？」",
    "len": 1
  },
  {
    "message": "姬子猫是感觉到了什么吗？",
    "len": 1
  },
  {
    "message": "气味或者气息之类的，用动物特有的直觉。",
    "len": 1
  },
  {
    "message": "感觉到这里发生了什么……？",
    "len": 1
  },
  {
    "name": "樹",
    "message": "「…………」",
    "len": 1
  },
  {
    "message": "说起来，琴子回来那天早上，姬子猫也在这个房间门前。",
    "len": 2
  },
  {
    "message": "一副想进去的样子，在门口转来转去。",
    "len": 1
  },
  {
    "message": "它明白了我无法理解的某些事情。",
    "len": 1
  },
  {
    "message": "『存在』却『不存在』……？",
    "len": 1
  },
  {
    "message": "那是什么意思？",
    "len": 1
  },
  {
    "message": "指的是什么样的状态？",
    "len": 1
  },
  {
    "message": "『存在』和『不存在』重叠了？",
    "len": 1
  },
  {
    "message": "『琴子存在』和『琴子不存在』……？",
    "len": 1
  },
  {
    "message": "如果是这样的话……",
    "len": 1
  },
  {
    "message": "那么，如果是这样……",
    "len": 1
  },
  {
    "message": "现在，如果我打开这扇门的话……",
    "len": 1
  },
  {
    "message": "琴子会怎么样？",
    "len": 1
  },
  {
    "message": "我会怎么样？",
    "len": 1
  },
  {
    "message": "这个『世界』会变成什么样？",
    "len": 1
  },
  {
    "name": "樹",
    "message": "「琴子……」",
    "len": 1
  },
  {
    "message": "我把手放在了门把手上。",
    "len": 1
  },
  {
    "name": "樹",
    "message": "「琴子，我要进来了……」",
    "len": 1
  },
  {
    "message": "慢慢地转动门把手。",
    "len": 1
  },
  {
    "message": "咔嗒一声，金属配件移动的声音……没有上锁。",
    "len": 2
  },
  {
    "message": "接下来，只要拉动握住门把的手就……",
    "len": 1
  },
  {
    "name": "樹",
    "message": "「琴子！」",
    "len": 1
  },
  {
    "message": "只要用力拉开这扇门……！",
    "len": 1
  },
  {
    "message": "如果说不打开就无法确定的话。",
    "len": 1
  },
  {
    "message": "我对琴子…………。",
    "len": 1
  },
  {
    "name": "樹",
    "message": "「……！？」",
    "len": 1
  },
  {
    "message": "从楼下传来的门铃声让我如同被浇了一盆冷水，瞬间清醒过来。",
    "len": 2
  },
  {
    "name": "樹",
    "message": "「糟了……，我在干什么啊……」",
    "len": 1
  },
  {
    "name": "樹",
    "message": "「难道要重蹈覆辙吗……该死！」",
    "len": 1
  },
  {
    "message": "那扇门，我绝对不能擅自打开。",
    "len": 1
  },
  {
    "message": "我不能打开它。我已经不想再看到任何东西了。",
    "len": 2
  },
  {
    "message": "我本应该是这么想的，可是……",
    "len": 1
  },
  {
    "name": "樹",
    "message": "「啊真是的，太吵了！」",
    "len": 1
  },
  {
    "name": "樹",
    "message": "「好好好，我这就来！」",
    "len": 1
  },
  {
    "message": "这种时候来的肯定是柚吧。",
    "len": 1
  },
  {
    "name": "樹",
    "message": "「喂，既然要来的话，好歹带点你引以为傲的料理来啊！」",
    "len": 2
  },
  {
    "name": "蜜柑",
    "message": "「抱歉，我不会做饭」",
    "len": 1
  },
  {
    "name": "樹",
    "message": "「啊，咦？蜜柑桑？」",
    "len": 1
  },
  {
    "name": "蜜柑",
    "message": "「早上好，树君。一大早来打扰真不好意思，但只有这个时间了」",
    "len": 2
  },
  {
    "name": "樹",
    "message": "「到底是什么事？蜜柑桑居然会来我家……」",
    "len": 2
  },
  {
    "name": "蜜柑",
    "message": "「嗯，嗯……，有点难以启齿……」",
    "len": 2
  },
  {
    "name": "警察官",
    "message": "「警视大人！紧急部署完毕！」",
    "len": 1
  },
  {
    "name": "蜜柑",
    "message": "「那就逮捕三名嫌疑人。A组突入，B组布网」",
    "len": 2
  },
  {
    "name": "蜜柑",
    "message": "「特别注意后院的树木。很可能被用作逃跑路线」",
    "len": 2
  },
  {
    "name": "警察官",
    "message": "「嗯！明白！」",
    "len": 1
  },
  {
    "name": "樹",
    "message": "「等、等等，蜜、蜜柑桑！这是怎么回事！？」",
    "len": 1
  },
  {
    "name": "蜜柑",
    "message": "「可能会吵闹一阵子，忍耐一下哦？」",
    "len": 1
  },
  {
    "name": "樹",
    "message": "「这到底是怎么回事啊！？」",
    "len": 1
  },
  {
    "name": "蜜柑",
    "message": "「就是这么回事」",
    "len": 1
  },
  {
    "message": "蜜柑桑啪地一声展开手中那张薄薄的纸，给我看。",
    "len": 2
  },
  {
    "name": "樹",
    "message": "「逮、逮捕令！？」",
    "len": 1
  },
  {
    "name": "蜜柑",
    "message": "「嫌疑人，七枷电卓。年龄，43岁。罪名，损坏电子设备。拘押地点，要石警察署」",
    "len": 2
  },
  {
    "name": "蜜柑",
    "message": "「虽然是我的丑字，但你能看懂吧？」",
    "len": 1
  },
  {
    "name": "樹",
    "message": "「这、这个「损坏电子设备」是什么意思啊！？」",
    "len": 1
  },
  {
    "name": "蜜柑",
    "message": "「简单来说，就是违反了禁止非法访问法。为了让人以为是同一个人，涉嫌篡改了居民数据……」",
    "len": 2
  },
  {
    "name": "樹",
    "message": "「我完全听不懂啊！」",
    "len": 1
  },
  {
    "message": "在我和蜜柑桑说话的时候，几名警察手持闪着黑光的电击警棍哐哐地闯了进来。",
    "len": 2
  },
  {
    "name": "蜜柑",
    "message": "「逮捕令一共有3张。七枷电卓、七枷式子、七枷结衣」",
    "len": 2
  },
  {
    "name": "蜜柑",
    "message": "「要不要为了以防万一，全部都看一遍？」",
    "len": 1
  },
  {
    "name": "樹",
    "message": "「在那之前，请先解释一下」",
    "len": 1
  },
  {
    "name": "蜜柑",
    "message": "「这就是最好的「解决」方法啊，树君」",
    "len": 1
  },
  {
    "name": "樹",
    "message": "「什么是「解决」啊！？」",
    "len": 1
  },
  {
    "name": "蜜柑",
    "message": "「你这几天一直在做梦呢。一个关于新家人的幸福梦境……对吧」",
    "len": 2
  },
  {
    "name": "蜜柑",
    "message": "「我非常理解你的心情哦？我家也让柚受了不少苦，算不上什么好家庭」",
    "len": 2
  },
  {
    "name": "蜜柑",
    "message": "「或许，幸福的家庭只是一种幻想罢了。每个人都对自己的家人有不满，也有互相憎恨的家庭」",
    "len": 2
  },
  {
    "name": "蜜柑",
    "message": "「如果可能的话，想重新开始……想忘记所有不好的事，每个家庭都会这么想」",
    "len": 2
  },
  {
    "name": "蜜柑",
    "message": "「但是啊，即便如此也无法改变，也不可能忘记……」",
    "len": 1
  },
  {
    "name": "蜜柑",
    "message": "「我们只能接受，无论是讨厌的事还是坏事，全部都要接受。即便如此还要互相帮助，这不就是家人吗？」",
    "len": 2
  },
  {
    "name": "樹",
    "message": "「我才没做什么梦！别再说教了！」",
    "len": 1
  },
  {
    "name": "蜜柑",
    "message": "「你以为我和柚没有关心过你吗？」",
    "len": 1
  },
  {
    "name": "蜜柑",
    "message": "「自从琴子去世后，你就像失去了灵魂一样，什么都不看，什么都不做，变成了那样的孩子」",
    "len": 2
  },
  {
    "name": "蜜柑",
    "message": "「所以这次事件中你才会把那三个人当作真正的家人，想要开始一场新的家庭游戏」",
    "len": 2
  },
  {
    "name": "蜜柑",
    "message": "「为了做一个幸福的梦……对吧！」",
    "len": 1
  },
  {
    "name": "樹",
    "message": "「不是这样的！我们不是那种关系！从现在开始……我们才会真正成为家人！」",
    "len": 2
  },
  {
    "name": "蜜柑",
    "message": "「够了，别再逃避现实了！」",
    "len": 1
  },
  {
    "name": "樹",
    "message": "「……啧！」",
    "len": 1
  },
  {
    "name": "蜜柑",
    "message": "「七枷电卓、式子、结衣三人失踪了……」",
    "len": 1
  },
  {
    "name": "蜜柑",
    "message": "「取而代之的是，不知从哪里来的陌生人冒充他们的身份，现在就在这个家里……」",
    "len": 2
  },
  {
    "name": "蜜柑",
    "message": "「好好看清楚这个现实吧，用你自己的眼睛！」",
    "len": 1
  },
  {
    "name": "樹",
    "message": "「不是的……不是这样的，蜜柑桑……」",
    "len": 1
  },
  {
    "name": "蜜柑",
    "message": "「唉……真拿你没办法」",
    "len": 1
  },
  {
    "name": "蜜柑",
    "message": "「如果现在难以接受的话，不妨先冷静一下，好好想想」",
    "len": 2
  },
  {
    "name": "警察官",
    "message": "「警视大人！三名嫌疑人已经抓获！」",
    "len": 1
  },
  {
    "name": "蜜柑",
    "message": "「带他们到客厅来，确认身份后就押送到警局」",
    "len": 2
  },
  {
    "name": "警察官",
    "message": "「是！」",
    "len": 1
  },
  {
    "name": "蜜柑",
    "message": "「树君，我们去客厅吧」",
    "len": 1
  },
  {
    "message": "我按照蜜柑桑的指示移动到了客厅。",
    "len": 1
  },
  {
    "message": "完全搞不清楚状况，脑子里一片混乱……",
    "len": 2
  },
  {
    "name": "警察官",
    "message": "「第一个，自称是七枷式子」",
    "len": 1
  },
  {
    "name": "蜜柑",
    "message": "「OK，让她进来」",
    "len": 1
  },
  {
    "name": "式子",
    "message": "「树君～！这些人太过分了～！」",
    "len": 1
  },
  {
    "name": "樹",
    "message": "「式子桑！」",
    "len": 1
  },
  {
    "name": "式子",
    "message": "「呐，拜托了！我不在的时候，记得给帕克君他们好好浇水哦～！」",
    "len": 2
  },
  {
    "name": "樹",
    "message": "「我会处理好的！别担心！」",
    "len": 1
  },
  {
    "name": "蜜柑",
    "message": "「确认完毕，带走」",
    "len": 1
  },
  {
    "name": "警察官",
    "message": "「是！马上带走！」",
    "len": 1
  },
  {
    "name": "式子",
    "message": "「树君，记得要好好吃早饭哦～！」",
    "len": 1
  },
  {
    "message": "式子桑被警官抓着双臂，像被FBI抓获的外星人一样被带走了。",
    "len": 2
  },
  {
    "name": "蜜柑",
    "message": "「下一个，带进来」",
    "len": 1
  },
  {
    "name": "警察官",
    "message": "「是自称七枷结衣的女子」",
    "len": 1
  },
  {
    "name": "結衣",
    "message": "「树，怎么办？」",
    "len": 1
  },
  {
    "name": "樹",
    "message": "「结衣姐！」",
    "len": 1
  },
  {
    "name": "結衣",
    "message": "「如果你想的话，我可以把这些家伙全……杀……杀掉」",
    "len": 2
  },
  {
    "name": "樹",
    "message": "「不用那样做！我会去接你的！」",
    "len": 1
  },
  {
    "name": "結衣",
    "message": "「哼，那就等着你吧」",
    "len": 1
  },
  {
    "name": "蜜柑",
    "message": "「好，带走」",
    "len": 1
  },
  {
    "name": "警察官",
    "message": "「明白了！」",
    "len": 1
  },
  {
    "name": "結衣",
    "message": "「啊～真无聊……」",
    "len": 1
  },
  {
    "name": "蜜柑",
    "message": "「那么，下一个」",
    "len": 1
  },
  {
    "name": "警察官",
    "message": "「是自称七枷电卓的男子，疑似主犯！」",
    "len": 1
  },
  {
    "name": "電卓",
    "message": "「树，我想拜托你传个话」",
    "len": 1
  },
  {
    "name": "樹",
    "message": "「什、什么啊？」",
    "len": 1
  },
  {
    "name": "電卓",
    "message": "「请告诉萌妹子女学园的小结衣，我是认真的……」",
    "len": 2
  },
  {
    "name": "電卓",
    "message": "「告诉她，就算小结衣是未成年，我也上过了……」",
    "len": 2
  },
  {
    "name": "樹",
    "message": "「去你的！给我被逮捕吧！」",
    "len": 1
  },
  {
    "name": "電卓",
    "message": "「我现在正在被实时逮捕呢」",
    "len": 1
  },
  {
    "name": "蜜柑",
    "message": "「那么，顺便把他带走吧」",
    "len": 1
  },
  {
    "name": "警察官",
    "message": "「是！马上带走！」",
    "len": 1
  },
  {
    "name": "電卓",
    "message": "「树——！去书库找书啊——！」",
    "len": 1
  },
  {
    "name": "警察官",
    "message": "「喂！给我老实点！」",
    "len": 1
  },
  {
    "name": "電卓",
    "message": "「树——！是关于你真名的那本书啊——！」",
    "len": 1
  },
  {
    "message": "电卓一边喊着莫名其妙的话，一边被几个警察拖走了。",
    "len": 2
  },
  {
    "name": "蜜柑",
    "message": "「这下结束了，我们也撤吧」",
    "len": 1
  },
  {
    "name": "警察官",
    "message": "「警视大人，其实还有一个人……」",
    "len": 1
  },
  {
    "name": "蜜柑",
    "message": "「还有一个？」",
    "len": 1
  },
  {
    "name": "警察官",
    "message": "「我们发现了一个自称七枷琴子的少女」",
    "len": 1
  },
  {
    "name": "樹",
    "message": "「琴子？！？」",
    "len": 1
  },
  {
    "name": "蜜柑",
    "message": "「哦～？嗯，总之把她带来吧」",
    "len": 1
  },
  {
    "name": "警察官",
    "message": "「是！就是这个孩子！」",
    "len": 1
  },
  {
    "name": "琴子",
    "message": "「哥哥，早上好」",
    "len": 1
  },
  {
    "name": "樹",
    "message": "「琴子！你身体没事吧？！？」",
    "len": 1
  },
  {
    "name": "琴子",
    "message": "「嗯，多亏睡了很久，已经完全好了」",
    "len": 2
  },
  {
    "name": "樹",
    "message": "「是吗，太好了！我一直都很担心你啊！？」",
    "len": 1
  },
  {
    "name": "琴子",
    "message": "「呵呵，对不起，哥哥」",
    "len": 1
  },
  {
    "name": "蜜柑",
    "message": "「那个，能稍等一下吗？」",
    "len": 1
  },
  {
    "name": "琴子",
    "message": "「啊，是蜜柑桑呢，好久不见了」",
    "len": 1
  },
  {
    "name": "蜜柑",
    "message": "「嗯，是啊……好久不见，不对……我是说，你是……」",
    "len": 2
  },
  {
    "name": "琴子",
    "message": "「我是琴子，三年没见面了呢」",
    "len": 1
  },
  {
    "name": "蜜柑",
    "message": "「嗯嗯，琴子酱，确实三年没见了，你一点都没变呢……」",
    "len": 2
  },
  {
    "name": "琴子",
    "message": "「是的，蜜柑桑看起来也很精神」",
    "len": 1
  },
  {
    "name": "蜜柑",
    "message": "「……那么，你是谁？」",
    "len": 1
  },
  {
    "name": "琴子",
    "message": "「我是琴子」",
    "len": 1
  },
  {
    "name": "蜜柑",
    "message": "「………………」",
    "len": 1
  },
  {
    "name": "琴子",
    "message": "「………………」",
    "len": 1
  },
  {
    "name": "蜜柑",
    "message": "「……琴、琴子……酱？」",
    "len": 1
  },
  {
    "name": "琴子",
    "message": "「我是琴子」",
    "len": 1
  },
  {
    "name": "蜜柑",
    "message": "「逮……」",
    "len": 1
  },
  {
    "name": "蜜柑",
    "message": "「逮、逮、逮、逮逮逮……」",
    "len": 1
  },
  {
    "name": "樹",
    "message": "「逮？」",
    "len": 1
  },
  {
    "name": "蜜柑",
    "message": "「逮捕！！！快逮捕她啊啊啊啊啊！！！」",
    "len": 2
  },
  {
    "name": "警察官",
    "message": "「警视大人！但是，我们没有逮捕令！」",
    "len": 1
  },
  {
    "name": "蜜柑",
    "message": "「紧急逮捕！逮捕令可以之后再说！」",
    "len": 1
  },
  {
    "name": "琴子",
    "message": "「那个，很遗憾，我想法院不会批准的。因为我在户籍上已经死亡了」",
    "len": 2
  },
  {
    "name": "蜜柑",
    "message": "「呃！你到底想干什么？你到底是谁！？」",
    "len": 2
  },
  {
    "name": "琴子",
    "message": "「我是七枷琴子」",
    "len": 1
  },
  {
    "name": "蜜柑",
    "message": "「是吗！你还是坚持这么说啊！」",
    "len": 1
  },
  {
    "name": "琴子",
    "message": "「我会一直坚持的」",
    "len": 1
  },
  {
    "name": "蜜柑",
    "message": "「本想在公安介入前在辖区内悄悄解决，既然这样的话，你就做好觉悟吧……」",
    "len": 2
  },
  {
    "name": "蜜柑",
    "message": "「全员撤退！回警署！」",
    "len": 1
  },
  {
    "name": "警察官",
    "message": "「这样可以吗，警视大人？」",
    "len": 1
  },
  {
    "name": "蜜柑",
    "message": "「总不能逮捕鬼魂吧！」",
    "len": 1
  },
  {
    "name": "警察官",
    "message": "「是！我这就让全员撤退！」",
    "len": 1
  },
  {
    "name": "蜜柑",
    "message": "「……哼！」",
    "len": 1
  },
  {
    "message": "蜜柑桑最后用可怕的眼神狠狠地瞪了琴子一眼，然后离开了客厅。",
    "len": 2
  }
]