[
  {
    "message": "我再次被传送到了这个地方。",
    "len": 1
  },
  {
    "message": "这里没有时间，没有空间。只有『意义』在飘荡着。",
    "len": 2
  },
  {
    "message": "如果我不想看到任何东西，这里就会变成一片虚无。没有声音，也没有光。",
    "len": 2
  },
  {
    "message": "所以，我决定去观察。观察那些飘荡的『意义』。",
    "len": 2
  },
  {
    "message": "我刚刚看到了『琴子』的那种感觉。",
    "len": 3
  },
  {
    "message": "只要一想到『琴子』，我的内心就会被『琴子的感觉』充满。",
    "len": 4
  },
  {
    "message": "只要有那个，无论我和琴子在哪里，我们都能彼此相连……",
    "len": 2
  },
  {
    "message": "因此，在『言语』之前，我决定去观察『意义』本身。",
    "len": 2
  },
  {
    "message": "我寻找着我所认识的人们的『意义』。",
    "len": 1
  },
  {
    "message": "那些我无时无刻不在观察的，那些人的感觉——",
    "len": 2
  },
  {
    "message": "………………？",
    "len": 1
  },
  {
    "message": "——绿……色……？",
    "len": 1
  },
  {
    "message": "对……是绿色……",
    "len": 1
  },
  {
    "message": "如果用语言来表达，这就是绿色。",
    "len": 1
  },
  {
    "message": "这是植物所拥有的温柔色彩。",
    "len": 1
  },
  {
    "message": "我身处绿色的光芒之中，绿色的光芒也存在于我的内心。",
    "len": 2
  },
  {
    "message": "没有任何紧张感。",
    "len": 1
  },
  {
    "message": "我感到安宁和平静。",
    "len": 1
  },
  {
    "message": "我一直凝视着。",
    "len": 1
  },
  {
    "message": "越是凝视，内心就越发平和。",
    "len": 1
  },
  {
    "message": "我敞开心扉，接纳了绿色的光芒。",
    "len": 1
  },
  {
    "message": "仅仅是这样，各种感觉就充满了我的内心。",
    "len": 2
  },
  {
    "message": "印象？感觉？质感？实感？怎么说都行……",
    "len": 2
  },
  {
    "message": "那是比言语更先一步，被心灵接收到的某种东西。",
    "len": 1
  },
  {
    "message": "就是这个。",
    "len": 1
  },
  {
    "message": "现在，正在观看这一切的我……（现在，正在看着屏幕的你……）",
    "len": 2
  },
  {
    "message": "所接收到的『这种感觉』。",
    "len": 1
  },
  {
    "message": "——我知道是谁了。",
    "len": 1
  },
  {
    "message": "——这是我非常熟悉的。",
    "len": 1
  },
  {
    "message": "——是妈妈吧？",
    "len": 1
  },
  {
    "name": "式子",
    "message": "「嘿嘿～，被发现啦！不愧是塔君！」",
    "len": 2
  },
  {
    "message": "——果然是式子桑的头发。",
    "len": 1
  },
  {
    "name": "式子",
    "message": "「通过头发就能认出来吗？为什么呀～？」",
    "len": 1
  },
  {
    "message": "——因为在我眼里你的头发是『绿色』的啊。",
    "len": 1
  },
  {
    "name": "式子",
    "message": "「啊哈哈～，哪有绿头发的人嘛～」",
    "len": 1
  },
  {
    "message": "——这倒也是，我看到的并不是头发本身。",
    "len": 1
  },
  {
    "message": "——而是看到了『式子桑就该是这样！』的印象。",
    "len": 1
  },
  {
    "name": "式子",
    "message": "「嗯～？也就是说在塔君眼里，妈妈看起来是绿色的啊」",
    "len": 2
  },
  {
    "message": "——嗯，可能是这样。",
    "len": 1
  },
  {
    "name": "式子",
    "message": "「感觉有点奇怪呢～」",
    "len": 1
  },
  {
    "message": "——皮、皮肤的颜色倒不至于是绿色吧？",
    "len": 1
  },
  {
    "name": "式子",
    "message": "「呵呵，我知道啦～！」",
    "len": 1
  },
  {
    "name": "式子",
    "message": "「啊，差不多该走了！」",
    "len": 1
  },
  {
    "message": "——诶？要去哪儿！？",
    "len": 1
  },
  {
    "name": "式子",
    "message": "「去买东西！今天是新年不是吗？你就好好期待我的年夜饭吧！」",
    "len": 2
  },
  {
    "message": "与我相连的式子桑消失了。",
    "len": 1
  },
  {
    "message": "——原来如此。",
    "len": 1
  },
  {
    "message": "通过刚才的操作，我多少明白了……",
    "len": 1
  },
  {
    "message": "这里是入口模式。",
    "len": 1
  },
  {
    "message": "是选择创造世界所需零件的阶段。",
    "len": 1
  },
  {
    "message": "如果是琴子的话，会怎么称呼这个地方呢？",
    "len": 1
  },
  {
    "message": "魔术中所说的『阿卡西记录』？",
    "len": 1
  },
  {
    "message": "哲学中所说的『理念界』？",
    "len": 1
  },
  {
    "message": "希腊神话中所说的『混沌』？",
    "len": 1
  },
  {
    "message": "佛教中所说的『唯识』？",
    "len": 1
  },
  {
    "message": "这些我都不知道是什么意思。只是记住了这些词而已。",
    "len": 2
  },
  {
    "message": "对我来说，最容易理解的表达就是入口模式，所以我才这么想的。",
    "len": 2
  },
  {
    "message": "既然明白了这点，接下来的步骤就简单了。就像玩熟悉的游戏一样操作就行。",
    "len": 2
  },
  {
    "name": "結衣",
    "message": "「啧，你居然能察觉到，对你来说算是不错了」",
    "len": 1
  },
  {
    "message": "——结衣姐？",
    "len": 1
  },
  {
    "name": "結衣",
    "message": "「你创造的世界里，当然也会把结衣我加进去吧？」",
    "len": 2
  },
  {
    "message": "——那是当然的，没有姐姐我可是会很困扰的。",
    "len": 1
  },
  {
    "name": "結衣",
    "message": "「困扰？」",
    "len": 1
  },
  {
    "message": "——我希望有个能够训斥我的人在身边。",
    "len": 1
  },
  {
    "name": "結衣",
    "message": "「哼，你确定要这么说吗？结衣可是不会手下留情的哦？」",
    "len": 2
  },
  {
    "message": "——哈哈哈，请手下留情啊。",
    "len": 1
  },
  {
    "name": "結衣",
    "message": "「话说回来，树……刚才你说了件有趣的事呢？」",
    "len": 2
  },
  {
    "name": "結衣",
    "message": "「在你眼中，结衣的头发是什么颜色的？」",
    "len": 1
  },
  {
    "message": "——像红宝石一样的颜色……吧。",
    "len": 1
  },
  {
    "name": "結衣",
    "message": "「……原来如此，看来你还是能分辨出来的嘛」",
    "len": 1
  },
  {
    "message": "——这算是正确答案吗？",
    "len": 1
  },
  {
    "name": "結衣",
    "message": "「我一直以为在别人眼里，结衣的头发看起来是铁的颜色。但原来不是这样啊……」",
    "len": 2
  },
  {
    "name": "結衣",
    "message": "「总觉得……好开心啊，树……」",
    "len": 1
  },
  {
    "message": "——没事的，意外地挺热情的。",
    "len": 1
  },
  {
    "message": "——就像烧红的铁一样。",
    "len": 1
  },
  {
    "name": "結衣",
    "message": "「怎么感觉不像是在夸我啊」",
    "len": 1
  },
  {
    "message": "——哈哈，抱歉抱歉。",
    "len": 1
  },
  {
    "name": "結衣",
    "message": "「哎呀，在这种地方长谈也不太好。我先走了」",
    "len": 2
  },
  {
    "message": "——那待会儿见，结衣姐。",
    "len": 1
  },
  {
    "name": "結衣",
    "message": "「嗯……」",
    "len": 1
  },
  {
    "message": "那么，下一个是谁呢……？",
    "len": 1
  },
  {
    "message": "话说回来，差不多该找到那个混蛋了吧。",
    "len": 1
  },
  {
    "message": "该怎么办？要不干脆选择那家伙不存在的世界会更清爽些……",
    "len": 2
  },
  {
    "name": "電卓",
    "message": "「啊？谁会更清爽啊？年轻人就别自high过头了吧？」",
    "len": 2
  },
  {
    "message": "——才不会在这种地方干那事呢！",
    "len": 1
  },
  {
    "message": "——话说你这不是说曹操曹操就到吗？",
    "len": 1
  },
  {
    "name": "電卓",
    "message": "「哈！老子来了！实在是看不下去了才来的」",
    "len": 2
  },
  {
    "message": "——吵死了，别管我行不行。",
    "len": 1
  },
  {
    "name": "電卓",
    "message": "「不行，不能不管。你创造世界的方式太烂了」",
    "len": 2
  },
  {
    "message": "——哈？那是什么意思？",
    "len": 1
  },
  {
    "name": "電卓",
    "message": "「听好了？这可是难得从零开始重新创造世界的机会哦？」",
    "len": 2
  },
  {
    "name": "電卓",
    "message": "「首先就让本大爷成为超级巨星，住进带游泳池的超大豪宅……！」",
    "len": 2
  },
  {
    "message": "——在那之前先去黑心企业当个上班族吧你！",
    "len": 1
  },
  {
    "name": "電卓",
    "message": "「啊，喂等等！我话还没说完呢……！」",
    "len": 1
  },
  {
    "message": "——别再搞什么可疑研究和追星了！",
    "len": 1
  },
  {
    "name": "電卓",
    "message": "「喂——，我的人生意义啊…………」",
    "len": 1
  },
  {
    "message": "——哼，这下你总该变成个正经人了吧。",
    "len": 1
  },
  {
    "message": "黄色的团块消失后，仿佛在等待这一刻似的，一团粉色的东西出现了。",
    "len": 2
  },
  {
    "message": "这种包裹着的粉色感觉是……",
    "len": 1
  },
  {
    "name": "ギズモ",
    "message": "「喵～，达树，找到你啦！」",
    "len": 1
  },
  {
    "message": "——哎呀，果然是姬子猫啊！",
    "len": 1
  },
  {
    "name": "ギズモ",
    "message": "「达树，这是哪里啊？什么都没有呢？」",
    "len": 2
  },
  {
    "message": "——你也跑到这种地方来了啊。",
    "len": 1
  },
  {
    "name": "ギズモ",
    "message": "「喵？」",
    "len": 1
  },
  {
    "message": "——那么，你打算怎么办？",
    "len": 1
  },
  {
    "message": "——你想变回猫吗？",
    "len": 1
  },
  {
    "name": "ギズモ",
    "message": "「喵！？」",
    "len": 1
  },
  {
    "message": "——还是想成为人类？",
    "len": 1
  },
  {
    "name": "ギズモ",
    "message": "「喵呜？？」",
    "len": 1
  },
  {
    "message": "——或者说，你觉得保持现在这种模糊的状态就好？",
    "len": 1
  },
  {
    "name": "ギズモ",
    "message": "「嗯嗯～～，喵！」",
    "len": 1
  },
  {
    "message": "——诶？这样就行了吗？",
    "len": 1
  },
  {
    "name": "ギズモ",
    "message": "「现在，最轻松啦！」",
    "len": 1
  },
  {
    "message": "——哈哈哈！那太好了！",
    "len": 1
  },
  {
    "name": "ギズモ",
    "message": "「喵呜～！达树！」",
    "len": 1
  },
  {
    "message": "——待会儿见！我马上就来！",
    "len": 1
  },
  {
    "name": "ギズモ",
    "message": "「喵！」",
    "len": 1
  },
  {
    "message": "好，接下来就是找到琴子，七枷家全员集合了。",
    "len": 1
  },
  {
    "message": "在意义的碎片飘荡的地方——。",
    "len": 1
  },
  {
    "message": "最初诞生的是『光』——。",
    "len": 1
  },
  {
    "message": "为了空间成为空间。为了宇宙成为宇宙。",
    "len": 2
  },
  {
    "message": "设定了所有的基准值『299792458米/秒』。",
    "len": 1
  },
  {
    "message": "领域被无数的光芒充满，创造世界的舞台出现了。",
    "len": 2
  },
  {
    "message": "就这样，所有的事物都变得可以观测，我所输入的『意义』开始创造世界的各个部分。",
    "len": 2
  },
  {
    "message": "因为我将其认知为『地球』，它就成为了地球。",
    "len": 1
  },
  {
    "message": "反之，如果我不去观察，它就只是『0』和『1』的数据集合。",
    "len": 2
  },
  {
    "message": "就像显示器中映出的地球，在机器的眼中只是一堆点的集合。",
    "len": 2
  },
  {
    "message": "如果没有人将其视为『地球』——",
    "len": 1
  },
  {
    "message": "如果没有人赋予其意义，『0』和『1』永远只会是『0』和『1』。",
    "len": 2
  },
  {
    "message": "无人的森林，从我观察的那一刻起才成为了『森林』。",
    "len": 1
  },
  {
    "message": "就这样，『单纯的粒子聚合体』——",
    "len": 1
  },
  {
    "message": "拥有了『世界』这个意义。",
    "len": 1
  },
  {
    "message": "我们从出生起就在这个世界上了吗？还是说，因为出生而获得了世界？",
    "len": 2
  },
  {
    "message": "我是孤身一人吗？还是说，我存在于所有人相互连接的关系中？",
    "len": 2
  },
  {
    "message": "回想起来——",
    "len": 1
  },
  {
    "message": "我从出生起就在这里。",
    "len": 1
  },
  {
    "message": "通过了解眼中所见事物的名称、意义，以及它们之间的联系，我逐渐掌握了这个世界。",
    "len": 2
  },
  {
    "message": "但不知不觉中，我不再观察任何东西了。",
    "len": 1
  },
  {
    "message": "回过神来，我周围的景象就像水族箱里一样扭曲，来往的人们如同影子戏一般单薄。",
    "len": 2
  },
  {
    "message": "我看到的只是『单纯的粒子聚合体』。",
    "len": 1
  },
  {
    "message": "失去意义的世界，已不再是『世界』。",
    "len": 2
  },
  {
    "message": "我怎么也无法理解自己为什么会在这里——。",
    "len": 2
  },
  {
    "message": "一切都毫无意义。",
    "len": 1
  },
  {
    "message": "我照了照镜子，看着自己的脸……",
    "len": 1
  },
  {
    "message": "我紧握拳头，用尽全力捶打墙壁。",
    "len": 1
  },
  {
    "message": "毫无意义。",
    "len": 1
  },
  {
    "message": "那里存在的不是『我』，而是『单纯的粒子聚合体』。",
    "len": 2
  },
  {
    "message": "就在几年前，那些曾是泥土、空气、海水或其他动物的一部分的东西，此刻恰好以『我』的形态聚集在一起。",
    "len": 3
  },
  {
    "message": "而在短短几年后，现在构成『我』的这些粒子，又会重新成为泥土、空气、海水或其他动物的一部分。",
    "len": 2
  },
  {
    "message": "如果没有人赋予某种『意义（蕴含）』，世界永远只会是『0』和『1』的组合。",
    "len": 2
  },
  {
    "message": "我只看到了『0』和『1』。",
    "len": 1
  },
  {
    "message": "一直都只看到这些。",
    "len": 1
  },
  {
    "message": "但是，奇怪的是……",
    "len": 1
  },
  {
    "message": "观察着这一切的我，从一开始就在这里。",
    "len": 1
  },
  {
    "message": "如果是琴子的话，会怎么回答呢……？",
    "len": 1
  },
  {
    "message": "琴子的话，一定会……但是…………",
    "len": 2
  },
  {
    "message": "我能问出口吗？",
    "len": 1
  },
  {
    "message": "总觉得『现在的琴子没问题』……",
    "len": 2
  },
  {
    "message": "那是因为回来的琴子看起来有一种不可动摇的『形态』……",
    "len": 2
  },
  {
    "message": "仿佛被某人的意志引导，带着某种目的出现了一样。",
    "len": 2
  },
  {
    "message": "感觉有人在这个世界之外观察着发生在我周围的奇怪事件……",
    "len": 2
  },
  {
    "message": "仿佛有一股强大的力量在保护着琴子。",
    "len": 1
  },
  {
    "message": "但是，那也已经结束了。",
    "len": 1
  },
  {
    "message": "世界的扭曲已经平息，某人力量的干预也消失了。",
    "len": 1
  },
  {
    "message": "这次你真的会一直陪在我身边吗？",
    "len": 1
  },
  {
    "message": "还是说，终究还是会消失不见？",
    "len": 2
  },
  {
    "message": "至少，如果我把琴子定义为一个虚幻的存在，那她可能就真的会变成那样吧。",
    "len": 2
  },
  {
    "message": "琴子，大概是很坚强的……",
    "len": 1
  },
  {
    "message": "她并不是什么如梦似幻的存在。",
    "len": 1
  },
  {
    "message": "三年前的我，还没能意识到她的这种坚强。",
    "len": 1
  },
  {
    "message": "世界变成这样，在琴子的引导下，听到琴子的『话语』……",
    "len": 2
  },
  {
    "message": "即便是短暂的肌肤之亲，我也看到了她灵魂的形态。",
    "len": 1
  },
  {
    "message": "这才终于意识到。",
    "len": 1
  },
  {
    "message": "所以，现在我可以说，琴子确实就在那里。",
    "len": 2
  },
  {
    "message": "——琴子的『形态』一直在摇晃。",
    "len": 1
  },
  {
    "message": "——从那孩子出生起，就看起来在摇晃。",
    "len": 1
  },
  {
    "message": "——虽然实际上并非如此，但在我们家人眼中却是这样的。",
    "len": 1
  },
  {
    "message": "——这或许也是朝向过去的『扭曲』所带来的现象。",
    "len": 1
  },
  {
    "message": "——我们看到琴子，对琴子来说就是世界被侵蚀。",
    "len": 1
  },
  {
    "message": "——在我们共享的世界中……",
    "len": 1
  },
  {
    "message": "——琴子一直面临着只有自己的世界消失的风险。",
    "len": 1
  },
  {
    "message": "——突发的冲突将琴子的世界分解得支离破碎，变得毫无意义。",
    "len": 1
  },
  {
    "message": "——人无法在毫无意义的环境中生存。",
    "len": 1
  },
  {
    "message": "——所以琴子死了。",
    "len": 1
  },
  {
    "message": "——通过观察自己的死亡，她的呼吸停止了，心脏也停止了跳动。",
    "len": 1
  },
  {
    "message": "但是，现在我可以说了。",
    "len": 1
  },
  {
    "message": "我再也不会看到她摇晃的样子了。",
    "len": 1
  },
  {
    "message": "因为『扭曲』消失了，我终于看到了真正的琴子。",
    "len": 1
  },
  {
    "message": "所以我可以说。",
    "len": 1
  },
  {
    "message": "琴子确实就在那里——这样的话。",
    "len": 1
  },
  {
    "message": "那个坚强又温柔的孩子正在等待着。",
    "len": 1
  },
  {
    "message": "在我的家里。",
    "len": 1
  },
  {
    "message": "在那个被书架环绕的熟悉房间里。",
    "len": 1
  },
  {
    "message": "她在等着我。",
    "len": 1
  },
  {
    "message": "所以让我们回去吧。",
    "len": 1
  },
  {
    "message": "回家吧……",
    "len": 1
  },
  {
    "message": "就这样，伴随着光芒，『世界』诞生了。",
    "len": 1
  },
  {
    "message": "世界中存在着『生命』。",
    "len": 3
  },
  {
    "message": "生命是『人』的光芒。",
    "len": 1
  },
  {
    "name": "樹",
    "message": "「我的……家？」",
    "len": 1
  },
  {
    "message": "我不知道是怎么回来的，也不知道从哪里回来的，但不知不觉间，我已经站在了家门前。",
    "len": 2
  },
  {
    "message": "这是我从小就一直看着的家。",
    "len": 1
  },
  {
    "message": "我带着各种各样的情感看过这个景象。有时是安宁，有时是悲伤，有时又是喜悦。",
    "len": 2
  },
  {
    "message": "曾经我也觉得这里就是我的整个世界。",
    "len": 1
  },
  {
    "message": "所有这些记忆和情感交织在一起，构成了『我的家』就在这里。",
    "len": 2
  },
  {
    "message": "这就是想起自己家时的『那种感觉』。",
    "len": 1
  },
  {
    "message": "虽然无法用言语表达，但我用只能用『语言』才能替代的某种东西，注视着眼前的家。",
    "len": 2
  },
  {
    "message": "客厅里有『妈妈的感觉』。",
    "len": 1
  },
  {
    "message": "地方和物品上会留下某人的感觉，这真是不可思议……",
    "len": 1
  },
  {
    "message": "就像某人珍惜的物品上会留下那个人的感觉一样，我觉得这种事是存在的。",
    "len": 2
  },
  {
    "message": "妈妈总是在厨房里。",
    "len": 1
  },
  {
    "message": "在这个地方吃饭的时候，妈妈总是在那里。",
    "len": 1
  },
  {
    "message": "所以，即使妈妈不再做饭了，我还是能在这里感受到她的存在。",
    "len": 2
  },
  {
    "message": "那种如同温柔的绿色森林般的『妈妈的感觉』……",
    "len": 1
  },
  {
    "message": "二楼这一带有『结衣姐姐的感觉』。",
    "len": 1
  },
  {
    "message": "小时候经常被她欺负呢……她总是把我最喜欢的玩具弄坏。",
    "len": 2
  },
  {
    "message": "然后当我哭的时候，她后来会偷偷地带来很多零食……",
    "len": 2
  },
  {
    "message": "一边生硬地说着「喏！」一边递给我。",
    "len": 1
  },
  {
    "message": "对……就是那个，那种感觉。",
    "len": 1
  },
  {
    "message": "如同清澈的蓝色水晶般的『结衣姐姐的感觉』。",
    "len": 1
  },
  {
    "message": "我一直在看着这样的结衣姐姐。",
    "len": 1
  },
  {
    "message": "『爸爸的感觉』是什么样的呢？",
    "len": 1
  },
  {
    "message": "是个认真的人？还是个可怜的家伙？仅凭记忆，就有各种各样的面孔。",
    "len": 2
  },
  {
    "message": "那似乎随着岁月的流逝而改变了。",
    "len": 1
  },
  {
    "message": "但我想，一定也有一些始终如一、让我觉得那就是爸爸的东西存在着。",
    "len": 2
  },
  {
    "message": "像黄色电子灯光一样的『爸爸的感觉』……",
    "len": 1
  },
  {
    "message": "也许正是因为这个，我从第一次见到那个笨蛋时起，就莫名其妙地接受了他的存在？",
    "len": 2
  },
  {
    "message": "明明是陌生的脸，却没有陌生人的感觉。他就是那样的家伙。",
    "len": 2
  },
  {
    "message": "那也是爸爸所拥有的一面啊。",
    "len": 1
  },
  {
    "message": "姬子猫也是一样的。",
    "len": 1
  },
  {
    "message": "虽然柚说过不可能有这种事，但一个女孩穿着女仆装出现，而且还是只猫……",
    "len": 2
  },
  {
    "message": "不过，我一眼就认出那个女孩是姬子猫。",
    "len": 1
  },
  {
    "message": "因为那个女孩给人的感觉就是『姬子猫的感觉』。",
    "len": 1
  },
  {
    "message": "就像是我想到姬子猫时所感受到的温暖、爱意，以及所有这些叠加在一起形成的粉色茧一般……",
    "len": 2
  },
  {
    "message": "因为她就是那个给人『姬子猫的感觉』的女孩。",
    "len": 1
  },
  {
    "message": "我立刻就接受了穿着女仆装的姬子猫。",
    "len": 1
  },
  {
    "message": "天花板上那奇怪的声音已经听不到了。",
    "len": 1
  },
  {
    "message": "那大概是有人在观察的感觉，在我的意识中变成了那样的认知吧。",
    "len": 2
  },
  {
    "message": "从外部观察这个『世界』的人，马上就要点击浏览器的关闭按钮，停止观看了。",
    "len": 2
  },
  {
    "message": "但是，这个『世界』并不会消失。",
    "len": 1
  },
  {
    "message": "因为我——和我连接在一起的所有人，都会一直、永远地注视着这里。",
    "len": 2
  },
  {
    "message": "其实很简单。",
    "len": 1
  },
  {
    "message": "只要我们互相追求『那种感觉』，就能永远在一起。",
    "len": 2
  },
  {
    "message": "在那里，我们就能创造出『世界』。",
    "len": 1
  },
  {
    "message": "我只需要感受琴子就够了。",
    "len": 1
  },
  {
    "message": "现在我终于明白了。",
    "len": 1
  },
  {
    "message": "在这扇门的另一边，存在着那种感觉。",
    "len": 1
  },
  {
    "message": "就像在无尽宇宙中无数光芒旋转那样的『琴子的感觉』。",
    "len": 2
  },
  {
    "message": "所以，我已经不再感到不安了。",
    "len": 1
  },
  {
    "message": "即使此刻，她不在我的眼前。",
    "len": 1
  },
  {
    "message": "因为我在注视着琴子……",
    "len": 1
  },
  {
    "name": "琴子",
    "message": "「欢迎回来，哥哥」",
    "len": 1
  },
  {
    "name": "樹",
    "message": "「嗯，我刚回来，琴子」",
    "len": 1
  },
  {
    "name": "琴子",
    "message": "「天空真美啊」",
    "len": 1
  },
  {
    "name": "樹",
    "message": "「又在下星星吗？」",
    "len": 1
  },
  {
    "name": "琴子",
    "message": "「唔唔，不是哦」",
    "len": 1
  },
  {
    "name": "樹",
    "message": "「不是？」",
    "len": 1
  },
  {
    "name": "琴子",
    "message": "「那是庆祝的烟花哦」",
    "len": 1
  },
  {
    "name": "樹",
    "message": "「诶？为什么会有烟花？」",
    "len": 1
  },
  {
    "name": "琴子",
    "message": "「呵呵，新年快乐！」",
    "len": 1
  },
  {
    "name": "樹",
    "message": "「啊，原来如此！已经新年了啊！」",
    "len": 1
  },
  {
    "name": "琴子",
    "message": "「新年快乐！今年也请多多关照！」",
    "len": 2
  },
  {
    "name": "樹",
    "message": "「嗯，今年也……不，从今年开始请多多关照，琴子！」",
    "len": 2
  },
  {
    "name": "琴子",
    "message": "「好的，哥哥」",
    "len": 1
  },
  {
    "name": "電卓",
    "message": "「嘿！那就去初诣吧！」",
    "len": 1
  },
  {
    "name": "樹",
    "message": "「啊！？什么啊！？」",
    "len": 1
  },
  {
    "name": "電卓",
    "message": "「喂，树！赶紧走啦！别忘了带香火钱啊？」",
    "len": 2
  },
  {
    "name": "式子",
    "message": "「也去逛逛商场吧～！今天可是24小时大促哦！」",
    "len": 2
  },
  {
    "name": "結衣",
    "message": "「棉花糖，结衣想吃棉花糖！」",
    "len": 1
  },
  {
    "name": "樹",
    "message": "「喂，你们，是打算让我请客所有的吧！？」",
    "len": 1
  },
  {
    "name": "ギズモ",
    "message": "「树树！初诣好吃吗？我要买！」",
    "len": 2
  },
  {
    "name": "樹",
    "message": "「哇！？姬子猫！连你也来蹭我啊！」",
    "len": 2
  },
  {
    "name": "琴子",
    "message": "「呵呵，哥哥，你很受欢迎呢？」",
    "len": 1
  },
  {
    "name": "式子",
    "message": "「树君，我们去购物吧？」",
    "len": 1
  },
  {
    "name": "結衣",
    "message": "「棉花糖！」",
    "len": 1
  },
  {
    "name": "ギズモ",
    "message": "「要吃初诣！」",
    "len": 1
  },
  {
    "name": "樹",
    "message": "「哎呀够了，知道了知道了！我全都请客，跟我来吧！」",
    "len": 2
  },
  {
    "name": "ギズモ",
    "message": "「耶！」",
    "len": 1
  },
  {
    "name": "式子",
    "message": "「树君，真大方！」",
    "len": 1
  },
  {
    "name": "結衣",
    "message": "「嗯！不愧是结衣的弟弟！」",
    "len": 1
  },
  {
    "name": "樹",
    "message": "「唉……我是不是选错了世界啊」",
    "len": 2
  },
  {
    "name": "電卓",
    "message": "「怎么样？现在多少能理解我的辛苦了吧？」",
    "len": 1
  },
  {
    "name": "樹",
    "message": "「你丫哪里辛苦了啊！？」",
    "len": 1
  },
  {
    "name": "琴子",
    "message": "「好啦好啦，哥哥，别说这些了……」",
    "len": 1
  },
  {
    "name": "樹",
    "message": "「琴子啊……你可别被这帮家伙影响了啊？」",
    "len": 2
  },
  {
    "name": "琴子",
    "message": "「知道啦知道啦，那我们和和气气地出门吧？」",
    "len": 1
  },
  {
    "name": "琴子",
    "message": "「全家一起，好不好？」",
    "len": 1
  },
  {
    "message": "这样如何？",
    "len": 1
  },
  {
    "message": "这个新年过得还算不错吧？",
    "len": 1
  },
  {
    "message": "虽然我觉得可能还有其他的结局，但现在的我能创造出来的就是这样了。",
    "len": 2
  },
  {
    "message": "不知道站在世界外面一直观察着我的那个人会怎么想呢……？",
    "len": 2
  },
  {
    "name": "琴子",
    "message": "「「世界」是重叠的」",
    "len": 1
  },
  {
    "message": "我想起了琴子那句话。",
    "len": 1
  },
  {
    "message": "现在的我终于明白了它的含义。",
    "len": 1
  },
  {
    "message": "我们既是一体的，又不是单一的……",
    "len": 1
  },
  {
    "message": "无数个我们重叠在一起，相互影响着。",
    "len": 1
  },
  {
    "message": "就像水面上产生的波纹，一层层叠加在一起。",
    "len": 1
  },
  {
    "name": "琴子",
    "message": "「我的世界和哥哥的世界一定也是……」",
    "len": 1
  },
  {
    "message": "爸爸、妈妈、姐姐、姬子猫……",
    "len": 1
  },
  {
    "message": "柚、蜜柑桑，还有邻居那个吵闹的大妈。",
    "len": 1
  },
  {
    "message": "有无数个我们存在着，也有无数个我们所观察的世界。",
    "len": 2
  },
  {
    "message": "这只是恰好顺利的一个新年，肯定也有完全失败的新年吧。",
    "len": 2
  },
  {
    "message": "在永恒的黄昏世界里，也有独自一人迎接新年的我吧。",
    "len": 2
  },
  {
    "message": "但是只要我们希望去观察，随时都能得到想要的世界。",
    "len": 2
  },
  {
    "message": "只有人类才能赋予『单纯的粒子集合』或『0和1的组合』以意义。",
    "len": 4
  },
  {
    "message": "那时，无意义的数据才首次被利用，成为语言并创造世界——",
    "len": 4
  },
  {
    "message": "就像现在，眼前所见的画面不仅仅是点的集合，而是某处存在的『世界』一样——",
    "len": 2
  },
  {
    "message": "我们能够找到。",
    "len": 1
  },
  {
    "message": "因为它已经就在眼前了。",
    "len": 1
  },
  {
    "message": "我们通过互相追求『那种感觉』，就能一直在一起。",
    "len": 2
  },
  {
    "message": "我们可以在任何地方创造世界。",
    "len": 1
  },
  {
    "message": "因为与我相连的大家，会一直、永远地注视着。",
    "len": 2
  },
  {
    "message": "世界外的某个人，很快就要关上窗户，停止观看了。",
    "len": 3
  },
  {
    "message": "但是，这个『世界』并不会消失。",
    "len": 1
  },
  {
    "message": "只要有人想要观看，它就会一直存在于那里。",
    "len": 1
  },
  {
    "message": "就像琴子迎接了我一样，我也要迎接那个人。",
    "len": 2
  },
  {
    "message": "ＷＥＬＣＯＭＥ　ＴＯ　ＴＨＥ　ＷＯＲＬＤ",
    "len": 1
  },
  {
    "message": "欢迎来到这个世界——",
    "len": 1
  },
  {
    "message": "我把读完的日记放回了书架。",
    "len": 1
  },
  {
    "message": "从半夜开始读，直到朝阳升起都沉浸其中。",
    "len": 2
  },
  {
    "message": "这是一个漫长而复杂的故事，仿佛层层叠叠地交织在一起。",
    "len": 1
  },
  {
    "message": "没错——这是一个故事。虽然写法像日记，但这并不是日记。",
    "len": 2
  },
  {
    "message": "因为，那些日期记录的是将要发生的三周内……未来的事件。",
    "len": 2
  },
  {
    "message": "而且，这本书是在三年前就已经写好的。",
    "len": 1
  },
  {
    "message": "从那时起，它就一直静静地躺在这个封闭房间的书架上，从未被人翻阅过。",
    "len": 2
  },
  {
    "message": "耀眼的晨光照亮了房间，我看到了这个熟悉的房间的样子。",
    "len": 2
  },
  {
    "message": "——是不是变得有点灰尘了？",
    "len": 1
  },
  {
    "message": "仔细一想，空气中似乎还飘荡着一丝霉味。",
    "len": 1
  },
  {
    "message": "这就是所谓的时光流逝啊。",
    "len": 1
  },
  {
    "message": "现实感渐渐回归。",
    "len": 1
  },
  {
    "message": "昨晚，时隔三年，流星群再次造访。",
    "len": 1
  },
  {
    "message": "看着那些宛如烟花般的流星，我不知不觉地走进了这个房间。",
    "len": 2
  },
  {
    "message": "首先映入眼帘的就是这本日记。",
    "len": 1
  },
  {
    "message": "从那时起，我一直在各种不同的世界中徘徊。",
    "len": 1
  },
  {
    "message": "我反复经历了即将发生的三周，目睹了所有可能性的世界。",
    "len": 2
  },
  {
    "message": "所以我现在明白了。我在这里的原因……",
    "len": 2
  },
  {
    "message": "读完这个故事后，我所处的这里是最后剩下的可能性……",
    "len": 2
  },
  {
    "message": "这是『琴子没有回来的世界』。",
    "len": 1
  },
  {
    "message": "一个什么都没发生，什么都没改变，什么都没开始的世界。",
    "len": 2
  },
  {
    "message": "现实感渐渐回归。",
    "len": 1
  },
  {
    "message": "琴子不在这里。",
    "len": 1
  },
  {
    "message": "只有我在这里，看着琴子不在的房间。",
    "len": 1
  },
  {
    "message": "这个房间自3年前就被关闭，保持着原样。",
    "len": 1
  },
  {
    "message": "明明知道她再也不会回来了，却一直保持着这个房间的原样。",
    "len": 2
  },
  {
    "message": "什么都没有丢弃，什么都没有整理……",
    "len": 1
  },
  {
    "message": "究竟打算让这种状态持续到什么时候呢。",
    "len": 1
  },
  {
    "message": "琴子的身体早已被火化成灰，散落在这个世界的某处……",
    "len": 2
  },
  {
    "name": "琴子",
    "message": "「素材是什么都无所谓的，哥哥」",
    "len": 1
  },
  {
    "name": "琴子",
    "message": "「粒子可以从任何地方聚集，暂时形成这个身体，然后又散布到某处」",
    "len": 2
  },
  {
    "name": "琴子",
    "message": "「人就是这样每隔几个月重复这个过程，继续存在着」",
    "len": 1
  },
  {
    "name": "琴子",
    "message": "「我也好，哥哥也好，所有人都不是一年前的那些粒子」",
    "len": 1
  },
  {
    "name": "琴子",
    "message": "「这个身体一直在更换。我这个'形态'只是暂时的」",
    "len": 2
  },
  {
    "message": "但是，如果是这样的话……",
    "len": 1
  },
  {
    "message": "是什么在不断重现这个'形态'？",
    "len": 1
  },
  {
    "message": "那个系统到底去哪里了？",
    "len": 1
  },
  {
    "message": "是谁创造的？",
    "len": 1
  },
  {
    "message": "为什么要创造？",
    "len": 1
  },
  {
    "message": "从哪里来，又去了哪里？",
    "len": 1
  },
  {
    "message": "'琴子'到底去了哪里——！？",
    "len": 1
  },
  {
    "name": "樹",
    "message": "「琴子——！？」",
    "len": 1
  },
  {
    "message": "琴子温柔地微笑着。",
    "len": 1
  },
  {
    "message": "她半坐在床上，双手抱着一本看起来很重的书。",
    "len": 1
  },
  {
    "message": "大概，这是我最常见到的琴子的模样——。",
    "len": 1
  },
  {
    "name": "樹",
    "message": "「琴子……？」",
    "len": 1
  },
  {
    "name": "琴子",
    "message": "「………………」",
    "len": 1
  },
  {
    "message": "琴子默默地微笑着。",
    "len": 1
  },
  {
    "name": "樹",
    "message": "「琴子，是我啊……你认得我的吧？」",
    "len": 1
  },
  {
    "name": "琴子",
    "message": "「………………」",
    "len": 1
  },
  {
    "name": "樹",
    "message": "「说点什么吧……」",
    "len": 1
  },
  {
    "message": "琴子凝视着我。",
    "len": 1
  },
  {
    "name": "琴子",
    "message": "「………………」",
    "len": 1
  },
  {
    "name": "樹",
    "message": "「喂，是哥哥啊？琴子……」",
    "len": 1
  },
  {
    "name": "琴子",
    "message": "「………………」",
    "len": 1
  },
  {
    "message": "她只是默默地，温柔地注视着我。",
    "len": 1
  },
  {
    "name": "樹",
    "message": "「琴…………」",
    "len": 1
  },
  {
    "name": "樹",
    "message": "「……………………」",
    "len": 1
  },
  {
    "message": "回过神来，琴子已经不见了。",
    "len": 1
  },
  {
    "message": "只剩下我一个人在看着琴子不在的房间。",
    "len": 1
  },
  {
    "name": "樹",
    "message": "「这到底是怎么回事呢？」",
    "len": 1
  },
  {
    "name": "樹",
    "message": "「为什么人类会看到已经死去的人或失去的东西的样子呢？」",
    "len": 2
  },
  {
    "name": "樹",
    "message": "「就像真的在那里一样」",
    "len": 1
  },
  {
    "name": "琴子",
    "message": "「这就是刚才哥哥说的系统」",
    "len": 1
  },
  {
    "name": "琴子",
    "message": "「是一直在重现形态的东西」",
    "len": 1
  },
  {
    "name": "琴子",
    "message": "「就像冰晶总是六角形一样，我也总是我自己」",
    "len": 2
  },
  {
    "name": "琴子",
    "message": "「哥哥拥有我这个「形态」本身作为一种感觉」",
    "len": 2
  },
  {
    "name": "琴子",
    "message": "「所以当看到我的床时，同时接收到了视觉和「我的形态」的感觉」",
    "len": 2
  },
  {
    "name": "琴子",
    "message": "「如果只有视觉信息的话，那只是一张普通的床，但因为加上了我存在于那里的感觉信息……」",
    "len": 2
  },
  {
    "name": "琴子",
    "message": "「为了解决这种矛盾，大脑创造出了「我坐在床上」的视觉信息」",
    "len": 2
  },
  {
    "name": "樹",
    "message": "「原来如此，这就是所谓幽灵的真相啊」",
    "len": 1
  },
  {
    "name": "琴子",
    "message": "「虽然这是感觉与感觉重叠产生的世界……」",
    "len": 1
  },
  {
    "name": "琴子",
    "message": "「现在，和哥哥所看到的世界没有任何区别」",
    "len": 1
  },
  {
    "name": "樹",
    "message": "「找不到区别……这就是正确答案吧？」",
    "len": 1
  },
  {
    "name": "琴子",
    "message": "「呵呵，没错，哥哥」",
    "len": 1
  },
  {
    "name": "樹",
    "message": "「喂，为什么会分成不同的感觉呢？视觉、听觉、触觉、嗅觉，还有感知某些事物的感觉……」",
    "len": 2
  },
  {
    "name": "樹",
    "message": "「既然都是大脑在接收，为什么我们会把它们当成一个个独立的东西来感知呢？」",
    "len": 2
  },
  {
    "name": "琴子",
    "message": "「刚出生的人类，是同时接收所有感觉的，它们是重叠在一起的」",
    "len": 2
  },
  {
    "name": "琴子",
    "message": "「宝宝看到的世界，是颜色变成声音，形状变成味道的世界」",
    "len": 2
  },
  {
    "name": "琴子",
    "message": "「但是，为了共享唯一的人类社会这个世界」",
    "len": 2
  },
  {
    "name": "琴子",
    "message": "「大脑会进行格式化，将感觉区域化，然后安装语言这个操作系统」",
    "len": 2
  },
  {
    "name": "琴子",
    "message": "「失去了许多世界，被压缩进唯一的「现实」之中」",
    "len": 2
  },
  {
    "name": "樹",
    "message": "「就因为一点点小事，一切都变得模糊不清，这就是那个不靠谱的现实吗」",
    "len": 2
  },
  {
    "name": "琴子",
    "message": "「但是，每个人都还记得……婴儿时期所看到的东西」",
    "len": 2
  },
  {
    "name": "琴子",
    "message": "「无数感觉相互交织，一切都可以自由创造的世界」",
    "len": 2
  },
  {
    "name": "樹",
    "message": "「我能见到不只是「形态」的琴子吗？」",
    "len": 1
  },
  {
    "name": "琴子",
    "message": "「当然可以见到，就像我们现在这样交谈一样」",
    "len": 1
  },
  {
    "name": "樹",
    "message": "「但是，这不是记忆吗？这是刻在琴子那本书里的我的记忆啊」",
    "len": 2
  },
  {
    "name": "琴子",
    "message": "「我也是哥哥的记忆」",
    "len": 1
  },
  {
    "name": "琴子",
    "message": "「我们都是记忆区域」",
    "len": 3
  },
  {
    "name": "琴子",
    "message": "「并没有在对话」",
    "len": 1
  },
  {
    "name": "琴子",
    "message": "「我们早就已经进入其中了，不是吗？」",
    "len": 1
  },
  {
    "name": "琴子",
    "message": "「——我马上就要消失了」",
    "len": 1
  },
  {
    "name": "琴子",
    "message": "「——在没人注意到的时候，从这个世界上消失」",
    "len": 1
  },
  {
    "name": "琴子",
    "message": "「——但是这样也好」",
    "len": 1
  },
  {
    "name": "琴子",
    "message": "「——因为我读了很多书，看到了许多东西」",
    "len": 1
  },
  {
    "name": "琴子",
    "message": "「——爸爸、妈妈、姐姐……」",
    "len": 1
  },
  {
    "name": "琴子",
    "message": "「——还有一直陪在我身边的哥哥」",
    "len": 1
  },
  {
    "name": "琴子",
    "message": "「——大家都对我很温柔」",
    "len": 1
  },
  {
    "name": "琴子",
    "message": "「——已经足够了」",
    "len": 1
  },
  {
    "name": "琴子",
    "message": "「——大家总是想尽办法」",
    "len": 1
  },
  {
    "name": "琴子",
    "message": "「——让我能在这里多待一会儿」",
    "len": 1
  },
  {
    "name": "琴子",
    "message": "「——但是，这样做有点沉重」",
    "len": 1
  },
  {
    "name": "琴子",
    "message": "「——我并不是那么好的孩子哦？」",
    "len": 1
  },
  {
    "name": "琴子",
    "message": "「——如果我健康的话，肯定会变成一个超级调皮的孩子哦？」",
    "len": 1
  },
  {
    "name": "琴子",
    "message": "「——因为现在，我还这样依赖着哥哥」",
    "len": 1
  },
  {
    "name": "琴子",
    "message": "「——为了能留在哥哥的心里」",
    "len": 1
  },
  {
    "name": "琴子",
    "message": "「——即使我的身体消失了，也能随时见到哥哥」",
    "len": 1
  },
  {
    "name": "琴子",
    "message": "「——如果我能在每个人心里都留下一点点」",
    "len": 1
  },
  {
    "name": "琴子",
    "message": "「——我一定能回来的」",
    "len": 1
  },
  {
    "name": "琴子",
    "message": "「——在大家想见我的时候」",
    "len": 1
  },
  {
    "name": "琴子",
    "message": "「——在我想见大家的时候」",
    "len": 1
  },
  {
    "name": "琴子",
    "message": "「——如果我的愿望能够实现的话」",
    "len": 1
  },
  {
    "name": "琴子",
    "message": "「——再一次，和大家一起……」",
    "len": 1
  },
  {
    "message": "原来如此，所以琴子的『形态』才会……",
    "len": 1
  },
  {
    "message": "以三年前的样子，回到我面前来吗。",
    "len": 1
  },
  {
    "message": "结衣姐姐也是……父亲和母亲则是以照片中的样子……",
    "len": 2
  },
  {
    "name": "琴子",
    "message": "「我们随时都能呼唤彼此」",
    "len": 1
  },
  {
    "name": "樹",
    "message": "「啊，我当然也能呼唤琴子啊！」",
    "len": 1
  },
  {
    "name": "琴子",
    "message": "「随时都能感受到对方，对吧？」",
    "len": 1
  },
  {
    "name": "樹",
    "message": "「没错」",
    "len": 1
  },
  {
    "name": "琴子",
    "message": "「嗯，就是这样呢！」",
    "len": 1
  },
  {
    "name": "樹",
    "message": "「好，等我们真正见面的时候，我一定会摸摸你的头哦？」",
    "len": 1
  },
  {
    "name": "琴子",
    "message": "「诶嘿嘿嘿～」",
    "len": 1
  },
  {
    "message": "世界的『扭曲』……吗。",
    "len": 1
  },
  {
    "message": "我们从一开始就拥有了。",
    "len": 1
  },
  {
    "message": "能与万物感应的大脑。",
    "len": 2
  },
  {
    "name": "ギズモ",
    "message": "「哈！就是这么回事啦！」",
    "len": 1
  },
  {
    "name": "樹",
    "message": "「哦，姬子猫！这么快就变成人了啊！」",
    "len": 1
  },
  {
    "name": "ギズモ",
    "message": "「树树！这次可要一直跟着我哦～」",
    "len": 1
  },
  {
    "message": "姬子猫跳到了我的手臂上撒娇。",
    "len": 1
  },
  {
    "name": "樹",
    "message": "「哇哈哈！知道啦知道啦！那我们这就出发吧！」",
    "len": 2
  },
  {
    "name": "ギズモ",
    "message": "「哇！要出发啦～」",
    "len": 1
  },
  {
    "name": "ギズモ",
    "message": "「……诶，我们要去哪儿啊？」",
    "len": 1
  },
  {
    "name": "樹",
    "message": "「那当然是」",
    "len": 1
  },
  {
    "message": "去我们的『家人』那里——！",
    "len": 1
  }
]