[
  {
    "message": "【12月31日】",
    "len": 1
  },
  {
    "message": "【同步加速器大楼，实验准备室内】",
    "len": 1
  },
  {
    "message": "昨晚似乎发生了一件小小的奇事。",
    "len": 1
  },
  {
    "message": "一个外部人员混进了研究设施。据说是电视台的摄影师。",
    "len": 2
  },
  {
    "message": "那个男人突然从空无一物的空间中出现，与工作人员交谈了一会儿，然后又消失了。",
    "len": 2
  },
  {
    "message": "非常有趣。最重要的是，这是个好兆头。",
    "len": 2
  },
  {
    "message": "这证实了我的实验成功了，在时空中造成了『偏移』。",
    "len": 2
  },
  {
    "message": "如果出现奇点，被三台电磁场共振装置包围的空间的退相干时间，按客观时间计算约为20天左右。",
    "len": 2
  },
  {
    "message": "但根据那个消失的男人的证词，他认为现在是1999年。",
    "len": 2
  },
  {
    "message": "现在的量子状态竟然影响到了11年前的过去，真是令人惊讶。",
    "len": 1
  },
  {
    "message": "这很可能是因为能量耗散过程对时空具有某种向量性所导致的吧？",
    "len": 2
  },
  {
    "message": "虽然原因不明，但那个方向是指向过去的。",
    "len": 1
  },
  {
    "message": "世界的『扭曲』首先会出现在过去的时间里，这样理解应该没错。",
    "len": 1
  },
  {
    "message": "这个事实刺激了我遥远的记忆……",
    "len": 1
  },
  {
    "message": "曾经与哈雷彗星一同观察到的未来景象——那也是『扭曲』导致的现象吗？",
    "len": 2
  },
  {
    "message": "还是说，存在着我们无法预料的其他因素……？",
    "len": 1
  },
  {
    "message": "我抬头仰望星空。",
    "len": 1
  },
  {
    "message": "夜晚依旧没有结束。",
    "len": 1
  },
  {
    "message": "从那时起已经过了多长时间了呢？",
    "len": 1
  },
  {
    "message": "我没带表。",
    "len": 1
  },
  {
    "message": "房间里没有，手机上也没有。",
    "len": 1
  },
  {
    "message": "因为不想看时间……",
    "len": 1
  },
  {
    "message": "因为不想看这个世界……",
    "len": 1
  },
  {
    "message": "我只是在这里，眺望着与我无关的景色。",
    "len": 2
  },
  {
    "message": "什么都不想要。",
    "len": 1
  },
  {
    "message": "就在短短20天前还是如此。",
    "len": 1
  },
  {
    "message": "但现在不同了。",
    "len": 1
  },
  {
    "message": "我想看。",
    "len": 1
  },
  {
    "message": "我想得到。",
    "len": 1
  },
  {
    "message": "我再也不想失去任何东西了。",
    "len": 1
  },
  {
    "message": "所以……请叫我吧。",
    "len": 1
  },
  {
    "message": "请不要把我丢在这种地方。",
    "len": 1
  },
  {
    "message": "你们是从哪里来的？",
    "len": 1
  },
  {
    "message": "又去了哪里？",
    "len": 1
  },
  {
    "message": "带我一起走吧……",
    "len": 1
  },
  {
    "message": "我也想和你们在一起。",
    "len": 1
  },
  {
    "message": "我不也是家人吗？",
    "len": 1
  },
  {
    "message": "叫我啊，叫我……",
    "len": 1
  },
  {
    "message": "琴子……",
    "len": 1
  },
  {
    "message": "【１２月３１日】",
    "len": 1
  },
  {
    "message": "【在中央控制楼的控制室内】",
    "len": 1
  },
  {
    "message": "最后的会议已经结束了。",
    "len": 1
  },
  {
    "message": "所有组件都已经处于运行准备状态。接下来只需按照程序开始实验就行了。",
    "len": 2
  },
  {
    "message": "复杂的过程全都已经自动化了，我要做的只是批准程序发出的加速请求而已。",
    "len": 2
  },
  {
    "message": "主显示屏上出现了一个光点，表示入射联锁模式已经设置完毕。",
    "len": 2
  },
  {
    "message": "这一刻终于来临了。",
    "len": 1
  },
  {
    "message": "程序进入了下一个过程。",
    "len": 1
  },
  {
    "message": "夜还没有破晓……",
    "len": 1
  },
  {
    "message": "这个夜晚还要持续到什么时候呢？",
    "len": 1
  },
  {
    "message": "我还要注视这片黑暗到什么时候呢？",
    "len": 1
  },
  {
    "message": "【12月31日】",
    "len": 1
  },
  {
    "message": "【在中央控制楼的控制室内】",
    "len": 1
  },
  {
    "message": "主触发开关已经关闭。质子束的射出已经完成。",
    "len": 2
  },
  {
    "message": "紧接着，程序请求加速许可。",
    "len": 1
  },
  {
    "message": "我给予了它绿灯。",
    "len": 1
  },
  {
    "message": "朝着储存环，集中的巨大电力发出的轰鸣声，以低频的形式在腹部回响。",
    "len": 2
  },
  {
    "message": "距离用户运行开始，还有短短几分钟。",
    "len": 1
  },
  {
    "name": "樹",
    "message": "「……光？」",
    "len": 1
  },
  {
    "name": "樹",
    "message": "「那是……流星吗？」",
    "len": 1
  },
  {
    "name": "樹",
    "message": "「不，不对……」",
    "len": 1
  },
  {
    "name": "樹",
    "message": "「那是…………」",
    "len": 1
  },
  {
    "message": "【12月31日】",
    "len": 1
  },
  {
    "message": "【在中央控制楼的控制室内】",
    "len": 1
  },
  {
    "message": "束流尺寸调整完成……所有程序都顺利执行了。",
    "len": 2
  },
  {
    "message": "那么，让我们开始吧。",
    "len": 1
  },
  {
    "message": "就像一时兴起那样，哼着小曲来创造吧。",
    "len": 1
  },
  {
    "message": "就像神话和圣经中的神那样……",
    "len": 1
  },
  {
    "message": "来创造我的『世界』吧。",
    "len": 1
  },
  {
    "message": "我朝着控制室里排列的工作人员，静静地说出了这个『词』。",
    "len": 2
  },
  {
    "message": "「加速器，开始用户运行」",
    "len": 1
  },
  {
    "name": "樹",
    "message": "「那光不是星星……」",
    "len": 1
  },
  {
    "name": "樹",
    "message": "「……裂缝？」",
    "len": 1
  },
  {
    "name": "樹",
    "message": "「天空中……出现了裂痕……？」",
    "len": 1
  },
  {
    "name": "樹",
    "message": "「哇啊啊啊啊啊啊——！！！」",
    "len": 1
  },
  {
    "name": "琴子",
    "message": "「……！？」",
    "len": 1
  },
  {
    "name": "琴子",
    "message": "「刚才……，哥哥他……」",
    "len": 1
  },
  {
    "name": "？？？",
    "message": "「你注意到了吗，琴子？」",
    "len": 1
  },
  {
    "name": "琴子",
    "message": "「是的……」",
    "len": 1
  },
  {
    "name": "？？？",
    "message": "「时间已经所剩无几了。真是的，直到最后还要让人操心」",
    "len": 2
  },
  {
    "name": "？？？",
    "message": "「多亏如此，虽然我已经跟琴子道过别了，却又不得不重新出现……」",
    "len": 2
  },
  {
    "name": "琴子",
    "message": "「我很高兴啊？」",
    "len": 1
  },
  {
    "name": "？？？",
    "message": "「哈哈，不过这真的是最后一次了哦？」",
    "len": 1
  },
  {
    "name": "琴子",
    "message": "「嗯，我很清楚」",
    "len": 1
  },
  {
    "name": "？？？",
    "message": "「那么，去吧。现在树也和我们处于同样的状态」",
    "len": 2
  },
  {
    "name": "？？？",
    "message": "「他应该能看到琴子的「言语」了」",
    "len": 1
  },
  {
    "name": "琴子",
    "message": "「关于这点我倒不担心。但是……」",
    "len": 2
  },
  {
    "name": "？？？",
    "message": "「怎么了？」",
    "len": 1
  },
  {
    "name": "琴子",
    "message": "「那个世界的父亲，会变成什么样呢？」",
    "len": 1
  },
  {
    "name": "？？？",
    "message": "「那个「我」确实获得了世界。但同时也失去了它」",
    "len": 2
  },
  {
    "name": "？？？",
    "message": "「更多的我就不知道了……即便是我，也无法得知那些坠入史瓦西半径内的人的情况」",
    "len": 2
  },
  {
    "name": "琴子",
    "message": "「果然，还是变成那样了吗……」",
    "len": 1
  },
  {
    "name": "？？？",
    "message": "「连那种不成器的「我」都能让你如此关心，琴子真是个温柔的孩子啊」",
    "len": 2
  },
  {
    "name": "琴子",
    "message": "「不，没有那回事……」",
    "len": 1
  },
  {
    "name": "？？？",
    "message": "「那个「我」的失败，在于试图决定论地创造世界」",
    "len": 2
  },
  {
    "name": "？？？",
    "message": "「「意识」是无法通过那种方式诞生的……事实上，我就是从复杂性中涌现而生的存在」",
    "len": 2
  },
  {
    "name": "？？？",
    "message": "「是重叠的可能性之一」",
    "len": 1
  },
  {
    "name": "琴子",
    "message": "「是父亲成为神的可能性吧」",
    "len": 1
  },
  {
    "name": "？？？",
    "message": "「别这样，我可不想被那种老掉牙的称呼叫。那跟那个有bug的家伙没什么两样！」",
    "len": 2
  },
  {
    "name": "琴子",
    "message": "「呵呵！对不起！」",
    "len": 1
  },
  {
    "name": "？？？",
    "message": "「那么，作为世界外的观察者，我就为那个笨儿子准备一个「背景」作为礼物吧」",
    "len": 2
  },
  {
    "name": "？？？",
    "message": "「我添加了一个怀念的地方。你跟他一起去吧」",
    "len": 2
  },
  {
    "name": "琴子",
    "message": "「非常感谢，我不会忘记您的恩情」",
    "len": 1
  },
  {
    "name": "？？？",
    "message": "「哎，这都是为了我可爱的小女儿」",
    "len": 1
  },
  {
    "name": "琴子",
    "message": "「我这就去接哥哥」",
    "len": 1
  },
  {
    "name": "？？？",
    "message": "「这次一定要好好抓住他，知道吗？」",
    "len": 1
  },
  {
    "name": "琴子",
    "message": "「嗯！」",
    "len": 1
  },
  {
    "message": "那里是过去的我所向往的世界。",
    "len": 1
  },
  {
    "message": "没有时间，也没有空间。只有『意义』在飘荡。",
    "len": 2
  },
  {
    "message": "就是这样的一个世界。",
    "len": 1
  },
  {
    "message": "如果我不想看到任何东西，那里就会变成虚无。",
    "len": 1
  },
  {
    "message": "没有任何杂音传入耳中。",
    "len": 1
  },
  {
    "message": "连光都消失了。",
    "len": 1
  },
  {
    "message": "我想，就是这样了吧。",
    "len": 1
  },
  {
    "message": "我想，这就是我一直渴望的东西吗。",
    "len": 1
  },
  {
    "message": "所以，我决定去观察。",
    "len": 1
  },
  {
    "message": "那些飘荡着的『意义』。",
    "len": 1
  },
  {
    "message": "那些被认知为『言语』的东西。",
    "len": 1
  },
  {
    "message": "一旦这么想，那里就变成了『言语』的海洋。",
    "len": 1
  },
  {
    "message": "『言语』充满了整个世界。",
    "len": 1
  },
  {
    "message": "我记忆中的，无数『言语』。",
    "len": 1
  },
  {
    "message": "当然，其中也有琴子的『言语』。",
    "len": 1
  },
  {
    "message": "也有妈妈的『言语』。",
    "len": 1
  },
  {
    "message": "也有爸爸的『言语』。",
    "len": 1
  },
  {
    "message": "也有结衣姐姐的『言语』。",
    "len": 1
  },
  {
    "message": "也有姬子猫的『言语』。",
    "len": 1
  },
  {
    "message": "也有柚的『言语』。也有蜜柑桑的『言语』。",
    "len": 2
  },
  {
    "message": "还有上学时朋友们的『言语』。还有邻居养吵闹狗的大婶的『言语』。",
    "len": 2
  },
  {
    "message": "甚至还有不知是谁的神秘『言语』。",
    "len": 1
  },
  {
    "name": "琴子",
    "message": "「哥哥……」",
    "len": 1
  },
  {
    "message": "我在『言语』的海洋中——。",
    "len": 1
  },
  {
    "name": "琴子",
    "message": "「看着我……」",
    "len": 1
  },
  {
    "message": "我不断坠落——。",
    "len": 1
  },
  {
    "name": "琴子",
    "message": "「哥哥！看着我！」",
    "len": 1
  },
  {
    "message": "——琴子！？",
    "len": 1
  },
  {
    "name": "樹",
    "message": "「你在那里吗！？琴子！」",
    "len": 1
  },
  {
    "name": "琴子",
    "message": "「这边啦！我在这里哦！」",
    "len": 1
  },
  {
    "name": "樹",
    "message": "「琴子！是那里吗？你在那里吗！？」",
    "len": 1
  },
  {
    "name": "樹",
    "message": "「琴子———！！！」",
    "len": 1
  },
  {
    "name": "樹",
    "message": "「咦？这里是……」",
    "len": 1
  },
  {
    "name": "琴子",
    "message": "「嗯，草地」",
    "len": 1
  },
  {
    "name": "樹",
    "message": "「是琴子……在叫我吧？」",
    "len": 1
  },
  {
    "name": "琴子",
    "message": "「哥哥太慢了，所以我就去接你啦」",
    "len": 2
  },
  {
    "name": "樹",
    "message": "「对不起，我迷路太久了」",
    "len": 1
  },
  {
    "name": "琴子",
    "message": "「你在迷茫什么呢？」",
    "len": 1
  },
  {
    "name": "樹",
    "message": "「一些无聊的事。这个世界是真实的还是虚假的……」",
    "len": 2
  },
  {
    "name": "樹",
    "message": "「或者说，是在某处分裂成两个世界的其中之一……之类的」",
    "len": 2
  },
  {
    "name": "樹",
    "message": "「最后，得不出答案，我决定什么都不看」",
    "len": 1
  },
  {
    "name": "樹",
    "message": "「那段时间，太长了……」",
    "len": 1
  },
  {
    "name": "琴子",
    "message": "「如果我一直在哥哥身边的话，就不会让你那么痛苦了……」",
    "len": 3
  },
  {
    "name": "琴子",
    "message": "「对不起，我死掉了」",
    "len": 1
  },
  {
    "name": "樹",
    "message": "「什、什么啊！我才是一直想向琴子道歉的人……！」",
    "len": 2
  },
  {
    "name": "琴子",
    "message": "「好啦！这样就够了！」",
    "len": 1
  },
  {
    "name": "樹",
    "message": "「啊？」",
    "len": 1
  },
  {
    "name": "琴子",
    "message": "「虽然时间很短，但我从哥哥那里得到了很多温柔的话语」",
    "len": 2
  },
  {
    "name": "琴子",
    "message": "「多得都要找零了！」",
    "len": 1
  },
  {
    "name": "樹",
    "message": "「是、是这样吗……我感觉自己什么都没能为你做」",
    "len": 2
  },
  {
    "name": "琴子",
    "message": "「不，才不是呢」",
    "len": 1
  },
  {
    "name": "樹",
    "message": "「我连约定都没有实现」",
    "len": 1
  },
  {
    "name": "琴子",
    "message": "「约定？」",
    "len": 1
  },
  {
    "name": "樹",
    "message": "「虽然我们来到了这个地方……但「星星大量坠落」的约定还没实现吧？」",
    "len": 2
  },
  {
    "name": "琴子",
    "message": "「没问题的！那么，看！」",
    "len": 1
  },
  {
    "name": "樹",
    "message": "「哇！？太厉害了……」",
    "len": 1
  },
  {
    "name": "琴子",
    "message": "「好美啊……真的像烟花一样……」",
    "len": 1
  },
  {
    "name": "琴子",
    "message": "「爸爸，谢谢你」",
    "len": 1
  },
  {
    "name": "樹",
    "message": "「诶，什么？」",
    "len": 1
  },
  {
    "name": "琴子",
    "message": "「呵呵！没什么啦！」",
    "len": 2
  },
  {
    "name": "樹",
    "message": "「哦！你看到刚才那个了吗！超亮的！」",
    "len": 1
  },
  {
    "name": "琴子",
    "message": "「哇～～～，流星太多了，都许不完愿啦！」",
    "len": 2
  },
  {
    "message": "我们望着五彩缤纷的星星在空中飞舞，仿佛回到了从前，兴奋地跑来跑去。",
    "len": 2
  },
  {
    "name": "樹",
    "message": "「呼……看来高潮已经过去了」",
    "len": 1
  },
  {
    "name": "琴子",
    "message": "「啊～，真是太开心了……」",
    "len": 1
  },
  {
    "name": "樹",
    "message": "「不过，这到底是什么地方啊？果然是……梦境？」",
    "len": 2
  },
  {
    "name": "琴子",
    "message": "「呵呵，你还在想这种事呢？」",
    "len": 1
  },
  {
    "name": "樹",
    "message": "「因为这不是现实吧？」",
    "len": 1
  },
  {
    "name": "琴子",
    "message": "「光拥有「光」这个含义，从而诞生了「世界」……你还记得吗？」",
    "len": 2
  },
  {
    "name": "樹",
    "message": "「嗯，是琴子在这里告诉我的」",
    "len": 1
  },
  {
    "name": "琴子",
    "message": "「光是规定时间和空间大小的基准值……」",
    "len": 1
  },
  {
    "name": "琴子",
    "message": "「我们所认为的「世界」，是最初有了光之后才形成的世界」",
    "len": 2
  },
  {
    "name": "樹",
    "message": "「就是所谓的大爆炸吧」",
    "len": 1
  },
  {
    "name": "琴子",
    "message": "「但是，「光」的意义就只有这些吗？」",
    "len": 1
  },
  {
    "name": "樹",
    "message": "「这是什么意思？」",
    "len": 1
  },
  {
    "name": "琴子",
    "message": "「我们是通过「光」来看到梦境的吗？」",
    "len": 2
  },
  {
    "name": "樹",
    "message": "「啊？这个嘛……嗯……」",
    "len": 1
  },
  {
    "name": "琴子",
    "message": "「呵呵，回答不上来吧？我也是」",
    "len": 2
  },
  {
    "name": "琴子",
    "message": "「梦是没有物理法则的世界……」",
    "len": 1
  },
  {
    "name": "琴子",
    "message": "「但是，与现实的区别仅仅只有这点……」",
    "len": 1
  },
  {
    "name": "琴子",
    "message": "「我们并不是用眼睛看到现实」",
    "len": 1
  },
  {
    "name": "琴子",
    "message": "「而是认识到意义的组合，然后在大脑中将其重构为「现实」」",
    "len": 2
  },
  {
    "name": "琴子",
    "message": "「所以每个人看到的「现实」都是不同的」",
    "len": 2
  },
  {
    "name": "琴子",
    "message": "「主观上区分「梦」和「现实」是不可能的。无论是谁……」",
    "len": 2
  },
  {
    "message": "我确实认为这是正确的。因为在梦中时，那个世界就是唯一的现实。",
    "len": 2
  },
  {
    "name": "琴子",
    "message": "「你在看着我吗？哥哥？」",
    "len": 1
  },
  {
    "name": "樹",
    "message": "「嗯，在看着呢」",
    "len": 1
  },
  {
    "name": "琴子",
    "message": "「我给你什么感觉？」",
    "len": 1
  },
  {
    "name": "樹",
    "message": "「嗯……就是琴子的感觉」",
    "len": 1
  },
  {
    "name": "琴子",
    "message": "「呵呵！那么，如果我出现在你的梦里呢？」",
    "len": 2
  },
  {
    "name": "樹",
    "message": "「还是……琴子的感觉」",
    "len": 1
  },
  {
    "name": "琴子",
    "message": "「是一样的吧？」",
    "len": 1
  },
  {
    "name": "樹",
    "message": "「嗯，是一样的」",
    "len": 1
  },
  {
    "message": "温暖、可爱、可靠，所有这些感觉全都混在一起……",
    "len": 2
  },
  {
    "message": "虽然很难准确表达……但那就是我心中的『琴子』。",
    "len": 2
  },
  {
    "name": "樹",
    "message": "「我好像明白了什么是『观察』」",
    "len": 1
  },
  {
    "name": "琴子",
    "message": "「因为哥哥观察了我，所以我才能进入哥哥的梦境」",
    "len": 2
  },
  {
    "name": "琴子",
    "message": "「也才能回到这个『世界』」",
    "len": 1
  },
  {
    "name": "樹",
    "message": "「嗯，一开始就按琴子的节奏慢慢来吧」",
    "len": 1
  },
  {
    "name": "琴子",
    "message": "「诶……」",
    "len": 1
  },
  {
    "name": "琴子",
    "message": "「哈啊，啊啊，哈，哈，哈啊，哈啊……哥哥……啊，嗯，呜……我……」",
    "len": 2
  },
  {
    "name": "琴子",
    "message": "「嗯，呜……」",
    "len": 1
  },
  {
    "message": "彼此都无法分开。",
    "len": 1
  },
  {
    "message": "一直一直，想要更多更多地在一起。",
    "len": 1
  },
  {
    "name": "樹",
    "message": "「从今以后一直……」",
    "len": 1
  },
  {
    "message": "星空和草原的景色渐渐消失。",
    "len": 1
  },
  {
    "message": "我感觉到世界的『扭曲』正在终结。",
    "len": 1
  },
  {
    "message": "我必须要观察……",
    "len": 1
  },
  {
    "message": "要确定我所在的『世界』。",
    "len": 1
  },
  {
    "message": "琴子所在的『世界』……",
    "len": 1
  }
]