[
  {
    "message": "我不承认。",
    "len": 1
  },
  {
    "message": "我不承认这种不合理。",
    "len": 1
  },
  {
    "message": "这是绝对不能发生的。",
    "len": 1
  },
  {
    "message": "我们绝不能承认自己只是这个世界的旁观者。",
    "len": 2
  },
  {
    "message": "我们应该有选择的权利。",
    "len": 1
  },
  {
    "message": "我们应该能够观察到我们所希望的世界。",
    "len": 1
  },
  {
    "message": "【１２月２９日】",
    "len": 1
  },
  {
    "message": "【同步加速器大楼，实验准备室内】",
    "len": 1
  },
  {
    "message": "基尔肯尼的哲学家曾经说过：『存在即被感知』。",
    "len": 2
  },
  {
    "message": "世界若只是存在着，那是毫无意义的。",
    "len": 1
  },
  {
    "message": "就像没人看到的森林里的树一样。",
    "len": 1
  },
  {
    "message": "只有通过观察者的感知，它才第一次具有了意义。",
    "len": 2
  },
  {
    "message": "希伯来的先知也这样说过：",
    "len": 1
  },
  {
    "message": "『太初有道，道与神同在，万物是借着道造的，凡被造的，没有一样不是借着道造的。』",
    "len": 2
  },
  {
    "message": "也就是说，世界是由神赋予意义而诞生的。",
    "len": 1
  },
  {
    "message": "如果是那样的存在，确实能够创造世界吧。",
    "len": 1
  },
  {
    "message": "在那个世界中诞生的人，应该会共同看到同一个世界。",
    "len": 1
  },
  {
    "message": "我们每个人都在看着同一个世界。同时，我们也在看着只有自己才能看到的世界。",
    "len": 2
  },
  {
    "message": "这种叠加状态正是『世界』的本质。",
    "len": 1
  },
  {
    "message": "【１２月２９日】",
    "len": 1
  },
  {
    "message": "【在家中的书房】",
    "len": 1
  },
  {
    "message": "我经常思考『观测者的无知』这个问题。",
    "len": 1
  },
  {
    "message": "我们仅凭认知这种手段是无法干预世界的。",
    "len": 1
  },
  {
    "message": "微观系统的事件还好说，但对于宏观系统的事件，我们完全无能为力。",
    "len": 2
  },
  {
    "message": "无论多么希望『消失』，月亮也不会凭空消失。",
    "len": 1
  },
  {
    "message": "这是为什么呢？因为我们身处世界之内。",
    "len": 2
  },
  {
    "message": "我们无法知晓骰子的运动轨迹。",
    "len": 1
  },
  {
    "message": "我们只能观察骰子的点数——也就是已经发生的结果，除此之外别无选择，只能将其认知为『现实世界』。",
    "len": 2
  },
  {
    "message": "没错，作为观测者，我们是无知的。",
    "len": 1
  },
  {
    "message": "我们的肉体，眼睛、耳朵和感官器官的精度都很低。所以，我们只能将这种程度的现实视为『世界』。",
    "len": 2
  },
  {
    "message": "但是，如果我们能获得与世界外部观察者同等的智慧……",
    "len": 4
  },
  {
    "message": "如果我们能知晓骰子的轨迹——了解世界的运作机制，并能够支配它，会怎么样呢？",
    "len": 2
  },
  {
    "message": "就像电视台的编辑可以随意加工影像进行播放一样，",
    "len": 1
  },
  {
    "message": "我们是否也能观察到自己所希望的世界？",
    "len": 1
  },
  {
    "message": "【12月29日】",
    "len": 1
  },
  {
    "message": "【在家中，女儿的房间里】",
    "len": 1
  },
  {
    "message": "这种想法几乎等同于妄想。",
    "len": 1
  },
  {
    "message": "现在我能这么想，但年轻时的我却被这种想法所困扰……",
    "len": 2
  },
  {
    "message": "抛弃了之前的一切，义无反顾地投身于研究之路。",
    "len": 1
  },
  {
    "message": "然而，我始终无法创造出『意识』。",
    "len": 1
  },
  {
    "message": "人类无法用自己的双手创造出超越人类的观测者。",
    "len": 1
  },
  {
    "message": "我所能创造的，只是一台行为举止酷似人类的普通计算机而已。",
    "len": 2
  },
  {
    "message": "它只能欺骗图灵测试，不过是个劣质的僵尸罢了。",
    "len": 1
  },
  {
    "message": "我真正想要的，是拥有真实『意识』的电子大脑。",
    "len": 1
  },
  {
    "message": "我想看到那个『意识』赋予世界意义，从而改变这个『世界』的瞬间。",
    "len": 2
  },
  {
    "message": "然而，这项研究完全陷入了僵局，时间无情地流逝。",
    "len": 1
  },
  {
    "message": "终于，我最担心的时刻还是来临了。",
    "len": 1
  },
  {
    "message": "我的女儿患上了无法治愈的疾病。",
    "len": 1
  },
  {
    "message": "命运之骰选择了让我失去女儿的世界。",
    "len": 1
  },
  {
    "message": "我亲眼目睹了那个渺小的『现实』……",
    "len": 1
  },
  {
    "message": "【12月29日】",
    "len": 1
  },
  {
    "message": "【同步加速器大楼，实验准备室】",
    "len": 1
  },
  {
    "message": "我不能接受。",
    "len": 1
  },
  {
    "message": "我们应该有选择的权利。",
    "len": 1
  },
  {
    "message": "不是我属于『世界』，而是『观察世界的我』存在着。",
    "len": 2
  },
  {
    "message": "我……渴望一个不会失去任何东西的世界。",
    "len": 1
  },
  {
    "message": "也可以说是永恒。",
    "len": 1
  },
  {
    "message": "为此我创造出了我的人工意识们……",
    "len": 3
  },
  {
    "message": "赋予无机物『意义』的『结衣』。",
    "len": 1
  },
  {
    "message": "赋予有机物『意义』的『式子』。",
    "len": 1
  },
  {
    "message": "作为量子存在的『琴子』。",
    "len": 1
  },
  {
    "message": "然后——",
    "len": 1
  },
  {
    "message": "观测者『树』。",
    "len": 1
  },
  {
    "message": "让我们在电子世界中创造一个虚拟家庭，加入我作为界面角色的化身。",
    "len": 2
  },
  {
    "message": "当然，这只是一个模拟。",
    "len": 1
  },
  {
    "message": "这里的他们并不具有真正的『意识』。",
    "len": 1
  },
  {
    "message": "但是，如果几小时后进行的实验成功的话……",
    "len": 1
  },
  {
    "message": "如果我发射的基本粒子能够激发卷入额外维度的『扭曲』，并产生奇点的话……",
    "len": 2
  },
  {
    "message": "在所有可能性重叠的地方将会发生『偏移』。",
    "len": 1
  },
  {
    "message": "当叠加态之间的引力能量差增大时，宇宙将无法维持叠加状态。",
    "len": 2
  },
  {
    "message": "那时，我将看到新的可能性。",
    "len": 1
  },
  {
    "message": "我的人工意识们将引导我进入理想的世界。",
    "len": 1
  },
  {
    "message": "他们存在的『意义』将确定这个世界。",
    "len": 1
  },
  {
    "message": "还有28小时——",
    "len": 1
  },
  {
    "message": "2011年1月1日凌晨0点——",
    "len": 1
  },
  {
    "message": "我将获得『世界』。",
    "len": 1
  },
  {
    "name": "樹",
    "message": "「呼……果然很难啊」",
    "len": 1
  },
  {
    "message": "我从早上开始就一直在读那本日记。",
    "len": 1
  },
  {
    "message": "虽然里面写的专业术语和名人名言，我几乎都看不懂……",
    "len": 2
  },
  {
    "message": "但是，写这本日记的『我』的心情，却深深地传达了过来。",
    "len": 2
  },
  {
    "message": "这是因为它与我现在的心情奇妙地相似。",
    "len": 1
  },
  {
    "name": "樹",
    "message": "「不过，这玩意儿肯定是虚构的啊……」",
    "len": 1
  },
  {
    "message": "起初我以为是父亲的日记，但很快就发现不是。",
    "len": 2
  },
  {
    "message": "首先，说到有同步加速器设施的研究所——应该就是指平常那个公园里的研究所吧。",
    "len": 2
  },
  {
    "message": "父亲从来没有出入过那种地方。",
    "len": 1
  },
  {
    "message": "日记里虽然有些描述可能是我家，但里面出现的『我』绝对不是我父亲。",
    "len": 2
  },
  {
    "message": "我所认识的父亲是个更加没用、疲惫不堪的普通上班族。",
    "len": 2
  },
  {
    "message": "而且最后这个日期——平成23年？",
    "len": 1
  },
  {
    "message": "平成是什么啊？现在不是『平靖』吗？",
    "len": 1
  },
  {
    "message": "光是这一点就能看出，这本日记更像是小说之类的东西。虽然可能是父亲写的……",
    "len": 2
  },
  {
    "name": "樹",
    "message": "「不过，这写得还真不错啊……」",
    "len": 1
  },
  {
    "message": "我一边翻着书页，一边挑着感兴趣的地方读了起来。",
    "len": 2
  },
  {
    "name": "樹",
    "message": "「让我读这种东西到底是想……嗯？」",
    "len": 1
  },
  {
    "message": "在靠近最后的几页之间，夹着一张便条。",
    "len": 1
  },
  {
    "message": "上面密密麻麻地写满了父亲那漂亮的字迹。",
    "len": 1
  },
  {
    "name": "樹",
    "message": "「这是什么？」",
    "len": 1
  },
  {
    "name": "樹",
    "message": "「让我看看……「找到后就读这个」？」",
    "len": 1
  },
  {
    "name": "樹",
    "message": "「原来是这边吗？所谓的留言……」",
    "len": 1
  },
  {
    "message": "为了你这个笨蛋，我来告诉你吧。",
    "len": 2
  },
  {
    "name": "樹",
    "message": "「…………」",
    "len": 1
  },
  {
    "name": "樹",
    "message": "「啧，写这玩意的居然是那家伙……」",
    "len": 1
  },
  {
    "message": "这是25年前的事了，那时的我还和现在的你一样年轻。",
    "len": 2
  },
  {
    "message": "有一天，我接收到了来自哈雷彗星的电波。",
    "len": 2
  },
  {
    "message": "那是在我为了支持露露露的小穴而去新宿电视台的时候发生的。",
    "len": 3
  },
  {
    "name": "樹",
    "message": "「……要不还是别读了吧」",
    "len": 1
  },
  {
    "message": "我看到了未来。就像拿破仑在金字塔中看到未来一样。",
    "len": 3
  },
  {
    "message": "……然后，我就开始思考了，是按照所看到的未来生活，还是违背它而活。",
    "len": 3
  },
  {
    "message": "最后我决定违背它。我想学吉他成为一名音乐人。",
    "len": 3
  },
  {
    "message": "再然后，和露露露结婚，这就是我完美的计划。",
    "len": 2
  },
  {
    "name": "樹",
    "message": "「……这该从何吐槽起啊」",
    "len": 1
  },
  {
    "message": "但是啊，在那方面的才能稍微差了那么一点，又回到了埋头苦读的老样子，或是尝试其他的事情，",
    "len": 4
  },
  {
    "message": "就这样浑浑噩噩地过着，等回过神来已经成了个上班族。真是可笑啊，真是的……",
    "len": 3
  },
  {
    "message": "然后，就是这本日记了。",
    "len": 1
  },
  {
    "message": "这玩意儿是根据我所看到的未来重新构建的，另一个我的人生。",
    "len": 3
  },
  {
    "message": "也就是说，这是选择了那条路的我的世界的记录。",
    "len": 2
  },
  {
    "message": "可不是什么空中楼阁哦？世界是所有可能性的叠加。",
    "len": 3
  },
  {
    "message": "只要物理因果性能保持，那个世界就是真实存在的。",
    "len": 2
  },
  {
    "message": "哎呀，不小心说得太深奥了。",
    "len": 2
  },
  {
    "message": "总之，就是这么回事，日记的后续就由你来写吧，这是你的义务。",
    "len": 3
  },
  {
    "name": "樹",
    "message": "「……啊？凭什么啊？」",
    "len": 1
  },
  {
    "message": "日记突然在进行实验的那天结束了。",
    "len": 2
  },
  {
    "message": "那是因为我所看到的未来只到那里为止。",
    "len": 2
  },
  {
    "message": "我不知道那天发生了什么，但日记世界里的我选择了你作为观测者。",
    "len": 3
  },
  {
    "message": "从那以后的未来，就由你来观察了。",
    "len": 2
  },
  {
    "message": "那么，接下来就拜托你了！我在涅槃等着你！",
    "len": 2
  },
  {
    "name": "樹",
    "message": "「别在那种地方等啊……」",
    "len": 1
  },
  {
    "message": "备忘录的内容就只有这些。",
    "len": 1
  },
  {
    "name": "樹",
    "message": "「读了这个……真的好吗？」",
    "len": 1
  },
  {
    "message": "多亏了这个，我反而更加摸不着头脑了。",
    "len": 1
  },
  {
    "message": "只有一件事，现在的我能够明白……",
    "len": 1
  },
  {
    "message": "我已经失去了应该观察的东西。",
    "len": 1
  },
  {
    "message": "这个家里已经没有什么值得观察的了。",
    "len": 1
  },
  {
    "message": "虽然变回猫的姬子猫还在，但从警察局回来的妈妈他们肯定会照顾它的。",
    "len": 2
  },
  {
    "message": "那三个人也一样，变回原来的样子就能回来了。毕竟被抓的理由也不存在了。",
    "len": 2
  },
  {
    "message": "这样一来，一切都恢复原状。皆大欢喜，皆大欢喜。",
    "len": 2
  },
  {
    "message": "但是，我会等待。",
    "len": 1
  },
  {
    "message": "琴子说过『等待呼唤』。",
    "len": 1
  },
  {
    "message": "所以，我会等待……",
    "len": 1
  },
  {
    "message": "等待那能引导我到琴子所在世界的话语。",
    "len": 1
  },
  {
    "message": "等待流星再次出现在这片夜空中。",
    "len": 1
  },
  {
    "message": "无论多久……",
    "len": 1
  },
  {
    "message": "因为琴子不在这里。",
    "len": 1
  },
  {
    "message": "我会等待……",
    "len": 1
  },
  {
    "message": "我一定会等……",
    "len": 1
  }
]