[
  {
    "name": "樹",
    "message": "「…………」",
    "len": 1
  },
  {
    "name": "樹",
    "message": "「……我听到了」",
    "len": 1
  },
  {
    "name": "樹",
    "message": "「…………」",
    "len": 1
  },
  {
    "name": "樹",
    "message": "「……那是什么声音呢？」",
    "len": 1
  },
  {
    "message": "果然，闭上眼睛就能听到……好像是这样。",
    "len": 1
  },
  {
    "message": "咔嗒咔嗒的，像是机器在运转的声音……",
    "len": 1
  },
  {
    "message": "真奇怪啊。明明什么都没有在动。",
    "len": 2
  },
  {
    "message": "是我的错觉吗……",
    "len": 1
  },
  {
    "name": "樹",
    "message": "「算了，总之先起床吧」",
    "len": 1
  },
  {
    "message": "我打开窗户走到阳台上。",
    "len": 1
  },
  {
    "message": "昨晚的雪似乎没有我想象的那么多。虽然还薄薄地积着一层，但阳光照射的地方已经开始融化了。",
    "len": 2
  },
  {
    "message": "照这个情况，到下午就会完全消失了吧。",
    "len": 1
  },
  {
    "name": "樹",
    "message": "「今晚会是星空吗……」",
    "len": 1
  },
  {
    "message": "我想起了昨晚和琴子的约定。",
    "len": 1
  },
  {
    "message": "当时我说一定会一起去的……",
    "len": 1
  },
  {
    "message": "但是，实际上，要怎么才能去呢？",
    "len": 1
  },
  {
    "message": "即使去了那个地方，现在那里只有警察局而已。已经找不到任何原来草地的痕迹了。",
    "len": 2
  },
  {
    "message": "那只是存在于回忆中的地方罢了。",
    "len": 1
  },
  {
    "message": "虽然琴子确实回来了，也发生了很多不可思议的事……",
    "len": 2
  },
  {
    "message": "但这种事也会发生在物品和地方上吗？",
    "len": 1
  },
  {
    "message": "『世界』真的可以如此模糊不清吗……？",
    "len": 1
  },
  {
    "name": "柚",
    "message": "「树，你还在吗？」",
    "len": 1
  },
  {
    "name": "樹",
    "message": "「……嗯？」",
    "len": 1
  },
  {
    "name": "柚",
    "message": "「早上好！啊，得脱鞋子才行」",
    "len": 1
  },
  {
    "name": "樹",
    "message": "「你又从那种地方……」",
    "len": 1
  },
  {
    "name": "柚",
    "message": "「因为看到树在阳台上，我就急忙过来了」",
    "len": 2
  },
  {
    "name": "樹",
    "message": "「你不是说不再爬树了吗？」",
    "len": 1
  },
  {
    "name": "柚",
    "message": "「现在可不是说这个的时候。喂，你能不能去看看情况？」",
    "len": 2
  },
  {
    "name": "樹",
    "message": "「情况？什么情况？」",
    "len": 1
  },
  {
    "name": "柚",
    "message": "「看看那些人在不在」",
    "len": 1
  },
  {
    "name": "樹",
    "message": "「你是说式子桑她们吗？」",
    "len": 1
  },
  {
    "name": "柚",
    "message": "「对对，就是那三个人」",
    "len": 1
  },
  {
    "name": "樹",
    "message": "「那种事你自己去看不就行了」",
    "len": 1
  },
  {
    "name": "柚",
    "message": "「我不想和她们碰面」",
    "len": 1
  },
  {
    "name": "樹",
    "message": "「你在说什么啊，现在才……」",
    "len": 1
  },
  {
    "name": "柚",
    "message": "「拜托了，事情有点不妙」",
    "len": 1
  },
  {
    "name": "樹",
    "message": "「你该不会做了什么吧？」",
    "len": 1
  },
  {
    "name": "柚",
    "message": "「不是那样的，应该说，可能马上就会变成那样……」",
    "len": 2
  },
  {
    "name": "樹",
    "message": "「啊？」",
    "len": 1
  },
  {
    "name": "柚",
    "message": "「拜托嘛！你就稍微去看一下就行」",
    "len": 1
  },
  {
    "name": "樹",
    "message": "「嗯……」",
    "len": 1
  },
  {
    "message": "虽然不太明白怎么回事，但柚难得露出了困扰的表情。",
    "len": 1
  },
  {
    "name": "柚",
    "message": "「拜托了，好不好？」",
    "len": 1
  },
  {
    "message": "嗯，如果只是去看看的话，倒也无所谓。",
    "len": 1
  },
  {
    "name": "樹",
    "message": "「那我下去看看，你在这儿等会儿，行吗？」",
    "len": 2
  },
  {
    "name": "柚",
    "message": "「嗯，谢啦」",
    "len": 1
  },
  {
    "message": "……真是的，到底怎么回事？",
    "len": 1
  },
  {
    "message": "明明不用这么鬼鬼祟祟的。",
    "len": 1
  },
  {
    "name": "樹",
    "message": "「有人在吗？」",
    "len": 1
  },
  {
    "name": "樹",
    "message": "「…………」",
    "len": 1
  },
  {
    "message": "看来这里没人。",
    "len": 1
  },
  {
    "name": "樹",
    "message": "「式子桑，回来了吗……嗯？」",
    "len": 1
  },
  {
    "message": "门前像卫兵一样驻守着一株食人花。",
    "len": 2
  },
  {
    "message": "看来是回来了，现在应该在睡觉。",
    "len": 1
  },
  {
    "name": "樹",
    "message": "「结衣姐，回来了吗？」",
    "len": 1
  },
  {
    "name": "結衣",
    "message": "「……嗯啊？」",
    "len": 1
  },
  {
    "name": "樹",
    "message": "「啊，在睡觉吗？」",
    "len": 1
  },
  {
    "name": "結衣",
    "message": "「……嗯嘎」",
    "len": 1
  },
  {
    "name": "樹",
    "message": "「那，晚安」",
    "len": 1
  },
  {
    "name": "結衣",
    "message": "「……嗯啊」",
    "len": 1
  },
  {
    "message": "好吧，接下来是那个笨蛋……",
    "len": 1
  },
  {
    "name": "樹",
    "message": "「……不在啊」",
    "len": 1
  },
  {
    "message": "啧，到头来还是没回来吗。",
    "len": 1
  },
  {
    "message": "干脆去当什么萌系学院的学生算了！",
    "len": 1
  },
  {
    "name": "樹",
    "message": "「顺便也看看姬子猫的情况吧」",
    "len": 1
  },
  {
    "name": "樹",
    "message": "「姬子猫～」",
    "len": 1
  },
  {
    "name": "ギズモ",
    "message": "「……呼喵」",
    "len": 1
  },
  {
    "name": "樹",
    "message": "「嗯～，看起来很困啊」",
    "len": 1
  },
  {
    "name": "ギズモ",
    "message": "「喵……」",
    "len": 1
  },
  {
    "message": "不过，猫本来就几乎一整天都在睡觉……",
    "len": 1
  },
  {
    "name": "ギズモ",
    "message": "「喵呜……」",
    "len": 1
  },
  {
    "message": "没办法，就让它睡到自然醒吧。",
    "len": 1
  },
  {
    "message": "琴子昨晚回来得晚，大概也在睡觉吧。",
    "len": 1
  },
  {
    "message": "好了，这样就都看过一遍了。",
    "len": 1
  },
  {
    "name": "柚",
    "message": "「怎么样？」",
    "len": 1
  },
  {
    "name": "樹",
    "message": "「啊，要么在睡觉，要么就不在的样子」",
    "len": 1
  },
  {
    "name": "柚",
    "message": "「OK，那我去楼下一趟啊」",
    "len": 2
  },
  {
    "name": "樹",
    "message": "「楼下？」",
    "len": 1
  },
  {
    "name": "柚",
    "message": "「啊，达树不用跟来哦。在这里等着」",
    "len": 2
  },
  {
    "message": "搞什么啊，那家伙？打算干嘛？",
    "len": 1
  },
  {
    "message": "被说不要来，反而更想去看看了。",
    "len": 1
  },
  {
    "name": "樹",
    "message": "「…………」",
    "len": 1
  },
  {
    "message": "要不，偷偷看一眼……？",
    "len": 1
  },
  {
    "message": "柚是在这里吗……？",
    "len": 1
  },
  {
    "message": "嗯？她站在椅子上干什么呢？",
    "len": 1
  },
  {
    "name": "柚",
    "message": "「呃……应该在这附近……」",
    "len": 1
  },
  {
    "message": "她在找什么？架子上面吗？",
    "len": 1
  },
  {
    "name": "柚",
    "message": "「啊，找到了！太好了，应该没被发现吧？」",
    "len": 2
  },
  {
    "name": "樹",
    "message": "「什么没被发现？」",
    "len": 1
  },
  {
    "name": "柚",
    "message": "「呀啊啊啊！！！」",
    "len": 1
  },
  {
    "name": "柚",
    "message": "「哎哟哟哟哟！」",
    "len": 1
  },
  {
    "name": "樹",
    "message": "「喂，喂，你没事吧？」",
    "len": 1
  },
  {
    "name": "柚",
    "message": "「才不是没事呢！吓死我了好吗！」",
    "len": 2
  },
  {
    "name": "樹",
    "message": "「总之先说声抱歉」",
    "len": 1
  },
  {
    "name": "柚",
    "message": "「屁股都摔疼了，真是的～！」",
    "len": 1
  },
  {
    "name": "樹",
    "message": "「那么，那个相机是干什么的？」",
    "len": 1
  },
  {
    "name": "柚",
    "message": "「啊！？那个……这个是……」",
    "len": 3
  },
  {
    "name": "樹",
    "message": "「哦哦，无线局域网的PC摄像头啊。那个挺贵的吧」",
    "len": 2
  },
  {
    "name": "柚",
    "message": "「啊，哈哈哈，二手的所以也还好啦～」",
    "len": 1
  },
  {
    "name": "樹",
    "message": "「夸莱三楼的二手商店？」",
    "len": 1
  },
  {
    "name": "柚",
    "message": "「那家店很便宜呢～！商品种类也很齐全！」",
    "len": 1
  },
  {
    "name": "樹",
    "message": "「哦～，柚你也知道那家店的好处啊？」",
    "len": 1
  },
  {
    "name": "柚",
    "message": "「嗯，知道知道！我超喜欢那家店的！」",
    "len": 2
  },
  {
    "name": "樹",
    "message": "「这样啊！啊哈哈哈哈！」",
    "len": 1
  },
  {
    "name": "柚",
    "message": "「啊哈哈哈～！」",
    "len": 1
  },
  {
    "name": "樹",
    "message": "「那么，柚君能给我解释一下吗？」",
    "len": 1
  },
  {
    "name": "柚",
    "message": "「呜呜呜……」",
    "len": 1
  },
  {
    "name": "樹",
    "message": "「难怪我觉得有点奇怪」",
    "len": 1
  },
  {
    "name": "柚",
    "message": "「呜呜，对不起树木……」",
    "len": 1
  },
  {
    "name": "樹",
    "message": "「不知不觉中你就知道我家里发生的事了」",
    "len": 1
  },
  {
    "name": "柚",
    "message": "「但是呢，我也不是为了做坏事才这样的」",
    "len": 1
  },
  {
    "name": "樹",
    "message": "「嗯，我明白。你这么做是因为担心我吧？」",
    "len": 2
  },
  {
    "name": "柚",
    "message": "「没错，我以为达树被骗了！」",
    "len": 1
  },
  {
    "name": "樹",
    "message": "「我才没有被骗呢」",
    "len": 1
  },
  {
    "name": "柚",
    "message": "「这个嘛……虽然达树你可能是这么想的，但其他人可不会这么看啊！」",
    "len": 2
  },
  {
    "name": "樹",
    "message": "「管他们怎么想呢，那些跟我们又没关系」",
    "len": 2
  },
  {
    "name": "柚",
    "message": "「怎么会没关系！事实上，他们已经消失了不是吗？」",
    "len": 1
  },
  {
    "name": "樹",
    "message": "「消失？你说什么？」",
    "len": 1
  },
  {
    "name": "柚",
    "message": "「电卓叔叔和式子阿姨」",
    "len": 1
  },
  {
    "name": "樹",
    "message": "「不，那是……」",
    "len": 1
  },
  {
    "name": "柚",
    "message": "「是「失踪」啊！从外人看来，那两个人…」",
    "len": 2
  },
  {
    "name": "樹",
    "message": "「……」",
    "len": 1
  },
  {
    "name": "柚",
    "message": "「我想，妈妈可能很快就会来」",
    "len": 1
  },
  {
    "name": "樹",
    "message": "「蜜柑桑要来？」",
    "len": 1
  },
  {
    "name": "柚",
    "message": "「我一直观察着妈妈，所以我知道，这次她是认真的」",
    "len": 2
  },
  {
    "name": "柚",
    "message": "「我觉得一旦拿到搜查令她就会行动。可能还会有家宅搜查」",
    "len": 2
  },
  {
    "name": "樹",
    "message": "「所以你是来回收自己的摄像机的吗」",
    "len": 1
  },
  {
    "name": "柚",
    "message": "「还有，是为了告诉达树这件事！」",
    "len": 1
  },
  {
    "name": "樹",
    "message": "「让蜜柑桑放弃调查…这种事是不可能的吧」",
    "len": 1
  },
  {
    "name": "柚",
    "message": "「当然不可能啦，她可是条子呢」",
    "len": 1
  },
  {
    "message": "感觉终于要来的还是来了啊。",
    "len": 1
  },
  {
    "name": "樹",
    "message": "「我知道了，我会好好考虑的」",
    "len": 1
  },
  {
    "name": "柚",
    "message": "「我是想帮助达树，但除了监视妈妈的动向之外，也做不了什么……」",
    "len": 2
  },
  {
    "name": "樹",
    "message": "「不，这样就够了。要是因为我让你们母女吵架那就糟了」",
    "len": 2
  },
  {
    "name": "柚",
    "message": "「是吗？你一个人真的没问题？」",
    "len": 1
  },
  {
    "name": "樹",
    "message": "「嗯，这是我家里的问题……」",
    "len": 1
  },
  {
    "name": "柚",
    "message": "「这样啊，你把他们当成家人呢」",
    "len": 1
  },
  {
    "name": "樹",
    "message": "「…………」",
    "len": 1
  },
  {
    "message": "我想把他们当成家人……",
    "len": 1
  },
  {
    "message": "我本想这么说的。",
    "len": 1
  },
  {
    "name": "柚",
    "message": "「知道了，我不再多说什么了」",
    "len": 1
  },
  {
    "name": "樹",
    "message": "「抱歉啊，柚」",
    "len": 1
  },
  {
    "name": "柚",
    "message": "「你不用道歉的。就当是我多管闲事了，行吧？」",
    "len": 2
  },
  {
    "name": "樹",
    "message": "「你……真是个好人啊」",
    "len": 1
  },
  {
    "name": "柚",
    "message": "「我一直都是个好孩子哦。你不知道吗？」",
    "len": 2
  },
  {
    "name": "樹",
    "message": "「哈哈，那就把剩下的摄像头也拿走吧」",
    "len": 1
  },
  {
    "name": "柚",
    "message": "「剩下的？」",
    "len": 1
  },
  {
    "name": "樹",
    "message": "「我房间里的……」",
    "len": 1
  },
  {
    "name": "柚",
    "message": "「我不知道你在说什么，我只在这里装了摄像头哦？」",
    "len": 2
  },
  {
    "name": "樹",
    "message": "「啊？」",
    "len": 1
  },
  {
    "name": "柚",
    "message": "「你偷看树的房间干什么啊。要是看到什么奇怪的东西我可不干」",
    "len": 2
  },
  {
    "name": "樹",
    "message": "「喂喂，什么叫奇怪的东西啊？」",
    "len": 1
  },
  {
    "name": "柚",
    "message": "「男孩子嘛总有些那个……笨蛋！你让我说什么啊！」",
    "len": 2
  },
  {
    "name": "樹",
    "message": "「喂！我可没让你说啊！」",
    "len": 1
  },
  {
    "message": "……不过，那机器的声音是怎么回事？",
    "len": 1
  },
  {
    "message": "难道真的是我的错觉吗……？",
    "len": 1
  }
]