[
  {
    "name": "樹",
    "message": "「…………」",
    "len": 1
  },
  {
    "name": "樹",
    "message": "「……早上了啊」",
    "len": 1
  },
  {
    "message": "在思考各种事情的过程中，不知不觉就睡着了。",
    "len": 1
  },
  {
    "message": "具体时间不清楚。",
    "len": 1
  },
  {
    "message": "虽然不清楚，但也不想放置时钟。",
    "len": 1
  },
  {
    "message": "感觉像是被催促一样，很讨厌。",
    "len": 1
  },
  {
    "message": "因为它会让我想起自己正身处某种潮流之中……",
    "len": 2
  },
  {
    "name": "樹",
    "message": "「总之先起床吧」",
    "len": 1
  },
  {
    "message": "无论如何肚子都会饿，只能起床了。",
    "len": 1
  },
  {
    "message": "外面是一片冬日的蓝天。",
    "len": 1
  },
  {
    "message": "如果天气一直保持这样，晚上应该能看到星星。",
    "len": 1
  },
  {
    "message": "不过不知道会不会有流星。",
    "len": 1
  },
  {
    "message": "要带琴子去的话，是今晚吗？",
    "len": 1
  },
  {
    "message": "去那片草地……",
    "len": 1
  },
  {
    "name": "樹",
    "message": "「我在想什么啊……」",
    "len": 1
  },
  {
    "message": "一瞬间，我感觉那片草地好像还在。",
    "len": 1
  },
  {
    "message": "过去的记忆与现在的自己直接连接了起来。",
    "len": 1
  },
  {
    "message": "不，是我的思绪飞回了过去吗？",
    "len": 1
  },
  {
    "name": "樹",
    "message": "「吃点东西吧……」",
    "len": 1
  },
  {
    "message": "就像带回玉手箱的男人的故事一样，时间这种东西是很模糊的。",
    "len": 2
  },
  {
    "message": "快乐的时候时间过得飞快，无聊的时候却显得格外漫长。",
    "len": 1
  },
  {
    "message": "从物理角度来说，时间也会伸缩。",
    "len": 1
  },
  {
    "message": "一打开盒子就跳入『另一个时间』，这并不是什么奇怪的事。",
    "len": 2
  },
  {
    "message": "如果在那个盒子里，世界重叠在一起的话……",
    "len": 1
  },
  {
    "name": "樹",
    "message": "「……真安静啊」",
    "len": 1
  },
  {
    "message": "知道那三个人不在，感觉比平时更安静了。",
    "len": 1
  },
  {
    "message": "我从冰箱里随便拿出买来做菜用的火腿和奶酪，填饱了肚子。",
    "len": 2
  },
  {
    "message": "估计一段时间内都不会好好做饭了。",
    "len": 1
  },
  {
    "name": "樹",
    "message": "「好，差不多该走了……」",
    "len": 1
  },
  {
    "message": "虽然没什么具体的办法，但我还是决定去警察局看看那些家伙的脸。",
    "len": 2
  },
  {
    "message": "见面聊聊的话，也许会有什么改变。",
    "len": 1
  },
  {
    "message": "不如说，我希望能有所改变。",
    "len": 1
  },
  {
    "message": "现在这样的话，我什么也做不了。",
    "len": 1
  },
  {
    "message": "琴子说要等待呼唤。",
    "len": 1
  },
  {
    "message": "那么，现在最重要的应该是不要忘记我们彼此之间的联系。",
    "len": 2
  },
  {
    "message": "如果真的听到了呼唤我的『话语』的话……",
    "len": 1
  },
  {
    "message": "我一定会回应那个声音——",
    "len": 1
  },
  {
    "name": "ギズモ",
    "message": "「喵」",
    "len": 1
  },
  {
    "name": "樹",
    "message": "「嗯？」",
    "len": 1
  },
  {
    "message": "姬子猫蜷缩在玄关的角落里。",
    "len": 1
  },
  {
    "name": "ギズモ",
    "message": "「喵～～～」",
    "len": 1
  },
  {
    "name": "樹",
    "message": "「哦，你，你一直在这里睡觉吗？」",
    "len": 1
  },
  {
    "name": "ギズモ",
    "message": "「嗯」",
    "len": 1
  },
  {
    "name": "樹",
    "message": "「真是个让人无语的家伙啊，肯定很冷吧？」",
    "len": 1
  },
  {
    "name": "ギズモ",
    "message": "「喵呜……？」",
    "len": 1
  },
  {
    "message": "不知道是不是还在睡，看起来它似乎没听懂我说的话。",
    "len": 2
  },
  {
    "name": "樹",
    "message": "「我马上就要出门了，你要好好回自己房间睡觉哦？」",
    "len": 2
  },
  {
    "name": "ギズモ",
    "message": "「嗯？」",
    "len": 1
  },
  {
    "name": "樹",
    "message": "「啊，还有，猫罐头在老地方的柜子里」",
    "len": 1
  },
  {
    "name": "ギズモ",
    "message": "「嗯？」",
    "len": 1
  },
  {
    "name": "樹",
    "message": "「怎么了你，好像忘记怎么说话了？」",
    "len": 1
  },
  {
    "name": "ギズモ",
    "message": "「喵？」",
    "len": 1
  },
  {
    "message": "我想她大概是还没睡醒，就决定不去管姬子猫了。",
    "len": 2
  },
  {
    "name": "樹",
    "message": "「那我走了，记得好好吃饭啊！」",
    "len": 1
  },
  {
    "name": "ギズモ",
    "message": "「喵～」",
    "len": 1
  },
  {
    "name": "樹",
    "message": "「唔～～」",
    "len": 1
  },
  {
    "name": "樹",
    "message": "「有点担心啊。回来后陪她一起玩吧」",
    "len": 2
  },
  {
    "name": "樹",
    "message": "「最近，确实没怎么陪她玩呢……」",
    "len": 1
  },
  {
    "message": "我来到了要石警察署前。",
    "len": 1
  },
  {
    "message": "反正迟早我也会被叫去问话，不过在那之前能不能先去见见那三个人呢？",
    "len": 2
  },
  {
    "message": "仔细想想，我对他们的想法和意图完全不了解。",
    "len": 2
  },
  {
    "message": "式子桑和结衣姐姐看似随心所欲，但我总觉得她们的行动背后似乎有某种目的。",
    "len": 2
  },
  {
    "message": "至于电卓那家伙，我就不清楚了……",
    "len": 1
  },
  {
    "message": "总之，至少要去问问这些事。",
    "len": 1
  },
  {
    "message": "然后，再考虑我能做些什么。",
    "len": 1
  },
  {
    "name": "樹",
    "message": "「好，进去吧！」",
    "len": 1
  },
  {
    "name": "警察官",
    "message": "「那三个人禁止会见」",
    "len": 1
  },
  {
    "name": "樹",
    "message": "「家属也不行吗？」",
    "len": 1
  },
  {
    "name": "警察官",
    "message": "「允许提供食物、现金和衣物。要送东西进去吗？」",
    "len": 2
  },
  {
    "name": "樹",
    "message": "「那就请把这些东西交给他们吧」",
    "len": 1
  },
  {
    "message": "我把钱包里所有的钱都交给了警官，然后垂头丧气地走出了警察局。",
    "len": 2
  },
  {
    "name": "樹",
    "message": "「零钱全没了，钱包轻飘飘的……」",
    "len": 1
  },
  {
    "name": "樹",
    "message": "「妈的！开什么玩笑！」",
    "len": 1
  },
  {
    "message": "我瞪着这栋才建成两年的崭新警察局，（小声地）不停地咒骂着。",
    "len": 2
  },
  {
    "name": "樹",
    "message": "「太霸道了！把税金还来！」",
    "len": 1
  },
  {
    "name": "樹",
    "message": "「这种大楼，要是能消失就好了……」",
    "len": 1
  },
  {
    "name": "樹",
    "message": "「干干净净地消失不见，变回原来的草地就好了……」",
    "len": 2
  },
  {
    "name": "樹",
    "message": "「要是没有这种东西，我们就能……」",
    "len": 1
  },
  {
    "message": "我闭上眼睛，试着在心里默念。",
    "len": 1
  },
  {
    "message": "消失吧，消失吧，消失吧……",
    "len": 1
  },
  {
    "message": "消失吧，消失吧，消失吧……",
    "len": 1
  },
  {
    "name": "樹",
    "message": "「………………」",
    "len": 1
  },
  {
    "message": "什么都没有改变。",
    "len": 1
  },
  {
    "message": "警察局依旧令人憎恨地堂而皇之地矗立在那里。",
    "len": 1
  },
  {
    "name": "樹",
    "message": "「这不是理所当然的吗……」",
    "len": 1
  },
  {
    "message": "这里并不是只有我一个人在观看的世界。",
    "len": 1
  },
  {
    "message": "是各种各样的人同时在观看的世界。",
    "len": 1
  },
  {
    "message": "就像是繁华街上巨大的户外显示屏一样。",
    "len": 1
  },
  {
    "message": "只要显示的内容不改变……",
    "len": 1
  },
  {
    "message": "我就无法看到我想看到的东西。",
    "len": 1
  },
  {
    "message": "你说这就是『现实』？",
    "len": 1
  },
  {
    "message": "别开玩笑了……",
    "len": 1
  },
  {
    "message": "如果无法改变，那不就和以前一样吗。",
    "len": 1
  },
  {
    "message": "这片天空，和电视里的天空，不都是一样的吗。",
    "len": 2
  },
  {
    "message": "到底有什么区别？",
    "len": 1
  },
  {
    "message": "真是受够了……",
    "len": 1
  },
  {
    "message": "时隔许久，我在公园里什么都不想地睡了一觉。",
    "len": 1
  },
  {
    "message": "如果可以的话，真想就这样一直睡下去，哪怕是整整一晚。",
    "len": 2
  },
  {
    "message": "太阳快要落山的时候，我回到了家。",
    "len": 1
  },
  {
    "name": "樹",
    "message": "「姬子猫，我回来了」",
    "len": 1
  },
  {
    "name": "樹",
    "message": "「……嗯？」",
    "len": 1
  },
  {
    "message": "今天早上还像招财猫一样一动不动守在玄关的姬子猫，此刻却不见了踪影。",
    "len": 2
  },
  {
    "name": "樹",
    "message": "「是回房间了吗？看来它也累了啊……」",
    "len": 2
  },
  {
    "name": "樹",
    "message": "「只有琴子和我两个人，晚饭就简单点吧」",
    "len": 1
  },
  {
    "name": "樹",
    "message": "「煮点意大利面什么的……」",
    "len": 1
  },
  {
    "name": "琴子",
    "message": "「哥哥，欢迎回来」",
    "len": 1
  },
  {
    "name": "樹",
    "message": "「啊，琴子你在啊。我正准备做晚饭，等一下」",
    "len": 2
  },
  {
    "name": "琴子",
    "message": "「不，那个不用了」",
    "len": 1
  },
  {
    "name": "樹",
    "message": "「是吗？没胃口？」",
    "len": 1
  },
  {
    "name": "琴子",
    "message": "「饭的话，我已经准备好了」",
    "len": 1
  },
  {
    "name": "樹",
    "message": "「啊，真的吗？」",
    "len": 1
  },
  {
    "name": "琴子",
    "message": "「虽然不知道做得好不好……」",
    "len": 1
  },
  {
    "name": "樹",
    "message": "「我吃我吃！琴子做的我怎么能不吃呢！」",
    "len": 2
  },
  {
    "name": "琴子",
    "message": "「嘻嘻，我就知道哥哥会这么说」",
    "len": 1
  },
  {
    "name": "樹",
    "message": "「不过，你这是怎么了，突然之间？」",
    "len": 1
  },
  {
    "name": "琴子",
    "message": "「我只是想试着做做看」",
    "len": 1
  },
  {
    "name": "樹",
    "message": "「就这样？」",
    "len": 1
  },
  {
    "name": "琴子",
    "message": "「还有，我想看看哥哥的脸……」",
    "len": 1
  },
  {
    "name": "樹",
    "message": "「我的脸有什么好看的，随时都可以给你看啊？」",
    "len": 1
  },
  {
    "name": "琴子",
    "message": "「是吃东西时开心的表情」",
    "len": 1
  },
  {
    "name": "樹",
    "message": "「我吃东西的时候看起来那么高兴吗？」",
    "len": 1
  },
  {
    "name": "琴子",
    "message": "「光是看着就能感到幸福」",
    "len": 1
  },
  {
    "name": "樹",
    "message": "「哈哈，你这是什么意思啊！」",
    "len": 1
  },
  {
    "name": "琴子",
    "message": "「表情变化多端，很有趣呢」",
    "len": 1
  },
  {
    "name": "樹",
    "message": "「那是因为我在好好品尝啊～」",
    "len": 1
  },
  {
    "name": "琴子",
    "message": "「呵呵，也请好好品尝我做的料理哦？」",
    "len": 2
  },
  {
    "message": "等了一会儿，桌上开始摆满了像中式点心一样的料理。",
    "len": 2
  },
  {
    "name": "樹",
    "message": "「这么多小碟子，很麻烦吧，要我帮忙吗？」",
    "len": 2
  },
  {
    "name": "琴子",
    "message": "「不用，这就是最后一趟了」",
    "len": 1
  },
  {
    "message": "琴子一边端着放有茶杯和茶壶的托盘一边说道。",
    "len": 1
  },
  {
    "name": "樹",
    "message": "「那是茶吗？」",
    "len": 1
  },
  {
    "name": "琴子",
    "message": "「是开门红茶。这种茶可是很吉利的哦？」",
    "len": 2
  },
  {
    "name": "樹",
    "message": "「哦～是能带来好运之类的吗？」",
    "len": 1
  },
  {
    "name": "琴子",
    "message": "「是庆祝新的开始的茶」",
    "len": 1
  },
  {
    "message": "怎么突然说起了像妈妈会说的话？",
    "len": 1
  },
  {
    "name": "琴子",
    "message": "「西藏菊的提取物对健康也很有帮助！」",
    "len": 1
  },
  {
    "message": "果然，这方面还是像母女啊……",
    "len": 1
  },
  {
    "name": "琴子",
    "message": "「那么，请慢用」",
    "len": 1
  },
  {
    "name": "樹",
    "message": "「嗯，那我就不客气了，我开动了！」",
    "len": 1
  },
  {
    "name": "琴子",
    "message": "「好」",
    "len": 1
  },
  {
    "name": "樹",
    "message": "「嗯，那我就先尝尝这个像春卷的东西吧」",
    "len": 1
  },
  {
    "name": "琴子",
    "message": "「这是淋上芒果酱的生春卷」",
    "len": 1
  },
  {
    "name": "樹",
    "message": "「……嗯，酸味恰到好处很美味，但感觉有点特别……里面是什么馅儿？」",
    "len": 2
  },
  {
    "name": "琴子",
    "message": "「是深海鳗鱼的肝脏」",
    "len": 1
  },
  {
    "name": "樹",
    "message": "「咕！？这、这玩意儿能吃吗？」",
    "len": 3
  },
  {
    "name": "琴子",
    "message": "「当然可以。上面不是写着高级食材吗？」",
    "len": 1
  },
  {
    "name": "樹",
    "message": "「这、这样啊，原来写着呢……，那我就尝尝这个红黑色的汤吧」",
    "len": 2
  },
  {
    "name": "琴子",
    "message": "「这是高丽参汤」",
    "len": 1
  },
  {
    "name": "樹",
    "message": "「……嗯，意外的清爽。不过，这个软软的团状物是什么？」",
    "len": 2
  },
  {
    "name": "琴子",
    "message": "「啊，那是鳖的胰脏」",
    "len": 1
  },
  {
    "name": "樹",
    "message": "「呃！？这、这能吃吗？」",
    "len": 1
  },
  {
    "name": "琴子",
    "message": "「据说这是鳖最美味的部位哦？」",
    "len": 1
  },
  {
    "name": "樹",
    "message": "「这、这样啊……，那我就尝尝这个，带有红色斑点的粥吧……」",
    "len": 2
  },
  {
    "name": "琴子",
    "message": "「这是薏苡仁中国粥」",
    "len": 1
  },
  {
    "name": "樹",
    "message": "「顺便问一下，薏……什么来着是什么？」",
    "len": 1
  },
  {
    "name": "琴子",
    "message": "「是去皮的薏苡」",
    "len": 1
  },
  {
    "name": "樹",
    "message": "「这样啊，是麦子的话应该没问题吧，嗯嗯」",
    "len": 1
  },
  {
    "name": "琴子",
    "message": "「另外，里面还加了天牛幼虫作为隐藏配料」",
    "len": 1
  },
  {
    "name": "樹",
    "message": "「这也能吃！？」",
    "len": 1
  },
  {
    "name": "琴子",
    "message": "「我听说这是世界上最美味的虫子……」",
    "len": 1
  },
  {
    "name": "樹",
    "message": "「这样啊，你听说了啊，哈哈哈哈哈哈！」",
    "len": 1
  },
  {
    "name": "琴子",
    "message": "「是来自可靠的消息源，请放心哦？」",
    "len": 1
  },
  {
    "message": "大概是那个以蝗虫为主食的家伙吧……",
    "len": 1
  },
  {
    "name": "樹",
    "message": "「啊，啊啊！当然了，琴子说的话我很放心！」",
    "len": 1
  },
  {
    "name": "琴子",
    "message": "「呵呵呵呵！哥哥要多～吃点哦！」",
    "len": 2
  },
  {
    "message": "不是「兄长」而是「哥哥」。有哪个哥哥能抵挡琴子这种撒娇方式呢。",
    "len": 2
  },
  {
    "message": "唉……我能全部吃完吗…………",
    "len": 1
  },
  {
    "name": "樹",
    "message": "「多谢款待……呃……很好吃」",
    "len": 1
  },
  {
    "name": "琴子",
    "message": "「嗯，招待不周」",
    "len": 1
  },
  {
    "name": "樹",
    "message": "「不过，你是怎么弄到这么多稀奇古怪的东西的？」",
    "len": 2
  },
  {
    "name": "琴子",
    "message": "「网上购物啊」",
    "len": 1
  },
  {
    "name": "樹",
    "message": "「哦原来如此，现在啥都能买到啊」",
    "len": 1
  },
  {
    "name": "琴子",
    "message": "「能赶上送到真是太好了……」",
    "len": 1
  },
  {
    "name": "樹",
    "message": "「啊？」",
    "len": 1
  },
  {
    "name": "琴子",
    "message": "「没什么，话说回来，菜色如何？」",
    "len": 1
  },
  {
    "name": "樹",
    "message": "「你不是一直在看我的脸吗？」",
    "len": 1
  },
  {
    "name": "琴子",
    "message": "「开心的占50%，目瞪口呆的占30%，痛苦的占10%，抽搐的占10%」",
    "len": 2
  },
  {
    "name": "樹",
    "message": "「嗯，很准确」",
    "len": 1
  },
  {
    "name": "琴子",
    "message": "「看来我的厨艺还很不成熟呢」",
    "len": 1
  },
  {
    "name": "樹",
    "message": "「不，不是厨艺的问题，而是食材……」",
    "len": 1
  },
  {
    "name": "琴子",
    "message": "「从现在开始我会努力，让哥哥100%开心！」",
    "len": 2
  },
  {
    "name": "樹",
    "message": "「哈哈，是吗！我很期待哦！」",
    "len": 1
  },
  {
    "name": "琴子",
    "message": "「请期待我的成长吧！」",
    "len": 1
  },
  {
    "message": "是啊，琴子虽然懂很多事，但还有很长的路要走。",
    "len": 2
  },
  {
    "message": "要是她能一直这样不消失就好了……",
    "len": 1
  },
  {
    "name": "琴子",
    "message": "「呼……有点累了」",
    "len": 1
  },
  {
    "name": "樹",
    "message": "「啊，这么忙碌当然会累啊。今天还是早点休息比较好」",
    "len": 2
  },
  {
    "name": "琴子",
    "message": "「嗯，那我就这么做吧」",
    "len": 1
  },
  {
    "name": "樹",
    "message": "「那么，记得盖好被子睡觉哦？」",
    "len": 1
  },
  {
    "name": "琴子",
    "message": "「好的，晚安，哥哥」",
    "len": 1
  },
  {
    "name": "樹",
    "message": "「晚安，琴子」",
    "len": 1
  },
  {
    "message": "琴子深深地鞠了一躬，然后走进了自己的房间。",
    "len": 2
  },
  {
    "message": "自从回到这个家以来，她一直挂着那温柔不变的笑容……",
    "len": 2
  },
  {
    "message": "那是我在这个『世界』里最后一次看到琴子的样子。",
    "len": 1
  }
]