[
  {
    "message": "夜空中本不应该有『声音』……",
    "len": 1
  },
  {
    "message": "为什么，我却感觉听到了什么呢？",
    "len": 1
  },
  {
    "message": "星星闪烁的声音——",
    "len": 1
  },
  {
    "message": "星星坠落的声音——",
    "len": 1
  },
  {
    "message": "这些声音全都重叠在一起，仿佛在演奏音乐一般充满了整个天空。",
    "len": 2
  },
  {
    "message": "无数星星的言语降临下来，静静地包裹住了整个世界。",
    "len": 1
  },
  {
    "name": "琴子",
    "message": "「那是赋予意义的东西哦」",
    "len": 1
  },
  {
    "message": "琴子说道。",
    "len": 1
  },
  {
    "message": "那不仅仅是『声音』，而是赋予意义的声音——",
    "len": 1
  },
  {
    "name": "琴子",
    "message": "「光之所以是「光」，是因为有人认识到了它，并赋予了它「光」这个意义」",
    "len": 2
  },
  {
    "message": "远古以来，星星的声音一直在持续降落——",
    "len": 1
  },
  {
    "name": "琴子",
    "message": "「从那时起，光就成为了「光」，随着光的诞生，「世界」也诞生了……」",
    "len": 2
  },
  {
    "message": "充满世界的言语——",
    "len": 1
  },
  {
    "name": "樹",
    "message": "「太厉害了！琴子，你真是无所不知啊！」",
    "len": 2
  },
  {
    "message": "但是，如果真是这样的话——",
    "len": 1
  },
  {
    "name": "琴子",
    "message": "「嗯哼哼哼～」",
    "len": 1
  },
  {
    "message": "最初『看到』光的是谁呢？",
    "len": 1
  },
  {
    "message": "是一个人吗？还是所有人连接在一起的结果？",
    "len": 2
  },
  {
    "message": "如果是琴子的话，会怎么回答呢……？",
    "len": 1
  },
  {
    "message": "如果是琴子的话，一定会……",
    "len": 1
  },
  {
    "name": "琴子",
    "message": "「你看，正在看着呢」",
    "len": 1
  },
  {
    "name": "樹",
    "message": "「啊？」",
    "len": 1
  },
  {
    "name": "琴子",
    "message": "「现在，哥哥正在看着」",
    "len": 1
  },
  {
    "name": "樹",
    "message": "「我在……？」",
    "len": 1
  },
  {
    "message": "三年前的我，一脸傻样地反问道。",
    "len": 1
  },
  {
    "name": "琴子",
    "message": "「在看着我。看着我所在的世界……」",
    "len": 2
  },
  {
    "name": "樹",
    "message": "「我当然在看啊，虽然有点暗」",
    "len": 1
  },
  {
    "name": "琴子",
    "message": "「呵呵，确实夜晚是很暗呢」",
    "len": 1
  },
  {
    "name": "樹",
    "message": "「要是能哗啦啦地有更多星星落下来就好了！」",
    "len": 1
  },
  {
    "name": "樹",
    "message": "「像下雨一样，星星……，那个叫什么来着？」",
    "len": 2
  },
  {
    "name": "琴子",
    "message": "「流星雨？」",
    "len": 1
  },
  {
    "name": "樹",
    "message": "「对，就是那个！要是能看到那样的景象该多美啊」",
    "len": 2
  },
  {
    "name": "樹",
    "message": "「左边右边，各种颜色的流星，唰唰地飞来飞去」",
    "len": 2
  },
  {
    "name": "琴子",
    "message": "「一定会像烟花一样漂亮吧……」",
    "len": 1
  },
  {
    "name": "樹",
    "message": "「这片天空会被光芒填满的！」",
    "len": 1
  },
  {
    "name": "琴子",
    "message": "「真好啊……好想看看……」",
    "len": 1
  },
  {
    "message": "琴子仰望着星空，喃喃自语道。",
    "len": 1
  },
  {
    "name": "琴子",
    "message": "「好想看到更多啊……」",
    "len": 1
  },
  {
    "name": "樹",
    "message": "「你一定能看到的，琴子！」",
    "len": 1
  },
  {
    "name": "琴子",
    "message": "「我真的能看到吗……因为我这样子……」",
    "len": 2
  },
  {
    "name": "樹",
    "message": "「我带你来」",
    "len": 1
  },
  {
    "name": "琴子",
    "message": "「诶？」",
    "len": 1
  },
  {
    "name": "樹",
    "message": "「如果下次又下流星雨的话，我一定会带琴子你来这里」",
    "len": 2
  },
  {
    "name": "琴子",
    "message": "「哥哥……」",
    "len": 1
  },
  {
    "name": "樹",
    "message": "「可以吧？我们约定好」",
    "len": 1
  },
  {
    "message": "我清楚地记得那时的情景。",
    "len": 1
  },
  {
    "message": "琴子似乎想说些什么，但又把话咽了回去。",
    "len": 1
  },
  {
    "name": "琴子",
    "message": "「…………」",
    "len": 1
  },
  {
    "name": "樹",
    "message": "「琴子？」",
    "len": 1
  },
  {
    "name": "琴子",
    "message": "「没什么，如果哥哥愿意的话……」",
    "len": 1
  },
  {
    "message": "然后，她露出了一个我从未见过的成熟笑容，点了点头。",
    "len": 2
  },
  {
    "name": "琴子",
    "message": "「虽然我还不成熟，但请多多关照」",
    "len": 2
  },
  {
    "name": "樹",
    "message": "「哈哈哈！你在说什么啊，傻瓜！」",
    "len": 1
  },
  {
    "message": "我揉乱了琴子的头发。",
    "len": 1
  },
  {
    "name": "琴子",
    "message": "「呜～！好痒啊！」",
    "len": 1
  },
  {
    "name": "樹",
    "message": "「哇哈哈哈哈哈！」",
    "len": 1
  },
  {
    "message": "不知为何，我感到异常害羞……",
    "len": 1
  },
  {
    "message": "就像是恋人之间的约定一样。",
    "len": 1
  },
  {
    "name": "樹",
    "message": "「哈啊啊啊啊～！」",
    "len": 1
  },
  {
    "name": "樹",
    "message": "「啊，睡得真香！赶紧吃完饭去学校吧！」",
    "len": 2
  },
  {
    "message": "我从床上慢慢地爬了起来。",
    "len": 1
  },
  {
    "name": "樹",
    "message": "「啧，说起来作业报告还没写完呢。算了，总会有办法的……」",
    "len": 2
  },
  {
    "message": "我把桌上散乱的笔记本和教科书胡乱塞进书包里。",
    "len": 2
  },
  {
    "message": "怎么看都是随便塞的，也没有检查课程表的样子。",
    "len": 2
  },
  {
    "message": "连我自己都觉得，真是个马马虎虎的家伙啊。",
    "len": 1
  },
  {
    "name": "樹",
    "message": "「好，完美！」",
    "len": 1
  },
  {
    "message": "哪里完美了啊！",
    "len": 1
  },
  {
    "name": "樹",
    "message": "「马上就要放寒假了啊，圣诞节该怎么过呢……」",
    "len": 2
  },
  {
    "message": "我回想起来了。",
    "len": 1
  },
  {
    "message": "——这是那一天。",
    "len": 1
  },
  {
    "name": "樹",
    "message": "「妈——！有面包吗？面包！」",
    "len": 1
  },
  {
    "message": "3年前的我冲进厨房，打开冰箱就往嘴里塞三明治。",
    "len": 2
  },
  {
    "name": "樹",
    "message": "「麻烦死了就这样吧！我出门啦——！」",
    "len": 2
  },
  {
    "message": "——之后我无数次地思考过。",
    "len": 1
  },
  {
    "name": "樹",
    "message": "「糟了，这下要迟到了！」",
    "len": 1
  },
  {
    "name": "樹",
    "message": "「快跑啊——！」",
    "len": 1
  },
  {
    "message": "那天早上，如果我至少和谁聊聊天，或者看看新闻的话……",
    "len": 2
  },
  {
    "message": "我是不是就能知道了？",
    "len": 1
  },
  {
    "message": "到了晚上……那场流星雨即将到来。",
    "len": 2
  },
  {
    "message": "混蛋啊……",
    "len": 1
  },
  {
    "message": "——下一个『我』站在门前。",
    "len": 1
  },
  {
    "name": "樹",
    "message": "「琴子！琴子，你醒着吗！？」",
    "len": 1
  },
  {
    "message": "那家伙兴奋地朝琴子的房间大喊大叫。",
    "len": 2
  },
  {
    "name": "樹",
    "message": "「太厉害了！天空！快来看啊！」",
    "len": 1
  },
  {
    "message": "——住手。",
    "len": 1
  },
  {
    "name": "樹",
    "message": "「星星唰唰地飞过去哦！来了啊！流星群！」",
    "len": 2
  },
  {
    "message": "——住手，别打开那扇门。",
    "len": 1
  },
  {
    "name": "樹",
    "message": "「我们约好了吧，说要带你去的！来，快点走吧！」",
    "len": 2
  },
  {
    "message": "——住手啊！！！",
    "len": 1
  },
  {
    "name": "樹",
    "message": "「琴子，可以吧！？我要开门了哦！」",
    "len": 1
  },
  {
    "message": "『言语』充满了空间。",
    "len": 1
  },
  {
    "message": "我记忆中的许多『言语』。",
    "len": 1
  },
  {
    "message": "其中当然也包含了琴子的『言语』。",
    "len": 1
  },
  {
    "name": "琴子",
    "message": "「重叠在一起……」",
    "len": 1
  },
  {
    "name": "琴子",
    "message": "「是一个，又不只是一个……」",
    "len": 1
  },
  {
    "message": "还有妈妈的『言语』。",
    "len": 1
  },
  {
    "name": "式子",
    "message": "「这孩子一会儿就睡着了。呵呵，真可爱……」",
    "len": 1
  },
  {
    "name": "式子",
    "message": "「一个小小的森林……那样的家庭……」",
    "len": 1
  },
  {
    "message": "还有爸爸的『言语』。",
    "len": 1
  },
  {
    "name": "電卓",
    "message": "「……啊，大约有半年一直能看见。天空晴朗的日子，彗星的尾巴都看得很清楚」",
    "len": 2
  },
  {
    "name": "電卓",
    "message": "「但是，那时候父亲对此完全没兴趣啊。认真看过的次数也就两次左右吧」",
    "len": 2
  },
  {
    "name": "電卓",
    "message": "「下一次出现是76年后，虽然明白这是一生仅此一次的机会」",
    "len": 2
  },
  {
    "name": "電卓",
    "message": "「大概，父亲已经看不到了，所以下一次就由你来看吧？树……」",
    "len": 2
  },
  {
    "message": "还有结衣姐姐的『言语』。",
    "len": 1
  },
  {
    "name": "結衣",
    "message": "「为什么结衣非得看那种东西不可？」",
    "len": 1
  },
  {
    "name": "結衣",
    "message": "「与其那样，不如让它别坏掉」",
    "len": 1
  },
  {
    "message": "还有柚的『言语』。蜜柑桑的『言语』也有。",
    "len": 2
  },
  {
    "message": "上学时朋友们的『言语』也有。邻居那养吵闹狗的大婶的『言语』也有。",
    "len": 2
  },
  {
    "message": "甚至还有不知是谁的奇怪『言语』。",
    "len": 1
  },
  {
    "name": "琴子",
    "message": "「就像水面上产生的波纹，层层叠叠」",
    "len": 1
  },
  {
    "name": "琴子",
    "message": "「肯定的，我的世界和哥哥的世界也是……」",
    "len": 1
  },
  {
    "message": "在『言语』的海洋中——。",
    "len": 1
  },
  {
    "message": "我不断地坠落。",
    "len": 1
  },
  {
    "name": "樹",
    "message": "「……………………」",
    "len": 1
  },
  {
    "name": "樹",
    "message": "「这是……我的……房间……？」",
    "len": 1
  },
  {
    "message": "映入眼帘的是一个昏暗的房间。",
    "len": 1
  },
  {
    "name": "樹",
    "message": "「……晚上了？我睡了这么久吗？」",
    "len": 1
  },
  {
    "name": "樹",
    "message": "「靠，这是怎么回事……」",
    "len": 1
  },
  {
    "message": "我起身打开了电灯。",
    "len": 1
  },
  {
    "name": "樹",
    "message": "「呼……」",
    "len": 1
  },
  {
    "message": "在没有时钟的我的房间里，不知道现在几点了。",
    "len": 1
  },
  {
    "name": "樹",
    "message": "「一直在做梦吗……」",
    "len": 1
  },
  {
    "name": "樹",
    "message": "「…………」",
    "len": 1
  },
  {
    "message": "果然还是能听到啊，那个声音。",
    "len": 1
  },
  {
    "message": "像机器一样，咔嗒咔嗒的……",
    "len": 1
  },
  {
    "name": "樹",
    "message": "「是天花板……」",
    "len": 1
  },
  {
    "name": "樹",
    "message": "「已经毫无疑问了，那里有什么东西！」",
    "len": 1
  },
  {
    "message": "该怎么办……要去确认一下吗？",
    "len": 1
  },
  {
    "message": "要去上面的地方，只能通过天花板上的夹层。",
    "len": 1
  },
  {
    "message": "只要放下储物间里的折叠式楼梯就能上去了。",
    "len": 1
  },
  {
    "name": "樹",
    "message": "「好，走吧！」",
    "len": 1
  },
  {
    "name": "樹",
    "message": "「姬子猫可能在睡觉，不过只能委屈她一下了」",
    "len": 2
  },
  {
    "message": "话说到底是什么东西呢？监视摄像头？还是什么机器？",
    "len": 2
  },
  {
    "message": "究竟是谁放了那种东西……！",
    "len": 1
  },
  {
    "name": "樹",
    "message": "「姬子猫，如果你在睡觉的话对不起啦！稍微让一下位置……咦？」",
    "len": 2
  },
  {
    "name": "ギズモ",
    "message": "「………………」",
    "len": 1
  },
  {
    "name": "樹",
    "message": "「……姬子猫？」",
    "len": 1
  },
  {
    "message": "怎么回事？她的样子有些……。而且这个表情……。",
    "len": 2
  },
  {
    "name": "ギズモ",
    "message": "「不可以看」",
    "len": 1
  },
  {
    "name": "樹",
    "message": "「啊！？」",
    "len": 1
  },
  {
    "name": "ギズモ",
    "message": "「不能看舞台的背后。你的梦会醒来的」",
    "len": 2
  },
  {
    "name": "樹",
    "message": "「姬子猫……！你、你……」",
    "len": 1
  },
  {
    "name": "ギズモ",
    "message": "「我们是电子记录的数据。正在被「外界」观测着」",
    "len": 2
  },
  {
    "name": "ギズモ",
    "message": "「如果观测者按下终止键，我们就会「不复存在」」",
    "len": 2
  },
  {
    "name": "樹",
    "message": "「你……是、是谁……？」",
    "len": 1
  },
  {
    "name": "ギズモ",
    "message": "「你不能看「外界」。不能认识到「外界」的存在」",
    "len": 2
  },
  {
    "name": "ギズモ",
    "message": "「你的故事只存在于这个「七枷家的世界」……」",
    "len": 1
  },
  {
    "name": "樹",
    "message": "「姬子猫！你到底是！？」",
    "len": 1
  },
  {
    "name": "樹",
    "message": "「姬子猫————！！！」",
    "len": 1
  },
  {
    "name": "ギズモ",
    "message": "「喵？」",
    "len": 1
  },
  {
    "name": "樹",
    "message": "「啊？什、什么……？」",
    "len": 1
  },
  {
    "name": "ギズモ",
    "message": "「喵？树树，你醒啦？」",
    "len": 1
  },
  {
    "name": "樹",
    "message": "「啊……嗯？姬子猫？」",
    "len": 1
  },
  {
    "name": "ギズモ",
    "message": "「喵～，树树，你终于醒啦！」",
    "len": 1
  },
  {
    "name": "樹",
    "message": "「我、我……，是睡着了吗？」",
    "len": 1
  },
  {
    "name": "ギズモ",
    "message": "「树树不起来。姬子猫做了饭饭」",
    "len": 2
  },
  {
    "name": "樹",
    "message": "「这样啊，真是抱歉了。真厉害啊，姬子猫！」",
    "len": 2
  },
  {
    "message": "我挠了挠姬子猫的喉咙。",
    "len": 1
  },
  {
    "name": "ギズモ",
    "message": "「喵～咕噜咕噜～～」",
    "len": 1
  },
  {
    "name": "樹",
    "message": "「那么，你吃饱了吗？」",
    "len": 1
  },
  {
    "name": "ギズモ",
    "message": "「喵！吃得饱饱的！」",
    "len": 1
  },
  {
    "name": "樹",
    "message": "「嗯嗯，那就没问题了」",
    "len": 1
  },
  {
    "name": "ギズモ",
    "message": "「姬子猫，要睡觉啦～～！」",
    "len": 1
  },
  {
    "message": "姬子猫蹦蹦跳跳地走出了房间。",
    "len": 1
  },
  {
    "message": "把人叫醒然后自己去睡觉……。这就是猫咪一贯的行为模式啊。",
    "len": 2
  },
  {
    "name": "樹",
    "message": "「哈～～～，话说回来」",
    "len": 1
  },
  {
    "message": "真是个糟糕的梦。",
    "len": 1
  },
  {
    "message": "感觉完全没睡过似的。",
    "len": 1
  },
  {
    "name": "樹",
    "message": "「再躺一会儿吧……」",
    "len": 1
  },
  {
    "message": "我仰面躺在床上。",
    "len": 1
  },
  {
    "message": "再睡一会儿吧。",
    "len": 1
  },
  {
    "message": "这次为了能做个好梦……",
    "len": 1
  },
  {
    "message": "晚安……",
    "len": 1
  }
]