[
  {
    "name": "ギズモ",
    "message": "「喵～，咕噜咕噜……」",
    "len": 1
  },
  {
    "name": "樹",
    "message": "「哇！？又来了！？」",
    "len": 1
  },
  {
    "name": "ギズモ",
    "message": "「嗯？树树，早上好啊～～」",
    "len": 1
  },
  {
    "name": "樹",
    "message": "「你是什么时候溜进来的？我完全没注意到啊」",
    "len": 2
  },
  {
    "name": "ギズモ",
    "message": "「喵～～，这里，喜欢～～」",
    "len": 1
  },
  {
    "name": "樹",
    "message": "「你这么喜欢这里吗？」",
    "len": 1
  },
  {
    "name": "ギズモ",
    "message": "「树树最好了～～，树树的味道，最喜欢了～」",
    "len": 2
  },
  {
    "name": "ギズモ",
    "message": "「嗅嗅嗅……，呜呼～～～这个真不错啊～」",
    "len": 2
  },
  {
    "name": "樹",
    "message": "「哎呀，真是拿你没办法啊」",
    "len": 1
  },
  {
    "name": "ギズモ",
    "message": "「我还想要更多味道！好想舔舔啊啊啊～～」",
    "len": 2
  },
  {
    "message": "竟然因为我的气味就露出那么幸福的表情……",
    "len": 1
  },
  {
    "name": "樹",
    "message": "「好吧，随你喜欢吧，姬子猫？」",
    "len": 1
  },
  {
    "name": "ギズモ",
    "message": "「喵？」",
    "len": 1
  },
  {
    "name": "樹",
    "message": "「你想舔多久就舔多久吧」",
    "len": 1
  },
  {
    "message": "既然如此，我下定决心要好好让姬子猫舒服……",
    "len": 2
  },
  {
    "name": "ギズモ",
    "message": "「呜～～！树树，最喜欢啦！」",
    "len": 2
  },
  {
    "message": "不要把她当成一只猫，要好好地、紧紧地抱住她。",
    "len": 2
  },
  {
    "message": "因为，这孩子是……",
    "len": 1
  },
  {
    "name": "樹",
    "message": "「姬子猫，过来！我们一起享受吧？」",
    "len": 2
  },
  {
    "message": "说『喜欢』我的女孩子啊。",
    "len": 1
  },
  {
    "name": "ギズモ",
    "message": "「啥！」",
    "len": 1
  },
  {
    "name": "樹",
    "message": "「哦」",
    "len": 1
  },
  {
    "message": "姬子猫扑了过来。",
    "len": 1
  },
  {
    "name": "ギズモ",
    "message": "「哈啊啊啊～嗯嗯，嗯，呜……树树的，好大啊…………」",
    "len": 2
  },
  {
    "name": "ギズモ",
    "message": "「嗯呜……这个，舔舔，舔……嗯，呜呜……啊……呼喵呜呜……」",
    "len": 2
  },
  {
    "name": "ギズモ",
    "message": "「呜，嗯……咕，啊呜呜……哈啊，呼啊啊……舔……树树的……嗯，呣……」",
    "len": 2
  },
  {
    "name": "樹",
    "message": "「嗯，姬子猫想做什么就做什么吧。随姬子猫喜欢……可以舔，也可以用手摸」",
    "len": 3
  },
  {
    "name": "ギズモ",
    "message": "「呣……啊呣，喵呜呜呜……哈啊，哈，嗯啊，啊啊……嗯……」",
    "len": 2
  },
  {
    "message": "她用迷离的眼神，幸福地注视着雄性的生殖器。",
    "len": 2
  },
  {
    "message": "在舔舔之前，她带着笑容天真无邪地恳求我让她看看。",
    "len": 2
  },
  {
    "name": "ギズモ",
    "message": "「呼唔……」",
    "len": 1
  },
  {
    "name": "ギズモ",
    "message": "「嗯嗯嗯……呐，喵，呐，呜……哈啊，呜，嗯……好奇怪……嗯呜，嗯……」",
    "len": 2
  },
  {
    "message": "她对自己舔的东西，对即将进入自己体内的东西，充满了好奇。",
    "len": 2
  },
  {
    "message": "如果摇晃的话，似乎会被轻轻地戳到。",
    "len": 2
  },
  {
    "name": "ギズモ",
    "message": "「嗯嗯……好奇怪的形状……呐……又粗又长……呜……」",
    "len": 2
  },
  {
    "name": "ギズモ",
    "message": "「该怎么办呢，姬子猫……姬子猫，这个，该怎么办？」",
    "len": 2
  },
  {
    "name": "ギズモ",
    "message": "「树要怎么做呢？这个，要怎么做呢？怎么样才能让它舒服呢？？」",
    "len": 3
  },
  {
    "name": "樹",
    "message": "「姬子猫想怎么做就怎么做吧」",
    "len": 1
  },
  {
    "name": "ギズモ",
    "message": "「呜呜……随姬子猫，喜欢……姬子猫，来……呐……啊……」",
    "len": 2
  },
  {
    "message": "只要随姬子猫喜欢就好。她已经不再是我的宠物，而是一个独立的女孩了。",
    "len": 3
  },
  {
    "message": "无论是外表还是内心，都完全就是个人类。她是一个叫姬子猫的女孩，说着喜欢我……",
    "len": 3
  },
  {
    "name": "ギズモ",
    "message": "「啊……嗯嗯嗯，呐啊……果然好大啊，树的……嗯嗯嗯……」",
    "len": 2
  },
  {
    "name": "ギズモ",
    "message": "「嗯，咕！呐啊，啊，呜咕！呐，呐啊，哈，哈，呐……啊呜！」",
    "len": 2
  },
  {
    "name": "樹",
    "message": "「哇……！」",
    "len": 1
  },
  {
    "name": "ギズモ",
    "message": "「啊呜啾，啾，咕啾，啾啵！呜咕咕，呜，嗯咕啾，啾啾……」",
    "len": 2
  },
  {
    "name": "ギズモ",
    "message": "「呜……啾，啾，啊呜，啊呜，咕呜……啾啾，咕啾，啾啵，啊嗯，啊咕……」",
    "len": 2
  },
  {
    "name": "ギズモ",
    "message": "「好吃……好好吃啊啊，啊呜，啊呜……啾啵咕，啾咕，啾噗，啾，呜啾！」",
    "len": 2
  },
  {
    "name": "ギズモ",
    "message": "「树……喜欢……树的，好喜欢啊……啊呜，咕呜，啾，噗，咕啾，啾啵，嗯！哈，哈，呜咕，啊咕，呜咕，呜咕啾……」",
    "len": 3
  },
  {
    "message": "她突然扑上来咬住，我还以为她要把整个塞进嘴里，结果她一边啊呜啊呜、咕啾咕啾地吮吸着，一边发出吞咽的声音。",
    "len": 3
  },
  {
    "message": "就像是一只小猫扑向最喜欢的零食，以惊人的气势大口吞食一样。",
    "len": 2
  },
  {
    "name": "樹",
    "message": "「呃……」",
    "len": 1
  },
  {
    "message": "那不是猫的舌头，而是人类女孩温热柔软的舌头。",
    "len": 1
  },
  {
    "message": "被口腔粘膜吞没，嘴唇紧紧吸吮着，不由自主地从腹底发出了声音。",
    "len": 2
  },
  {
    "name": "ギズモ",
    "message": "「呜啊，呜咕咕，啾啵，啾啵，咕啾……舔，舔，呜噗，啾，啾，哈啊……」",
    "len": 2
  },
  {
    "name": "ギズモ",
    "message": "「……呜，呜呜，再多，让我吃更多啊……树的，最喜欢了……因为最喜欢，呜啾……」",
    "len": 2
  },
  {
    "name": "ギズモ",
    "message": "「哈啊，啾啵，啾呜，啾，咕啾，啾！啊呜哈呜哈呜，呜啾，呜啊，嗯……哈呜呜……嗯嗯，啾，咕啾呜噗……」",
    "len": 3
  },
  {
    "name": "ギズモ",
    "message": "「树感觉舒服吗？呐，啊呜咕……变得，更大了呢……呜噗……」",
    "len": 2
  },
  {
    "name": "ギズモ",
    "message": "「啾啾，咕，啾哈，呜啾，啾，……啊，啊呜，呜啾，啾啾，咕啾，嗯！」",
    "len": 2
  },
  {
    "name": "ギズモ",
    "message": "「咳咳，咳咳咳，嗯，好难受啊……太大了，进不去……嗯，啾咕……」",
    "len": 2
  },
  {
    "name": "ギズモ",
    "message": "「但是，我会加油的哦～！呜咕啾，啾啵，啊……啊呜，呜咕呜咕，呜咕，啾啾，啾！」",
    "len": 2
  },
  {
    "name": "ギズモ",
    "message": "「啊呜……好苦的味道……啊呜呜，有什么，出来了……苦苦的汁液，咪呜……咕，咕，呜咕……」",
    "len": 2
  },
  {
    "name": "ギズモ",
    "message": "「不过，我会加油的……啾啾，啾呜，呜！呜咕，咕，咕，啊呜，咕，啊呜呜……」",
    "len": 2
  },
  {
    "name": "ギズモ",
    "message": "「啾，啾噗，啾！哈，呜咕，嗯嗯！咕啾，啾呜，好美味……呐，嗯……咕啾，啾，舔，舔，呜呜啾呜呜！」",
    "len": 3
  },
  {
    "name": "樹",
    "message": "「姬子猫……！」",
    "len": 1
  },
  {
    "message": "小小的舌头蜿蜒缠绕着，舔舐着开始溢出的前液，一边吞咽着。",
    "len": 2
  },
  {
    "message": "脸颊内侧紧紧收缩，同时被舌头和上颚压迫着。",
    "len": 2
  },
  {
    "name": "ギズモ",
    "message": "「呜呜，树……树的，好热……哈啊，呼，哈啊，呜，咕呜啾……」",
    "len": 2
  },
  {
    "name": "ギズモ",
    "message": "「啾哈，啾，哈啊，啊嗯，咕，……啾呜，啾呜，啊呜，啾，啾，噗咕！」",
    "len": 2
  },
  {
    "name": "ギズモ",
    "message": "「啾呜呜呜……啊呼，呜，啾，啾啵！咕，嗯，树，树的，好好吃，嘿！嘿，咕啾，啾，啾啵，啊呜，啊啊啊……」",
    "len": 3
  },
  {
    "name": "ギズモ",
    "message": "「呜咕！哈呜，啾啾，啾，哈，啾噗……咕，嗯，啾啾，啊，咕呜……呜啾呜呜！」",
    "len": 2
  },
  {
    "name": "樹",
    "message": "「呼啊……」",
    "len": 1
  },
  {
    "message": "伴随着像是拔掉塞子的声音，我的双腿突然瘫软下来。",
    "len": 2
  },
  {
    "name": "ギズモ",
    "message": "「呜哇啊啊啊！！呼哇，哇，嗯啊啊！！白色的，出来了……呜咕，咕，嗯！」",
    "len": 2
  },
  {
    "name": "ギズモ",
    "message": "「呐，呐，呜呜，咕，哈，哈啊，嗯！好烫，黏糊糊的液体，喷射出来了呢！」",
    "len": 2
  },
  {
    "name": "ギズモ",
    "message": "「树……树的……嗯……满满的，出来好多啊！」",
    "len": 2
  },
  {
    "name": "ギズモ",
    "message": "「哈啊，哈，哈呜，呜，咕，咕，哈啊……嗯嗯嗯嗯……呜咕，好烫啊……」",
    "len": 2
  },
  {
    "name": "ギズモ",
    "message": "「……呜，呜呜，呕呕，嗯咕！好苦，不好吃……呜，咳咳，咳咳……」",
    "len": 2
  },
  {
    "name": "樹",
    "message": "「来吧姬子猫，我帮你擦擦嘴，过来这边……」",
    "len": 1
  },
  {
    "name": "ギズモ",
    "message": "「啾呜呜呜呜！！」",
    "len": 1
  },
  {
    "name": "樹",
    "message": "「呜咕……诶诶！？」",
    "len": 1
  },
  {
    "name": "ギズモ",
    "message": "「咕、咕咚、呜咕啾、啾呜、咕咚！咕咕咕咕、呜啾、啾、啾、啾……」",
    "len": 2
  },
  {
    "name": "ギズモ",
    "message": "「呜咕、咕咚！啾、啾、呜啾……咕、嗯！咕、咕、呜呜、啾咕……」",
    "len": 2
  },
  {
    "name": "ギズモ",
    "message": "「喝……想、想喝啊！啾、啾呜、呜咕、啾、呜啾、呜咕！哈、呼哈、啾、呜啾、咕咚……」",
    "len": 3
  },
  {
    "name": "ギズモ",
    "message": "「啾——啾、咕啾、啾、嗯！哈呼、呼哈、啾、啊呜、咕、咕咚！」",
    "len": 2
  },
  {
    "name": "樹",
    "message": "「姬子猫……」",
    "len": 1
  },
  {
    "name": "ギズモ",
    "message": "「舔舔、咕啾、啾、舔、舔……喵……全部、喝完了呢……咕啾、嗯……」",
    "len": 2
  },
  {
    "name": "ギズモ",
    "message": "「啵、舔、啵、呜啾、啾啾、呜……哈、哈、啾、啾呜、嗯、咕、呜……」",
    "len": 2
  },
  {
    "message": "啾啾啾啾，姬子猫用力吸吮着，脸颊都凹陷下去，然后发出咕咚一声大大的吞咽声。",
    "len": 3
  },
  {
    "name": "ギズモ",
    "message": "「呐呼呼呼呼～……嗯嗯、咕啾……树的、喝掉了……全部、都喝掉了呢」",
    "len": 2
  },
  {
    "name": "ギズモ",
    "message": "「奇怪的味道……不好吃但是又好吃……嗯嗯嗯，搞不太懂…………」",
    "len": 2
  },
  {
    "name": "ギズモ",
    "message": "「舔、嗯、舔、啧、啧、呜……　咕咕、呜啾、啾啵、舔、舔……」",
    "len": 2
  },
  {
    "message": "我一边喘着粗气，一边舔掉嘴边残留的精液滴。",
    "len": 2
  },
  {
    "name": "ギズモ",
    "message": "「树……」",
    "len": 1
  },
  {
    "name": "樹",
    "message": "「……嗯？」",
    "len": 1
  },
  {
    "name": "ギズモ",
    "message": "「我想和树，再多做一些……」",
    "len": 1
  },
  {
    "name": "樹",
    "message": "「诶？」",
    "len": 1
  },
  {
    "name": "ギズモ",
    "message": "「再多，做点！　和树，交配啊！！」",
    "len": 2
  },
  {
    "name": "樹",
    "message": "「姬子猫……」",
    "len": 1
  },
  {
    "name": "樹",
    "message": "「你还累着呢吧？　稍微休息一下再说吧」",
    "len": 2
  },
  {
    "name": "樹",
    "message": "「来，躺到床上去。　我也稍微休息一下……」",
    "len": 2
  },
  {
    "name": "ギズモ",
    "message": "「没问题！！姬子猫，很精神！！精神得很呢～」",
    "len": 2
  },
  {
    "name": "ギズモ",
    "message": "「……树，累了吗……？」",
    "len": 1
  },
  {
    "name": "樹",
    "message": "「唔」",
    "len": 1
  },
  {
    "message": "姬子猫盯着无力垂下的肉棒，可爱地歪了歪头。",
    "len": 2
  },
  {
    "name": "ギズモ",
    "message": "「累了，倒下了……树，没精神了…………」",
    "len": 2
  },
  {
    "name": "樹",
    "message": "「是啊，如果能稍微等我一下的话……稍微等一下的话，也许就能恢复精神了……」",
    "len": 2
  },
  {
    "name": "ギズモ",
    "message": "「等！姬子猫，会一直等……等着，树，哦」",
    "len": 2
  },
  {
    "name": "ギズモ",
    "message": "「树……嗯嗯，咕噜咕噜咕噜，咪呜……咪呜咪呜，咕噜咕噜，咕噜噜噜……」",
    "len": 2
  },
  {
    "name": "樹",
    "message": "「啊啊，好，好……哈哈，姬子猫，乖乖的，好吗」",
    "len": 2
  },
  {
    "name": "ギズモ",
    "message": "「呼喵～。喵喵，呐，诶嘿嘿……树，呐……呐呼，呼，呼呼呼呼呼……」",
    "len": 2
  },
  {
    "name": "ギズモ",
    "message": "「再多摸摸我嘛。摸摸头，摸摸下巴…………」",
    "len": 2
  },
  {
    "message": "姬子猫一边发出比平时更加甜美缓慢的咕噜声，一边把头放在我身上。",
    "len": 2
  },
  {
    "name": "樹",
    "message": "「来，乖乖，真乖啊……」",
    "len": 1
  },
  {
    "name": "ギズモ",
    "message": "「呜喵，喵啊啊啊，咕噜噜～……树树，树树，树树……嗯嗯嗯，呜喵呜」",
    "len": 2
  },
  {
    "name": "樹",
    "message": "「呼……」",
    "len": 1
  },
  {
    "message": "稍微让我休息一下吧。",
    "len": 1
  },
  {
    "name": "ギズモ",
    "message": "「姬子猫也，睡觉觉。等树醒来，再睡觉觉」",
    "len": 2
  },
  {
    "message": "一起，稍微打个盹吧。",
    "len": 1
  },
  {
    "message": "……然后……。",
    "len": 1
  }
]