[
  {
    "name": "結衣",
    "message": "「……怎么都不行啊」",
    "len": 1
  },
  {
    "name": "結衣",
    "message": "「看来男女之间的爱情这玩意儿，和绝对零度的恶魔相性不太好啊」",
    "len": 2
  },
  {
    "name": "樹",
    "message": "「那件事，原来是这么回事吗？」",
    "len": 1
  },
  {
    "name": "結衣",
    "message": "「或许只是两个失去重要之物的人在互相慰藉……」",
    "len": 2
  },
  {
    "name": "結衣",
    "message": "「即便如此，在那一刻——结衣和你，都希望能够结合在一起」",
    "len": 2
  },
  {
    "name": "結衣",
    "message": "「正是因为有那份心意……」",
    "len": 1
  },
  {
    "name": "樹",
    "message": "「我们才能……看到这个『世界』？」",
    "len": 1
  },
  {
    "name": "結衣",
    "message": "「嗯……」",
    "len": 1
  },
  {
    "message": "结衣姐姐轻轻点了点头，脸上浮现出三年前那时的表情。",
    "len": 2
  },
  {
    "name": "結衣",
    "message": "「继续吧，树……」",
    "len": 1
  },
  {
    "name": "結衣",
    "message": "「我想让你再看一次，那时候的结衣」",
    "len": 1
  },
  {
    "name": "結衣",
    "message": "「这一次，是毫无保留的结衣……」",
    "len": 1
  },
  {
    "message": "结衣姐姐抓起我的手，按在了她自己的胸口上。",
    "len": 2
  },
  {
    "name": "結衣",
    "message": "「结衣的胸口感觉如何？很冰凉吧？」",
    "len": 2
  },
  {
    "name": "結衣",
    "message": "「听不到心跳的声音，也感受不到温热的呼吸，就像一尊雕像一样」",
    "len": 3
  },
  {
    "name": "結衣",
    "message": "「现在的结衣，就是被这样创造出来的……」",
    "len": 2
  },
  {
    "name": "樹",
    "message": "「没关系的，就算是钢铁在炽热的火焰中也会融化」",
    "len": 1
  },
  {
    "name": "結衣",
    "message": "「树……」",
    "len": 1
  },
  {
    "name": "樹",
    "message": "「我会好好看着结衣姐姐的……这样的话，我们就能合二为一了」",
    "len": 2
  },
  {
    "name": "結衣",
    "message": "「谢谢你，树。我就知道你会这么说」",
    "len": 2
  },
  {
    "name": "樹",
    "message": "「我也必须说出来……」",
    "len": 1
  },
  {
    "name": "樹",
    "message": "「结衣姐姐所在的这个「世界」，是最美丽的……」",
    "len": 2
  },
  {
    "name": "結衣",
    "message": "「这样真的好吗？那句话……！」",
    "len": 1
  },
  {
    "name": "樹",
    "message": "「没关系的，就算时间就此停止也无妨」",
    "len": 1
  },
  {
    "name": "結衣",
    "message": "「嗯……」",
    "len": 1
  },
  {
    "name": "結衣",
    "message": "「结衣也想一直在一起」",
    "len": 1
  },
  {
    "name": "樹",
    "message": "「结衣姐姐」",
    "len": 1
  },
  {
    "name": "結衣",
    "message": "「树…………」",
    "len": 1
  },
  {
    "message": "我们紧紧拥抱在一起。",
    "len": 1
  },
  {
    "name": "結衣",
    "message": "「嗯嗯，啾，嗯……哈啊，哈啊，啾，啊呜，嗯，哈啊，呜，啊啊，呃……」",
    "len": 2
  },
  {
    "name": "結衣",
    "message": "「啊、嗯、呜呜、好热、咕啾、啾……哈啊、哈啊、呜、嗯嗯、咕呜、啾、哈啊……」",
    "len": 2
  },
  {
    "name": "樹",
    "message": "「……哈啊、呃……」",
    "len": 1
  },
  {
    "message": "仅仅是轻轻地双唇相贴，就能感觉到彼此的体温急剧上升。",
    "len": 2
  },
  {
    "message": "全身都能感受到结衣姐姐柔软的肌肤和热度，我不由自主地加重了双臂的力道。",
    "len": 2
  },
  {
    "name": "結衣",
    "message": "「嗯咕啾、呼哈啊、哈啊、呼哈……啾呜、啾、咕、啾、啾、啊……」",
    "len": 2
  },
  {
    "name": "結衣",
    "message": "「啊嗯、啊、呼咕呜呜、哈啊、啾啾、呃……咕啾、呜啾、啾啵、嗯咕咕呜呜……！」",
    "len": 2
  },
  {
    "name": "樹",
    "message": "「嗯咕呜……」",
    "len": 1
  },
  {
    "message": "感觉嘴唇被用力吸吮，紧接着一条温热小巧的舌头蜿蜒着钻了进来。",
    "len": 2
  },
  {
    "name": "樹",
    "message": "「咕……嗯呜啾、啾哈啊、呜呜、嗯……结衣……姐……咕、啾啵、啾……」",
    "len": 2
  },
  {
    "name": "結衣",
    "message": "「啊呜呜、嗯嗯！啾、啊啊、树……呃…………嗯咕、啾、呜啾、哈、啊……」",
    "len": 2
  },
  {
    "name": "結衣",
    "message": "「嗯嗯、啊……哈啊、啾啵、咕啾……结衣、本想主导的说……」",
    "len": 2
  },
  {
    "name": "結衣",
    "message": "「……呃、嗯嗯！哈啊、哈呜、嗯嗯咕、啊……呣啾、啾、舌头、被缠住了……喂、别动得那么激烈……呃、嗯……」",
    "len": 3
  },
  {
    "name": "結衣",
    "message": "「咕呣、嗯咕呜！哈啊、啾哈啊……树、呣啾、啾啵、啾、啊……」",
    "len": 2
  },
  {
    "name": "結衣",
    "message": "「啊啊啊嗯、啊、呣、哈呣、嗯咕……啾、啾、呜呜、咳咳、咳咳……」",
    "len": 2
  },
  {
    "name": "結衣",
    "message": "「啊、嗯、喘不过气……呃、呣、咕、啊呜、呃……咕、树……我可不会输给你哦……！」",
    "len": 2
  },
  {
    "name": "樹",
    "message": "「嗯咕……！」",
    "len": 1
  },
  {
    "message": "脸颊内侧被搅动着，舌头被另一条舌头推挤吸吮般缠绕着，我也不由得屏住了呼吸。",
    "len": 2
  },
  {
    "message": "在口腔中，彼此的舌头互相追逐，唾液交换的淫靡声音开始回响。",
    "len": 2
  },
  {
    "name": "結衣",
    "message": "「树……啊、嗯、还要、还要……咕呣、啾、啾哈、呣、咕啾……」",
    "len": 2
  },
  {
    "name": "結衣",
    "message": "「啊、啊、好痒、嗯咕咕、呜……哈啊、啾啾、哈啊、嗯啾、啊、呣……」",
    "len": 2
  },
  {
    "name": "結衣",
    "message": "「……呃、呜呜！啊啊，进到最里面了……哈啊，唔咕，咳，咳咳，唔咕，啾呜！」",
    "len": 2
  },
  {
    "name": "樹",
    "message": "「啊、啊呜呜……」",
    "len": 1
  },
  {
    "message": "她紧紧按住我的脸，虽然痛苦地咳嗽着，却仍热情地吮吸着。",
    "len": 2
  },
  {
    "message": "我也不甘示弱，拉近了她小小的头。",
    "len": 1
  },
  {
    "name": "結衣",
    "message": "「呜、呜呜呜……唔咕！啾哈，啾啾，啊呜，啊，唔咕……」",
    "len": 2
  },
  {
    "name": "結衣",
    "message": "「啾，啊，树，嗯嗯嗯，呃，啊呜呜！呜、呜，啾，啾哈，啊，啊呜呜……」",
    "len": 2
  },
  {
    "name": "結衣",
    "message": "「啊，嗯，啊，这、这样的话……啾呼，啾，哈，啊，啾啾……」",
    "len": 2
  },
  {
    "name": "樹",
    "message": "「……哈、呃……」",
    "len": 1
  },
  {
    "name": "結衣",
    "message": "「呜，嗯！啾呜，啊，啊，看着吧，树…………呃，呜呜，嗯，啊，哈啊，嗯嗯，呃……！」",
    "len": 2
  }
]