[
  {
    "name": "ギズモ",
    "message": "「树，快点，快点！！我忍不住了……啊，啊，啊啊……」",
    "len": 2
  },
  {
    "name": "ギズモ",
    "message": "「这个姿势，姬子猫好热……嗯嗯嗯，忍不住了，啊啊啊……！」",
    "len": 2
  },
  {
    "name": "樹",
    "message": "「那好吧，放松点」",
    "len": 1
  },
  {
    "name": "ギズモ",
    "message": "「嗯嗯，啊，嗯，啊，啊呜……哈，哈啊，哈啊，呐呼呜……呜呜……」",
    "len": 2
  },
  {
    "message": "她翘起小屁股，四肢着地地恳求着。",
    "len": 2
  },
  {
    "name": "ギズモ",
    "message": "「呐啊，啊啊，哈啊，哈啊，哈啊……呜呜，喵啊啊啊～……嗯，啊啊咪呜呜……」",
    "len": 2
  },
  {
    "message": "我一睁开眼睛，她就跳起来扑到了我身上。",
    "len": 2
  },
  {
    "name": "ギズモ",
    "message": "「要和树做……想和树做，呐，嗯嗯，呜呢呜呜……」",
    "len": 2
  },
  {
    "name": "ギズモ",
    "message": "「啊，啊啊，再多，再进来点……嗯嗯嗯嗯，呐啊，哈啊，哈啊，啊啊，呜呐……」",
    "len": 2
  },
  {
    "message": "我抓住她那保留着猫时期特征的纤细柔软的下半身，慢慢地插了进去。",
    "len": 2
  },
  {
    "name": "ギズモ",
    "message": "「嗯嗯嗯咕，进来了，嗯呜，呜！树，进来了！一点一点地，进来了……」",
    "len": 2
  },
  {
    "name": "ギズモ",
    "message": "「哈啊，呼哈啊，哈啊，树……啊呜，啊啊，姬子猫里面，好热……又热又黏糊糊的……嗯呜！」",
    "len": 3
  },
  {
    "name": "ギズモ",
    "message": "「呀，呜呜！啊呜呜，再多，进来点……想要，再进来点……啊，嗯，啊啊……」",
    "len": 2
  },
  {
    "name": "ギズモ",
    "message": "「啊嗯！咕呜，啊呜呜，再多……树，再多，再多，想要更多的树……想要，更多的树！啊呜，嗯咕！」",
    "len": 3
  },
  {
    "name": "樹",
    "message": "「好，放松点，别紧张……」",
    "len": 1
  },
  {
    "name": "ギズモ",
    "message": "「嗯，呜呜呜呜呜……」",
    "len": 1
  },
  {
    "message": "因为正处于发情期，即使是第一次体验也不会感到疼痛吗。",
    "len": 2
  },
  {
    "message": "姬子猫的小穴内部已经完全变得又热又软，此刻还在不断分泌着爱液，虽然有些紧，但还是顺畅地吞入了我的肉棒。",
    "len": 3
  },
  {
    "name": "樹",
    "message": "「呜啊……」",
    "len": 1
  },
  {
    "name": "ギズモ",
    "message": "「啊……呐…………」",
    "len": 1
  },
  {
    "name": "ギズモ",
    "message": "「啊啊啊啊啊！嗯唔，呜呜，咕呜！哈啊，呼哈啊，哈啊，好多……进来了好多……嗯咕！」",
    "len": 3
  },
  {
    "name": "ギズモ",
    "message": "「呀，啊呜呜，肚子里面，好满！姬子猫里面，好满……被树，填得好满……」",
    "len": 2
  },
  {
    "name": "ギズモ",
    "message": "「哈啊，哈啊，啊呜呜，嗯咕，啊，啊哈啊……哈，啊，啊，好舒服……进到最里面了，呀啊，啊，啊呜……」",
    "len": 3
  },
  {
    "name": "ギズモ",
    "message": "「嗯啊，啊，啊，啊啊，啊呜，嗯！树……树，嗯呜，呜呜……！」",
    "len": 2
  },
  {
    "name": "樹",
    "message": "「呃……」",
    "len": 1
  },
  {
    "message": "含住我那物的姬子猫的内部，仿佛在颤抖般地痉挛起来，湿润而沉重。",
    "len": 2
  },
  {
    "name": "ギズモ",
    "message": "「呼哈啊，哈，哈啊，好舒，服……咿，啊，嗯，啊，啊嘿，呀啊啊……！」",
    "len": 2
  },
  {
    "name": "ギズモ",
    "message": "「肚子里面……一直到胸口，都好舒，舒服啊……一点点地，麻麻的，呀，咪呜……」",
    "len": 2
  },
  {
    "name": "ギズモ",
    "message": "「哈啊，哈，嗯哈啊，哈，啊呜呜，啊！身体，在颤抖啊，啊，啊，呜哈啊！」",
    "len": 2
  },
  {
    "name": "ギズモ",
    "message": "「嗯咕呜，啊，啊哈啊，啊，嗯！树，动一动，呜，呜，动一动啊啊！」",
    "len": 2
  },
  {
    "message": "不知是与生俱来的本能还是什么，即便是从未经历过这种事，她也主动积极地索求着繁衍所需的抽插运动。",
    "len": 2
  },
  {
    "message": "仅仅是被插入就已经感受深刻，从湿漉漉的身体深处涌出更多滚烫的爱液。",
    "len": 3
  },
  {
    "name": "樹",
    "message": "「那么，我要开始了……如果疼的话，我会立刻停下来的」",
    "len": 2
  },
  {
    "name": "ギズモ",
    "message": "「嗯嗯……姬子猫，不疼，呜，呜……哈，呼，不疼，没关系……」",
    "len": 2
  },
  {
    "name": "ギズモ",
    "message": "「啊，啊呜，树……呜，嗯，啊，啊……啊呜！啊，哈，哈啊，啊，嗯！」",
    "len": 2
  },
  {
    "name": "ギズモ",
    "message": "「……哈呜，嗯！啊，啊啊，啊，嗯呜！呜，嗯，感觉，呀，要溢出来了……！」",
    "len": 3
  },
  {
    "name": "ギズモ",
    "message": "「感觉，好棒，呜！哈，哈啊，啊，啊，嗯嗯嗯，啊！」",
    "len": 2
  },
  {
    "name": "ギズモ",
    "message": "「呜，呜呜呜，啊，啊，啊嗯，呀，哈啊，……嗯！再多，再多，嗯，再多点！树，我喜欢树，树……」",
    "len": 3
  },
  {
    "name": "ギズモ",
    "message": "「……哈啊，哈，啊呼，啊，嗯，啊……啊呼……好热……头晕乎乎的……什么……啊，啊，啊啊哈，啊，嗯，啊啊啊……！」",
    "len": 3
  },
  {
    "message": "随着粘稠的肉体碰撞声响起，姬子猫的腰肢开始前后摇摆，仿佛在渴求着我。",
    "len": 2
  },
  {
    "message": "尽管被她小穴的弹性强烈推挤着，我仍然继续不断地深入抽插着。",
    "len": 2
  },
  {
    "name": "ギズモ",
    "message": "「哈，哈，呀，嗯！啊，呼，身体在扑通扑通地跳……什，嗯，啊，呐啊！」",
    "len": 2
  },
  {
    "name": "ギズモ",
    "message": "「好大，好重，好热，嗯！啊，啊呼……哈，嘶哈，啊，嗯，树，嗯，咕！呜呜，啊，哈，感觉，真好……」",
    "len": 3
  },
  {
    "name": "ギズモ",
    "message": "「……呀呜！再多，再多，呜！好热，汗水都出来了，哈，哈呼……」",
    "len": 2
  },
  {
    "name": "ギズモ",
    "message": "「嗯嗯嗯，嗯嗯……嗯，咕！呀，哈，啊，呼哈，啊，啊啊啊……树……嘶，感觉，真舒服……」",
    "len": 3
  },
  {
    "name": "ギズモ",
    "message": "「……嗯咕！咕，还想要更多！做，做，嗯，嗯，哈呼，啊，啊……」",
    "len": 2
  },
  {
    "name": "ギズモ",
    "message": "「咕，呐！呜，啊，嗯，啊呜，呜！哈啊啊……啊，啊，树，再多……」",
    "len": 2
  },
  {
    "name": "ギズモ",
    "message": "「呀，啊！呐，啊，啊，树，树……树，感觉，舒服吗？」",
    "len": 2
  },
  {
    "name": "ギズモ",
    "message": "「姬子猫，姬子猫感觉非常……舒……哈呐，啊，嗯！啊呐啊啊啊……！」",
    "len": 2
  },
  {
    "message": "我从后面覆盖在她娇小的身体上，逐渐加快了速度。",
    "len": 2
  },
  {
    "message": "姬子猫的下半身开始剧烈颤抖，她浑身是汗，一次又一次地朝我撞来。",
    "len": 2
  },
  {
    "name": "樹",
    "message": "「姬子猫，你不用自己动了……」",
    "len": 1
  },
  {
    "name": "ギズモ",
    "message": "「呀，啊，呜，自己，动起来了……啊，嗯，姬子猫的身体，在动……！」",
    "len": 2
  },
  {
    "name": "ギズモ",
    "message": "「呐，啊，哈，哈，呜，呀！呼，呼哈，啊，啊，啊……嗯，啊！」",
    "len": 2
  },
  {
    "name": "ギズモ",
    "message": "「树……树，呜，嗯嗯，啊啊，啊！呜呜呜，嗯嗯，呜，啊，喵！」",
    "len": 2
  },
  {
    "name": "ギズモ",
    "message": "「啊，啊，啊，已经，不行……了……咕，哈，啊，嗯，啊，啊，啊啊……呜！」",
    "len": 2
  },
  {
    "name": "ギズモ",
    "message": "「嗯啊啊啊！感觉，好，好舒服啊！啊，啊，啊……嗯，呐，啊，啊嗯！」",
    "len": 2
  },
  {
    "name": "ギズモ",
    "message": "「咕，咕呜，哈，哈，啊呐……不知道的，感觉……奇怪的，东西，在肚子里面……」",
    "len": 3
  },
  {
    "name": "ギズモ",
    "message": "「呜咕！啊呜呜，呜呜，哈，啊，嗯呐！呐，啊，啊啊，呀，啊……啊，咕！」",
    "len": 2
  },
  {
    "name": "樹",
    "message": "「姬子猫，要去了……吧……没关系，去吧，姬子猫……」",
    "len": 2
  },
  {
    "name": "ギズモ",
    "message": "「呜啊……要，去了……要，去了吗？嗯，嗯嗯，啊，哈，啊啊……」",
    "len": 2
  },
  {
    "name": "樹",
    "message": "「感觉很舒服，达到最高潮，就叫做去了……嗯，哈啊，哈啊，呜，咕……！」",
    "len": 2
  },
  {
    "name": "ギズモ",
    "message": "「呀啊！要去了……不，呜呜呜！啊呜，我懂了，去了，我懂了……」",
    "len": 2
  },
  {
    "name": "ギズモ",
    "message": "「咕，咕呜呜，啊，啊呜，树进来的地方，感觉麻麻的……但是，好舒服……！」",
    "len": 2
  },
  {
    "name": "ギズモ",
    "message": "「咕，咕呜，嗯嗯，啊，哈，哈啊，啊啊啊！呜，喵呜，啊，嗯嗯，啊，哈，呜呜！」",
    "len": 2
  },
  {
    "name": "ギズモ",
    "message": "「呐啊，啊，啊啊啊……嗯嗯！呀，啊呜！啊咕呜！呐啊，啊，嗯，呐，啊啊哈啊！」",
    "len": 2
  },
  {
    "message": "她的爪子几乎要抓破床单，全身紧绷着摆动臀部，胸部也随之晃动。",
    "len": 2
  },
  {
    "message": "我就这样，强烈而大幅度地前后动作着。",
    "len": 1
  },
  {
    "name": "樹",
    "message": "「……我也要，去了，啊……」",
    "len": 1
  },
  {
    "name": "ギズモ",
    "message": "「哈呐啊啊啊！啊呜，啊，啊，喵呜！呜咕，呜，好舒服，嗯，啊，呐啊……」",
    "len": 4
  },
  {
    "name": "ギズモ",
    "message": "「哈啊，啊啊啊！啊，啊，呜，咕！嘶，呜呜，树的，好大……又大又热，感觉，嘶……咕！」",
    "len": 3
  },
  {
    "name": "ギズモ",
    "message": "「嗯呜，呜呜！啊，要，去……呀，呜……呜咕！啊咪，咪，嗯，呐，啊，啊……」",
    "len": 2
  },
  {
    "name": "ギズモ",
    "message": "「哈啊啊啊，啊啊啊啊……嗯！啊呼呜！哈啊，哈，呐，啊，咕，哈，啊啊啊……嗯！」",
    "len": 2
  },
  {
    "message": "随着高潮的到来，我的下腹部也开始颤抖，不断撞击着姬子猫柔软腹部深处那突然隆起的部位。",
    "len": 3
  },
  {
    "name": "ギズモ",
    "message": "「呐啊啊啊啊！啊，啊啊，呜，哈啊！有什么，进来了……啊，咪呜呜！」",
    "len": 6
  },
  {
    "name": "ギズモ",
    "message": "「姬子猫里面，好热……水，有水进来了！嗯嗯，呐，啊啊，呐，啊，呜！」",
    "len": 2
  },
  {
    "name": "ギズモ",
    "message": "「呀，哈啊，哈，还在，出来……又热又有力……出了好多！」",
    "len": 2
  },
  {
    "name": "ギズモ",
    "message": "「呀，啊啊，呐，呐啊……啊啊啊……！树……树也，去了，吗？」",
    "len": 2
  },
  {
    "name": "ギズモ",
    "message": "「嗯，咕呜，啊，啊呼，树……树……啊呜，啊呜，去，了……」",
    "len": 2
  },
  {
    "name": "ギズモ",
    "message": "「嘶，咕，嗯，呐，呜呜，呜，嗯！啊，啊，啊……呀，呐啊，嗯啊呜！」",
    "len": 2
  },
  {
    "name": "樹",
    "message": "「哈啊，哈啊，嗯……哈啊，哈啊……」",
    "len": 1
  },
  {
    "name": "樹",
    "message": "「姬子猫，你没事吧？没有哪里疼吗……？」",
    "len": 2
  },
  {
    "name": "樹",
    "message": "「来，我们休息一下吧。姬子猫，我抱着你，你睡一会儿……」",
    "len": 2
  },
  {
    "name": "ギズモ",
    "message": "「嗯，嗯嗯嗯，哈啊，哈啊，哈，嗯……」",
    "len": 1
  },
  {
    "name": "ギズモ",
    "message": "「树……要把树，弄干净……」",
    "len": 1
  },
  {
    "name": "樹",
    "message": "「……啊？」",
    "len": 1
  },
  {
    "name": "樹",
    "message": "「啊，嗯……」",
    "len": 1
  },
  {
    "name": "ギズモ",
    "message": "「要把树，弄干净……！」",
    "len": 1
  },
  {
    "name": "ギズモ",
    "message": "「树的，黏糊糊的……湿漉漉的，脏兮兮的……」",
    "len": 2
  },
  {
    "name": "ギズモ",
    "message": "「要弄干净！姬子猫要，把树的……把树的，弄干净……嗯嗯嗯，呜！」",
    "len": 2
  },
  {
    "name": "ギズモ",
    "message": "「哈啊，哈，哈啊，树……嗯，咕咕，咕，树，呜，咕，咕呜！」",
    "len": 2
  },
  {
    "name": "ギズモ",
    "message": "「嗯咕啾，啾，啾呜，啾，啾……啾啪，啾，嗯咕啾，啾，啾！」",
    "len": 2
  },
  {
    "name": "ギズモ",
    "message": "「哈姆，啊姆呜……白色的液体，好多……还在，黏糊糊地，流出来……」",
    "len": 2
  },
  {
    "name": "ギズモ",
    "message": "「……呜，啾，啾，啾，咕啾，嗯……啾啵，啾，咕，咕嗯，咕……」",
    "len": 2
  },
  {
    "name": "ギズモ",
    "message": "「嗯嗯嗯嗯嗯，啾，啾，啾，啾呜！哈，哈啊，啾啵，啾啾，咕，啾！」",
    "len": 2
  },
  {
    "name": "ギズモ",
    "message": "「嗯嗯，咕，咕，咕嗯！噗哈，啾，啾布，啾，啊，嗯……」",
    "len": 2
  },
  {
    "name": "ギズモ",
    "message": "「呀啊，哈啊，啾咕，啾，啾啵，呜……咕咕，咕嗯，咕，噗哈，咕……」",
    "len": 2
  },
  {
    "name": "樹",
    "message": "「姬子猫……不，不用了…………呜，哈啊，啊，呜，啊，呜……」",
    "len": 2
  },
  {
    "message": "明明应该已经筋疲力尽了，却被那可爱的嘴唇吸吮着，舌头缠绕着，喉咙发出声响，又再次勃起了。",
    "len": 3
  },
  {
    "name": "ギズモ",
    "message": "「嗯啾啵，啾啵，啾，啾，啊咧，咧……哈咕，咳咳，咳咳！呜呜，咕，啾布……」",
    "len": 2
  },
  {
    "name": "ギズモ",
    "message": "「树的，又，变大了……嗯嗯嗯，是不是又要出来了呢？啊，嗯，啊啊……」",
    "len": 2
  },
  {
    "name": "ギズモ",
    "message": "「呜咕啾，啾噗，啾啾，啾哈，呜咕！嗯咕咕咕咕咕……啾，啾，嗯咕，呜呜！」",
    "len": 2
  },
  {
    "message": "发出咕叽咕叽的粘稠声响，激烈地吸吮着。",
    "len": 1
  },
  {
    "name": "樹",
    "message": "「哈……」",
    "len": 1
  },
  {
    "message": "我的肉棒还残留着快感的余韵，虽然缓慢但核心部分逐渐变硬了。",
    "len": 2
  },
  {
    "name": "ギズモ",
    "message": "「嗯啾咕咕，啊咪呜，呜咕，呜咕……咕，啾呜嗯，啾啵，喵，啊啊啊！」",
    "len": 2
  },
  {
    "name": "ギズモ",
    "message": "「呐呜嗯！啊，哈，哈啊，呜咕，咕！啾啵，啾啾，咕啾，呜啾咕呜！」",
    "len": 2
  },
  {
    "name": "ギズモ",
    "message": "「啊，嗯……把它弄干净……啊噗啾……啾啵，啾啾，呜噗，噗啾，啾噗！」",
    "len": 2
  },
  {
    "name": "ギズモ",
    "message": "「啊，哈……呀，啊，，啊，啾，呜！呜呐啊，啊，啊，啊……嗯咕噗呜呜呜！」",
    "len": 2
  },
  {
    "name": "樹",
    "message": "「呜哈啊……」",
    "len": 1
  },
  {
    "name": "ギズモ",
    "message": "「啊呜啾！呜、咕！嗯嗯、呀、呜呜！哈、哈啊、啊嗯、啊咕、啾、咕嗯！」",
    "len": 4
  },
  {
    "message": "两人同时发出了类似悲鸣的声音。",
    "len": 1
  },
  {
    "message": "深处残留的精液喷射出浓稠的液体。",
    "len": 1
  },
  {
    "name": "ギズモ",
    "message": "「呜咕呜、嗯嗯、哈啊、哈呜、啊、哈、啊啊……嗯、、咕、咕、咕、嗯咕、咕、……」",
    "len": 2
  },
  {
    "name": "樹",
    "message": "「咕、……」",
    "len": 1
  },
  {
    "name": "ギズモ",
    "message": "「咕、咕、咕嗯、舔舔、啾！啾啵、啊、啊、啾、啾、舔、嗯……」",
    "len": 2
  },
  {
    "name": "ギズモ",
    "message": "「咕咕、啾啾、啾啵、咕、嗯咕！咕、嗯……哈呜、好热、好苦……啾、啾呜、咕、嗯咕呜呜呜…………」",
    "len": 3
  },
  {
    "name": "ギズモ",
    "message": "「咕呜呜、啾啵、啾呜呜、嗯、啪……舔、舔、嗯嗯、咕咕、咕嗯！」",
    "len": 2
  },
  {
    "message": "姬子猫扭动着舌头，紧紧收缩口腔，发出咕噜一声巨大的吞咽声。",
    "len": 2
  },
  {
    "name": "ギズモ",
    "message": "「呼、呜呜呜……哈啊、哈啊、、哈啊、哈……」",
    "len": 2
  },
  {
    "name": "ギズモ",
    "message": "「树的，好苦……又苦又黏……咳、咳咳，卡在喉咙里了……呜咕……」",
    "len": 2
  },
  {
    "name": "ギズモ",
    "message": "「咳咳咳、咳咳、嗯嗯、哈啊、呜呜……嗯、呃、呜、哈、哈啊、啊、呼哈啊……」",
    "len": 2
  },
  {
    "name": "ギズモ",
    "message": "「咽下去了！！姬子猫，把树射出的水，咽下去了！嗯，树，舒服的话，会射出更多吗？」",
    "len": 2
  },
  {
    "name": "ギズモ",
    "message": "「嘿嘿嘿……姬子猫也是，舒服的话，下面就会流水……嗯，呜呜……哈啊，哈啊，树……」",
    "len": 2
  },
  {
    "name": "樹",
    "message": "「啊啊，谢谢你，姬子猫。这种液体，叫做精液哦。姬子猫的水，是爱液……」",
    "len": 3
  },
  {
    "name": "ギズモ",
    "message": "「精液……爱……液…………」",
    "len": 2
  },
  {
    "message": "虽然有些犹豫是否该教她这些词，但我还是微笑着。",
    "len": 2
  },
  {
    "name": "ギズモ",
    "message": "「喵！姬子猫，喜欢树！树也，喜欢……姬子猫吗？」",
    "len": 3
  },
  {
    "name": "樹",
    "message": "「嗯，喜欢哦。我喜欢姬子猫，姬子猫喜欢我」",
    "len": 2
  },
  {
    "name": "ギズモ",
    "message": "「喵嘿嘿嘿嘿嘿……嘿嘿，嘿嘿……喵呜呜，咕噜咕噜，咕噜咕噜～……」",
    "len": 2
  },
  {
    "name": "ギズモ",
    "message": "「嗯、啊、咕噜咕噜咕噜、咕噜咕噜……嗯嗯嗯……呼啊、啊……嗯、啊啊啊啊……」",
    "len": 2
  },
  {
    "message": "我们已经是那种关系了。不教她反而可能会出问题。",
    "len": 2
  },
  {
    "name": "ギズモ",
    "message": "「喵～……嗯、嗯、啊啊……」",
    "len": 1
  },
  {
    "message": "她高兴地叫出声来。",
    "len": 1
  },
  {
    "message": "我想从现在开始，教给姬子猫更多更多的事情。",
    "len": 2
  },
  {
    "name": "樹",
    "message": "「姬子猫」",
    "len": 1
  },
  {
    "name": "ギズモ",
    "message": "「喵？什～么？」",
    "len": 1
  },
  {
    "name": "樹",
    "message": "「谢谢你帮我清理干净。这次轮到我来帮姬子猫清理了哦」",
    "len": 2
  },
  {
    "name": "ギズモ",
    "message": "「……嗯……嗯嗯嗯？」",
    "len": 1
  }
]