[
  {
    "name": "樹",
    "message": "「休息一下吧。来，如果冷的话就坐在我腿上……」",
    "len": 2
  },
  {
    "name": "結衣",
    "message": "「树，躺下」",
    "len": 1
  },
  {
    "name": "樹",
    "message": "「啊？」",
    "len": 1
  },
  {
    "name": "結衣",
    "message": "「躺在地上。剩下的，就交给结衣来做」",
    "len": 2
  },
  {
    "name": "樹",
    "message": "「诶？」",
    "len": 1
  },
  {
    "name": "結衣",
    "message": "「快点……呃，啾，啵，啾……噗啾，嗯嗯，呜咕咕，啾，啾，嗯……」",
    "len": 2
  },
  {
    "message": "伴随着啾噗的声音，那形状姣好的嘴唇松开了含住的男根。",
    "len": 2
  },
  {
    "name": "結衣",
    "message": "「啊啊啊……！哈啊，啊，嗯，啊，呃，呜呜……！」",
    "len": 2
  },
  {
    "name": "樹",
    "message": "「哇……！」",
    "len": 1
  },
  {
    "name": "結衣",
    "message": "「啊啊，进来了，呜咕，呜……来，再一次，好好硬起来……」",
    "len": 2
  },
  {
    "name": "結衣",
    "message": "「呃、唔、呜呜，前端，还挺粗的不太好进去啊……嗯、嗯，如果能进到那个凹陷的地方，后面就简单了……是吗？」",
    "len": 3
  },
  {
    "name": "結衣",
    "message": "「哈啊，啊啊，嗯啊，一直插到，最里面……呜呜呜，唔，结衣的，是不是太紧了？要不要，再张开一点……呢？」",
    "len": 3
  },
  {
    "name": "結衣",
    "message": "「啊，呜啊……你看，慢慢地，变硬了……唔、唔，好，你只要躺着就行了……」",
    "len": 2
  },
  {
    "name": "結衣",
    "message": "「嗯嗯！啊嗯，哈，哈啊，还是，只进去了前端吗？呜，啊，我、我慢慢地插进去……」",
    "len": 4
  },
  {
    "message": "她一边反复问着问题，一边摇动着腰部，尽管很生疏却还是试图掌握主导权，将小穴口对准了那里。",
    "len": 2
  },
  {
    "name": "樹",
    "message": "「……唔……」",
    "len": 1
  },
  {
    "name": "結衣",
    "message": "「啊……嗯嗯，哈，哈啊，呀，就这样往下……坐就行了吗？啊，嗯，啊，啊……」",
    "len": 2
  },
  {
    "name": "結衣",
    "message": "「哈啊，呜咕咕，嗯嗯，啊，嗯，啊，呃，啊！一边滑下去，一边进入了……呜哈啊……」",
    "len": 2
  },
  {
    "message": "我也保持仰卧的姿势，移动着下半身，想要配合她的动作。",
    "len": 2
  },
  {
    "name": "樹",
    "message": "「啊，唔……结衣姐里面，好紧啊……」",
    "len": 1
  },
  {
    "name": "結衣",
    "message": "「这、这是当然的，啊，毕竟是第一次嘛……！呜、呜呃，啊，嗯，哈、哈啊……」",
    "len": 2
  },
  {
    "name": "結衣",
    "message": "「越来越深入了……呜、呜呜！好热，好硬，刺进了结衣的缝隙里……」",
    "len": 2
  },
  {
    "name": "結衣",
    "message": "「……嗯嗯！啊啊，啊呜呜，呜，啊，嗯！呀，呀呜呜，哈啊，啊，啊……啊……呀啊啊啊！啊呼呜，啊，别动……！」",
    "len": 3
  },
  {
    "name": "樹",
    "message": "「……呃……」",
    "len": 1
  },
  {
    "name": "結衣",
    "message": "「啊，嗯！呜啊啊，啊，呀，啊啊嗯！啊呜！突然，一下子到最里面……呜，呜呜！」",
    "len": 2
  },
  {
    "name": "結衣",
    "message": "「树……不、不是让你别动吗！居然自己主动……刺穿结衣……结衣的里面……啊啊！」",
    "len": 2
  },
  {
    "name": "結衣",
    "message": "「不行，呜，请你别动……呜呜！你一动，就会突然进来，呀，呜……」",
    "len": 2
  },
  {
    "name": "結衣",
    "message": "「……呜，啊啊，啊，嗯，啊，好痛……肚子里面，感觉被刺穿了……呜！」",
    "len": 2
  },
  {
    "name": "結衣",
    "message": "「呜，呜呜呜，哈啊，哈啊，越来越深入……被强行撑开，还在……还在不断地进入……呜呜，啊，嗯嗯呜！」",
    "len": 3
  },
  {
    "name": "結衣",
    "message": "「啊，啊呼呜，哈啊，还没，全部进去吧？大概……一半吗？」",
    "len": 2
  },
  {
    "name": "樹",
    "message": "「等等，结衣姐真的没问题吗？如果痛的话，要不休息一下……对了，我来在上面慢慢来……」",
    "len": 3
  },
  {
    "name": "結衣",
    "message": "「拒绝！！」",
    "len": 1
  },
  {
    "name": "樹",
    "message": "「别这么倔强嘛……」",
    "len": 1
  },
  {
    "name": "結衣",
    "message": "「我才没有倔强呢。结衣只是想这样做才这样做的……」",
    "len": 2
  },
  {
    "name": "結衣",
    "message": "「只要树不动，结衣就能按自己的节奏插入……唔，呜呜，哈啊，哈啊，虽然有点慢，但请等等我……啊，嗯，啊，啊嗯……」",
    "len": 3
  },
  {
    "name": "結衣",
    "message": "「……唔，呜，给我老实点……这、这样放低腰，直直地沉下去就行了……应该……」",
    "len": 3
  },
  {
    "name": "結衣",
    "message": "「嗯嗯嗯，呜，呜呜，对，就这样往下……往下，像是坠落一样，放松力量……的话……」",
    "len": 2
  },
  {
    "name": "結衣",
    "message": "「呜咕呜，啊，哈嘶，好棒，啊，痛……嗯！啊，呜，滑溜溜地，一边滑动一边被挤入…………呀，啊，啊，啊，呀，啊啊啊……！」",
    "len": 3
  },
  {
    "name": "樹",
    "message": "「哈啊……！」",
    "len": 1
  },
  {
    "message": "虽然一直在说话，但可能是因为持续紧张，双腿一直绷得紧紧的，在呼出一口气的瞬间姿势崩塌了，未经人事的裂缝噗嗤一声覆盖在了肉棒上。",
    "len": 3
  },
  {
    "message": "撑开小穴口的手指和瘫软的双腿都在剧烈颤抖。",
    "len": 2
  },
  {
    "name": "樹",
    "message": "「我、我可没动啊……！」",
    "len": 1
  },
  {
    "name": "結衣",
    "message": "「呀啊、啊啊！滑了一下，腰、……屁、屁股掉下去了，呀、啊、啊、啊啊啊！」",
    "len": 4
  },
  {
    "name": "結衣",
    "message": "「呜、呃！嘶、哈、啊啊、不行……突然、进来的话，结衣……会……！」",
    "len": 3
  },
  {
    "message": "结衣姐那光滑的肌肤上缠绕着长发，她仰望夜空大声叫喊着。",
    "len": 2
  },
  {
    "name": "結衣",
    "message": "「啊啊啊、嗯、啊啊呜呜！进来、了……直到最深处，直到根部……」",
    "len": 2
  },
  {
    "name": "結衣",
    "message": "「呜嗯、啊、啊、好厉害、被刺穿了……呜、啊啊、啊啊、好痛、呃、呜！」",
    "len": 2
  },
  {
    "name": "結衣",
    "message": "「感觉要被撕裂了，肚子里面都、被深深贯穿了……嘶、啊、啊啊！」",
    "len": 2
  },
  {
    "name": "結衣",
    "message": "「呜呜、呃呜、啊、嗯、啊、呀啊啊……啊、啊、哈啊、啊、啊嗯、呃、啊呜呜！」",
    "len": 2
  },
  {
    "name": "結衣",
    "message": "「呜呜……是、是不是全部进去了……？树的肚子，碰到结衣这里了……所以……啊、嗯、啊、哈啊、哈啊、啊啊……」",
    "len": 3
  },
  {
    "message": "我们的结合处，汗湿的肌肤紧密地贴合在一起。",
    "len": 2
  },
  {
    "name": "結衣",
    "message": "「好、好吧，我要动了……哈、哈、啊、啊啊……上下反向活塞运动，左右旋转收紧，嗯、呜，我要做各种各样的动作……」",
    "len": 3
  },
  {
    "name": "結衣",
    "message": "「哈、呼、哈、哈、呼哈、啊、啊…………嗯啊啊、呜呜！呀、啊、呃、嗯！」",
    "len": 2
  },
  {
    "name": "樹",
    "message": "「……但是，很痛吧？我会慢慢动的，你就保持不动就好……」",
    "len": 2
  },
  {
    "name": "結衣",
    "message": "「……啊！啊呜、呜呜、哈、哈、！呜、呃、嗯、哈、啊、啊啊、啊、嗯！」",
    "len": 2
  },
  {
    "name": "結衣",
    "message": "「呜呜呜、啊呜！又硬又大，嗯嗯，一放松就会滑出去……呃、可能、进不去……全部……啊、……」",
    "len": 3
  },
  {
    "name": "結衣",
    "message": "「啊、啊、哈、哈、结衣的里面，被撑开了……嗯嗯嗯，不知道、能撑开到……什么程度呢……」",
    "len": 2
  },
  {
    "name": "結衣",
    "message": "「啊呜呜、嗯嗯！呀、啊、啊、啊、呃！……嗯呜、呜呃、痛……啊、啊啊……」",
    "len": 2
  },
  {
    "name": "樹",
    "message": "「结衣姐，你也稍微听听我说的……」",
    "len": 1
  },
  {
    "name": "結衣",
    "message": "「但是，没关系……」",
    "len": 1
  },
  {
    "name": "樹",
    "message": "「……啊？」",
    "len": 1
  },
  {
    "name": "結衣",
    "message": "「嗯嗯……像被撕裂般的疼痛，只要一直动着就会慢慢减轻……的哦……」",
    "len": 2
  },
  {
    "name": "結衣",
    "message": "「呜、呜呜，一动起来，爱液就渗出来了……为了保护柔软的粘膜，分泌出了爱液……」",
    "len": 2
  },
  {
    "name": "結衣",
    "message": "「疼痛慢慢地、缓解下来了哦……你、知道吗？啊、嗯、哈、哈啊……」",
    "len": 2
  },
  {
    "name": "樹",
    "message": "「但是，还是很痛吧？」",
    "len": 1
  },
  {
    "name": "結衣",
    "message": "「没事的！！不、不痛……结衣，一点都不痛……！」",
    "len": 2
  },
  {
    "name": "結衣",
    "message": "「呜、呜！嗯、嗯、啊、呀……呜啊啊！啊呜呜呜呜、呼哈啊、嗯呜！」",
    "len": 2
  },
  {
    "name": "結衣",
    "message": "「哈、哈啊、哈啊、嗯、好热……肚子深处都热热的，咕噜咕噜，冲击感……」",
    "len": 2
  },
  {
    "name": "結衣",
    "message": "「啊呜呜呜！哈嗯、哈啊、再多、动一点的话……呜、动起来的话，爱液就会不断溢出…………嗯嗯呜！啊、啊、呃、呜！」",
    "len": 3
  },
  {
    "name": "結衣",
    "message": "「哈啊、哈、啊、怎么样，树……舒服吗？啊、嗯、啊、啊啊……」",
    "len": 2
  },
  {
    "name": "樹",
    "message": "「啊啊，很舒服，被紧紧地包裹着……摩擦着，彼此都变湿了……吧」",
    "len": 2
  },
  {
    "name": "樹",
    "message": "「但是如果结衣姐姐觉得痛的话，再慢一点也……」",
    "len": 2
  },
  {
    "name": "結衣",
    "message": "「嗯嗯，结、结衣也是……结衣也，很舒服……虽然还有点痛，但已经变得顺滑多了……」",
    "len": 2
  },
  {
    "name": "結衣",
    "message": "「嗯呜，呜呜，呜，哈，啊，啊，啊啊……屁股也，使上了力，啊，啊，在不停地抽搐……啊啊！」",
    "len": 3
  },
  {
    "name": "結衣",
    "message": "「呼哈啊，啊，啊啊，即使不动，里面也在，动着……小穴壁在痉挛……」",
    "len": 2
  },
  {
    "name": "結衣",
    "message": "「啊，啊，啊……嗯哈啊，哈呜，啊，啊，嗯……啊啊，变热了，麻麻的，渐渐地……」",
    "len": 2
  },
  {
    "name": "結衣",
    "message": "「呜，呜，嗯，呜呜，呜，啊，啊，啊……呼，哈啊啊啊！啊呜，呜，啊啊啊啊！」",
    "len": 2
  },
  {
    "message": "被紧紧缠绕，仿佛要抓住似的媚肉摩擦着，我也忍不住了。",
    "len": 2
  },
  {
    "message": "反正，不管我忍不忍，结衣姐姐都会按照自己的意愿继续下去。",
    "len": 2
  },
  {
    "name": "樹",
    "message": "「哈，哈啊，哈，啊，哈，哈啊……！」",
    "len": 1
  },
  {
    "name": "結衣",
    "message": "「呃啊啊！啊、啊、被不断顶上去！呜、呜呜，深深地插到了最里面……」",
    "len": 3
  },
  {
    "name": "結衣",
    "message": "「呀、呜呜！啊哈啊，啊、嗯、啊、啊啊！呜、嗯、呼哈啊、啊、啊、嗯、啊、啊啊啊……！」",
    "len": 2
  },
  {
    "message": "我从下面用力顶弄，她轻盈的身体就像羽毛一样弹跳起来。",
    "len": 2
  },
  {
    "name": "結衣",
    "message": "「啊啊、嗯、哈啊！疼痛、渐渐消失了，嗯嗯、啊、手、手在发抖……呜呜！脚、脚也在颤抖……」",
    "len": 3
  },
  {
    "name": "結衣",
    "message": "「啊啊……从深处，不断分泌出来……好热……黏稠的液体，渗出来了……」",
    "len": 2
  },
  {
    "name": "結衣",
    "message": "「……嗯、嗯嗯嗯！呜、啊、啊啊……嗯嗯，子宫、被撞击着呢……」",
    "len": 2
  },
  {
    "name": "結衣",
    "message": "「呜、呜呜，感觉太直接了……树的、触感……直接深入结衣身体的最深处……」",
    "len": 2
  },
  {
    "name": "結衣",
    "message": "「啊、啊、啊、啊、嗯嗯！呜哈啊、哈啊、啊、啊啊……嗯啊啊呜！」",
    "len": 2
  },
  {
    "message": "在我身上，刚才还沾满了前列腺液和精液的乳房正在摇晃。",
    "len": 2
  },
  {
    "message": "每当结衣姐姐的肛门紧缩时，被完全吞入的肉棒就像要改变形状一样被揉搓着。",
    "len": 3
  },
  {
    "name": "樹",
    "message": "「呃……」",
    "len": 1
  },
  {
    "name": "結衣",
    "message": "「啊、啊、树、嗯嗯、这样、动起来的话……啊、呜呜！全身发热、变得湿漉漉的……啊、嗯……」",
    "len": 3
  },
  {
    "name": "結衣",
    "message": "「……呃、啊啊、哈啊、呼呜、啊、啊……君！呀、啊、啊、树、呃……」",
    "len": 2
  },
  {
    "name": "結衣",
    "message": "「呜、啊、嗯、哈啊、啊啊……树的、在里面乱动……嗯呜、动起来了……」",
    "len": 2
  },
  {
    "name": "結衣",
    "message": "「树…………」",
    "len": 1
  },
  {
    "name": "樹",
    "message": "「……嗯？」",
    "len": 1
  },
  {
    "name": "結衣",
    "message": "「树……真的现在、和结衣连在一起了呢…………嗯嗯、竟然能进到这么深的地方……」",
    "len": 2
  },
  {
    "name": "結衣",
    "message": "「啊、啊、因为太大太粗了、我还以为、进不去呢……啊、啊……太好了……能好好地进来、真是太好了……啊、啊啊……」",
    "len": 3
  },
  {
    "name": "結衣",
    "message": "「树……嗯、树、幸福吗？结衣……结衣、是……」",
    "len": 2
  },
  {
    "name": "結衣",
    "message": "「啊啊啊啊！嗯哈啊、啊、呀、啊啊！不行、这样、突然动起来……嗯嗯呜！」",
    "len": 2
  },
  {
    "name": "結衣",
    "message": "「哈、哈啊、哈……啊、嗯！啊、呜啊！呀、咕呜！嘶、嘶、唔、呜、啊啊……！」",
    "len": 2
  },
  {
    "message": "我没有用言语回答，而是挺起下腹部，更深地向上顶弄着。",
    "len": 2
  },
  {
    "message": "全身泛着红潮，透明的汗珠滴落，剧烈地上下摇晃，仿佛随时都会坏掉一般，这就是我可爱的姐姐。",
    "len": 3
  },
  {
    "name": "樹",
    "message": "「呜哈、哈、哈啊、啊、啊啊……咕、呜！啊、啊、哈啊、哈啊啊……！」",
    "len": 2
  },
  {
    "name": "結衣",
    "message": "「嗯嗯、啊、啊啊……好舒服……越来越舒服了……啊、嗯、啊……」",
    "len": 2
  },
  {
    "name": "結衣",
    "message": "「还、还有点疼……但是、但是！啊、嗯、溢出来了……爱液、在……呜呜、咕啾咕啾地响……咕呜！」",
    "len": 3
  },
  {
    "name": "結衣",
    "message": "「哈、哈、呀哈、嗯咕、啊呜、嗯！……呜、咕、啊、啊、摇晃起来了……」",
    "len": 2
  },
  {
    "name": "結衣",
    "message": "「全身都、啊啊、像、细胞在震动一样……啊、嗯、呜啊、哈、哈啊、颤抖着……」",
    "len": 2
  },
  {
    "name": "結衣",
    "message": "「树……！想和你合为一体……就这样、被分解、融合然后重组……」",
    "len": 2
  },
  {
    "name": "結衣",
    "message": "「啊啊、哈啊、啊、嗯、啊、哈啊、呼哈……啊、啊、啊啊啊！呜、嗯咕、啊呜呜！」",
    "len": 2
  },
  {
    "message": "正如结衣姐所说，温热的爱液不断渗出溢出，顺着肉棒流下，甚至滴落到地面上。",
    "len": 3
  },
  {
    "message": "变得火热松软的小穴内部，发出咕叽咕叽的声音，不断挤压着我。",
    "len": 2
  },
  {
    "name": "結衣",
    "message": "「哈、啊啊、嗯、啊、树……树的、从根部开始变硬了、是血管……吗？血管、一跳一跳地凸显出来……了……」",
    "len": 3
  },
  {
    "name": "結衣",
    "message": "「哈、呼哈、啊、嗯嗯嗯！呃、咕呜！再多、做……再多、嗯嗯、再多点！！」",
    "len": 2
  },
  {
    "name": "結衣",
    "message": "「到最深处……和结衣、在最深处连接在一起吧！想和树、在一起……啊、啊、嗯……」",
    "len": 2
  },
  {
    "name": "結衣",
    "message": "「呜、啊、啊啊、搞不清楚了……呜呜咕呜、树的、在结衣里面……明明……但是、呜、搞不清楚了……」",
    "len": 3
  },
  {
    "name": "結衣",
    "message": "「……呜、嗯、啊、啊、树的、在结衣里面……在结衣里面、融化……同化、了……」",
    "len": 2
  },
  {
    "name": "結衣",
    "message": "「啊呜、嗯咕！树、你也、快要融化了吗？结衣……结衣已经……」",
    "len": 2
  },
  {
    "name": "結衣",
    "message": "「……嗯咕！啊啊、啊、哈、哈啊！震动、来了……全身、从、手脚尖到、胸部、那里……都……呀、哈啊、嗯咕！」",
    "len": 3
  },
  {
    "name": "結衣",
    "message": "「树……树、怎么样？树、能感受到……结衣吗、能和结衣成为一体吗……嗯嗯嗯、呜、啊、啊啊！」",
    "len": 3
  },
  {
    "name": "結衣",
    "message": "「啊……嗯、啊、啊、不行啊、啊啊啊！这种感觉、啊、啊、飘飘然的、好像要被吸入天空……要被吸入天空了、呢、……」",
    "len": 3
  },
  {
    "name": "結衣",
    "message": "「呼哈、哈、啊、呀、啊、嗯、啊、……啊呜呜！树……、嗯咕、呜、呜啊啊！」",
    "len": 2
  },
  {
    "name": "樹",
    "message": "「我早就、从很久以前……从进入结衣姐体内的那一刻起，就已经融化了……」",
    "len": 2
  },
  {
    "name": "樹",
    "message": "「我一直都在……想着要和结衣姐成为一体……呢…………咕、呜呜、呜、啊、哈啊、啊……！」",
    "len": 2
  },
  {
    "name": "結衣",
    "message": "「啊、啊……啊啊啊、啊、啊啊！树……呜、一起、去吧……和结衣、一起……一起、攀上高峰……」",
    "len": 3
  },
  {
    "name": "結衣",
    "message": "「啊啊！啊、哈啊、哈啊、树……不行、了、已经……结衣、、结衣要……哈……」",
    "len": 4
  },
  {
    "name": "結衣",
    "message": "「咕、嗯！啊啊、树……树……好高兴……呜呜、结衣、结衣……对树的感觉……」",
    "len": 2
  },
  {
    "name": "結衣",
    "message": "「呀啊、啊啊、啊、啊、呀啊、！已经、忍不住了、忍不……哈啊！」",
    "len": 2
  },
  {
    "name": "結衣",
    "message": "「嗯嗯嗯、呜、呜、小穴在抽搐、小穴……小穴内部在不断痉挛、连屁股也……」",
    "len": 2
  },
  {
    "name": "結衣",
    "message": "「呀、呜……子宫也、好像在动……啊、嗯！啊啊、呀、啊、呼哈啊……！」",
    "len": 2
  },
  {
    "name": "結衣",
    "message": "「哈啊、啊啊、嗯啊！呀、啊、呜啊！啊、哈啊、哈啊、啊啊啊……嗯、啊、呜呜！」",
    "len": 2
  },
  {
    "name": "樹",
    "message": "「呜、啊呜、结衣……姐姐……！」",
    "len": 1
  },
  {
    "name": "結衣",
    "message": "「啊、嗯、要去了……结衣、要、要去了……比树先、要、要去了……呜！」",
    "len": 2
  },
  {
    "name": "結衣",
    "message": "「嗯哈啊、哈啊、啊、啊啊、啊、啊……没想到、能这么舒服、嗯……」",
    "len": 2
  },
  {
    "name": "結衣",
    "message": "「……呜、呜呜！啊、啊、嗯、去、了……呜、呼呜呜！啊哈啊、哈啊、啊啊啊……！」",
    "len": 2
  },
  {
    "name": "結衣",
    "message": "「树、树也射出来！去、了……树也……快、快舒服起来吧、嗯呜、呜、……」",
    "len": 2
  },
  {
    "name": "結衣",
    "message": "「呼啊啊、呼呜、呼呜、啊、嗯、呜！啊、嗯！啊啊、呃、嘶、呀啊……！」",
    "len": 2
  },
  {
    "name": "樹",
    "message": "「呜呜！……」",
    "len": 1
  },
  {
    "name": "結衣",
    "message": "「嗯哈啊啊……啊啊……！」",
    "len": 1
  },
  {
    "message": "结衣姐姐仿佛要倒下般向后仰起身子，小穴内部猛地收紧了。",
    "len": 2
  },
  {
    "name": "結衣",
    "message": "「啊哈、哈啊、嗯、啊、啊、嗯、啊啊啊！呀、呜、呜呜、嗯！去、了、呼……」",
    "len": 2
  },
  {
    "name": "結衣",
    "message": "「啊……啊啊！呀、哈、啊、啊、嗯……呜呜呜、啊、啊、嗯、呀啊……呜呜！啊、不行、已经、结衣……要……嗯、呜……」",
    "len": 3
  },
  {
    "name": "結衣",
    "message": "「……呜、呜哈、啊、啊嗯！呀、啊、啊……呀、好、舒服、啊、呜……去、呜呜呜！」",
    "len": 2
  },
  {
    "name": "結衣",
    "message": "「啊、啊啊啊……哈、啊啊啊啊、嗯呜、呜、呜！呀啊、啊、树……啊、嗯、呜哈、啊啊啊……！」",
    "len": 2
  },
  {
    "name": "結衣",
    "message": "「呜、啊啊、啊哈啊啊嗯！不行、要、倒下了……呜呜、呜哈啊……」",
    "len": 2
  },
  {
    "name": "結衣",
    "message": "「……啊、啊……呜、呜呜、不行、已经……嗯、啊、啊、啊、要倒下……」",
    "len": 2
  },
  {
    "name": "樹",
    "message": "「等等、马上就好了……呜……」",
    "len": 1
  },
  {
    "message": "随着柔软的肉壁急剧收缩，我感觉全身的力气都被抽走了。",
    "len": 2
  },
  {
    "message": "但是，我能感觉到只有肉棒还硬得像要折断一样。",
    "len": 2
  },
  {
    "name": "結衣",
    "message": "「诶、啊、啊……哈啊、哈、哈啊、啊……嗯嗯嗯！呜啊、哈、哈啊、哈……」",
    "len": 2
  },
  {
    "name": "結衣",
    "message": "「呃……嗯、啊、要来了……嗯嗯嗯嗯、来了！树的、啊、树的、在结衣里面……要、射在里面了……！啊、哈啊啊、啊啊！」",
    "len": 3
  },
  {
    "name": "樹",
    "message": "「……啊、呃……」",
    "len": 1
  },
  {
    "message": "我用力收紧下腹。",
    "len": 1
  },
  {
    "name": "結衣",
    "message": "「啊哈啊、哈啊、啊、啊、嗯嗯嗯！射在结衣里面……射进来吧……呜呜！」",
    "len": 2
  },
  {
    "name": "結衣",
    "message": "「呃、呜呜、啊嗯、啊、啊、啊、啊……呃、哈啊、啊啊啊！呜、啊、呜、嗯呜呜！」",
    "len": 2
  },
  {
    "name": "結衣",
    "message": "「呀啊啊！啊、啊、啊、嗯、哈！呜、……喷出来了……从下面、往上喷……啊、嗯呜！呜、呜呜！」",
    "len": 3
  },
  {
    "name": "結衣",
    "message": "「啊哈啊、哈啊啊、啊、啊、啊……啊、身体、在摇晃……嗯嗯、呜呜！」",
    "len": 2
  },
  {
    "name": "結衣",
    "message": "「好热……好猛烈……啊、啊啊、啊、啊、身体在摇晃……」",
    "len": 2
  },
  {
    "name": "結衣",
    "message": "「嗯嗯呜、呜呜！呃、哈、啊、啊啊嗯！哈呜……要、倒下了……嗯呜、呜呜、啊……」",
    "len": 2
  },
  {
    "name": "結衣",
    "message": "「……呃、呜哈、啊、不行、已经、不行了……呃、啊啊、哈呼、啊、嗯、啊、啊……」",
    "len": 2
  },
  {
    "name": "結衣",
    "message": "「呀啊啊，嗯！求你了，再多射一些！！树的精液……啊，啊啊……噗嗤噗嗤地，注入到子宫里……嗯哈啊，呜啊啊，啊，嗯！」",
    "len": 3
  },
  {
    "name": "結衣",
    "message": "「啊，啊，啊……啊啊，慢慢地，渗透进来了……树……树在结衣的里面……在里面，浸润着……」",
    "len": 2
  },
  {
    "name": "結衣",
    "message": "「嗯嗯嗯，呜啊啊，哈，啊，嗯！啊，啊啊，啊呜呜，啊，啊，啊啊啊……」",
    "len": 2
  },
  {
    "name": "結衣",
    "message": "「……唔，哈啊，哈啊，哈啊，呼哈啊，啊，呃……嗯嗯，啊呜，啊……嘶，嘶，啊，嗯呜……」",
    "len": 2
  },
  {
    "name": "樹",
    "message": "「哎呀，唔……」",
    "len": 1
  },
  {
    "name": "結衣",
    "message": "「呼哈啊啊啊……啊，唔…………」",
    "len": 1
  },
  {
    "message": "我抱住摇摇欲坠的结衣姐，一起滚落在了土地上。",
    "len": 2
  }
]