[
  {
    "name": "結衣",
    "message": "「呼呼呼呼呼」",
    "len": 1
  },
  {
    "name": "樹",
    "message": "「……啊？」",
    "len": 1
  },
  {
    "message": "我还没反应过来，结衣姐就从我无力的手臂中溜了出去，迅速穿上了衣服。",
    "len": 2
  },
  {
    "message": "然后不知为何，她摆出了一个非常挑逗的姿势站在那里。",
    "len": 1
  },
  {
    "name": "結衣",
    "message": "「内裤，没穿哦。毕竟爱液都湿透了，要是穿上内裤的话会留下痕迹的」",
    "len": 3
  },
  {
    "name": "樹",
    "message": "「啊？」",
    "len": 1
  },
  {
    "name": "結衣",
    "message": "「用布料遮住的话，感觉会很难受」",
    "len": 1
  },
  {
    "name": "樹",
    "message": "「这样啊……」",
    "len": 1
  },
  {
    "message": "我有点搞不清楚状况了。",
    "len": 1
  },
  {
    "name": "樹",
    "message": "「但是，这样的话全都看得到啊。你为什么要摆出那种姿势啊」",
    "len": 2
  },
  {
    "name": "結衣",
    "message": "「看得到也没关系。正常走路的话，是看不到的」",
    "len": 2
  },
  {
    "name": "結衣",
    "message": "「那么，开始吧」",
    "len": 1
  },
  {
    "name": "樹",
    "message": "「啊？」",
    "len": 1
  },
  {
    "name": "結衣",
    "message": "「……嗯！」",
    "len": 1
  },
  {
    "name": "樹",
    "message": "「呃，啊，啊啊啊啊……唔……！」",
    "len": 1
  },
  {
    "message": "那修长洁白的腿，用力地压了上来。",
    "len": 2
  },
  {
    "message": "我刚射精完软绵绵的肉棒，被她纤细的脚趾夹住抬了起来。",
    "len": 2
  },
  {
    "name": "樹",
    "message": "「呜哈啊，哈啊，啊，等，这是……嗯嗯嗯，唔，啊……等等，结衣姐……」",
    "len": 2
  },
  {
    "name": "結衣",
    "message": "「对，是足交哦。来，来，感觉如何？哦，又开始变硬了呢……」",
    "len": 2
  },
  {
    "name": "樹",
    "message": "「呃……你，你是想榨出第三次吗？」",
    "len": 1
  },
  {
    "name": "結衣",
    "message": "「别说那么难听的话。这是三重服务哦」",
    "len": 2
  },
  {
    "message": "咕噜咕噜咕噜咕噜，脚趾蠕动着。",
    "len": 1
  },
  {
    "message": "我感觉到已经精疲力尽的肉棒又开始发热了。",
    "len": 2
  },
  {
    "name": "結衣",
    "message": "「嗯嗯，又开始血液集中了呢……在脚底下，咚咚地跳动着……啊，嗯……」",
    "len": 2
  },
  {
    "name": "結衣",
    "message": "「看，看结衣的两腿之间。还沾满爱液，精液还在从里面溢出滴落呢」",
    "len": 2
  },
  {
    "name": "結衣",
    "message": "「嗯，呜呜……作为配菜，很合适吧？哈啊，啊，啊啊……再多看看」",
    "len": 2
  },
  {
    "name": "結衣",
    "message": "「啊，啊……慢慢变湿了……是忍耐汁呢，前列腺液，尿道球腺液…………」",
    "len": 2
  },
  {
    "name": "結衣",
    "message": "「……嗯，又从前端溢出透明的液体了……哈啊，哈啊，真有趣，越来越硬了」",
    "len": 2
  },
  {
    "name": "結衣",
    "message": "「啊……翘起来了……嗯嗯，用脚摩擦意外地难呢……啊，嗯，哈啊，嗯……」",
    "len": 2
  },
  {
    "name": "結衣",
    "message": "「用脚掌摩擦，用脚趾轻轻刮蹭就行了吗？怎么做会让你舒服，不用客气，尽管告诉我」",
    "len": 3
  },
  {
    "name": "結衣",
    "message": "「啊，啊啊……哈啊，啊，嗯，脚底意外地……很敏感啊……呐……能清晰地感受到那种淫荡的感觉……」",
    "len": 3
  },
  {
    "name": "結衣",
    "message": "「呼哈啊，啊，嗯，啊啊，啊，呀……哈啊，哈，哈，咕，咕呜，嗯咕……」",
    "len": 2
  },
  {
    "name": "結衣",
    "message": "「来，射出来，再次喷出精液吧……嗯嗯，啊，啊，直接传到脚底了……好真实，好粘稠……」",
    "len": 3
  },
  {
    "name": "結衣",
    "message": "「……嗯咕！啊啊，哈啊，哈啊……连结衣的脸都热起来了……怎么样，要不要更用力地摩擦呢？」",
    "len": 3
  },
  {
    "name": "結衣",
    "message": "「啊，啊，啊嗯，哈啊，啊，啊……呜呜！咕，咕呜，嗯，哈，哈，啊，啊，呜……」",
    "len": 2
  },
  {
    "message": "结衣姐姐每次呼气，柔软的脚底就淫荡地摩擦着，纤细的手指还不时地轻轻捏起。",
    "len": 3
  },
  {
    "name": "樹",
    "message": "「呃……」",
    "len": 1
  },
  {
    "message": "勃起的肉棒被踩住压制着，被迫看着湿漉漉张开的缝隙，我只能发出一声轻微的呻吟。",
    "len": 3
  },
  {
    "name": "結衣",
    "message": "「啊……开始有感觉了吗？呜呜，啊，哈啊……感觉舒服起来了吗？是吗，嗯咕……」",
    "len": 2
  },
  {
    "name": "結衣",
    "message": "「来，再放松一点身体……咕，咕呜，摩擦摩擦，捏一捏……」",
    "len": 2
  },
  {
    "name": "結衣",
    "message": "「对了，龟头那里很舒服吧？连接处那种部位，很敏感呢……」",
    "len": 2
  },
  {
    "name": "結衣",
    "message": "「哈，哈啊，哈啊，啊，嗯，呜呜呜……啊，不行，结衣也要，爱液，要溢出来了……」",
    "len": 2
  },
  {
    "name": "結衣",
    "message": "「嘶，嗯，呜呜，啊，啊，哈，哈啊……嘶，啊嘶，啊，嗯……啊，啊，啊，呜呜……」",
    "len": 2
  },
  {
    "name": "樹",
    "message": "「呃，呜啊……」",
    "len": 1
  },
  {
    "message": "结衣姐姐的脚底，开始被液体浸润变得滑腻。",
    "len": 1
  },
  {
    "message": "而且从她微红的裂缝中，也有粘稠的半透明液体，一丝丝地溢出滴落下来。",
    "len": 2
  },
  {
    "name": "結衣",
    "message": "「啊，啊啊，用脚触碰的时候，子宫会紧紧收缩……是在感觉到淫荡吧，啊，嗯……」",
    "len": 2
  },
  {
    "name": "結衣",
    "message": "「哈啊，呼哈啊，哈啊，啊，啊，嗯，啊……用脚，就能有感觉，该怎么说呢，嗯，呃，呜呜……」",
    "len": 2
  },
  {
    "message": "我的肉棒热血沸腾，从根部开始膨胀直指天际，再次剧烈地跳动起来。",
    "len": 2
  },
  {
    "name": "結衣",
    "message": "「啊，一下子就胀大了……中心，变得好硬……呜，呜呜，很舒服，吗？啊，哈啊……」",
    "len": 2
  },
  {
    "name": "結衣",
    "message": "「快点，射出来……可、可以射了哦？精液，射出来很多，嗯，呜，啊，啊……」",
    "len": 2
  },
  {
    "name": "結衣",
    "message": "「呜哈啊，啊啊，啊，啊，好舒服……树的，从脚底，一直传到结衣的股间……」",
    "len": 3
  },
  {
    "name": "結衣",
    "message": "「嗯，啊啊呜！啊，啊啊，树，射出来……精液，射出来吧！再次，噗嗤地，咻地射出来吧……嗯嗯，啊啊啊啊……！」",
    "len": 5
  },
  {
    "name": "結衣",
    "message": "「哈，哈啊，哈啊，啊，啊，啊，啊嗯！啊呜呜，结衣也，感觉到了……嘶，哈啊……」",
    "len": 2
  },
  {
    "name": "結衣",
    "message": "「君、君！啊呜呜，啊，呀，啊，啊……哈啊啊，哈啊，啊，啊嗯，呀啊，嗯，呜呜！」",
    "len": 2
  },
  {
    "name": "樹",
    "message": "「啊啊……！」",
    "len": 1
  },
  {
    "message": "被前列腺液完全浸湿，溅起水花摩擦着的小脚，像是踩踏一样摩擦着已经完全勃起的那个。",
    "len": 3
  },
  {
    "name": "結衣",
    "message": "「啊，啊，啊，啊，啊，嗯……呀，啊啊啊！要射了，要射出来了，嗯呜，呼哈啊，啊，啊……」",
    "len": 2
  },
  {
    "name": "結衣",
    "message": "「嘶，啊啊嗯！啊，啊，啊，树……树，好棒，呼哈啊，啊，啊……呜，啊呜呜，嗯！要射了……射、射出来，射出来……吧……！」",
    "len": 3
  },
  {
    "name": "結衣",
    "message": "「哈，哈啊，哈啊，啊，嗯，啊，啊，啊……啊，哈呜呜！好热，脚底，痒痒的……能感觉到，要射出来了……能、能感觉到……！」",
    "len": 3
  },
  {
    "name": "結衣",
    "message": "「嗯呜，呜呜，啊，啊啊……哈，哈，啊……树……啊，嗯！树，啊，好热，啊，呜，呜！」",
    "len": 2
  },
  {
    "name": "樹",
    "message": "「呼哈啊，啊，啊啊啊啊……啊……！」",
    "len": 1
  },
  {
    "name": "結衣",
    "message": "「呀啊！嘶，啊啊，飞溅开来了……嗯呜！呜啊哈，哈啊，啊，啊啊啊啊……」",
    "len": 3
  },
  {
    "name": "結衣",
    "message": "「啊，啊，好热……又热又黏糊，嗯……好色情，嗯呜，啊，啊，啊，啊嗯……」",
    "len": 2
  },
  {
    "message": "结衣姐姐发出仿佛自己也要高潮一般的声音，全身沾满了白浊的男性体液。",
    "len": 2
  },
  {
    "name": "樹",
    "message": "「结衣姐姐……」",
    "len": 1
  },
  {
    "name": "結衣",
    "message": "「树……」",
    "len": 1
  },
  {
    "message": "结衣姐姐终于把脚移开了。",
    "len": 1
  },
  {
    "message": "她纤细的赤脚上沾满了飞溅的精液，闪着湿润的光泽。",
    "len": 1
  },
  {
    "name": "結衣",
    "message": "「喂，快点穿上衣服。会感冒的……不，应该说会冻死的」",
    "len": 2
  },
  {
    "name": "樹",
    "message": "「啊啊……哇，好冷！！呜呜，呜呜，身、身体都冻僵了……」",
    "len": 2
  },
  {
    "name": "結衣",
    "message": "「喏，穿上吧。要不要我帮你啊」",
    "len": 1
  },
  {
    "name": "樹",
    "message": "「结衣姐姐你也穿上内裤啊。如果觉得恶心的话，先用手帕或纸巾擦一擦再穿」",
    "len": 3
  },
  {
    "name": "結衣",
    "message": "「你才是，赶紧把衣服穿上。要是穿不了我就帮你穿，就像以前帮弟弟换衣服那样」",
    "len": 3
  },
  {
    "name": "樹",
    "message": "「没事的。冷……啊……啊啊，虽然手有点发抖，但还是能勉强穿上的……哆嗦……」",
    "len": 2
  },
  {
    "name": "結衣",
    "message": "「哈哈……需要帮忙的话就说一声」",
    "len": 1
  },
  {
    "name": "樹",
    "message": "「你自己才是，快把内裤穿上啊……」",
    "len": 1
  },
  {
    "message": "总之，冷得要命。居然在这种可能下雪的天气在户外。",
    "len": 2
  },
  {
    "name": "樹",
    "message": "「…………………………………………」",
    "len": 1
  },
  {
    "message": "冷静下来仔细想想，这真是相当愚蠢的行为。在这种天气，偏偏要在外面全裸。",
    "len": 2
  },
  {
    "message": "但是那时候，我和结衣姐已经什么都无法思考了……",
    "len": 2
  },
  {
    "name": "結衣",
    "message": "「快要冻死的时候，做爱是有效的。脱光衣服互相取暖，兴奋起来提高体温」",
    "len": 3
  },
  {
    "name": "樹",
    "message": "「……不过，如果可能的话还是应该裹着毛毯什么的来做吧。当然，是在室内」",
    "len": 2
  },
  {
    "name": "結衣",
    "message": "「呵呵……啊哈哈，哈，哈，哈哈！！没错，就是这样」",
    "len": 2
  },
  {
    "name": "樹",
    "message": "「哈哈哈，是啊。那当然了……在绝对零度的环境下，可是会有生命危险的」",
    "len": 2
  },
  {
    "name": "結衣",
    "message": "「啊啊。是啊。没错，绝对零度太危险了」",
    "len": 2
  },
  {
    "message": "黑暗中浮现的结衣姐的笑容，看起来像星光一样淡淡地闪耀着。",
    "len": 2
  },
  {
    "message": "我们不知不觉地轻轻牵起了彼此的手。",
    "len": 1
  },
  {
    "message": "紧紧地，牢牢地。无声地发誓再也不分开。",
    "len": 2
  },
  {
    "name": "結衣",
    "message": "「……树」",
    "len": 1
  },
  {
    "name": "樹",
    "message": "「结衣姐」",
    "len": 1
  },
  {
    "message": "结衣姐的手，好温暖。",
    "len": 1
  },
  {
    "name": "樹",
    "message": "「哈哈……」",
    "len": 1
  },
  {
    "name": "結衣",
    "message": "「呵呵……」",
    "len": 1
  },
  {
    "message": "目光相遇时，不知为何就忍不住相视而笑。",
    "len": 1
  },
  {
    "name": "樹",
    "message": "「结衣姐……」",
    "len": 1
  },
  {
    "name": "樹",
    "message": "「再来一次吧……我想再和结衣姐温存一次」",
    "len": 1
  },
  {
    "message": "她的手，温暖得仿佛永远不会冷却。",
    "len": 1
  },
  {
    "message": "在再一次与结衣姐相拥取暖之后。",
    "len": 1
  },
  {
    "message": "我和结衣姐就这样赤裸着身体，仰望星空。",
    "len": 1
  },
  {
    "message": "我们彼此都没什么特别要说的话……",
    "len": 1
  },
  {
    "message": "但仅仅是在一起，就莫名地感到愉快和温暖。",
    "len": 1
  },
  {
    "message": "我希望这样的时光能永远持续下去。",
    "len": 1
  },
  {
    "message": "这个世界……",
    "len": 1
  },
  {
    "message": "我根本不愿去想它有朝一日会消失不见。",
    "len": 1
  },
  {
    "message": "所以……我……",
    "len": 1
  },
  {
    "message": "在这个『世界』里，永远地………………",
    "len": 1
  }
]