[
  {
    "name": "結衣",
    "message": "「交给结衣吧」",
    "len": 1
  },
  {
    "name": "樹",
    "message": "「呃……那个……」",
    "len": 1
  },
  {
    "name": "結衣",
    "message": "「我对自己的胸部还是挺有自信的。来，把腰挺直。我来帮你夹住」",
    "len": 2
  },
  {
    "name": "結衣",
    "message": "「……这个也好热啊……唔，一跳一跳的……从接吻的时候就已经勃起了吧，呵呵……」",
    "len": 2
  },
  {
    "name": "結衣",
    "message": "「好好记住。这就是乳交」",
    "len": 2
  },
  {
    "name": "樹",
    "message": "「我知道啦！！话说，那个，为什么要做这种事……」",
    "len": 2
  },
  {
    "name": "結衣",
    "message": "「嗯？那是为了让你舒服啊。来，把肉棒伸直。我要使劲摩擦了」",
    "len": 3
  },
  {
    "name": "樹",
    "message": "「总觉得太直白了……」",
    "len": 1
  },
  {
    "name": "樹",
    "message": "「……唔，啊……」",
    "len": 1
  },
  {
    "name": "結衣",
    "message": "「嗯，哈啊，啊，哈啊，哈啊……啊，胸部被压得变形了……」",
    "len": 2
  },
  {
    "name": "結衣",
    "message": "「唔、啊，又从根部翘起来了……龟头真的像蘑菇伞一样张开了……呐……」",
    "len": 3
  },
  {
    "name": "結衣",
    "message": "「……唔，嗯，哈，哈啊，上下摇晃着……啊啊呜，啊，嗯，唔，怎么样，摩擦得好吗？」",
    "len": 2
  },
  {
    "name": "結衣",
    "message": "「啊，唔……真的好热啊……嗯，湿湿的……还没有流出所谓的前列腺液吗？」",
    "len": 2
  },
  {
    "name": "結衣",
    "message": "「嗯……因为在动，有点难弄啊……呜……」",
    "len": 1
  },
  {
    "name": "結衣",
    "message": "「不过，慢慢变湿了……粘膜在抽动……嗯嗯，呜呜，啊，啊啊，啊，唔……」",
    "len": 2
  },
  {
    "name": "結衣",
    "message": "「唔……好、好吧，等着……我会让你更、更舒服的……」",
    "len": 2
  },
  {
    "name": "樹",
    "message": "「诶？」",
    "len": 1
  },
  {
    "name": "結衣",
    "message": "「嗯，乳交少不了这个……」",
    "len": 1
  },
  {
    "name": "樹",
    "message": "「呜啊啊……！」",
    "len": 1
  },
  {
    "message": "硬挺的肉棒被柔软的肉体紧紧包裹，不断摩擦着，再加上湿润的舌尖的挑逗，忍不住呻吟起来。",
    "len": 3
  },
  {
    "name": "結衣",
    "message": "「啾、咕啾、啾啵、啊、啊，感觉、舒服吗？嗯唔、呜呜、嗯、哈啊……」",
    "len": 2
  },
  {
    "name": "結衣",
    "message": "「来，再多……我会让你更、舒服的……舔、舔、嗯、啾、啾哈、啾啾……」",
    "len": 2
  },
  {
    "name": "結衣",
    "message": "「咕、呜啾、舔、啾啾、啾、啊、啊……哈啊、哈啊，好热，好苦……嗯……」",
    "len": 2
  },
  {
    "name": "結衣",
    "message": "「龟头，流出汁液了……咕、啊啊！呜啾、啾、咕啾、舔、啾……」",
    "len": 2
  },
  {
    "name": "結衣",
    "message": "「哈啊、哈啊、舔、咕啾啾、啾……唔、啊，浑身颤栗……每次舔肉棒，结衣的身体都在抖动……」",
    "len": 3
  },
  {
    "name": "結衣",
    "message": "「呀、啊、猛地抖动了一下……吓我一跳，简直像另一种生物，寄生外星人一样……」",
    "len": 3
  },
  {
    "name": "樹",
    "message": "「别说些破坏气氛的话啊……」",
    "len": 1
  },
  {
    "name": "結衣",
    "message": "「嗯、啾啾、舔、呜咕、哈啊……这不是、事实嘛……啊、啊、嗯、啊呜……」",
    "len": 2
  },
  {
    "name": "結衣",
    "message": "「啾啾、舔、啾、啵啾、咕啾……啊呜呜……！呀、哈啊、连结衣也……连结衣的身体里面，都变热了……」",
    "len": 3
  },
  {
    "name": "結衣",
    "message": "「咕啾、啾啵、啾哈啊、啊、啊……嗯嗯、啾啾、咕啾、啾哈、啊……」",
    "len": 2
  },
  {
    "name": "結衣",
    "message": "「唔、啊、呜啾！舔……啧、舔、嗯、啾、咕啾……啊、啊，结衣的下面……也……」",
    "len": 3
  },
  {
    "name": "結衣",
    "message": "「啊呜……啊、啊嗯、呜呜、咕、呜……嗯咕、还要、还想要……更多……嗯嗯、哈呜、哈啊、呼哈、啊、呜、呜……」",
    "len": 3
  },
  {
    "name": "樹",
    "message": "「啊……」",
    "len": 1
  },
  {
    "name": "結衣",
    "message": "「嗯啾！咕啾、啾啵、哈、啊……啾啾、啊呜啊、啊、啊、嗯啾！树的，还要，我还想要更多……！」",
    "len": 5
  },
  {
    "name": "結衣",
    "message": "「咕啾啾、啾啵、啊、呜呜、哈啊！嗯咕咕、呜、嗯……呜呜！啊呜啾咕呜！」",
    "len": 2
  },
  {
    "name": "樹",
    "message": "「呼、哈啊、哈啊……」",
    "len": 1
  },
  {
    "name": "結衣",
    "message": "「啊呜、嗯咕咕、呜呜、啾、啾、啾……啾呜、哈呜、呀啊、啊呜咕咕呜！」",
    "len": 2
  },
  {
    "name": "結衣",
    "message": "「呜啾、呜呜、啊啊、好苦、呜呜、好大、哈啊、哈啊啊、啊呜、嘴巴、含不下了……」",
    "len": 2
  },
  {
    "name": "結衣",
    "message": "「哈啊、哈啊、呼哈啊、啊、呜呜、啊咕……呜、呜、乳头……被摩擦着、啊、呜、啊……哈啊、哈、哈、啾、啊呜呜、咕、呜呜！」",
    "len": 3
  },
  {
    "name": "樹",
    "message": "「咕呜……」",
    "len": 1
  },
  {
    "message": "坚硬的乳头触感，刺激着血管凸起的粘膜。",
    "len": 2
  },
  {
    "message": "双手托起的丰满乳房被揉捏蹂躏，从根部反复摩擦，仿佛全身的血液都要集中到下体去了。",
    "len": 3
  },
  {
    "name": "結衣",
    "message": "「唔唔嗯咕，啊，啊啊，嘴里，膨胀起来，顶起来了……咳，咳咳，咳咳！！」",
    "len": 2
  },
  {
    "name": "結衣",
    "message": "「嘶，哈，哈啊，啊呜哈，哈，呜咕……呜，啾，啵，啾，咕，咕，唔咕……」",
    "len": 2
  },
  {
    "name": "結衣",
    "message": "「哈，呼哈啊，咳，咳，呜呜，啊……好，我要更用力地摩擦，吸吮，舔舐……呜，唔……」",
    "len": 3
  },
  {
    "name": "結衣",
    "message": "「……嗯，咳咳，咳咳，太大了……咕，唔，脸颊内侧，被顶得满满的……」",
    "len": 2
  },
  {
    "name": "樹",
    "message": "「没事吧？很难受吧？不用勉强，不用含到根部也……",
    "len": 2
  },
  {
    "name": "結衣",
    "message": "「呜咕唔，没事，哈，哈啊，别担心……结衣，能够……好好地……自己判断自己的事情……所以……啊，呜咕……」",
    "len": 3
  },
  {
    "name": "結衣",
    "message": "「啊，嗯，啊，哈，哈啊，呜咕，呜……啾啾，呜呜，啾，哈，啾，啊啊……明明很苦，却莫名觉得好吃……为什……么……」",
    "len": 3
  },
  {
    "name": "結衣",
    "message": "「咕，啾啾，呜呜，啊，嗯，哈……哈啊，哈，啾，啊呜，嗯，咕呜……」",
    "len": 2
  },
  {
    "name": "結衣",
    "message": "「啊、啊啊啊！啾哈、啾巴、呜呜咕……咕、唔，从胸部也，传来了……树的……又热又黏腻的……」",
    "len": 3
  },
  {
    "name": "結衣",
    "message": "「……呀啊！胸、胸部只是被碰到，胸口深处……肚子里面，就变得沉甸甸的……」",
    "len": 4
  },
  {
    "name": "結衣",
    "message": "「哈啊、哈啊，结衣的那里，也湿润起来了……嘶哈、哈、啊、嗯、啊啊、呜咕咕……」",
    "len": 2
  },
  {
    "name": "結衣",
    "message": "「……唔、呜呜、嗯嗯咕咕咕！啾巴……啾啾、哈啊、啾、咕、啾、呜咕……」",
    "len": 2
  },
  {
    "message": "她似乎含到了喉咙深处，几乎要呛到，同时还和唾液一起吞咽着我的前列腺液。",
    "len": 2
  },
  {
    "name": "結衣",
    "message": "「嗯、啊、啊、啊啊啊啊……！啊咕、咕噜、咕噜、哈啊、呜咕啾……」",
    "len": 2
  },
  {
    "name": "結衣",
    "message": "「啾啾、啾呜、啾啪、啊、嗯、咕……哈呼、哈啊、呜呜呜、啾、啾、呜啾呜！」",
    "len": 2
  },
  {
    "name": "樹",
    "message": "「哈啊、啊、哈呜……呜！」",
    "len": 1
  },
  {
    "message": "被发出咕啾咕啾水声地吸吮着，夹在火热的乳沟间摩擦着，我也无法抑制自己的声音。",
    "len": 3
  },
  {
    "message": "被仿佛要融化的粘膜吞没，外侧被富有弹性的肉体向上推挤着，不知不觉中腰部不断向前挺进。",
    "len": 3
  },
  {
    "name": "結衣",
    "message": "「啊、呜呜呜！哈、哈啊、呜呜呜！呜呜……虽然难受，但身体感觉飘飘然……是、是、舒服的……吗？」",
    "len": 3
  },
  {
    "name": "結衣",
    "message": "「结衣，变得……舒服了……嘶、啊……啊、嗯，明明只是用胸和嘴，却、却变得……这么、淫荡……呜、呜呜！」",
    "len": 3
  },
  {
    "name": "結衣",
    "message": "「呜哈啊、哈啊、嗯呜啊、啊、啾啾……啾呜呜、呜啾、舔、舔、嗯……」",
    "len": 2
  },
  {
    "name": "結衣",
    "message": "「……啊、啊……开始颤抖了……树的、肉棒……嗯嗯嗯，在结衣的嘴里，抖动着……呀、哈、哈啊、啊、嗯嗯……！」",
    "len": 3
  },
  {
    "name": "結衣",
    "message": "「哈呜、呜呜、射吧，射进结衣的里面，射进结衣的嘴里，全部射出来！！」",
    "len": 2
  },
  {
    "name": "結衣",
    "message": "「要射了，是吗？啊、呜呜、嗯……射出来……树的……把树的精液，射出来……」",
    "len": 2
  },
  {
    "name": "結衣",
    "message": "「哈、哈啊、啊啊啊、呜啾咕、呜呜……嗯呜！喉咙，被顶到最深处，呜呜……咳！咳咳、咳、呜呜呜呜……！」",
    "len": 3
  },
  {
    "name": "結衣",
    "message": "「啊、嗯、想喝……树的、的、让我喝下去……呜呜、咕、啾、咕啾、舔、嗯咕……」",
    "len": 2
  },
  {
    "name": "結衣",
    "message": "「哈啊、呜呜、嗯嗯、啾呜、啾、咕噜！呜呜、呜、多到含不住了……啊、哈啊……」",
    "len": 2
  },
  {
    "name": "樹",
    "message": "「结衣姐姐……！」",
    "len": 1
  },
  {
    "name": "結衣",
    "message": "「呜咕、嗯嗯、啊、啊咕、啊……嗯、哈啊！啊呜咕咕、咕、啾、呜！」",
    "len": 2
  },
  {
    "name": "結衣",
    "message": "「啾啵、啾、嗯嗯、出来了、被射出来了……咕、啾、啾哈啊、啊嗯、呜、啾……呜啾呜！啊哈、哈啊、嗯咕咕呜！」",
    "len": 3
  },
  {
    "name": "樹",
    "message": "「呜呜……！」",
    "len": 1
  },
  {
    "message": "喉咙发出咕噜咕噜的声音，被吸吮舔舐着，小腹不禁抽搐起来。",
    "len": 2
  },
  {
    "message": "汗湿的乳房仿佛要将即将爆发的肉棒吞入一般，硬挺的乳头紧贴着它，摩擦着、蹭动着。",
    "len": 3
  },
  {
    "name": "結衣",
    "message": "「啊呜呜、啊、啊、结衣的、全身都在震颤……树的、热度……树湿润的触感……呜、啊啊……」",
    "len": 2
  },
  {
    "name": "結衣",
    "message": "「乳头、也、变得好硬，只是稍微碰一下就……啊、呜呜、只是抚摸树的那里，就、感觉到了……」",
    "len": 2
  },
  {
    "name": "結衣",
    "message": "「……呜、嗯嗯嗯！啊哈啊、哈啊、传遍全身了！树的……树的触感，让全身都酥麻颤抖……」",
    "len": 2
  },
  {
    "name": "結衣",
    "message": "「哈、啊、嗯、啊、啊啊、咕啾、咻呜！明明又苦又腥，呜、哈啊、啊啊啊……呜呜、咕啾、啾啵、啾、嗯、啊呜……」",
    "len": 3
  },
  {
    "name": "結衣",
    "message": "「头……晕乎乎的……咕呜……明、明明很苦，却又甜美、好吃……哈啊……」",
    "len": 2
  },
  {
    "name": "結衣",
    "message": "「哈呜、呜咕咕、呜、啾、啾呜呜！咕、嗯、啊、啊、嗯、心跳加速……结衣也、结衣也要爆发了……！」",
    "len": 3
  },
  {
    "name": "結衣",
    "message": "「啊呜呜、啾啵、啾、啊、嘶！呜咕呜、啾啾、啊、啊、啾呜……咕、啾啵！嗯啾、呜啾、呜咕！」",
    "len": 3
  },
  {
    "message": "被姐姐的舌头缠绕吮吸的肉棒，一下子变得又硬又胀。",
    "len": 2
  },
  {
    "message": "我的喉咙里也像结衣姐姐一样发出浅而急促的呼吸声。",
    "len": 2
  },
  {
    "name": "結衣",
    "message": "「啊、呼哈、啊……啊啊、嗯、啊呜、咕！啾啵、啾、咕、咕、啊、呜……」",
    "len": 2
  },
  {
    "name": "結衣",
    "message": "「哈、哈啊、要来了……咕、要来了！树的、热热的、体液……精液、啊咕、啊啊嗯！」",
    "len": 2
  },
  {
    "name": "結衣",
    "message": "「呜、咕啾啾、啾啵、呜呜、嗯啾……哈啊、哈啊、哈、呜啾、啾……呜咕呜！」",
    "len": 2
  },
  {
    "name": "樹",
    "message": "「哈啊、啊、啊啊啊啊……！」",
    "len": 1
  },
  {
    "name": "結衣",
    "message": "「呜咕啊啊啊！呜咕啾、啾、啾啵、呜咕！……啊、……啊呜呜咕、啾、啾、吞下去……结衣、会全部吞下去的……呜、啾、咕呜！」",
    "len": 5
  },
  {
    "name": "結衣",
    "message": "「哈、哈啊、哈、啊、嗯、啊、啊、啊、啊……嘶、……嗯嗯！咕、哈啊、呜、嗯！」",
    "len": 2
  },
  {
    "message": "结衣姐姐加快了揉搓乳房的手部动作和吮吸我的舌头动作，猛地仰起了下巴。",
    "len": 2
  },
  {
    "name": "樹",
    "message": "「结衣姐姐……！」",
    "len": 1
  },
  {
    "name": "結衣",
    "message": "「呜咕、咳、咳咳、咕、咳、哦！哈、哈啊、呜咕、咕、呜！」",
    "len": 2
  },
  {
    "name": "結衣",
    "message": "「啊、啊啊、我知道、呜咕、咳……我会、全部喝下去的……所以……啊、哈啊……咳、嗯、咕、啾、啾、咕、啾！」",
    "len": 3
  },
  {
    "name": "結衣",
    "message": "「哈啊、嘶、哈啊、呜啾、啾……果然、还是、苦苦的、腥腥的……呜咕、呜、啾、啾、啊……」",
    "len": 3
  },
  {
    "name": "結衣",
    "message": "「但是、我想喝……啊、嗯、结衣、结衣……是……哈啊、呼哈、啊啊、咕啾、呜咕啾……」",
    "len": 2
  },
  {
    "name": "結衣",
    "message": "「咕、咕咕、咕、呜、咳……哈啊哈啊、啊、啊、嗯、咕、咕咕……」",
    "len": 2
  },
  {
    "name": "樹",
    "message": "「结衣姐姐，不用勉强自己……呜、哈啊……不用全部、喝下去也……」",
    "len": 2
  },
  {
    "name": "結衣",
    "message": "「没关系……嗯嗯、因为、结衣想喝才喝的……啊、嗯、啾、咕、啾啾啾……」",
    "len": 2
  },
  {
    "name": "結衣",
    "message": "「咕、咕咚、咕、呜、咕、嗯！啾、咕、哈啊、哈啊、哈……」",
    "len": 2
  },
  {
    "name": "結衣",
    "message": "「咳、咳咳！果然还是腥臭黏稠，粘在喉咙里啊……啊、哈啊、哈啊……」",
    "len": 4
  },
  {
    "name": "樹",
    "message": "「嗯……别吸得太用力啊……」",
    "len": 1
  },
  {
    "name": "結衣",
    "message": "「什么嘛，发出这么娘的声音……呵呵……咕、……啊、啊啊、咕、呜咕……喂，振作点……啊啊啊……」",
    "len": 3
  },
  {
    "name": "樹",
    "message": "「呜……够、够了吧，结衣姐姐……休息一下吧……」",
    "len": 2
  },
  {
    "name": "結衣",
    "message": "「哈啊、哈啊、哈啊……啊、嗯……啊啊……这样、基本都喝完了……吧……」",
    "len": 2
  },
  {
    "name": "結衣",
    "message": "「嗯、喉咙和舌头上还残留着黏糊糊的块状物……咕、咕、啾、咕、啾、呜、咕……」",
    "len": 2
  },
  {
    "name": "結衣",
    "message": "「哈啊、哈啊、哈啊、哈啊、啊、嗯……咕、……呼、呼、哈、哈啊、哈啊……」",
    "len": 2
  }
]