[
  {
    "message": "我内心充满了矛盾。",
    "len": 1
  },
  {
    "message": "虽然看起来比我年轻。",
    "len": 1
  },
  {
    "message": "但是，她毕竟还是我名义上的『母亲』。",
    "len": 1
  },
  {
    "message": "和这样的对象……",
    "len": 1
  },
  {
    "name": "式子",
    "message": "「唔唔……没关系的」",
    "len": 1
  },
  {
    "message": "式子桑把身体靠在了我身上。",
    "len": 1
  },
  {
    "name": "式子",
    "message": "「交给妈妈……好吗？」",
    "len": 1
  },
  {
    "name": "式子",
    "message": "「嗯……嗯嗯……太君就保持这样就好……」",
    "len": 2
  },
  {
    "message": "式子桑含住了我的那里。",
    "len": 1
  },
  {
    "name": "式子",
    "message": "「再……放松点……哈啊……全部都……交给妈妈……好吗？」",
    "len": 2
  },
  {
    "message": "虽然她这么说，事情也确实发展到了这种地步，但我还是有些抗拒。",
    "len": 2
  },
  {
    "name": "式子",
    "message": "「哈呣、嗯、嗯呼……呜呜……嗯咕、嗯嗯……呼啊」",
    "len": 2
  },
  {
    "message": "她那小小的嘴巴轻柔地包裹住了我那里的顶端。",
    "len": 2
  },
  {
    "name": "式子",
    "message": "「嗯、呼哈……哈呣……你选择了妈妈……对吧……？」",
    "len": 2
  },
  {
    "message": "她抬眼看着我问道。",
    "len": 1
  },
  {
    "name": "樹",
    "message": "「嗯――」",
    "len": 1
  },
  {
    "name": "式子",
    "message": "「那就……嗯、哈啊……要听妈妈的话……嗯嗯……不行」",
    "len": 2
  },
  {
    "message": "虽然她这么说，但式子桑看起来也非常紧张，动作十分生涩。",
    "len": 2
  },
  {
    "message": "她小心翼翼地含住顶端的样子，完全看不出有什么经验。",
    "len": 2
  },
  {
    "message": "当然，没有经验也没什么不好……",
    "len": 1
  },
  {
    "name": "式子",
    "message": "「唔、啊……真的、交给妈妈……哈啊、嗯呼啊……的话、嗯、哈……就好了……」",
    "len": 2
  },
  {
    "name": "式子",
    "message": "「嗯呼、别紧张……呼、嗯嗯……放松……嗯、嗯呼……身体……哈啊」",
    "len": 2
  },
  {
    "message": "虽然她这么说，但在这种情况下要我不紧张简直是不可能的。",
    "len": 2
  },
  {
    "name": "式子",
    "message": "「嗯、哈啊、嗯嗯、嗯呼……什么都别想、嗯、嗯、哈啊……只要感受快感就好……」",
    "len": 2
  },
  {
    "name": "式子",
    "message": "「嗯、哈、啾……妈妈是第一次、所以不太懂……嗯哈、舔、但我会努力的……」",
    "len": 2
  },
  {
    "name": "式子",
    "message": "「嗯呼、没关系……嗯、啾……哈啊……虽然只有知识……嗯、但我懂得很多……」",
    "len": 2
  },
  {
    "message": "说着不知是自负还是什么的话，式子桑的手轻轻握住了根部。",
    "len": 2
  },
  {
    "message": "虽然我那里已经变得火热，但她的手却感觉非常温暖。",
    "len": 2
  },
  {
    "name": "式子",
    "message": "「嗯、呜……哈啊、啾……树君的……哈啊、好大啊……」",
    "len": 2
  },
  {
    "message": "她的声音听起来既像是赞叹，又像是惊讶，还带着一丝陶醉的感觉。",
    "len": 2
  },
  {
    "name": "樹",
    "message": "「啊、那个、不用勉强自己……。本来就不是为了含进去而设计的东西……」",
    "len": 2
  },
  {
    "name": "式子",
    "message": "「嗯……不要说……哈、那种话。我不是……嗯、那个意思……」",
    "len": 2
  },
  {
    "name": "式子",
    "message": "「妈妈……嗯、哈、啾……既然决定要让你舒服……就不会、嗯哈……客气的」",
    "len": 2
  },
  {
    "name": "式子",
    "message": "「嗯、哈、嗯呼……这么大……是件让人安心的事呢……啾……呼……」",
    "len": 2
  },
  {
    "name": "式子",
    "message": "「啊啊……哈啊……这个、是妈妈的小鸡鸡呢……嗯、嗯哈、啾噜……嗯、嗯嗯嗯嗯……」",
    "len": 2
  },
  {
    "name": "式子",
    "message": "「嗯嗯嗯……太大了……嗯、呜……不太容易……啾……含到最里面呢……哈……」",
    "len": 2
  },
  {
    "name": "式子",
    "message": "「啾、哈、嗯……啾噜、啾噜……哈……感觉……舒服吗……？」",
    "len": 2
  },
  {
    "message": "式子桑的嘴唇在我的冠状沟附近来回移动，但很难再深入了。",
    "len": 2
  },
  {
    "message": "然而与式子桑疑问语气的话相反，我的那里在她温暖的口腔中硬得发疼。",
    "len": 2
  },
  {
    "name": "式子",
    "message": "「嗯、啾……啾噜……啾、嗯哈……」",
    "len": 1
  },
  {
    "message": "她把口腔内壁紧贴上来，收紧双颊吸吮着——",
    "len": 1
  },
  {
    "name": "式子",
    "message": "「嗯、哈、嗯嗯嗯……啾噜……」",
    "len": 1
  },
  {
    "message": "她用舌头表面摩擦顶端的刺激相当强烈，我差点不由自主地往后缩腰。",
    "len": 2
  },
  {
    "name": "式子",
    "message": "「啾……呼嗯、嗯嗯……好大……嗯呼、哈、嗯嗯嗯……而且、好热……」",
    "len": 2
  },
  {
    "name": "式子",
    "message": "「啾、嗯咕、嗯呼……哈、哈……树君……知道吗？」",
    "len": 2
  },
  {
    "name": "樹",
    "message": "「知、知道什么？」",
    "len": 1
  },
  {
    "name": "式子",
    "message": "「嗯、嗯嗯……树君的小鸡鸡变热了……和妈妈、啾……一样、哦……嗯咕、咕嗯……」",
    "len": 2
  },
  {
    "name": "樹",
    "message": "「诶？」",
    "len": 1
  },
  {
    "name": "式子",
    "message": "「妈妈的、胸口深处……嗯咕、嗯、哈……变热的感觉是一样的哦……哈啊……」",
    "len": 2
  },
  {
    "name": "式子",
    "message": "「嗯、啾、啾噗……和这根小鸡鸡一样……妈妈的心情……嗯、嗯嗯……也变得这么热了哦……」",
    "len": 2
  },
  {
    "name": "式子",
    "message": "「嗯啾、呼、嗯咕、啾……嗯哈……但是……如果做得不好……呼啊，对、对不起哦？」",
    "len": 2
  },
  {
    "message": "虽然不知道什么是熟练或不熟练，但与这些无关，我的心脏正剧烈跳动着。",
    "len": 2
  },
  {
    "message": "身体从深处开始变热。",
    "len": 1
  },
  {
    "message": "呼吸也明显加快了，如果不忍耐的话，感觉会发出奇怪的声音。",
    "len": 2
  },
  {
    "name": "樹",
    "message": "「熟不熟练什么的，都无所谓啦」",
    "len": 1
  },
  {
    "message": "这么说，几乎是在逞强。",
    "len": 1
  },
  {
    "message": "光是想到那小小的嘴含着我的东西，就让我胸口发热，几乎要流出眼泪来。",
    "len": 2
  },
  {
    "message": "这大概就是所谓的怜爱之情，可能和妈妈抱有的是同样的感觉。",
    "len": 2
  },
  {
    "message": "——虽然这是事实，但撇开这些不谈，快感让我的头脑有点恍惚。",
    "len": 2
  },
  {
    "name": "式子",
    "message": "「嗯，咕啾……哈，嗯呜……这种事……不用……哈，担心的哦……」",
    "len": 2
  },
  {
    "name": "式子",
    "message": "「嗯、嗯嗯……「如果做不好」是……哈……嗯、啾噜、呼啊……妈妈会担心的事……」",
    "len": 2
  },
  {
    "name": "式子",
    "message": "「啾、呼啊……塔君，不用担心……呼啊、啾噜、啾……可以的……哦？」",
    "len": 2
  },
  {
    "name": "式子",
    "message": "「嗯、啾、哈、关于自己的孩子……嗯哈……让他舒服起来、嗯咕、啾……是妈妈的职责啊」",
    "len": 2
  },
  {
    "name": "式子",
    "message": "「啾、咕呼、呼啊……听话……嗯呼……任凭摆布……哈、呼啊……就好了……」",
    "len": 2
  },
  {
    "name": "式子",
    "message": "「否则的话……咕、呼啊、嗯啾……嗯哈……我可能会……咬你哦？嗯、啾噜……」",
    "len": 2
  },
  {
    "message": "明明是个连让人痛苦这种事都做不到的人，却说出这样的话来。",
    "len": 2
  },
  {
    "name": "式子",
    "message": "「啊，你是不是在想「明明做不到」……嗯咕……对吧？啾、呜噗、嗯咕咕……噗哈……我真的会这么做的哦」",
    "len": 2
  },
  {
    "name": "式子",
    "message": "「啾噜……嗯噗、如果惹妈妈生气的话……哈啊……嗯、嗯啾、啾噗……嗯呜呜、可是很可怕的哦……」",
    "len": 2
  },
  {
    "message": "式子桑暂时把头抬起来，然后用力把我的那个含到了最深处。",
    "len": 2
  },
  {
    "name": "式子",
    "message": "「嗯呜、嗯嗯嗯嗯……！」",
    "len": 1
  },
  {
    "message": "整个性器仿佛被温暖的东西包裹住，瞬间，一股战栗的感觉传遍全身。",
    "len": 2
  },
  {
    "message": "我想对发出痛苦声音的式子桑说些什么，但却无法开口。",
    "len": 2
  },
  {
    "message": "一方面是因为她可能又会说「别担心」之类的话，另一方面更是因为我被那种温柔舒适的感觉所支配，根本无暇顾及其他。",
    "len": 2
  },
  {
    "name": "式子",
    "message": "「嗯、嗯嗯嗯……呃啊……进去了……呢……嗯、呜呜呜……！」",
    "len": 2
  },
  {
    "name": "式子",
    "message": "「呜、啾……因为……沾满了口水……嗯、变得滑溜溜的……呜、是不是进去了呢……？」",
    "len": 2
  },
  {
    "name": "式子",
    "message": "「呜呜、呜、嗯、嗯嗯嗯嗯……！」",
    "len": 1
  },
  {
    "message": "式子桑再次用力深深含入，前端撞到了什么，我不禁发出了呻吟声。",
    "len": 2
  },
  {
    "name": "式子",
    "message": "「呼、哈、嗯嗯嗯！哈……哈……嗯、刚才、感觉……呜、呼……舒服吗……？」",
    "len": 2
  },
  {
    "message": "她一边看起来很痛苦，一边又略带得意地抬眼看着我。",
    "len": 1
  },
  {
    "name": "樹",
    "message": "「…………」",
    "len": 1
  },
  {
    "name": "式子",
    "message": "「嗯唔、嗯咕……嗯哈……没关系，不用回答……唔啾、啾啵……反正我什么都知道……嗯呼」",
    "len": 2
  },
  {
    "name": "式子",
    "message": "「嗯、嗯嗯嗯、嗯唔……顶到喉咙深处了……嗯嗯……碰到了……咕呼……咳、咳咳、咳咳……」",
    "len": 2
  },
  {
    "message": "可能是因为把我的那个含得太深了，式子桑痛苦地咳嗽起来。",
    "len": 2
  },
  {
    "message": "但即便如此，她也没有松开含着的嘴，反而更加努力地想要把我吞得更深。",
    "len": 2
  },
  {
    "name": "樹",
    "message": "「那个，别太勉强自己……」",
    "len": 1
  },
  {
    "message": "我不由自主地说出了这样的话。",
    "len": 1
  },
  {
    "name": "式子",
    "message": "「嗯唔、唔哈……没什么勉强的……嗯、嗯……嗯唔、咕呜……不要小看……妈妈啊……」",
    "len": 2
  },
  {
    "name": "式子",
    "message": "「嗯唔、嗯啾……嗯嗯……？越来越……嗯呼、嗯……变大了呢……呼哈……」",
    "len": 2
  },
  {
    "name": "式子",
    "message": "「嗯唔、这是不是……嗯、啾、啾噜……嗯嗯嗯……意味着很舒服呢……嗯……」",
    "len": 2
  },
  {
    "name": "樹",
    "message": "「……难、难道不是只有知识吗？」",
    "len": 1
  },
  {
    "message": "我装作冷静地追问，但呼吸变得急促，完全没有余裕的样子已经暴露无遗了。",
    "len": 2
  },
  {
    "name": "式子",
    "message": "「嗯、哈啊、唔嗯……感觉很……舒服吧……？嗯咕、嗯嗯嗯……嗯呜……我知道的哦……」",
    "len": 2
  },
  {
    "name": "式子",
    "message": "「如果能让你……哈、嗯呼……感到舒服的话……妈妈，无论多少次……嗯咕、啾……都会努力的哦……」",
    "len": 2
  },
  {
    "message": "而式子桑给予的刺激，变得越来越肆无忌惮。",
    "len": 2
  },
  {
    "message": "不知不觉中，我已经无法担心也无法抵抗，完全被她玩弄于股掌之间。",
    "len": 2
  },
  {
    "message": "尽管式子桑看起来也很辛苦，但她的动作丝毫没有犹豫，反而越发激烈。",
    "len": 2
  },
  {
    "name": "式子",
    "message": "「嗯……嗯嗯嗯……！嗯咕、嗯！嗯呼……啾噜、嗯啾……嗯噗、嗯嗯嗯……！」",
    "len": 2
  },
  {
    "name": "式子",
    "message": "「嗯哈……小鸡鸡……嗯、在跳动……好有力……嗯、嗯嗯嗯嗯……太棒了……哈啊……」",
    "len": 2
  },
  {
    "name": "式子",
    "message": "「呜啾噜……嗯、哈……咧咯……嗯咕……从前端……嗯哈、呜嗯……黏糊糊的东西，流出来了哦……」",
    "len": 2
  },
  {
    "name": "式子",
    "message": "「嗯、嗯嗯嗯、啾噜……好高兴……哈呼……你在……嗯噗、哈啊……感受着呢……呼啊……」",
    "len": 2
  },
  {
    "message": "事实上，正如式子桑所说的那样。",
    "len": 1
  },
  {
    "message": "在完全不顾自身辛苦的式子桑对我性器的刺激下，我不仅感受到了快感，甚至已经濒临射精的边缘。",
    "len": 2
  },
  {
    "name": "式子",
    "message": "「啊，又……嗯，胀大了……嗯，呜呜……」",
    "len": 1
  },
  {
    "message": "从刚才开始就一直在腰部深处积聚的那种沉重感觉，不断地寻求释放。",
    "len": 2
  },
  {
    "message": "也许是微妙地察觉到了这一点，式子桑也加快了前后的动作。",
    "len": 1
  },
  {
    "name": "式子",
    "message": "「嗯，呜……啾，咕噜……嗯呜……！咕，哈呜……咕，啾啵……嗯，嗯嗯嗯……！」",
    "len": 2
  },
  {
    "message": "式子桑张大她那小小的嘴巴，几乎要脱臼似的，含住我的那里，一直吞到最深处。",
    "len": 2
  },
  {
    "name": "式子",
    "message": "「嗯噗，啾噜，嗯咕……呜啾……咕呜……！啾噜，咕噜噜噜……嗯咕……呼啊……」",
    "len": 2
  },
  {
    "message": "她的嘴周围沾满了起泡的唾液，顺着下巴滴落下来，形成了一条条水线。",
    "len": 2
  },
  {
    "name": "式子",
    "message": "「呼哈……嗯咕……嗯嗯，有什么……要上来了……！？嗯，呜咕咕……哈呼，嗯啾……啊呼……！」",
    "len": 2
  },
  {
    "name": "式子",
    "message": "「要来了……啾，嗯唔……嗯咕咕咕……！啾噗，啊呜……小鸡鸡……好热啊……变得好热……」",
    "len": 2
  },
  {
    "name": "樹",
    "message": "「嗯，哈啊……！」",
    "len": 1
  },
  {
    "message": "我已经到了忍耐的极限，不由自主地发出了喘息声。",
    "len": 1
  },
  {
    "name": "樹",
    "message": "「啊呜，式子桑，已，已经……！」",
    "len": 1
  },
  {
    "name": "式子",
    "message": "「嗯，啾……嗯呜，嗯嗯……啾，啾噜……不用忍耐，没关系的哦……呼哈……！」",
    "len": 2
  },
  {
    "name": "式子",
    "message": "「想要的，时候……嗯咕，嗯唔唔唔，尽情地……啾……想射多少，就射多少……哈呜，嗯咕唔，都可以的哦……」",
    "len": 2
  },
  {
    "message": "我咬紧牙关，早已超越了极限，根本没有余裕去选择喜欢的时机。",
    "len": 2
  },
  {
    "message": "感觉随时都可能爆发出来。",
    "len": 1
  },
  {
    "name": "樹",
    "message": "「式子桑……快，快放开……！」",
    "len": 1
  },
  {
    "name": "式子",
    "message": "「嗯，嗯唔……呼啊……！？」",
    "len": 1
  },
  {
    "message": "我差点就来不及从式子桑的嘴里抽出性器。",
    "len": 1
  },
  {
    "message": "下一瞬间，被压抑已久的液体猛烈地喷射在式子桑的脸上。",
    "len": 2
  },
  {
    "name": "式子",
    "message": "「啊……！？精，精液……」",
    "len": 3
  },
  {
    "message": "式子桑握住我正在喷射白色液体的性器，固定在她的脸前。",
    "len": 1
  },
  {
    "name": "式子",
    "message": "「嗯哈啊，哈啊……精液……让我看看你射精的样子……让我看看你舒服的样子……哈啊，啊啊……」",
    "len": 2
  },
  {
    "message": "式子桑一边喘着粗气一边恍惚地说着，她的脸被一波又一波喷射出的精液弄脏了。",
    "len": 2
  },
  {
    "name": "式子",
    "message": "「嗯呼……精液，好烫……哈啊……沾上了……树君在……大量射精……嗯哈啊……」",
    "len": 2
  },
  {
    "message": "喷洒在式子桑脸上的精液形成了许多条痕迹，黏稠地滴落下来。",
    "len": 2
  },
  {
    "name": "式子",
    "message": "「哈，哈，哈……射了好多呢……」",
    "len": 1
  },
  {
    "name": "樹",
    "message": "「…………」",
    "len": 1
  },
  {
    "message": "然后，式子桑把嘴贴在了我的龟头上，那里虽然已经停止了喷射，但仍在渗出残留的白色液体。",
    "len": 2
  },
  {
    "name": "式子",
    "message": "「啾，咕噜，啾噜……啾噜噜……」",
    "len": 1
  },
  {
    "message": "她将里面剩余的液体全部吸吮干净，然后咽了下去。",
    "len": 1
  },
  {
    "name": "式子",
    "message": "「……唔咕，唔咕……咕噜……呼啊……」",
    "len": 1
  },
  {
    "name": "式子",
    "message": "「呼啊……精子……好好吃……这就是树君的精子啊……」",
    "len": 2
  },
  {
    "name": "樹",
    "message": "「呃，那个……应该不是什么好吃的东西吧，但是……」",
    "len": 1
  },
  {
    "name": "式子",
    "message": "「很好吃哦？因为是树君的嘛，当然好吃啦。黏稠稠的，热乎乎的，感觉胸口深处都要融化了……」",
    "len": 2
  },
  {
    "name": "樹",
    "message": "「那个，对，对不起……把你弄成这样……」",
    "len": 1
  },
  {
    "name": "式子",
    "message": "「嗯？为什么要道歉？」",
    "len": 1
  },
  {
    "message": "但是式子桑一脸茫然的样子。",
    "len": 1
  },
  {
    "name": "式子",
    "message": "「这种时候应该说谢谢才对哦」",
    "len": 1
  },
  {
    "name": "式子",
    "message": "「因为你给了我这么多热乎乎的东西嘛」",
    "len": 1
  },
  {
    "name": "式子",
    "message": "「这样做的时候，感觉晕乎乎的……就像被抱在怀里一样温暖，非常幸福……」",
    "len": 2
  },
  {
    "name": "式子",
    "message": "「精子真是太厉害了呢……」",
    "len": 1
  },
  {
    "name": "式子",
    "message": "「啊，啊哈哈，对不起，妈妈一个人沉醉其中了」",
    "len": 1
  },
  {
    "name": "式子",
    "message": "「明明说要让树君舒服的，结果反而是妈妈一个人变得很舒服」",
    "len": 2
  },
  {
    "message": "这、这人的思维方式是怎么回事……",
    "len": 1
  },
  {
    "message": "明明我也非常舒服……不如说，好像只有我一个人在享受……",
    "len": 2
  },
  {
    "message": "在我目瞪口呆的时候，式子桑满脸沾满精液地靠近我的脸，然后轻轻地亲吻了我的前端。",
    "len": 2
  },
  {
    "name": "式子",
    "message": "「啾……以后也请多关照哦」",
    "len": 1
  },
  {
    "message": "然后她抬头看着我说道。",
    "len": 1
  },
  {
    "name": "式子",
    "message": "「来，树君……和妈妈做爱吧？这次要好好享受哦？」",
    "len": 2
  },
  {
    "message": "虽然刚刚射过精，但我的勃起很快就恢复了。",
    "len": 1
  },
  {
    "message": "尽管是在寒冷的冬日天空下，但身体却火热得根本感觉不到寒冷。",
    "len": 2
  },
  {
    "message": "不，不是这样。我感觉我们周围仿佛被某种温暖的东西包围着。",
    "len": 2
  },
  {
    "name": "式子",
    "message": "「哈……哈……哈……」",
    "len": 1
  },
  {
    "message": "式子桑还沉浸在刚才的余韵中，呼吸还没有平复下来。",
    "len": 2
  },
  {
    "name": "式子",
    "message": "「哈……来，把树君的小鸡鸡，插进来……哈……插进妈妈的，这里……」",
    "len": 2
  },
  {
    "message": "式子桑一边微微加快呼吸，一边将手放在下腹部，用手指稍稍分开那个部位。",
    "len": 2
  },
  {
    "message": "那一刻，我似乎听到了褶皱与褶皱之间拉出丝线的湿润声音。",
    "len": 1
  },
  {
    "name": "式子",
    "message": "「嘿嘿……有点害羞……发出了咕叽咕叽的声音……」",
    "len": 2
  },
  {
    "name": "式子",
    "message": "「……不过，这说明我在等着树君哦。光是舔小鸡鸡就……变成这样了……」",
    "len": 3
  },
  {
    "message": "她羞涩地脸红着，稍微移开视线，说出了这样的话。",
    "len": 2
  },
  {
    "message": "从那微微张开的地方，滴落下了粘稠的液体。",
    "len": 2
  },
  {
    "name": "式子",
    "message": "「嗯，哈啊……被这样盯着看，好害羞啊……」",
    "len": 2
  },
  {
    "name": "式子",
    "message": "「呐，插进来……？我想和树君……合为一体……」",
    "len": 2
  },
  {
    "name": "樹",
    "message": "「嗯……」",
    "len": 1
  },
  {
    "message": "我心跳加速，将肉棒对准了妈妈的入口。",
    "len": 1
  },
  {
    "message": "虽然我的那里已经被精液和式子桑的唾液弄湿了，但仅仅是顶端轻轻触碰，就能感受到那里的热度和湿滑。",
    "len": 2
  },
  {
    "name": "式子",
    "message": "「啊，哈啊……！」",
    "len": 1
  },
  {
    "message": "虽然只是轻微的接触，式子桑却发出高亢的声音仰头后仰。",
    "len": 2
  },
  {
    "name": "式子",
    "message": "「嗯啊、哈啊……哈啊、哈……进、进去了……？」",
    "len": 2
  },
  {
    "name": "樹",
    "message": "「没有，完全没有……只是顶端碰到了而已」",
    "len": 1
  },
  {
    "name": "式子",
    "message": "「这、这样啊……发出声音了，有点害羞……」",
    "len": 2
  },
  {
    "name": "式子",
    "message": "「因为妈妈是第一次嘛……不知道小鸡鸡进来是什么感觉……嘿嘿……」",
    "len": 3
  },
  {
    "name": "式子",
    "message": "「不过，能和自己的孩子共度初次……真是太幸福了……来、来吧……？」",
    "len": 2
  },
  {
    "message": "虽然有些话的意思我不太明白，但总之既然是第一次，肯定会痛的吧。",
    "len": 2
  },
  {
    "message": "这么想着，我双手撑地固定住身体，尽可能缓慢地稍微挺进了腰部。",
    "len": 2
  },
  {
    "name": "式子",
    "message": "「嗯啊、哈啊！哈啊呜呜……」",
    "len": 1
  },
  {
    "message": "仅仅进入了几厘米，到达凹陷处，式子桑娇小的身体就颤抖着做出了反应。",
    "len": 2
  },
  {
    "name": "式子",
    "message": "「嗯、嗯啊……哈啊……哈啊哈啊……麻麻的……进、进到最里面了吗……？」",
    "len": 2
  },
  {
    "message": "她已经喘得很厉害了，还问着我。",
    "len": 1
  },
  {
    "name": "樹",
    "message": "「不、不是……只是前端稍微进去了一点」",
    "len": 1
  },
  {
    "name": "式子",
    "message": "「这、这样啊……」",
    "len": 1
  },
  {
    "message": "式子桑在急促的呼吸中，害羞地笑了。",
    "len": 1
  },
  {
    "message": "我再次集中力量在腰部。",
    "len": 1
  },
  {
    "message": "当我像刚才一样小心地想要推进腰部时，感到有一种阻碍前进的阻力。",
    "len": 2
  },
  {
    "message": "式子桑的内壁仿佛要阻止异物的侵入一般，从两侧紧紧地压迫着。",
    "len": 2
  },
  {
    "name": "式子",
    "message": "「没、没关系的……哈、哈……还、还可以……你、你进来吧……」",
    "len": 3
  },
  {
    "name": "式子",
    "message": "「没、没事的……光是舔小鸡鸡……被射了精液……就已经……哈啊」",
    "len": 4
  },
  {
    "name": "式子",
    "message": "「满满的，嗯啊……变得，黏糊糊的了……所以……好吗？」",
    "len": 3
  },
  {
    "message": "回应着式子桑的声音，我再次试图将性器推向深处。",
    "len": 1
  },
  {
    "message": "本想慢慢推进，但由于从里面溢出的粘液使其变得滑溜，一下子就全部插到了根部。",
    "len": 2
  },
  {
    "name": "式子",
    "message": "「啊，啊啊……！！呜呜呜……！！」",
    "len": 1
  },
  {
    "message": "式子桑发出了可以称之为悲鸣的叫声。",
    "len": 1
  },
  {
    "name": "式子",
    "message": "「哈，哈，哈，哈……嗯，哈……呜……哈，哈，哈……！」",
    "len": 3
  },
  {
    "message": "式子桑大口喘着气，眉头紧皱，虽然没有说出来，但显然是在忍受痛苦。",
    "len": 2
  },
  {
    "message": "式子桑的内壁和入口都紧紧地收缩着，我能透过性器感受到她身体的颤抖反应。",
    "len": 2
  },
  {
    "message": "虽然这种痉挛明显是由于疼痛引起的，但紧紧包裹的刺激却带来了强烈的快感。",
    "len": 2
  },
  {
    "name": "樹",
    "message": "「你、你没事吧……？」",
    "len": 1
  },
  {
    "message": "虽然是个愚蠢的问题，但这样的话还是不由自主地脱口而出。",
    "len": 1
  },
  {
    "name": "式子",
    "message": "「哈、哈、嗯哈……这、这种事……哈……不该问的啊……」",
    "len": 2
  },
  {
    "name": "式子",
    "message": "「没关系的……哈、哈啊、呜哈……不用担心我没事……哈……」",
    "len": 2
  },
  {
    "name": "式子",
    "message": "「嗯、嗯呜、哈啊……这种感觉……疼痛是……哈……结合在一起的……成为一体的证明啊……」",
    "len": 3
  },
  {
    "name": "式子",
    "message": "「嗯嗯嗯、哈……进来了，真的进来了哦……真的……哈，小树的小鸡鸡进来了哦……」",
    "len": 3
  },
  {
    "message": "一滴眼泪从式子桑的眼中滑落。",
    "len": 1
  },
  {
    "message": "也许是从我的表情中察觉到了这一点，式子桑说道。",
    "len": 1
  },
  {
    "name": "式子",
    "message": "「不、不是的……哈，别、别担心……我、我是太高兴了……高兴得哭了出来……」",
    "len": 4
  },
  {
    "name": "式子",
    "message": "「可、可以动了哦……哈、呜……妈妈，已经，准备好了……」",
    "len": 2
  },
  {
    "name": "式子",
    "message": "「不用顾虑的哦……即使疼痛，也不会难受的……尽情地……在妈妈的里面……哈，搅动吧……」",
    "len": 4
  },
  {
    "name": "式子",
    "message": "「而、而且，不这样的话，就不能真正成为一体吧？做爱就是这么回事吧……？」",
    "len": 3
  },
  {
    "name": "式子",
    "message": "「真是个胆小鬼呢……那么，说魔法咒语好吗？有一个能让妈妈不再痛苦的魔法咒语哦」",
    "len": 3
  },
  {
    "name": "樹",
    "message": "「魔法咒语……？」",
    "len": 1
  },
  {
    "name": "式子",
    "message": "「叫我『妈妈』好吗？」",
    "len": 1
  },
  {
    "name": "樹",
    "message": "「诶——」",
    "len": 1
  },
  {
    "name": "式子",
    "message": "「哈、哈啊、哈啊……这样的话，妈妈……就什么都无所谓了……」",
    "len": 2
  },
  {
    "message": "虽然说出这个词有些犹豫，但如果能让式子桑稍微轻松一点的话，我还是下定决心了。",
    "len": 2
  },
  {
    "name": "樹",
    "message": "「妈妈，我要动了……」",
    "len": 1
  },
  {
    "name": "式子",
    "message": "「对啊，是妈妈哦……好高兴……和妈妈连在一起了……成为一体了哦……」",
    "len": 2
  },
  {
    "message": "为了让式子桑轻松一些而说出的话，也给我的内心带来了变化。",
    "len": 2
  },
  {
    "message": "我感到非常安心和满足……",
    "len": 1
  },
  {
    "message": "然后我想，为了一起获得幸福，我们必须互相摩擦性器。",
    "len": 2
  },
  {
    "message": "我开始在紧紧包裹着我的妈妈体内缓缓动作。",
    "len": 1
  },
  {
    "name": "式子",
    "message": "「嗯、呃……嗯嗯、呃呜……！ 哈啊、在动……小鸡鸡、来了……！」",
    "len": 3
  },
  {
    "message": "式子桑的声音听起来依然很痛苦，但我没有停下动作，而是继续缓慢地在湿润的性器中抽插。",
    "len": 2
  },
  {
    "name": "式子",
    "message": "「嗯、哈啊、嗯、对……就是这样……哈啊、绝对、不要……停下来……呃呜……！」",
    "len": 4
  },
  {
    "name": "式子",
    "message": "「妈妈、没关系的……哈、嗯、呃……呃呜……哈啊、因为是妈妈、所以没关系的……哈……」",
    "len": 4
  },
  {
    "name": "式子",
    "message": "「所以、哈、哈、呃……不用在意……在妈妈里面……嗯、哈呜、使劲、使劲、插进来……！」",
    "len": 3
  },
  {
    "name": "式子",
    "message": "「小鸡鸡进来了……好高兴啊……哈、嗯哈、哈啊……就这样、多多、做吧……」",
    "len": 4
  },
  {
    "message": "发出痛苦声音的式子桑的身体上，渗出了细密的汗珠。",
    "len": 2
  },
  {
    "message": "式子桑的小穴口紧紧地间断性收缩，以至于发出声音，即使几乎不动也能感受到疼痛般的快感。",
    "len": 2
  },
  {
    "message": "每次收缩都仿佛刺激着体内深处的欲望，我顺应这种感觉，猛烈地摆动腰部。",
    "len": 2
  },
  {
    "name": "式子",
    "message": "「啊、嗯、嗯嗯嗯、对、就是这样……嗯、呃！一直到最深处……哈、到最深处、使劲……插、插进来……！」",
    "len": 4
  },
  {
    "name": "式子",
    "message": "「全部……嗯、嗯嗯……都是太君的……呜啊！随、随你喜欢、怎么做都行……哈、呜……」",
    "len": 3
  },
  {
    "name": "式子",
    "message": "「哈、妈、妈妈……能够、感到舒服……这就是、最舒服的……呜啊、呃啊啊啊……！」",
    "len": 4
  },
  {
    "name": "式子",
    "message": "「里、里面、麻酥酥的……哈、好沉重……肚子、在震动……啊、啊啊、呃啊啊……！」",
    "len": 2
  },
  {
    "message": "我无法抵抗欲望，像是要摩擦滚烫的内壁一般，猛烈地挺动腰部。",
    "len": 2
  },
  {
    "name": "式子",
    "message": "「嗯、嗯嗯、呜啊、啊啊啊……！痛、哈啊……就、就这样……不要停下来……」",
    "len": 3
  },
  {
    "name": "式子",
    "message": "「呃、啊……里、里面变大了……！喜欢大的……哈、能感觉到、你在那里……」",
    "len": 4
  },
  {
    "name": "式子",
    "message": "「哈、哈啊、嗯、怎么样……舒、舒服吗？感觉到了吗……妈妈的里面、感觉到了吗……？」",
    "len": 2
  },
  {
    "name": "式子",
    "message": "「呃啊、哈、来了、一阵阵地来了……哈啊……鸡巴摩擦着……好、好厉害……哈、哈啊啊……！」",
    "len": 3
  },
  {
    "name": "式子",
    "message": "「哈啊……嗯、对、就这样、挖掘妈妈的里面！要是犹豫的话……我、我会生气的哦……」",
    "len": 4
  },
  {
    "name": "式子",
    "message": "「不、不行的话……不、不要停下来……哈啊……不要放松、继续、就这样……哈啊啊……！」",
    "len": 4
  },
  {
    "name": "樹",
    "message": "「我、我并没有放松啊……」",
    "len": 1
  },
  {
    "message": "不仅如此，我几乎是任凭欲望驱使，更加猛烈地将性器撞击着式子桑的深处，贪婪地追求快感。",
    "len": 2
  },
  {
    "name": "樹",
    "message": "「反而，变得更激烈了——」",
    "len": 1
  },
  {
    "name": "式子",
    "message": "「才、才没有呢、太君在手下留情哦、嗯哈、因、因为、疼痛……已经消失了……」",
    "len": 4
  },
  {
    "name": "式子",
    "message": "「没、没那么疼了……已经不怎么疼了……哈啊哈、哈、哈啊、如、如果不认真做的话……我会生气的……」",
    "len": 4
  },
  {
    "name": "樹",
    "message": "「我、我说了是认真的啊……」",
    "len": 1
  },
  {
    "message": "为了回应式子桑的要求，我比之前更加猛烈地抽插着性器。",
    "len": 2
  },
  {
    "message": "但是回应要求只是借口，实际上是我自己想获得快感。",
    "len": 2
  },
  {
    "message": "每次我的那里进进出出时，混合着血液和体液的粘稠液体就会从里面被带出来，在入口处起泡，发出湿润的声音。",
    "len": 2
  },
  {
    "name": "式子",
    "message": "「对、对啊……痛、痛……好痛啊……痛得快要融化了……哈啊，好热，呼啊啊……！」",
    "len": 3
  },
  {
    "name": "式子",
    "message": "「哈、嗯、嗯哈啊……痛……好重……感觉要裂开了……嗯、哈、哈啊啊……！」",
    "len": 2
  },
  {
    "message": "式子桑的喘息声确实是因为痛苦发出的，但我感觉其中似乎还混杂着别的什么。",
    "len": 2
  },
  {
    "message": "那声音中有种甜美的东西，仿佛要融化我的耳朵。",
    "len": 1
  },
  {
    "name": "式子",
    "message": "「哈呜、哈、有什么……有什么不对劲……嗯、嗯嗯嗯……！怎、怎么了……这是什么、呼啊啊……嗯咕呜呜……！」",
    "len": 3
  },
  {
    "name": "式子",
    "message": "「哈哈啊啊……那里有热热的感觉在扩散……哈、嗯哈啊……有种飘飘然的感觉……嗯、啊、啊啊！」",
    "len": 3
  },
  {
    "message": "我也不太明白……但是，我感觉式子桑的喘息中包含着快感带来的成分。",
    "len": 2
  },
  {
    "message": "微微隆起的胸部中央，乳头明显地挺立了起来。",
    "len": 2
  },
  {
    "message": "式子桑感到我在手下留情，是因为快感开始混入痛感了吗？",
    "len": 2
  },
  {
    "message": "所以说，之前那样的动作已经不够满足了吗？",
    "len": 1
  },
  {
    "name": "式子",
    "message": "「感、感觉自己像不在这里一样……嗯……呜、啊、呜……好、好奇怪的感觉……」",
    "len": 2
  },
  {
    "name": "式子",
    "message": "「这、这是什么……？嗯、啊……是舒服的感觉吗？妈、妈妈，嗯、嗯呜……我、我在感觉吗……！？」",
    "len": 4
  },
  {
    "name": "式子",
    "message": "「里面，肉棒，在摩擦……动起来的感觉……啊，好热，变得好热……啊、呜啊、嗯……！」",
    "len": 4
  },
  {
    "name": "式子",
    "message": "「明、明明很痛……却很舒服……呜……嗯、嗯嗯嗯、呼……为、为什么……呜……！」",
    "len": 3
  },
  {
    "name": "式子",
    "message": "「妈、妈妈……明明是第一次……嗯呜、嗯啊……明明是第一次……却这么舒服……哈、哈啊……！」",
    "len": 3
  },
  {
    "name": "式子",
    "message": "「这种事……这、这种事，太奇怪了……嗯、呀……妈妈，你是变态啊……哈啊……」",
    "len": 3
  },
  {
    "name": "式子",
    "message": "「啊啊……好热……热热的要溢出来了……妈妈的爱液和肉棒，发出咕啾咕啾的声音……」",
    "len": 4
  },
  {
    "name": "式子",
    "message": "「好、好羞耻……嗯呼……你、你听到了吧？咕啾咕啾的声音……哈、哈呜呜……」",
    "len": 4
  },
  {
    "message": "确实听得很清楚。",
    "len": 1
  },
  {
    "message": "即使混杂在式子桑的喘息声中，母亲分泌的体液发出的水声依然清晰可闻。",
    "len": 2
  },
  {
    "name": "式子",
    "message": "「啊，虽然很羞耻……但还是流出来了好多……！羞耻的汁液……从、从最里面……停不下来了」",
    "len": 4
  },
  {
    "name": "式子",
    "message": "「哈、嗯……痛感，快感……哈、呜……全都能感觉到……哈、呼、呀、啊啊……！」",
    "len": 3
  },
  {
    "message": "式子桑的声音突然变高了。",
    "len": 1
  },
  {
    "name": "樹",
    "message": "「式子桑，你的声音好厉害……」",
    "len": 1
  },
  {
    "message": "为了分散即将射精的快感，我不由得说出了这样的话。",
    "len": 2
  },
  {
    "name": "式子",
    "message": "「这、这种，你怎么能，呜呜，怎么能说这种话……被你这么一说，更、更害羞了……哈啊……！」",
    "len": 4
  },
  {
    "message": "尽管她这么说，式子桑喘息的音调却丝毫没有平静下来。",
    "len": 2
  },
  {
    "name": "樹",
    "message": "「对、对不起……」",
    "len": 1
  },
  {
    "name": "式子",
    "message": "「嗯、哈、可、可是要说啊……哈呜、嗯、哈、啊啊……都、都是太君的错，都是多亏了太君，才、才变成这样的」",
    "len": 4
  },
  {
    "name": "式子",
    "message": "「嗯哈、所以……多说一点……哈啊呜……！告诉我、啊、多告诉我……妈妈、发出了淫荡的声音」",
    "len": 3
  },
  {
    "name": "式子",
    "message": "「因为是太君让我舒服的……哈、哈啊、虽然很害羞……嗯啊、但是很开心……！」",
    "len": 3
  },
  {
    "name": "式子",
    "message": "「喜、喜欢你，哈呜……喜欢所有的……最喜欢了……下面变得湿漉漉的也……被你看到这样的我也……」",
    "len": 4
  },
  {
    "name": "式子",
    "message": "「所、所以……哈、啊、不会放你走的……嗯、要用那里紧紧抓住你……绝对不会放开的……！」",
    "len": 4
  },
  {
    "message": "正如她所说的那样，式子桑的私处虽然湿润不已，却紧紧地吸附着我，以至于进出都变得困难。",
    "len": 2
  },
  {
    "message": "每当我强行动作时，都会有一阵令人晕眩的快感袭来。",
    "len": 2
  },
  {
    "name": "式子",
    "message": "「嗯、哈、再多、再多动一点……嗯、啊啊……一直到、子宫入口……嗯、用力、顶进来……！」",
    "len": 3
  },
  {
    "name": "式子",
    "message": "「使劲顶……嗯、哈呜、然后……太君也……用小鸡鸡、紧紧抓住妈妈……！」",
    "len": 3
  },
  {
    "name": "式子",
    "message": "「这样还……嗯、哈、不够啊……好舒服啊……再多让我舒服一点……紧紧抓住我……」",
    "len": 3
  },
  {
    "name": "樹",
    "message": "「就、就算你这么说……但你夹得太紧了，我、我很难动啊……」",
    "len": 2
  },
  {
    "message": "尽管如此，我还是理解了式子桑的心情，于是我也带着几分自暴自弃的心情，顶入式子桑火热融化的地方。",
    "len": 2
  },
  {
    "message": "我拼命地将欲望撞击进式子桑的深处，仿佛随时都可能射精一样。",
    "len": 2
  },
  {
    "name": "式子",
    "message": "「啊、啊呜、就、就是这样……嗯、哈啊……！好舒服啊！能感觉到太君……哈啊……！」",
    "len": 3
  },
  {
    "name": "式子",
    "message": "「嗯嗯、有什么要来了……从深处、哈啊、嗯……从深处……有什么在上来……嗯哈啊……」",
    "len": 3
  },
  {
    "name": "式子",
    "message": "「好、好可怕……这、这是……嗯、啊啊嗯……是要去了吗？嗯哈啊、嗯啊啊……」",
    "len": 3
  },
  {
    "name": "樹",
    "message": "「没事的」",
    "len": 1
  },
  {
    "message": "我一边拼命忍耐着快感，一边对刚才开始就在微微颤抖的式子桑说道。",
    "len": 2
  },
  {
    "name": "樹",
    "message": "「没、没事的。不用害怕——」",
    "len": 1
  },
  {
    "message": "我差点想在最后加上大概，但又急忙把这个词咽了回去。",
    "len": 1
  },
  {
    "name": "式子",
    "message": "「但是……但是，嗯，啊……哈啊……好奇怪啊……感觉妈妈要不再是妈妈了……嗯，哈啊……」",
    "len": 4
  },
  {
    "name": "式子",
    "message": "「好像要，嗯，去某个地方了……哈啊……！变成不一样的人……感觉要变得孤单一人了……」",
    "len": 3
  },
  {
    "name": "樹",
    "message": "「不会那样的，式子桑。我在这里呢。我会一直，不离开你的」",
    "len": 2
  },
  {
    "name": "式子",
    "message": "「嗯哈，呼啊……真、真的吗……？」",
    "len": 1
  },
  {
    "name": "樹",
    "message": "「嗯，嗯……。因为，我也和式子桑有着同样的感觉啊」",
    "len": 1
  },
  {
    "name": "式子",
    "message": "「呼啊，嗯，呜……同、同样的……感觉……？」",
    "len": 1
  },
  {
    "name": "樹",
    "message": "「我也在式子桑体内感到舒服，现在感觉自己这个笨蛋快要变得更笨了……」",
    "len": 2
  },
  {
    "name": "樹",
    "message": "「我正拼命忍耐着呢……所以……式子桑不是一个人哦」",
    "len": 2
  },
  {
    "name": "樹",
    "message": "「要、要去某处的话，我们两个一起……哈啊……」",
    "len": 1
  },
  {
    "name": "式子",
    "message": "「啊，嗯，真的吗……？呼啊啊……真的，会和我一起去吗……？一、一起去……？」",
    "len": 3
  },
  {
    "name": "式子",
    "message": "「嗯，啊……我不想一个人去……妈妈也，嗯，啊……带我一起去……嗯啊……！」",
    "len": 3
  },
  {
    "name": "樹",
    "message": "「当、当然了。我选择了式子桑。因为我们是家人。所以，我们会一直在一起的」",
    "len": 2
  },
  {
    "name": "式子",
    "message": "「啊，呼啊，真的吗……不要丢下我一个人……哈啊，把妈妈的一切……都带走吧……哈啊……」",
    "len": 3
  },
  {
    "name": "式子",
    "message": "「啊，呜，越来越强烈了……感觉要来了……全、全身，嗯啊，好像要融化了……麻麻的……！」",
    "len": 3
  },
  {
    "name": "式子",
    "message": "「……什、什么都想不了了……呼啊……好、好可怕，一起啊……呼啊，哈，嗯啊啊……！」",
    "len": 3
  },
  {
    "name": "式子",
    "message": "「啊，妈妈，要去了……！一个人要去了……！要变得奇怪了……！」",
    "len": 3
  },
  {
    "name": "樹",
    "message": "「我、我也是，脑子一片空白——你不是一个人——」",
    "len": 2
  },
  {
    "name": "式子",
    "message": "「啊，呼啊，好舒服，呼啊啊啊……！嗯，呼啊，呜诶诶诶……啊啊啊嗯……！」",
    "len": 2
  },
  {
    "message": "式子桑的身体一次又一次地痉挛僵直，喘息声听起来就像哭声一样。",
    "len": 2
  },
  {
    "message": "而且粘液满布的性器紧紧地收缩着，已经完全不给我任何喘息的机会了。",
    "len": 2
  },
  {
    "name": "式子",
    "message": "「啊，嗯啊，呼啊，要去了……已经不行了……妈妈，要去了，啊，呼啊啊啊……！」",
    "len": 3
  },
  {
    "name": "式子",
    "message": "「一起去吧……哈啊，嗯，嗯呜呜呜……！因为是家人……所以一起去吧……嗯，嗯啊啊……！」",
    "len": 3
  },
  {
    "name": "式子",
    "message": "「啊，啊啊，嗯呜，哈嗯……嗯，啊，呼啊……啊，呼啊啊啊啊啊——————！！」",
    "len": 3
  },
  {
    "message": "虽然脑子里几乎一片空白，但我还是勉强在最后关头从式子桑体内抽出了性器。",
    "len": 2
  },
  {
    "message": "下一瞬间，精液以惊人的势头喷射而出。",
    "len": 1
  },
  {
    "name": "式子",
    "message": "「哈啊，哈啊，哈啊，哈啊，哈啊……啊，好烫……精子……精子在……哈啊，哈啊啊啊……」",
    "len": 3
  },
  {
    "message": "精液洒落在她剧烈起伏的胸部和腹部上。",
    "len": 1
  },
  {
    "message": "这量和势头简直让人难以相信刚才已经射过一次了。",
    "len": 1
  },
  {
    "name": "式子",
    "message": "「嗯，哈呜，还在来……哈啊，哈啊……精子，还在出……还在射在我身上……哈，哈……」",
    "len": 3
  },
  {
    "name": "式子",
    "message": "「哈啊啊啊……再多射一些……把妈妈的全身，都弄满精子……」",
    "len": 2
  },
  {
    "name": "式子",
    "message": "「哈啊……让妈妈全身都沾满树君的精子……让所有人都知道我是树君的人……」",
    "len": 2
  },
  {
    "name": "式子",
    "message": "「哈，哈，哈，哈啊啊……」",
    "len": 1
  },
  {
    "message": "之后两人都陷入了恍惚状态，花了一点时间才平复呼吸和心情。",
    "len": 2
  },
  {
    "name": "式子",
    "message": "「树君……射了好多精子呢……」",
    "len": 1
  },
  {
    "message": "式子桑一边陶醉地用指尖玩弄着飞溅在全身的精液，一边说道。",
    "len": 2
  },
  {
    "name": "樹",
    "message": "「啊，那个……怎么说呢，真是不好意思」",
    "len": 1
  },
  {
    "message": "我是不是带纸巾来着……",
    "len": 1
  },
  {
    "name": "式子",
    "message": "「这不就说明你感觉很舒服嘛」",
    "len": 1
  },
  {
    "name": "樹",
    "message": "「这，这倒是……」",
    "len": 1
  },
  {
    "name": "式子",
    "message": "「呵呵，树君夺走了妈妈的第一次哦。我真的很幸福……」",
    "len": 2
  },
  {
    "name": "式子",
    "message": "「……不过，你没有射在里面呢」",
    "len": 1
  },
  {
    "name": "樹",
    "message": "「啊，那个，因为……」",
    "len": 1
  },
  {
    "name": "式子",
    "message": "「现在，我能感觉到树君的精子遍布全身……好温暖，我很高兴……」",
    "len": 2
  },
  {
    "name": "式子",
    "message": "「下次，我想从里面被填满。想从里面变得温暖……」",
    "len": 2
  },
  {
    "name": "樹",
    "message": "「…………」",
    "len": 1
  },
  {
    "message": "我不知道该如何回答。",
    "len": 1
  },
  {
    "name": "式子",
    "message": "「妈妈……刚才，有点害怕呢」",
    "len": 1
  },
  {
    "name": "式子",
    "message": "「虽然很舒服，但是感觉有点不知所措，好像会变得孤单一样」",
    "len": 2
  },
  {
    "name": "樹",
    "message": "「……没事的。我不会让你变得孤单的」",
    "len": 1
  },
  {
    "name": "式子",
    "message": "「嗯，我也是这么想的，所以才能安心。因为觉得能一直在一起，所以最后才能安心地高潮呢」",
    "len": 3
  },
  {
    "name": "式子",
    "message": "「谢谢你，树君」",
    "len": 1
  },
  {
    "name": "樹",
    "message": "「嗯，谢谢你……妈妈」",
    "len": 1
  }
]