[
  {
    "name": "柚",
    "message": "「……唔……。啊，别、别这样盯着看啊……」",
    "len": 2
  },
  {
    "name": "柚",
    "message": "「讨厌，真是的……别、别看了啦！！太、太羞耻了，不是吗…………」",
    "len": 2
  },
  {
    "name": "樹",
    "message": "「这种时候，不是应该四目相对吗？」",
    "len": 1
  },
  {
    "name": "柚",
    "message": "「我才不知道呢……」",
    "len": 1
  },
  {
    "name": "樹",
    "message": "「胸部还挺大的嘛」",
    "len": 1
  },
  {
    "name": "柚",
    "message": "「你为什么老盯着那里看啊！？好好看着我的眼睛啊……唔……」",
    "len": 2
  },
  {
    "name": "樹",
    "message": "「我也在看你的眼睛啊。只是，视线更容易被那边吸引而已」",
    "len": 2
  },
  {
    "name": "柚",
    "message": "「真是的」",
    "len": 1
  },
  {
    "name": "樹",
    "message": "「真的，挺大的啊」",
    "len": 1
  },
  {
    "name": "柚",
    "message": "「不用说那么多遍啦！！真、真是的，别这样，好害羞……」",
    "len": 2
  },
  {
    "name": "柚",
    "message": "「可是，你之前都没注意到吗？这也太失礼了吧……」",
    "len": 2
  },
  {
    "name": "樹",
    "message": "「因为这是第一次这么仔细地看。而且，像这样触摸也是……」",
    "len": 2
  },
  {
    "name": "柚",
    "message": "「啊……」",
    "len": 1
  },
  {
    "name": "柚",
    "message": "「唔，嗯，哈啊，等、等一下……！别突然揉啊，啊，啊嗯！」",
    "len": 2
  },
  {
    "name": "柚",
    "message": "「呜，唔唔，别这么粗暴，嗯呜，哈啊……哈啊，哈啊，原来被揉胸是这种感觉啊……」",
    "len": 2
  },
  {
    "name": "柚",
    "message": "「呜，不、不要，别整个抓住，啊，嗯……真是的，我可是女孩子的身体啊，温柔点对待嘛……」",
    "len": 2
  },
  {
    "name": "柚",
    "message": "「啊，你根本就没把我当女人看吧……嗯嗯嗯，啊，啊嗯，别、别捏得这么紧……」",
    "len": 2
  },
  {
    "name": "柚",
    "message": "「哈啊，哈啊，啊，嗯，呀，好大的力气……啊，呜呜，不要加快速度啊……嗯，呜呜！」",
    "len": 2
  },
  {
    "name": "柚",
    "message": "「……唔，嗯……哈啊，哈，哈啊……讨厌，好热，有点喘不过气来……哈，唔……」",
    "len": 2
  },
  {
    "name": "柚",
    "message": "「啊呜嗯，啊，呀，要、要脱掉吗？哈啊，哈啊，唔，啊啊，啊，变得好热……」",
    "len": 2
  },
  {
    "name": "柚",
    "message": "「明明只是被揉胸，肚子里却这么热……啊，呜呜，哈啊，哈啊，啊，嗯，啊啊啊……」",
    "len": 2
  },
  {
    "name": "柚",
    "message": "「为什么啊……呜，啊，啊，呜，不行……不，不行，不行，别，别那么用力……啊，啊，啊，啊，嗯哈啊啊……嗯嗯嗯！」",
    "len": 3
  },
  {
    "name": "柚",
    "message": "「呜呜呜，啊，啊，啊，啊，光是被树君碰到……就、就这样……嗯嗯，呜，呜，呜！」",
    "len": 2
  },
  {
    "name": "柚",
    "message": "「啊，啊……」",
    "len": 1
  },
  {
    "name": "柚",
    "message": "「呀，啊……啊啊，呀啊……！啊，不行，呀，不行，别脱掉啊……！」",
    "len": 2
  },
  {
    "name": "柚",
    "message": "「啊啊啊……哈，呜呜，啊，啊，啊……呀，不要，不要啊，啊，呜，呜呜……！」",
    "len": 2
  },
  {
    "name": "樹",
    "message": "「内衣也挺讲究的嘛」",
    "len": 1
  },
  {
    "name": "柚",
    "message": "「呜，呜呜……所以说，别盯着看啊！我都说了很害羞了……」",
    "len": 2
  },
  {
    "name": "柚",
    "message": "「一说不要看，你就故意盯着看……就是这样，你这家伙……不要，啊啊…………」",
    "len": 2
  },
  {
    "name": "柚",
    "message": "「哈啊，啊啊，哈啊，啊，呜呜，呜……嗯嗯，真是的，啊，啊，哈啊，哈啊，哈啊……」",
    "len": 2
  },
  {
    "name": "柚",
    "message": "「……我一露出弱点，你就马上高兴地欺负我……啊，啊啊……」",
    "len": 2
  },
  {
    "name": "柚",
    "message": "「嗯嗯，啊，啊，哈啊，啊，呜，君！啊，又，揉了，呜，啊，啊，呜，啊……！」",
    "len": 2
  },
  {
    "name": "柚",
    "message": "「不，不行啊，不能脱掉啊……！呜呜呜，被这样紧紧揉捏，为什么……为什么肚子里会变得这么热……」",
    "len": 3
  },
  {
    "name": "柚",
    "message": "「呜，呜，哈啊，啊啊，树君，树君的手真大……啊，呜呜，力气也好大……」",
    "len": 2
  },
  {
    "name": "柚",
    "message": "「被树君揉的时候，呜呜，感觉都快喘不过气了……呀，啊，为什么……嗯，呜，呜……」",
    "len": 2
  },
  {
    "name": "柚",
    "message": "「啊呜呜，嗯嗯，别，别那么粗暴…………呜，呜呜，嗯，啊，嗯，呜，呜，嗯！」",
    "len": 2
  },
  {
    "name": "柚",
    "message": "「嗯嗯，呜呜，啊，啊，啊，啊啊……啊，呜，啊，嗯嗯，哈，啊，哈啊，呜，呜……呜，呼哈啊，哈啊，啊……嗯嗯嗯，呜……！」",
    "len": 3
  },
  {
    "name": "柚",
    "message": "「呀啊啊啊……呜……！」",
    "len": 1
  },
  {
    "message": "也许是因为害羞，她的胸部和脸一样微微泛红，淡粉色的乳头在颤抖着。",
    "len": 2
  },
  {
    "name": "柚",
    "message": "「嗯，胸部，全都露出来了……不是吗……啊，啊，呜……」",
    "len": 1
  },
  {
    "name": "柚",
    "message": "「呜，呜呜……但是果然，不该遮掩吧？在这种时候，那个……就，就算被看到也是没办法的……」",
    "len": 3
  },
  {
    "name": "柚",
    "message": "「哈，哈啊，呜，呜呜……嗯，啊，啊啊……树……树想让我怎么做？」",
    "len": 2
  },
  {
    "name": "柚",
    "message": "「我，应该怎么做？要怎么做，做什么才好？」",
    "len": 2
  },
  {
    "name": "柚",
    "message": "「呐，树，我，应该做什么……」",
    "len": 1
  },
  {
    "name": "柚",
    "message": "「啊啊啊……！呀，真是的，好好回答我啊！哈，啊，呀啊，不要，乳头……」",
    "len": 2
  },
  {
    "name": "柚",
    "message": "「乳头，捏，捏住什么的，啊呜……真是的，我都不知道该怎么办了……」",
    "len": 2
  },
  {
    "name": "柚",
    "message": "「呐，呐，我，应该怎么做？嗯，啊，做什么才好……怎么做树才会高兴？」",
    "len": 2
  },
  {
    "name": "柚",
    "message": "「拜托，告诉我……啊，啊啊，啊嗯，呜……呜，呜，哈，啊啊，嗯呜……不，不要拉，啊……讨，讨厌啊……！」",
    "len": 3
  },
  {
    "name": "樹",
    "message": "「什么都不用做。只要在这里就好」",
    "len": 2
  },
  {
    "name": "柚",
    "message": "「嗯，啊……树……我也是，树……树只要在这里就好……」",
    "len": 3
  },
  {
    "name": "柚",
    "message": "「只要树在这里，就足够了……嗯，哈啊，哈啊，只要这样，就够了……」",
    "len": 2
  },
  {
    "name": "柚",
    "message": "「啊，啊啊啊，哈啊，呀，呜呜，嗯咕，啊…………呃，咕！哈啊，啊，嘶，哈……」",
    "len": 2
  },
  {
    "name": "柚",
    "message": "「啊，哈啊，嗯咕呜，啊，胸口，扑通扑通的……呜，呜呜，非常剧烈地，咚咚地跳着……」",
    "len": 2
  },
  {
    "name": "柚",
    "message": "「啊，啊啊……！啊，咕呜呜，嗯嗯嗯！呀，呜，啊，连背部都麻酥酥的……呜咕！」",
    "len": 2
  },
  {
    "message": "用指腹压住变硬的乳头，仿佛要碾碎般摩擦着。",
    "len": 1
  },
  {
    "message": "稍微粗暴地揉捏着圆润柔软的胸部，她发出了呻吟声。",
    "len": 2
  },
  {
    "name": "柚",
    "message": "「啊，啊啊，这个，是，是在感觉舒服吗……这是，什么啊……嗯，嗯……」",
    "len": 2
  },
  {
    "name": "柚",
    "message": "「嗯嗯嗯，啊，哈啊……为什么，肚子……肚，肚子深处发热，一抽一抽的是怎么回事……」",
    "len": 2
  },
  {
    "name": "樹",
    "message": "「玩弄乳头会让子宫产生反应，这是真的吧」",
    "len": 2
  },
  {
    "name": "樹",
    "message": "「像这样稍微玩弄一下，就让全身都有反应了呢」",
    "len": 2
  },
  {
    "name": "柚",
    "message": "「嘶，唔……为，为什么，为什么摸胸会传到肚子里……呢……嗯，呜呜，啊，啊……」",
    "len": 2
  },
  {
    "name": "柚",
    "message": "「我不明白……呜呜，咕，啊，哈啊……嗯……呜，嗯，啊……啊，呀，啊……啊……」",
    "len": 2
  },
  {
    "name": "柚",
    "message": "「啊，啊，不行，咕呜呜，不要用手指夹住……乳头，那样按压的话……啊，啊，呀！光是碰到空气就，颤抖不已，呜咕……」",
    "len": 3
  },
  {
    "name": "柚",
    "message": "「咕，呜，嗯，这，这是舒服……吗？这就是所谓的，舒服……啊，哈啊，哈啊，啊，好热……」",
    "len": 3
  },
  {
    "name": "柚",
    "message": "「不只是肚子，不要，那里也……呜，呜呜，为什么，会这么热……」",
    "len": 2
  },
  {
    "name": "柚",
    "message": "「啊，啊啊，啊，嗯啊啊！树……我，大概是感觉很舒服了……所以……」",
    "len": 2
  },
  {
    "name": "柚",
    "message": "「哈啊，哈啊，啊，啊，我，是……我也，嗯嗯，哈啊，我，也…………」",
    "len": 2
  },
  {
    "name": "柚",
    "message": "「咕，呜呜，啊，嗯，我也……我也，想对你做……」",
    "len": 2
  },
  {
    "name": "樹",
    "message": "「诶？」",
    "len": 1
  },
  {
    "name": "柚",
    "message": "「我也，想对你做这种事啊……！」",
    "len": 1
  },
  {
    "name": "樹",
    "message": "「哈……」",
    "len": 1
  },
  {
    "message": "柚推开我，坐了起来。",
    "len": 1
  },
  {
    "name": "柚",
    "message": "「嗯，嗯嗯，哈啊，哈啊，哈啊……变成这样了啊……」",
    "len": 2
  },
  {
    "name": "柚",
    "message": "「不行，啊……这次轮到我盯着看了……但是，但是没办法啊……嗯……」",
    "len": 3
  },
  {
    "name": "樹",
    "message": "「喂，柚……」",
    "len": 1
  },
  {
    "name": "柚",
    "message": "「嗯嗯嗯……天啊，第一次看到……有什么，黑黑的……不，不行了……！」",
    "len": 3
  },
  {
    "name": "樹",
    "message": "「怎么了，明明是你自己主动掏出来的」",
    "len": 1
  },
  {
    "name": "柚",
    "message": "「因为，我也想让树树……让树树也感到舒服啊……」",
    "len": 3
  },
  {
    "name": "柚",
    "message": "「男孩子果然是，这里……这个，会觉得舒服吧？」",
    "len": 2
  },
  {
    "name": "柚",
    "message": "「所以，我要，那个……我，我会努力的……！」",
    "len": 2
  },
  {
    "name": "柚",
    "message": "「我会努力的……让我，让我来做……呜，呜呜呜，可能会问你怎么做……」",
    "len": 2
  },
  {
    "message": "每当满脸通红、眼含泪光的柚张口说话时，她那形状优美的乳房都会轻轻颤动。",
    "len": 2
  },
  {
    "name": "樹",
    "message": "「喂柚，你到底想做什么……」",
    "len": 1
  },
  {
    "name": "柚",
    "message": "「用嘴巴，可以吗……？」",
    "len": 1
  },
  {
    "name": "樹",
    "message": "「啊？」",
    "len": 1
  },
  {
    "name": "柚",
    "message": "「我，我用嘴帮你……舔的话，会很舒服吧？」",
    "len": 3
  },
  {
    "name": "樹",
    "message": "「这个嘛，确实……」",
    "len": 1
  },
  {
    "name": "柚",
    "message": "「嗯，那，你放松点……我会努力的，哈，哈……」",
    "len": 2
  },
  {
    "name": "柚",
    "message": "「嗯，唔，啊，嗯，咕，唔……呜，哈，啊，哈，哈，哈啊啊……啊……」",
    "len": 2
  },
  {
    "name": "樹",
    "message": "「柚……」",
    "len": 1
  },
  {
    "name": "柚",
    "message": "「嗯啾，啾，哈，哈啊，啊，呜咕……嗯嗯嗯嗯，呜，咕呜！哈，啾，啾！」",
    "len": 2
  },
  {
    "name": "柚",
    "message": "「舔，嗯啾，啾，啾，啵啾，嗯，啾……嗯嗯，呀，眼前这样……啊，啊……啾，哈，哈啊，啾，啊，嗯……啾，啾……」",
    "len": 3
  },
  {
    "name": "柚",
    "message": "「哈啊，哈啊，啾呜，咕啾，舔，舔，嗯……咕，这，这样可以吗？啾噗，啾，啵啾……」",
    "len": 2
  },
  {
    "name": "樹",
    "message": "「……唔，呜……你是在哪里学来的啊……」",
    "len": 2
  },
  {
    "name": "柚",
    "message": "「为，为了你嘛……啊，嗯……啾……各，各种各样的，呜呜呜……」",
    "len": 3
  },
  {
    "name": "柚",
    "message": "「已，已经够了吧，嗯，啾……啾，咕啾，啾，哈啊，咕啾……」",
    "len": 2
  },
  {
    "name": "樹",
    "message": "「……唔……」",
    "len": 1
  },
  {
    "name": "柚",
    "message": "「啾啵，啾，啾，嗯嗯嗯，哈啊……呜，咕啾，啾，啊……好热，黏糊糊的……」",
    "len": 2
  },
  {
    "name": "柚",
    "message": "「嗯嗯嗯，哈呜呜，开始抽动了……咕啾，啾啵，啾，啾咕，呜……」",
    "len": 2
  },
  {
    "name": "樹",
    "message": "「……柚……」",
    "len": 1
  },
  {
    "name": "柚",
    "message": "「树……树……」",
    "len": 1
  },
  {
    "message": "她一副随时都要哭出来的表情，肩膀颤抖着抬头看着我。",
    "len": 2
  },
  {
    "name": "柚",
    "message": "「嗯……有点苦……但是，能直接感受到树的……树的触感……」",
    "len": 3
  },
  {
    "name": "柚",
    "message": "「哈，呜，舔，嗯，舔，啾，咕……嗯嗯，这，这样可以吗？这种感觉可以吗？」",
    "len": 2
  },
  {
    "name": "柚",
    "message": "「嗯咕……如果还有想要我做的就说哦？我想让树舒服……什么都可以说哦？」",
    "len": 3
  },
  {
    "name": "柚",
    "message": "「哈，呜啾，舔，嗯，舔，咕，呜……咕啾啾啾，啾啵，啊，舔，呜啾……」",
    "len": 2
  },
  {
    "name": "柚",
    "message": "「呜呜，啾，啾哈，哈，啊，嘶……啾啾，咕啾，啾，啾啵，啊，呜……」",
    "len": 2
  },
  {
    "name": "樹",
    "message": "「柚……那个……差不多可以含进去了……」",
    "len": 1
  },
  {
    "name": "柚",
    "message": "「……诶，呜……嗯咕，啾，哈呼，哈，哈啊……」",
    "len": 2
  },
  {
    "name": "樹",
    "message": "「不用勉强自己哦。只要不难受的程度含进去，用舌头……」",
    "len": 2
  },
  {
    "name": "柚",
    "message": "「咕，呜，唔……啾！咕啾，啾，啾啵！唔唔咕咕咕，呜呜，呜咕，呜，啾，啾呜呜呜！」",
    "len": 2
  },
  {
    "name": "柚",
    "message": "「唔唔唔！呜咕呜，咕，啾呜咕呜！呜呜呜呜，咕咕咕，唔，咕，呜啾唔！」",
    "len": 2
  },
  {
    "name": "樹",
    "message": "「啊……！」",
    "len": 1
  },
  {
    "name": "柚",
    "message": "「唔啾，啾咕呜，呜，啊，咳咳，咳咳……！真是的，嘴巴装不下了……呜，咕，啾……」",
    "len": 2
  },
  {
    "name": "柚",
    "message": "「哈，哈，啾咕咕，呜，啊，呜咕啾……啾啵，啾，唔咕呜呜呜……咳，咳……」",
    "len": 2
  },
  {
    "name": "柚",
    "message": "「咳咳，咳咳！咳咳，啾呜，啾呜，唔呜咕！呜呜呜呜，啾啵，啾，呜咕，呜啾呜……！」",
    "len": 2
  },
  {
    "message": "她突然深深地含了进去。",
    "len": 1
  },
  {
    "name": "柚",
    "message": "「咳咳咳，咳咳！咳咳，呜呜，咕……哈，哈，咳，咳咳，咳咳，唔，咕啾……」",
    "len": 2
  },
  {
    "message": "因此，她一边发出呜咕呜咕的声音，一边不停地咳嗽。",
    "len": 1
  },
  {
    "name": "樹",
    "message": "「不是说了不要勉强自己吗」",
    "len": 1
  },
  {
    "name": "柚",
    "message": "「咳咳咳，咳，嗯，咳咳，咳咳……哈，哈啊，哈，啊，嗯，咳……」",
    "len": 2
  },
  {
    "name": "柚",
    "message": "「因为，想让树君舒服……嗯嗯，啾，咕，啾，啾啾，啊啊……哈，哈啊，咕咕，呜，啾，咕呜……」",
    "len": 3
  },
  {
    "name": "柚",
    "message": "「呜，咕，啾……啾啵，啾，啾……咕啾，啾，啾，呜呜，怎，怎么样？」",
    "len": 2
  },
  {
    "name": "柚",
    "message": "「这样，可以，吗……咕呜，咕……呐，树君，啾……这样，行吗？」",
    "len": 2
  },
  {
    "name": "樹",
    "message": "「嗯……很好。能不能嘴巴再收紧一点，再动动舌头？」",
    "len": 2
  },
  {
    "name": "樹",
    "message": "「然后，柚想怎么舔就怎么舔吧……唔，啊……」",
    "len": 2
  },
  {
    "name": "柚",
    "message": "「嗯，明白了……哈呜，啊啾，哈呜，咕……啾啵，啾呜，咕，嗯，咕啾……」",
    "len": 2
  },
  {
    "name": "柚",
    "message": "「嗯嗯，哈啊，咕，嗯，啊，呜……啾，啾咕咕，呜，啾，咕呜呜！」",
    "len": 2
  },
  {
    "name": "柚",
    "message": "「咕啾，哈啊，哈，啾啾，啾……！嗯嗯，好烫，好大，咳，啊……」",
    "len": 2
  },
  {
    "name": "柚",
    "message": "「有点苦……但是，呜呜，树君的……树君的，我还想，更多地感受……」",
    "len": 2
  },
  {
    "name": "柚",
    "message": "「啊，嗯，哈啊，哈，啊呜咕，啊……啾啵，啾啾，咕啾，呜咕咕……嗯！」",
    "len": 2
  },
  {
    "name": "柚",
    "message": "「呃，哈呃，……呀，呜咕……有点苦的液体，流出来了……哈，啊……」",
    "len": 2
  },
  {
    "name": "樹",
    "message": "「嗯，那是前列腺液……感觉舒服的时候，就会流出来……所以……」",
    "len": 2
  },
  {
    "name": "柚",
    "message": "「嗯呜啾，咕，咳咳，啾啾，啾啵，嗯……前列腺液……呜，啾，啾，嗯咕……啊，啊……嗯，咕，不小心咽下去了……啊……」",
    "len": 3
  },
  {
    "name": "柚",
    "message": "「哈，哈，啊嗯，咕啾啾，啾呜……啊……嗯咕，突然在嘴里变大了，咳！咳咳，咳咳，嗯，变得更大了……」",
    "len": 3
  },
  {
    "name": "樹",
    "message": "「呜呜……」",
    "len": 1
  },
  {
    "message": "按照我的指示，她可爱的嘴唇紧紧地包裹着。",
    "len": 1
  },
  {
    "message": "就这样被吸吮着，被温暖的舌头摩擦着，我不由自主地发出了呻吟声。",
    "len": 2
  },
  {
    "name": "柚",
    "message": "「嗯嗯……树君……呜咕，树君也，感觉……很舒服吧……哈啊，啾，啾，啾……」",
    "len": 2
  },
  {
    "name": "柚",
    "message": "「呜，咕！呜啾，啾咕，啾，嗯！咕啾啾，啾啵，啾，啊哈啊，啊呜……」",
    "len": 2
  },
  {
    "name": "柚",
    "message": "「嗯嗯嗯，从根部开始膨胀……呃咕，咳咳……嗯，啊，我会努力的……我会更加努力的……」",
    "len": 2
  },
  {
    "name": "柚",
    "message": "「哈，哈，哈，啾，呜啾，嗯啾，啊……啊，哈，哈，啾啪，咕啾，嗯！啾……」",
    "len": 2
  },
  {
    "name": "柚",
    "message": "「射出来……射在我嘴里，精液……精，精液，快要射出来了吧，嗯，咕啾……」",
    "len": 2
  },
  {
    "name": "柚",
    "message": "「啾啾，啾噗，呜呜，啾，哈啊……树……我想要树的精液……想，想要！让我喝下去……呜，咕啾……」",
    "len": 3
  },
  {
    "name": "柚",
    "message": "「啊呜，嗯嗯嗯，啊，啊，在跳动……呜咕！呜，啾，咕，啾，啾啾……」",
    "len": 2
  },
  {
    "name": "柚",
    "message": "「嗯嗯嗯，啾咕，啾，噗啾，啾，哈……哈，哈，啾啾，嗯呜咕，啾，噗……」",
    "len": 2
  },
  {
    "name": "柚",
    "message": "「啾，哈呜！嗯咕，咕！呜啾呜呜呜……啾，啾，哈啊！」",
    "len": 2
  },
  {
    "name": "柚",
    "message": "「嗯啾呜，咕啾，啾噗噗，呜咕！射出来……射，射出来，射出来啊啊啊……！」",
    "len": 2
  },
  {
    "name": "柚",
    "message": "「哈，啊，啊！呜啾，啾，咕啾……啾啵，啾啵，嗯呜呜……啾，咕呜呜！」",
    "len": 2
  },
  {
    "name": "柚",
    "message": "「……啊，咕嗯！啾哈，啾，啊呜，呜！啾啾，咕，呜啾，啾，啾呜呜……啾，咕！啾，呜，咕咕，嗯，咕呜！」",
    "len": 3
  },
  {
    "name": "樹",
    "message": "「啊啊……！」",
    "len": 1
  },
  {
    "name": "柚",
    "message": "「呜呜！嘶，嘶呜，哈，哈啊！呃，咳咳，嗯嗯，咳，咳，呜呜……」",
    "len": 2
  },
  {
    "name": "柚",
    "message": "「好厉害，好多……嘶，好，好多……啊，啊啊……嗯咕，咕，咕，呜……」",
    "len": 2
  },
  {
    "name": "柚",
    "message": "「呜，呜呜，咳咳，咳，嗯，啾，啾……呜啾呜，嗯嗯，啾，啾，咕，啾……」",
    "len": 2
  },
  {
    "name": "柚",
    "message": "「咕，嗯咕，咕，咕，呜……嗯咕，咕，咕呜，咕，嗯咕呜啾……咕，哈，哈，嗯呜呜，咕，嗯……」",
    "len": 3
  },
  {
    "name": "柚",
    "message": "「哈，哈，哈，啾，啾咕，嗯，嗯嗯……树君……呜，呜，啾，啾，啊呜，呜…………嗯，啊嗯，啊，咕啾，呜，咕，嗯……」",
    "len": 3
  },
  {
    "message": "尽管又一次呛到，柚还是把从我那里溢出的大量精液全部喝了下去。",
    "len": 2
  },
  {
    "name": "樹",
    "message": "「柚…………」",
    "len": 1
  },
  {
    "name": "柚",
    "message": "「嗯，哈，啊，哈，哈啊……呜咕，还，还粘在喉咙里……嗯，咕啾，咕，咕……」",
    "len": 2
  },
  {
    "name": "柚",
    "message": "「哈，哈，啊啊……嗯咕咕，咕，……嗯，咕啾，呜啾，咕，啾，咕……」",
    "len": 2
  },
  {
    "name": "柚",
    "message": "「……啊，啊，啊啊……嗯，树，树君……啾，嗯嗯，咕啾，咕，嗯……」",
    "len": 2
  },
  {
    "name": "柚",
    "message": "「不行，还留在喉咙里……哈，哈啊，哈啊……呵呵……嗯嗯，嗯，啊，嗯，啊呜呜……」",
    "len": 2
  }
]