[
  {
    "name": "柚",
    "message": "「嗯嗯嗯……啊，呃，不，不要，呃……　真是的，突然就……脱掉了，嗯嗯，呜呜！」",
    "len": 2
  },
  {
    "name": "柚",
    "message": "「好歹，先说一声嘛……啊，呜啊，啊……　哈啊，哈啊，啊，呃，那里，全都看得到了……」",
    "len": 2
  },
  {
    "name": "柚",
    "message": "「不，不准看！　不行，除了胸部以外都不准看！！」",
    "len": 2
  },
  {
    "name": "柚",
    "message": "「呀啊啊，啊，啊啊……嗯嗯，不，要……　别看，呃……别看啊，不行，啊，啊……」",
    "len": 2
  },
  {
    "name": "柚",
    "message": "「明明只是胸部，就已经很害羞了……　现，现在羞耻得快喘不过气来了，心跳加速……」",
    "len": 2
  },
  {
    "name": "柚",
    "message": "「啊嗯，啊，啊，真是的，不行，不准看！！　呀啊啊，啊，啊，哈啊，呜，呃，呜呜……！」",
    "len": 2
  },
  {
    "message": "脱掉她的内衣将她推倒，果然如预料中一样发出了悲鸣。",
    "len": 1
  },
  {
    "name": "樹",
    "message": "「但是已经湿了不是吗」",
    "len": 1
  },
  {
    "name": "柚",
    "message": "「……我不知道！！　就，就算湿了，你也可以随便插进来吗？」",
    "len": 4
  },
  {
    "name": "柚",
    "message": "「哈啊，哈啊，啊，嗯，不要，好热，好湿……　呜，呜呜，呀，别，压……啊，呃……」",
    "len": 2
  },
  {
    "name": "柚",
    "message": "「呀，啊，啊，嗯呜，呜呜呜！　是，是在进来吗？　硬硬的，一点点地……」",
    "len": 2
  },
  {
    "name": "柚",
    "message": "「嘶，啊！　啊呜，好，好疼……入口那里，感觉要裂开了……嗯，啊，啊，啊啊……」",
    "len": 2
  },
  {
    "name": "柚",
    "message": "「不要，太大了……嘶，呜，啊，不行，啊……　嗯呜！　被一点点地挤进来了……呜呜呜……」",
    "len": 2
  },
  {
    "name": "柚",
    "message": "「呀啊！　啊，啊啊，哈啊，啊，啊嗯！　呜，呜呜，哈，哈啊，啊，嗯，呀……　……啊，啊啊啊……嗯！　呜，啊呜，啊，呀啊啊！」",
    "len": 3
  },
  {
    "name": "樹",
    "message": "「没事吧？　我先停一下，再慢一点……」",
    "len": 2
  },
  {
    "name": "柚",
    "message": "「啊……没，没关系，不用停也可以的……　呜，呜呜，没事的，我能，忍住……」",
    "len": 2
  },
  {
    "name": "柚",
    "message": "「嗯嗯呜，呜呜，　树树……是树树的，在进来对吧？　我很开心……所以，　哈啊，哈，哈啊……」",
    "len": 5
  },
  {
    "message": "尽管她因疼痛而皱着眉头，却又一次勉强露出了笑容。",
    "len": 2
  },
  {
    "name": "柚",
    "message": "「啊，啊，树树……我们在，做了对吧……　嗯，树，树树的，好好地插进来？　全部插进来……没关系，的……」",
    "len": 3
  },
  {
    "name": "柚",
    "message": "「哈啊，哈啊……　第一次，所以疼，是没办法的吧。　就，就是这样的……对吧？」",
    "len": 3
  },
  {
    "name": "柚",
    "message": "「呜呜，嗯，哈，哈啊，再，再深一点……插到最里面，做你想做的事，好吗？」",
    "len": 3
  },
  {
    "name": "柚",
    "message": "「树树想做的事……我想要你做你想做的事……哈，哈，哈啊，嗯，啊，啊啊啊……」",
    "len": 3
  },
  {
    "name": "柚",
    "message": "「我，我想和树树做，所以……嗯嗯，和树树，呜，哈啊，啊，呜呜……啊，嗯……啊，哈啊，哈，啊，呼，哈……！」",
    "len": 3
  },
  {
    "name": "樹",
    "message": "「柚……如果疼得受不了，一定要马上告诉我，知道吗？」",
    "len": 2
  },
  {
    "name": "柚",
    "message": "「嗯，谢谢……」",
    "len": 1
  },
  {
    "message": "我紧紧抱住她微微颤抖的纤细身体，缓缓地深入。",
    "len": 2
  },
  {
    "name": "柚",
    "message": "「嗯啊啊啊啊……啊啊！深深地，一下子插到最里面了……嘶……哈啊……哈，啊，啊，啊啊……」",
    "len": 5
  },
  {
    "name": "柚",
    "message": "「呜，呜呜，呜，啊，啊啊啊……嗯！这么大的东西，呜呜，啊……」",
    "len": 2
  },
  {
    "name": "柚",
    "message": "「呼哈啊，啊，啊啊！肚子里面，好沉……又沉又热，像是慢慢渗透进来一样……」",
    "len": 2
  },
  {
    "name": "柚",
    "message": "「啊啊，嗯，啊哈，哈，啊，啊，啊……呜，呜呜，树树……啊，嗯，啊呜呜……」",
    "len": 2
  },
  {
    "name": "柚",
    "message": "「……呐，树树……」",
    "len": 1
  },
  {
    "name": "樹",
    "message": "「哈啊，嗯……怎，怎么了……」",
    "len": 2
  },
  {
    "name": "柚",
    "message": "「里面比入口处疼得轻呢……刚，刚进入入口的时候，感觉像要裂开一样疼……」",
    "len": 3
  },
  {
    "name": "柚",
    "message": "「……嗯，但是，现在……全部进来的时候，虽然有种冲击感……但疼痛变得钝了……」",
    "len": 4
  },
  {
    "name": "柚",
    "message": "「哈啊，哈啊，啊啊，那里，麻麻的……能感觉到色色的液体，溢出来了……呢……」",
    "len": 2
  },
  {
    "name": "柚",
    "message": "「啊，呜，嗯，啊，啊，连屁股都，开始抽搐了……哈，哈啊，哈啊，原来是这种感觉啊……」",
    "len": 2
  },
  {
    "name": "柚",
    "message": "「嗯嗯，啊，呜呜，哈啊，嗯……虽然入口还是疼，但里面……」",
    "len": 2
  },
  {
    "name": "柚",
    "message": "「里面，总觉得……好像，会变得，舒服……嗯，啊，啊，呜呜……」",
    "len": 3
  },
  {
    "name": "柚",
    "message": "「哈啊，哈啊，啊嗯，啊，啊，啊啊……嘶，呃…………嗯，呜，呜呜，啊，啊哈啊……啊，啊啊啊……」",
    "len": 2
  },
  {
    "name": "樹",
    "message": "「……我要动了，哦……」",
    "len": 1
  },
  {
    "message": "我已经忍不住了。",
    "len": 1
  },
  {
    "message": "我决定在柚紧紧包裹着的内部用力抽插摩擦。",
    "len": 2
  },
  {
    "name": "柚",
    "message": "「呀，啊，啊啊啊！啊呜，啊，啊啊！呀，呀啊，发出了好色的声音，咕啾咕啾的……」",
    "len": 2
  },
  {
    "name": "柚",
    "message": "「啊，啊啊！肚子，疼得厉害……是，是子宫被顶到了吗！？呐，树树……」",
    "len": 2
  },
  {
    "name": "柚",
    "message": "「啊啊，哈啊，呀，呀啊，啊，啊，啊啊！呀，我，我不明白，这是什么，麻木了……」",
    "len": 2
  },
  {
    "name": "柚",
    "message": "「哈啊啊呜！嗯嗯，呜，呀，啊，啊，啊啊啊！呜呜……连胸部都，有感觉了……啊，嗯咕呜……！」",
    "len": 4
  },
  {
    "name": "柚",
    "message": "「呀啊啊，啊，呀啊啊啊啊！！呀，啊，嗯，啊，啊，啊，哈啊，啊啊……！」",
    "len": 2
  },
  {
    "name": "樹",
    "message": "「冷静点啊……呃，我说这个也没什么说服力吧……」",
    "len": 2
  },
  {
    "name": "柚",
    "message": "「啊哈啊，啊，啊，嗯，啊，啊哈啊啊！呜，啊，呜，呀，啊，身体，要坏掉了……嗯咕！啊哈啊，呜，啊，嗯，啊……！」",
    "len": 3
  },
  {
    "name": "柚",
    "message": "「不行，冷静不下来！不要，啊呜呜，啊，咕！好厉害，感觉像被猛烈撞击一样，啊，身体里面，有种很重的冲击感……啊……呀，啊，啊啊啊……！」",
    "len": 3
  },
  {
    "message": "我无法抑制完全勃起的肉棒，也陶醉地摆动着腰部。",
    "len": 2
  },
  {
    "name": "柚",
    "message": "「啊啊呜，啊，啊，抽搐着，液体……液体，从那里不断溢出来，啊，啊……」",
    "len": 2
  },
  {
    "name": "柚",
    "message": "「嗯咕呜！啊，啊哈啊，咕噜咕噜……咕噜咕噜，像是起泡沫的声音……呀，呀啊！」",
    "len": 2
  },
  {
    "name": "柚",
    "message": "「哈啊，哈啊，嗯，哈啊，啊呜呜，不行……再这样下去，啊，啊，连，手脚都麻木了……」",
    "len": 4
  },
  {
    "name": "柚",
    "message": "「啊呼呜，呼呜，已经，使不上力了……又热又湿，身体，感觉要散架了！」",
    "len": 4
  },
  {
    "name": "柚",
    "message": "「哈，哈啊，哈，啊，啊，嗯，哈，啊，啊啊……呀，嗯！啊，嗯，啊，嘶……呜，咕呜！」",
    "len": 2
  },
  {
    "name": "柚",
    "message": "「啊啊啊，嗯！啊，不行，什么，变得奇怪了……咕，嗯！感觉飘飘然……啊，啊……啊，咦……那里，变……变得……」",
    "len": 3
  },
  {
    "name": "柚",
    "message": "「……呜呜！从里面，涌上来了……从那里，什，什么，像是热热的团块……嗯，哈啊……」",
    "len": 2
  },
  {
    "name": "柚",
    "message": "「啊，啊，啊，嗯，啊，呀啊，哈，啊，啊啊……不要，好可怕，树树，这是什么……这是什么！？」",
    "len": 2
  },
  {
    "name": "柚",
    "message": "「咕，嗯！啊，咕，啊啊，哈啊啊……树树……！嗯呜呜呜，咕，咕，啊，嗯，呀……啊呜呜！」",
    "len": 2
  },
  {
    "name": "樹",
    "message": "「没事的，柚……我们彼此都快要高潮了……」",
    "len": 2
  },
  {
    "name": "柚",
    "message": "「……啊？」",
    "len": 1
  },
  {
    "message": "我用尽全力紧紧抱住她湿润发热的身体。",
    "len": 1
  },
  {
    "name": "柚",
    "message": "「呜啊啊啊啊……！已经，再也进不去了！啊，嗯，啊啊，哈啊，呀啊啊，哈啊，啊，……！」",
    "len": 2
  },
  {
    "message": "因为冲击，我更深地一下子贯穿了进去。",
    "len": 1
  },
  {
    "name": "柚",
    "message": "「呼，啊啊，嗯，啊啊……啊，啊，啊啊？树树的，突然变硬了……呜咕呜！嗯呜！」",
    "len": 2
  },
  {
    "name": "柚",
    "message": "「啊，啊，啊，又，要出来了吗？要射在我里面了……呜，呜呜……」",
    "len": 2
  },
  {
    "name": "柚",
    "message": "「呀，啊啊！啊，嗯，啊，啊，啊啊！哈啊，哈啊啊……呜，呜，精液，进到身体里了……啊，射在我里面了……嗯，呜……」",
    "len": 3
  },
  {
    "name": "柚",
    "message": "「哈呜，呜，啊，啊啊啊……嗯！哈，啊……嘶，啊，别那么激烈地顶进来，呜，咕呜呜……呜，呀，啊啊啊啊……！」",
    "len": 3
  },
  {
    "name": "柚",
    "message": "「身体，要炸开了，嗯嗯！啊嘶，呜……嗯嗯！咕，呜！啊，啊，啊，嗯，呀，啊啊啊啊……！」",
    "len": 2
  },
  {
    "name": "樹",
    "message": "「呜啊啊……！」",
    "len": 1
  },
  {
    "name": "柚",
    "message": "「呀啊！啊，嗯，啊呜呜，好厉害，好强烈的势头……啊，嗯，啊，啊啊啊……！」",
    "len": 2
  },
  {
    "name": "柚",
    "message": "「嗯嗯，啊啊！树树，树树的精液……精液，全部射进来！！我要树树的……」",
    "len": 2
  },
  {
    "name": "柚",
    "message": "「啊，啊啊，全部，我全都要！嘶，呜呜，树树……嗯，树树……」",
    "len": 2
  },
  {
    "name": "柚",
    "message": "「嗯啊啊！呜，啊，哈啊，哈，啊啊啊……啊，呼，啊……嗯呜，哈，哈啊，哈，……」",
    "len": 2
  },
  {
    "name": "樹",
    "message": "「哈啊，哈，哈啊，哈啊，哈啊啊……」",
    "len": 1
  },
  {
    "name": "柚",
    "message": "「啊，啊啊，啊呜呜，树树，，哈，呜呜……还在，流出来……嗯嗯，进到肚子里了……嘶，哈呜，嗯嗯，嗯，啊，，啊啊啊……」",
    "len": 3
  },
  {
    "name": "柚",
    "message": "「呜，嗯，呜……哈啊，哈，哈啊，啊啊……啊……呀，……呜，呜呜，啊，哈哈啊，哈啊，啊啊啊……」",
    "len": 2
  },
  {
    "message": "我们倒在床上，陷入了床垫的弹性之中。",
    "len": 1
  }
]