[
  {
    "name": "樹",
    "message": "「这、这是什么啊」",
    "len": 1
  },
  {
    "message": "不知不觉间，我已经被绑在床上了。",
    "len": 1
  },
  {
    "name": "式子",
    "message": "「嘿嘿～不让小树君逃跑哦。有时候对自己的孩子严厉一点也是必要的呢」",
    "len": 2
  },
  {
    "name": "樹",
    "message": "「这话肯定不是这个意思吧。话说回来，这种东西你是从哪里弄来的啊」",
    "len": 2
  },
  {
    "message": "我试着动了动被束缚的双手，哗啦哗啦地发出金属声，但几乎无法移动。",
    "len": 2
  },
  {
    "message": "也就是说，在这种状态下，我只能任由妈妈摆布了。",
    "len": 1
  },
  {
    "name": "式子",
    "message": "「是从Quare，小树君常去的那家店买的哦」",
    "len": 1
  },
  {
    "name": "樹",
    "message": "「…………」",
    "len": 1
  },
  {
    "message": "是那家二手商店啊。",
    "len": 1
  },
  {
    "message": "……早知道就不该带她去的。",
    "len": 1
  },
  {
    "name": "式子",
    "message": "「这是惩罚小树对妈妈不好哦」",
    "len": 1
  },
  {
    "name": "樹",
    "message": "「惩罚？」",
    "len": 1
  },
  {
    "name": "式子",
    "message": "「明明说了不行，却还是把手指伸进妈妈的后面……」",
    "len": 2
  },
  {
    "name": "樹",
    "message": "「可、可是，最后不也是妈妈你……」",
    "len": 1
  },
  {
    "name": "樹",
    "message": "「不对，问题是你居然有备而来。从一开始就打算这么做了吧」",
    "len": 2
  },
  {
    "name": "式子",
    "message": "「这样那样都无所谓啦～。因为妈妈一看到树君的小鸡鸡就停不下来了呀」",
    "len": 3
  },
  {
    "name": "樹",
    "message": "「这根本不是什么'因为'的问题！」",
    "len": 1
  },
  {
    "name": "式子",
    "message": "「哎呀，乖乖听话嘛。妈妈就是妈妈啊！」",
    "len": 2
  },
  {
    "name": "式子",
    "message": "「嗯，都已经变成这样了……」",
    "len": 1
  },
  {
    "message": "妈妈用两根手指掰开了自己湿润的私处。",
    "len": 1
  },
  {
    "name": "式子",
    "message": "「看啊……咕啾一声，出来了……拉丝了……」",
    "len": 1
  },
  {
    "message": "我无法抵抗——不是心理上的，而是物理上的。",
    "len": 1
  },
  {
    "name": "式子",
    "message": "「嗯，啊～……！一下子，全进来了……嗯唔……麻、麻酥酥的……嗯呜呜……哈啊啊……」",
    "len": 2
  },
  {
    "name": "式子",
    "message": "「啊啊，麻麻的……酥酥的……呼……嗯，起、起鸡皮疙瘩了……」",
    "len": 2
  },
  {
    "name": "式子",
    "message": "「呼，身、身体……变得好敏感……嗯呼呜……从刚才开始，就一直感觉很强烈……啊啊呜呜……」",
    "len": 2
  },
  {
    "name": "式子",
    "message": "「哈，只是进来了，稍微摩擦一下就……高潮了……嗯嗯……好、好害羞……」",
    "len": 2
  },
  {
    "name": "式子",
    "message": "「呐，呐，树君……嗯，哈啊，哈啊……妈妈今晚高潮了多少次……你知道吗？哈啊啊……」",
    "len": 2
  },
  {
    "name": "樹",
    "message": "「这、这种难以回答的问题……」",
    "len": 1
  },
  {
    "message": "不仅难以回答，而且根本就不知道这种事。",
    "len": 1
  },
  {
    "name": "式子",
    "message": "「不、不知道……？」",
    "len": 1
  },
  {
    "name": "樹",
    "message": "「嗯，不知道」",
    "len": 1
  },
  {
    "name": "式子",
    "message": "「这样啊……那个呢……其实，妈妈也……嗯……唔……不知道呢……诶嘿嘿……」",
    "len": 2
  },
  {
    "name": "樹",
    "message": "「…………」",
    "len": 1
  },
  {
    "name": "式子",
    "message": "「多到不知道……数也数不清……哈啊……去了好多次……嗯，呜……」",
    "len": 3
  },
  {
    "name": "式子",
    "message": "「好多次，好多次……被摩擦……被顶弄……被射在里面……每次都……」",
    "len": 3
  },
  {
    "name": "式子",
    "message": "「啊，你那表情好像是想说差不多该结束了……嗯，不对哦……这才刚刚开始呢……」",
    "len": 2
  },
  {
    "name": "式子",
    "message": "「树君和妈妈在一起的时间……哈啊……从现在开始，会一直一直持续下去的……呼啊」",
    "len": 2
  },
  {
    "name": "式子",
    "message": "「所以，要做好心理准备哦。逃不掉的，所以……这是妈妈的教育指导哦……呵呵……嗯唔……」",
    "len": 3
  },
  {
    "message": "看着妈妈妖媚的微笑，我突然想要调戏她一下，于是稍微用力顶了顶下半身。",
    "len": 2
  },
  {
    "name": "式子",
    "message": "「嗯呀啊！真、真是的……人家、人家现在很敏感啊……被这样顶上来的话……马、马上就会有感觉的……」",
    "len": 3
  },
  {
    "name": "式子",
    "message": "「这样突然一弄……啊，呀啊！啊呜！呃，哈啊，哈啊……真、真是坏孩子……嘶啊……！」",
    "len": 3
  },
  {
    "name": "式子",
    "message": "「这、这样啊……想和妈妈，一决高下吗……呵呵呵……看来你还不清楚，自己的处境呢……嘶啊啊！」",
    "len": 3
  },
  {
    "name": "式子",
    "message": "「做、做这种事的孩子，就该，这样……嘶嗯！像这样，紧紧地夹住……哈呼呜……惩罚你」",
    "len": 3
  },
  {
    "message": "被妈妈本就狭窄的入口紧紧夹住，我差点叫出声来。",
    "len": 2
  },
  {
    "message": "虽然这无疑带来了快感，但今晚已经射了两次，伴随着疼痛。",
    "len": 2
  },
  {
    "name": "式子",
    "message": "「呵呵呵，嗯，哈啊，怎、怎么样……哈啊，哈啊……树君这样，根本撑不了多久吧……」",
    "len": 3
  },
  {
    "name": "式子",
    "message": "「像这样……嘶呀！嗯，这样，一挤压，啊！呼呜……我知道你，会有感觉的……嘶啊呜！」",
    "len": 3
  },
  {
    "message": "每当妈妈紧紧压迫时，强烈的快感和疼痛就会袭来，但每次妈妈的身体也在颤抖。",
    "len": 2
  },
  {
    "name": "式子",
    "message": "「哈啊！来，快、快投降吧……嗯，呃啊！嗯咕呜……哈啊，哈啊……咕呜嗯……！」",
    "len": 3
  },
  {
    "name": "式子",
    "message": "「啊，啊，啊……！啊，不行了……啊……！一夹紧……嗯，呼……哈嗯，摩、摩擦到了……」",
    "len": 3
  },
  {
    "name": "式子",
    "message": "「啊、咦……嗯，我、我是在惩罚你来着……呀啊！搞、搞不清楚了……嗯……算、算了吧……」",
    "len": 3
  },
  {
    "name": "式子",
    "message": "「来、来啊……啊呜……再、再多做一点……。这种程度，根、根本不够啊……哈呜，动、动起来啊……」",
    "len": 3
  },
  {
    "name": "式子",
    "message": "「好、好焦急啊……再多动一点……嗯哈呜……就这样保持着连接……嗯，呜，这样半途而废的……」",
    "len": 3
  },
  {
    "name": "樹",
    "message": "「妈妈你说的还真是任性啊。我现在这样被束缚着，根本使不上力气啊……」",
    "len": 2
  },
  {
    "name": "式子",
    "message": "「可、可是啊……都怪树君啦……嗯……把妈妈……呜，哈呜呜……弄成这个样子……」",
    "len": 3
  },
  {
    "name": "式子",
    "message": "「嗯……哈，哈啊，腰不由自主地，动起来了……啊啊呜呜……要发出，好大的声音了……哈啊……」",
    "len": 3
  },
  {
    "name": "式子",
    "message": "「嗯，呜呜……啊啊……！这么大的，声音……呜嗯……如果发出来的话……啊哈啊……会、会被大家听到的啊……」",
    "len": 3
  },
  {
    "name": "樹",
    "message": "「这、这话说得有点太晚了吧……」",
    "len": 1
  },
  {
    "name": "式子",
    "message": "「嗯，真是的……可是……呼嗯……做这种，淫荡的事情……就、就什么都思考不了了嘛……」",
    "len": 3
  },
  {
    "name": "式子",
    "message": "「这、这种事，没办法啊……嗯，呜呜呜……！嗯，哈呜……妈妈的声音，会被大家听到的啊……」",
    "len": 3
  },
  {
    "name": "式子",
    "message": "「妈妈发出了羞耻的声音……啊，呜……！哈，呼，感觉脸上，嗯……要烧起来了……」",
    "len": 3
  },
  {
    "name": "式子",
    "message": "「啊啊嗯……！为、为什么……？嗯，哈……一想到很羞耻……反而更热了……哈，哈……」",
    "len": 3
  },
  {
    "name": "式子",
    "message": "「哈呜……腰、腰不由自主地动起来了……哈呜，呜……动着……哈，呼……发出咕啾咕啾的声音……」",
    "len": 3
  },
  {
    "name": "式子",
    "message": "「啊啊……妈妈是不是，越、越羞耻，就越舒服呢？嗯，心跳加速……比之前更敏感了……」",
    "len": 3
  },
  {
    "name": "式子",
    "message": "「哈，哈，哈……妈、妈妈羞耻的地方……看、看得到吗……？嗯，从那里……能看到吗……？」",
    "len": 3
  },
  {
    "name": "式子",
    "message": "「呼，哈呜……淫荡的地方……全、全部……都看得到吗……？哈，哈……啊啊嗯……！」",
    "len": 3
  },
  {
    "name": "式子",
    "message": "「嗯，啊，手不由自主地动起来了……哈呜……有点麻麻的……用手指，掐住的话……嗯呜呜呜……！」",
    "len": 3
  },
  {
    "name": "式子",
    "message": "「哈啊啊……停不下来啊……自己摸自己，呜呼……停不下来……！手指，停不下来……」",
    "len": 3
  },
  {
    "name": "式子",
    "message": "「不、不要看……自己让自己，舒服的样子……不想被看到……自己弄得咕啾咕啾响……不行……」",
    "len": 3
  },
  {
    "message": "妈妈仿佛陶醉于自己的话语中，扭动着腰肢，手指不停地动作着，发出湿润的声音。",
    "len": 2
  },
  {
    "name": "式子",
    "message": "「啊，哈啊……嗯，呜哈啊……！真是不成体统……嗯，哈……呜！啊啊啊啊……！」",
    "len": 3
  },
  {
    "name": "樹",
    "message": "「那个，声音，会不会被听到……」",
    "len": 1
  },
  {
    "name": "式子",
    "message": "「可、可是，它自己就出来了嘛……哈啊，哈啊……没办法啊……啊，啊呜……！」",
    "len": 3
  },
  {
    "name": "式子",
    "message": "「好、好奇怪……被听到……嗯，被看到的话……嗯……就会有奇怪的感觉……全身发热……飘飘然的……」",
    "len": 3
  },
  {
    "name": "式子",
    "message": "「哈啊，果然妈妈，是个奇怪的孩子吗……嗯呜……嗯呜，连自己都……不明白了……哈呜……」",
    "len": 3
  },
  {
    "name": "樹",
    "message": "「这、这个我不太清楚……但是，妈妈就是妈妈，这样就很好」",
    "len": 2
  },
  {
    "name": "式子",
    "message": "「嗯，谢谢……哈嗯……！那、那样的话……妈妈……就放心了……嗯，啊，啊啊嗯……」",
    "len": 3
  },
  {
    "name": "式子",
    "message": "「看、看着我……！嗯哈，哈啊呜……！看、看妈妈高潮的样子……嗯，看着我……」",
    "len": 3
  },
  {
    "name": "式子",
    "message": "「哈啊，嗯哈啊，感觉要晕过去了……嗯呜……啊啊，越来越白了……嗯嗯……」",
    "len": 3
  },
  {
    "name": "式子",
    "message": "「要去了，要去了哦……只给小树看，高潮的样子……哈呜，嗯呜，啊啊，哈啊啊……！」",
    "len": 3
  },
  {
    "name": "式子",
    "message": "「嗯、啊……哈啊、呼啊啊……！啊、不行了、要去了……啊啊啊啊……！！」",
    "len": 2
  },
  {
    "name": "式子",
    "message": "「啊啊！嗯、哈啊……一抽一抽的……！腰……感觉要软了……啊啊啊……」",
    "len": 2
  },
  {
    "name": "式子",
    "message": "「乳头也……后面的小洞也……好像全都连在一起了……。嗯……啊嗯……嗯嗯……哈啊……」",
    "len": 3
  },
  {
    "name": "式子",
    "message": "「嗯、哈啊……妈、妈妈一个人就高潮了呢」",
    "len": 2
  },
  {
    "name": "樹",
    "message": "「我也快要——」",
    "len": 1
  },
  {
    "message": "尽管已经射了两次，但射精的欲望又开始高涨起来。",
    "len": 2
  },
  {
    "name": "式子",
    "message": "「嗯……那、那就……再射在里面吧……如果在里面射精的话……嗯……我还能再高潮……」",
    "len": 3
  },
  {
    "name": "式子",
    "message": "「一起……啊嗯……高潮吧……」",
    "len": 1
  },
  {
    "name": "式子",
    "message": "「嗯、要、要夹紧吗……？是这样吗……？啊……一夹紧，又贴得更紧了……呼……」",
    "len": 2
  },
  {
    "name": "式子",
    "message": "「啊嗯、嗯、啊……好舒服……这样的话……嗯呜……又要、马上、高潮了……！」",
    "len": 3
  },
  {
    "name": "式子",
    "message": "「哈、嗯、已经、身体变得太敏感了……嗯……！好像、可以一直高潮下去……呜、哈啊……！」",
    "len": 3
  },
  {
    "name": "樹",
    "message": "「嗯、呃——」",
    "len": 1
  },
  {
    "name": "式子",
    "message": "「啊……！小鸡鸡、跳动了一下……嗯……要去了吧……嗯哈、哈……来、来吧……射很多……！」",
    "len": 3
  },
  {
    "name": "式子",
    "message": "「哈、哈……射进妈妈里面、注入进来……嗯……用热热的……再让妈妈高潮……啊、哈啊啊……！」",
    "len": 3
  },
  {
    "name": "式子",
    "message": "「在里面、啊啊、呜呜、出来了……！热热的、又、碰到了……哈呜……」",
    "len": 2
  },
  {
    "name": "式子",
    "message": "「在里面射出来的……好像能听到声音、回响着……哈啊……感觉被、顶弄了好多次……」",
    "len": 3
  },
  {
    "name": "式子",
    "message": "「嗯、哈啊啊……！又、又去了……被精液……弄去了呢……哈、哈……」",
    "len": 2
  },
  {
    "name": "式子",
    "message": "「嗯、哈、哈……这感觉……嗯呼……要融化了……树君和妈妈……分不清了……」",
    "len": 3
  },
  {
    "name": "式子",
    "message": "「哈、哈、哈……」",
    "len": 1
  },
  {
    "message": "妈妈一边粗重地喘息着，一边倒在了我身上。",
    "len": 1
  },
  {
    "message": "这时我的那话儿从妈妈体内滑出，又溢出了一些体液。",
    "len": 2
  },
  {
    "message": "当我们汗水和体液交织的身体紧贴在一起时，能够互相感受到对方急促的呼吸和剧烈的心跳。",
    "len": 2
  },
  {
    "name": "樹",
    "message": "「妈妈，你全身都是汗……」",
    "len": 1
  },
  {
    "name": "式子",
    "message": "「树君你也是」",
    "len": 1
  },
  {
    "name": "樹",
    "message": "「……是啊」",
    "len": 1
  },
  {
    "name": "式子",
    "message": "「呐，树君？」",
    "len": 1
  },
  {
    "name": "樹",
    "message": "「怎么了，妈妈？」",
    "len": 1
  },
  {
    "name": "式子",
    "message": "「妈妈，非常幸福——」",
    "len": 1
  },
  {
    "name": "樹",
    "message": "「嗯，我也是——」",
    "len": 1
  },
  {
    "message": "这时，妈妈的小手抓住了我那还半硬着的黏糊糊的东西。",
    "len": 2
  },
  {
    "name": "式子",
    "message": "「滑出来了呢……」",
    "len": 1
  },
  {
    "message": "然后，当她再次把它对准自己的小穴口时，妈妈在我耳边低语道。",
    "len": 2
  },
  {
    "name": "式子",
    "message": "「这还没完呢……会一直一直继续下去的哦……」",
    "len": 1
  }
]