[
  {
    "name": "柚",
    "message": "「嗯，啾，嗯嗯……啾，哈，哈啊……啊，嗯……啾，啾，嗯啾……」",
    "len": 2
  },
  {
    "name": "柚",
    "message": "「嗯咕，呜，啾，哈啊，哈啊，啾……树……我也，喜欢树……所以……」",
    "len": 2
  },
  {
    "name": "樹",
    "message": "「我知道，这种事不用说」",
    "len": 1
  },
  {
    "name": "柚",
    "message": "「真是的，你怎么总是这样……啊，啾，啾啾，嗯，咕，啾……」",
    "len": 2
  },
  {
    "name": "柚",
    "message": "「嗯嗯咕，咕啾，咕，啾，啊嗯，啾……哈啊，哈啊，啾，啾，嗯，啾，呜……」",
    "len": 2
  },
  {
    "name": "柚",
    "message": "「啾，啾啪，啾，嗯嗯，啊，哈啊，啊……咕啾，啾，树，嗯，啊，呼呜……」",
    "len": 2
  },
  {
    "message": "轻轻地缠绕着舌头，像啄食般地亲吻着柔软的嘴唇。",
    "len": 2
  },
  {
    "message": "柚的胸部隆起紧紧地压了过来。",
    "len": 1
  },
  {
    "name": "柚",
    "message": "「啊，啊啊嗯……！不行，被摸的话又会……又会，变得好热，呜，呜……」",
    "len": 2
  },
  {
    "name": "樹",
    "message": "「不是你自己主动压过来的吗」",
    "len": 1
  },
  {
    "name": "柚",
    "message": "「不、不是的，只是碰到了而已……啊……哈、呜呜、啊、嗯、啊、啊、啊……」",
    "len": 2
  },
  {
    "name": "柚",
    "message": "「嗯、呜呜、啊、、只是被抚摸就、乳头……乳头、是不是、变硬了……嗯……」",
    "len": 2
  },
  {
    "name": "柚",
    "message": "「哈啊、啊啊啊！不行，果然乳头变硬了，只是轻轻碰到，肚子和背又颤抖了一下！」",
    "len": 2
  },
  {
    "name": "柚",
    "message": "「……呜呜、不要揉……啊……不能、揉啊……啊、哈啊、哈啊……」",
    "len": 2
  },
  {
    "name": "柚",
    "message": "「呜、、树君的手，好热……只是被手包裹着，就somehow、有感觉了……」",
    "len": 2
  },
  {
    "name": "柚",
    "message": "「啊、嗯、啊、啊啊……哈啊、哈、呀啊！呜呜、不行，不能揉，也、也不能揉捏乳头啊……！」",
    "len": 3
  },
  {
    "message": "手掌中传来坚硬挺立的乳头的触感。",
    "len": 1
  },
  {
    "message": "虽然被形状优美的胸部的弹性反推，我还是继续抚摸着柚的胸部。",
    "len": 2
  },
  {
    "name": "柚",
    "message": "「啊哈啊、哈、嗯、啊、又、要湿了……真、真是的、内裤、要弄脏了……」",
    "len": 2
  },
  {
    "name": "柚",
    "message": "「呀啊、啊、嗯、像刚才那样，又……又、奇怪的地方开始抽动了……嗯、呜呼！呀、啊啊、真、真是够了！」",
    "len": 3
  },
  {
    "name": "柚",
    "message": "「我、我竟然这么敏感……啊……呜、呜呜，我都不知道，啊、哈啊、嗯……」",
    "len": 2
  },
  {
    "name": "柚",
    "message": "「啊呜呜，按、按压或抬起也不行！无论做什么都会有感觉，又、又要湿透了……呜、嗯、啊、啊、啊啊……」",
    "len": 3
  },
  {
    "name": "樹",
    "message": "「柚真的很敏感啊。这次，要不要只用胸部就让你高潮呢」",
    "len": 2
  },
  {
    "name": "柚",
    "message": "「呜呜呜，咕、呜呜呜呜呜……！」",
    "len": 1
  },
  {
    "name": "樹",
    "message": "「哇……」",
    "len": 1
  },
  {
    "name": "柚",
    "message": "「现、现在，该报仇了！不对，是回报你让我舒服的恩情！」",
    "len": 2
  },
  {
    "name": "柚",
    "message": "「哈啊、哈啊，怎么样？这样可以吗？嗯……什么啊，你不也已经、已经变得这么大了吗……」",
    "len": 3
  },
  {
    "name": "柚",
    "message": "「难道是因为刚才的亲吻和我的胸部？呀、……天啊，这么想的话有点害羞，但是，又有点高兴……吧……」",
    "len": 3
  },
  {
    "name": "柚",
    "message": "「咕、呜、嗯、变得滑溜溜的了……真的，非常热而且在跳动……呢」",
    "len": 2
  },
  {
    "name": "柚",
    "message": "「哈啊、哈啊、哈，要不要摩擦得再快一点？还是，要再慢一点……从根部开始会更好吗？」",
    "len": 2
  },
  {
    "name": "柚",
    "message": "「告诉我怎么做会让你舒服？手该怎么动才会让你感觉好呢……」",
    "len": 2
  },
  {
    "name": "樹",
    "message": "「柚想怎么做就怎么做吧。那样的话，我也会更兴奋」",
    "len": 2
  },
  {
    "name": "柚",
    "message": "「讨厌，真是的……变态……」",
    "len": 1
  },
  {
    "name": "樹",
    "message": "「为什么说我变态啊。要说的话，突然抓住就开始撸的柚才更……」",
    "len": 3
  },
  {
    "name": "柚",
    "message": "「嗯、呜呜、嗯、咕！哈、哈啊、啊……这、这样就行了吧？啊、嗯……不许再说多余的话！！」",
    "len": 3
  },
  {
    "name": "樹",
    "message": "「先挑逗的明明是你……」",
    "len": 1
  },
  {
    "name": "柚",
    "message": "「真是的……总之，我会从根部到顶端，全部都摸遍的……咕、呜、呜呜、啊……」",
    "len": 2
  },
  {
    "name": "柚",
    "message": "「嗯……顶端开始流出透明的液体了……树也，在感觉了吧……啊、嗯……」",
    "len": 2
  },
  {
    "name": "樹",
    "message": "「呜……是、是啊，可能吧……那里……前面那个，凹进去的地方拜托了」",
    "len": 3
  },
  {
    "name": "柚",
    "message": "「我、我知道了，前面的，这个像连接处的地方？嗯嗯、呀、黏糊糊的……」",
    "len": 2
  },
  {
    "name": "柚",
    "message": "「唔，形状不太好抓啊，啊，嗯，哈，哈啊……好硬……都，都快要爆炸了，呜呜……」",
    "len": 2
  },
  {
    "message": "她一边嘴里嘟囔着抱怨来掩饰害羞，一边笨拙地握住那根血管凸起、膨胀起来的肉棒，上下套弄着。",
    "len": 3
  },
  {
    "name": "樹",
    "message": "「哦……」",
    "len": 1
  },
  {
    "name": "柚",
    "message": "「哈，哈啊，哈啊，啊，嗯，啊，滑溜溜的……呜，呜呜，嗯，讨厌，别，别动啊……」",
    "len": 2
  },
  {
    "message": "每当细长的指尖摩擦到敏感的龟头部位时，下腹深处就会有一种沉重的感觉。",
    "len": 2
  },
  {
    "name": "柚",
    "message": "「啊啊嗯，前列腺液流了好多……呜，嗯嗯，手都滑了，啊，哈啊……」",
    "len": 2
  },
  {
    "name": "柚",
    "message": "「嗯呜，讨厌，发出咕叽咕叽的声音，黏糊糊的，好热，还一跳一跳的……」",
    "len": 2
  },
  {
    "name": "柚",
    "message": "「啊，啊嗯，连我都，有奇怪的感觉了……这种淫荡的东西……刚才还，还在我里面呢……对吧……」",
    "len": 3
  },
  {
    "name": "柚",
    "message": "「哈啊，啊，啊，嗯……变得更硬了……变得更粗更大了，又要……」",
    "len": 2
  },
  {
    "name": "柚",
    "message": "「……又要，进到我里面来吗？」",
    "len": 1
  },
  {
    "name": "樹",
    "message": "「如果你希望的话」",
    "len": 1
  },
  {
    "name": "柚",
    "message": "「诶？」",
    "len": 1
  },
  {
    "name": "柚",
    "message": "「嗯，呜呜，哈，哈啊，哈啊，啊……树树……树，树树……！」",
    "len": 2
  },
  {
    "name": "柚",
    "message": "「啊啊啊啊啊啊……！」",
    "len": 1
  },
  {
    "message": "我忍不住把柚推倒在沙发上，以连自己都惊讶的速度解开了柚的衣服。",
    "len": 2
  },
  {
    "name": "柚",
    "message": "「呀，什，什么，这个姿势……啊，啊，啊……嗯，啊啊！不，不行啊……嗯，啊，哈啊……」",
    "len": 2
  },
  {
    "name": "柚",
    "message": "「呜，……好深，进到最里面了……哈，啊，比刚才不那么痛了……嗯嗯嗯……」",
    "len": 2
  },
  {
    "name": "柚",
    "message": "「是不是，习惯了呢……哈啊，哈啊，啊啊……啊，嗯……啊，好大，好难受，感觉被压迫着……但是，嗯咕，呜呜呜呜……」",
    "len": 3
  },
  {
    "name": "柚",
    "message": "「哈啊，呼哈啊，哈啊……啊，啊，嗯……咕，呀啊，嗯，别，别把腿抬那么高啊…………啊，一下子插到最深处，啊啊啊啊……」",
    "len": 3
  },
  {
    "name": "樹",
    "message": "「柚的身体，也习惯了吧。顺便说一下，这个体位叫松叶崩，就是这样的体位哦」",
    "len": 2
  },
  {
    "name": "柚",
    "message": "「啊……嗯……」",
    "len": 1
  },
  {
    "name": "樹",
    "message": "「因为彼此的胯部都突出来了，所以能更容易地插到最深处，我也能从各种角度刺激到各个地方……」",
    "len": 2
  },
  {
    "name": "柚",
    "message": "「真，真是的，你从哪里学来这些知识的啊……唔，呜呜，啊，啊，嗯，啊，啊，啊啊！」",
    "len": 2
  },
  {
    "name": "柚",
    "message": "「呀啊，不行，怎么突然就动起来了！？唔，咕，呜，一开始就被插到最深处了！」",
    "len": 2
  },
  {
    "name": "柚",
    "message": "「呀啊，啊，嗯，呜，脚，被抓住了，被粗暴地插入……怎么会……讨，讨厌，太，太淫荡了，嗯，呜，呜，啊，啊啊……」",
    "len": 3
  },
  {
    "name": "樹",
    "message": "「已经不痛了吗？」",
    "len": 1
  },
  {
    "name": "柚",
    "message": "「啊……啊，最深处，被搅来搅去……入口还是有点痛，整体还有种钝痛……不过……」",
    "len": 3
  },
  {
    "name": "柚",
    "message": "「……呜，嗯嗯，但是，痛感已经减轻了很多……啊啊！呀，嗯，呜，连胸部都有感觉了……呀，……」",
    "len": 2
  },
  {
    "name": "柚",
    "message": "「乳头……为什么会一抽一抽的……明明被树，插，插入的是别的地方……」",
    "len": 2
  },
  {
    "name": "柚",
    "message": "「啊，呜，呜呜，哈啊，啊，嗯，啊啊啊啊……感觉，好舒服？颤抖着，嗯，停不下来……啊啊！啊，嗯，呀，啊，呀哈啊……」",
    "len": 3
  },
  {
    "name": "柚",
    "message": "「嗯，唔，没事，再，再动快点……让树，舒服一点……啊……」",
    "len": 2
  },
  {
    "name": "柚",
    "message": "「啊，嗯，那里面，好热，在痉挛……嘶，呃，呜，唔，脚，被拉住的话，就会插得越来越深……唔咕，呜呜……」",
    "len": 3
  },
  {
    "name": "柚",
    "message": "「啊啊啊！跟刚才，不一样，比刚才更舒服，非常……非常深入……」",
    "len": 4
  },
  {
    "name": "柚",
    "message": "「唔，呜呜，已经，应该不能再进去了……本应该进不去的，为什么还能进去呢……」",
    "len": 2
  },
  {
    "name": "柚",
    "message": "「咕，啊，咕叽咕叽，被搅动着……淫荡的液体……啊，爱液溢出来了……」",
    "len": 2
  },
  {
    "name": "柚",
    "message": "「嗯嗯咕，咕，咕呜，哈，啊啊，又……又，涌上来了，呜，嗯咕，啊啊啊……」",
    "len": 2
  },
  {
    "name": "樹",
    "message": "「唔……！」",
    "len": 1
  },
  {
    "message": "柚的小穴，紧紧地收缩了。",
    "len": 1
  },
  {
    "message": "我的肉棒也在她柔软的各处戳刺摩擦着。",
    "len": 2
  },
  {
    "name": "柚",
    "message": "「啊呜呜，啊，啊，这次是，侧面……不是最深处，而是在侧面摩擦……呀，啊……」",
    "len": 2
  },
  {
    "name": "柚",
    "message": "「啊啊！不要到处按压！不行，已经，每次都让身体颤抖……呜……哈啊，啊……啊，呜呜，啊，啊，啊嗯！」",
    "len": 3
  },
  {
    "message": "由于姿势不稳，结合部位受到的刺激变化剧烈。",
    "len": 2
  },
  {
    "message": "我和柚都无法抑制漏出的声音和不自觉抬起的腰。",
    "len": 2
  },
  {
    "name": "柚",
    "message": "「啊，啊啊，啊，嗯，啊，树的……树的，翘起来，像是要挖掘我的内部一样摩擦着……」",
    "len": 3
  },
  {
    "name": "柚",
    "message": "「……嗯嗯嗯！哈啊，哈啊，呀啊……呜，呜呜，哈啊，啊啊啊……树……」",
    "len": 2
  },
  {
    "name": "柚",
    "message": "「树，树感觉舒服吗？啊，……嗯哈，呜啊啊！哈，呜呜呜，啊，……」",
    "len": 2
  },
  {
    "name": "樹",
    "message": "「嗯，很舒服，非常……呜，呜…………我要，再次射在里面了……！」",
    "len": 2
  },
  {
    "name": "柚",
    "message": "「嗯，呜呜！啊啊，树，我明白了……啊，嗯，啊，射进来吧，射在我里面……」",
    "len": 2
  },
  {
    "name": "柚",
    "message": "「像刚才那样，射出很多！！呜，呜呜，啊，啊，啊，呜！突然，像心跳一样跳动……」",
    "len": 3
  },
  {
    "name": "柚",
    "message": "「呜，呜！啊，啊，哈啊，呀啊啊啊……呜呜，被，射进去了……啊，嗯，啊……」",
    "len": 2
  },
  {
    "name": "柚",
    "message": "「啊，嗯，咕，呜呜呜……呜！咕叽咕叽，好大的声音……啊，啊，啊啊！」",
    "len": 2
  },
  {
    "name": "柚",
    "message": "「哈，啊，啊，嗯，啊，呀，啊……嗯，呜！讨厌，嗯，哈，哈啊……！」",
    "len": 2
  },
  {
    "name": "柚",
    "message": "「啊呜，不行，身体……停不下来，嗯！哈，哈，哈，呜，啊哈……嗯！」",
    "len": 2
  },
  {
    "message": "毫不客气地冲刺着，汗湿的乳房剧烈晃动，还不熟练的体内紧紧吸附着我的那里。",
    "len": 3
  },
  {
    "name": "樹",
    "message": "「要出来了……！」",
    "len": 1
  },
  {
    "name": "柚",
    "message": "「啊，我也……我也变得奇怪了……嗯咕！呜，呀，嗯，啊，啊，哈嗯！」",
    "len": 2
  },
  {
    "name": "柚",
    "message": "「……呜咕，嗯，啊，不行，已经，不行了……啊，啊，射出来，很多……树的，射出很多……！」",
    "len": 3
  },
  {
    "name": "樹",
    "message": "「唔，……」",
    "len": 1
  },
  {
    "name": "柚",
    "message": "「呃，啊，啊，嗯，啊！哈，啊啊，呜，树，……」",
    "len": 2
  },
  {
    "name": "柚",
    "message": "「咕，嗯，啊，要，要去了……嗯嗯嗯！去，去了，呜，啊，哈，嗯，啊……」",
    "len": 2
  },
  {
    "name": "柚",
    "message": "「……啊，嗯！啊，啊，啊啊，要……嗯呜呜！去了，嗯，去了啊啊啊……！」",
    "len": 2
  },
  {
    "name": "柚",
    "message": "「啊，啊啊，呜，啊，啊，咕，啊，啊……嗯哈！啊啊啊啊……哈啊，啊，嗯，呜哈啊啊啊！」",
    "len": 2
  },
  {
    "message": "比第一次更加淫荡地呻吟扭动着，柚的私处猛地撞击过来。",
    "len": 2
  },
  {
    "name": "樹",
    "message": "「啊……」",
    "len": 1
  },
  {
    "message": "被整根吞入并紧紧绞住，一股电流从脊背逆流而上。",
    "len": 2
  },
  {
    "name": "柚",
    "message": "「哈啊，啊，嗯咕，啊，啊，啊，啊……呀，啊，啊，还在，好舒服……」",
    "len": 2
  },
  {
    "name": "柚",
    "message": "「身体……抽搐，跳动……啊，啊……去，去的时候，身体里面，好像要爆炸了，呜呜，嗯，呜哈，哈，哈啊……」",
    "len": 3
  },
  {
    "name": "柚",
    "message": "「啊，啊啊，啊，哈，哈啊，啊，啊……呀，啊，嗯，啊啊啊啊啊……嗯！呜哈，哈啊，哈，呀，咕，啊啊啊！！」",
    "len": 3
  },
  {
    "name": "樹",
    "message": "「柚……呜，……！」",
    "len": 1
  },
  {
    "name": "柚",
    "message": "「哈，哈啊，哈，还在，还在出来……精液，还在，还在噗噗地射出来……」",
    "len": 2
  },
  {
    "name": "柚",
    "message": "「呜，哈啊，哈啊，好厉害啊……嗯，唔唔唔……啊，哈啊，啊……嗯……啊，啊，呜啊啊啊……」",
    "len": 2
  },
  {
    "name": "柚",
    "message": "「啊，啊啊！呀啊，啊，啊，哈……嗯，呜，呜呜呜！啊呜呜，啊，还要啊……！」",
    "len": 2
  },
  {
    "name": "樹",
    "message": "「……啊啊……！」",
    "len": 1
  },
  {
    "name": "柚",
    "message": "「呀啊……啊，嗯，啊，哈啊，啊啊啊啊……！啊，啊，啊，呀，唔唔，呜，呜呜！」",
    "len": 2
  },
  {
    "message": "我们一边叫喊着，一边重重地倒在沙发上。",
    "len": 1
  },
  {
    "message": "我们的身体仍然保持着结合的状态。",
    "len": 1
  },
  {
    "name": "柚",
    "message": "「呼哈啊，哈啊，哈啊，啊，哈啊啊……呼，呜呜……啊，嗯，啊，树的，还是硬的……」",
    "len": 2
  },
  {
    "name": "柚",
    "message": "「嗯呜，呜呜……动不了，啊……手脚，使不上力……不行，啊，哈，啊啊啊啊……」",
    "len": 2
  },
  {
    "name": "樹",
    "message": "「就这样在这里睡着可不行啊」",
    "len": 1
  },
  {
    "name": "柚",
    "message": "「啊，那当然了……要是被大家看到了怎么办嘛……」",
    "len": 2
  },
  {
    "name": "柚",
    "message": "「哈，呼哈，哈，哈……啊……啊，嗯……但是，我也……我也快要睡着了，呢……嗯，呜呜……」",
    "len": 3
  },
  {
    "name": "樹",
    "message": "「哈，哈，哈，啊啊，啊啊啊……」",
    "len": 1
  },
  {
    "name": "柚",
    "message": "「呜，咕，嗯……嗯，嗯嗯，啊哈啊……哈，哈，哈，啊，嗯……啊，呼，啊啊啊……」",
    "len": 2
  },
  {
    "message": "我和柚都筋疲力尽，一时间似乎都无法从沙发上移动。",
    "len": 2
  }
]