[
  {
    "name": "式子",
    "message": "「哈啊……已经变得这么大了……　咕唔……嗯，嗯，啾，嗯呜……呼哈……」",
    "len": 2
  },
  {
    "message": "妈妈毫不犹豫地将前端含入那小小的嘴里，就这样用口腔粘膜和舌头爱抚起我的那里。",
    "len": 2
  },
  {
    "name": "式子",
    "message": "「小太……嗯，啾，嗯咕……　呜呜……啾噜，嗯哈……真是诚实呢……最喜欢了……」",
    "len": 2
  },
  {
    "name": "式子",
    "message": "「嗯，咕唔，这样做的话……嗯，啾，嗯呜……　小太的感觉……嗯嗯……就在眼前……的感觉……」",
    "len": 2
  },
  {
    "name": "式子",
    "message": "「呼……感觉……直接用嘴感受到了……嗯咕……　咕唔，啾噜……啾噜噜……哈呜，嗯嗯嗯……」",
    "len": 2
  },
  {
    "name": "式子",
    "message": "「嗯，真棒……呢……嗯咕，嗯，嗯嗯，嗯哈……　啊呜，嗯呜……这种事……不常有吧……？」",
    "len": 2
  },
  {
    "name": "式子",
    "message": "「嗯咕，啾，呜，呜……谢谢……让我感受到了……　嗯呜，哈，呼啊……嗯，啾，舔，啾噜……」",
    "len": 2
  },
  {
    "message": "话说回来，我又像昨天一样，毫无办法地在妈妈面前暴露了下半身。",
    "len": 2
  },
  {
    "message": "明明想反抗的话应该是可以的，但只有在这种时候，妈妈的声音就像有魔法般的强制力。",
    "len": 2
  },
  {
    "message": "那简直就像是要听妈妈的话这样原始的魔法强制力。",
    "len": 2
  },
  {
    "name": "式子",
    "message": "「嗯啾，嗯姆，呜呜……啾噜……舔，嗯呜……　嗯，哈……嗯呼呼……诀窍，已经掌握了……嗯」",
    "len": 2
  },
  {
    "name": "式子",
    "message": "「啾噜……嗯，嗯，嗯嗯嗯……哈，啊呜……　明明才第二次……哈啊……我懂的哦……嗯……」",
    "len": 2
  },
  {
    "name": "式子",
    "message": "「嗯，嗯姆，哈……为什么呢……？　嗯啾……那是因为，妈妈就是妈妈……嗯呜……对吧？」",
    "len": 2
  },
  {
    "message": "虽然不太明白她在说什么，但妈妈的动作和舌头的使用，确实比昨天那种摸索般的动作更加积极了。",
    "len": 2
  },
  {
    "message": "就像是已经清楚地明白了这样做会有那样的结果的因果关系一般的动作。",
    "len": 2
  },
  {
    "message": "事实上，我的那里被准确地刺激着敏感的部位，已经硬得快要射精了。",
    "len": 2
  },
  {
    "name": "式子",
    "message": "「哈，哈……嗯，这样做……嗯，啾，舔……　小鸡鸡的前端……舔，啾噜……嗯，啾噜……」",
    "len": 2
  },
  {
    "name": "式子",
    "message": "「用舌头摩擦……舔，啾噜，嗯……　会很舒服吧……嗯，嗯姆，舔，嗯啾，啾噜噜……」",
    "len": 2
  },
  {
    "name": "式子",
    "message": "「嗯，舔……妈妈也能感觉到哦……嗯，啾，嗯嗯……　用舌头的表面……舔，舔，热热的感觉……嗯呼，能感觉到……」",
    "len": 2
  },
  {
    "message": "每当她前后移动头部，改变角度时，唾液就会从嘴唇溢出滴落，但妈妈似乎并不在意这些。",
    "len": 2
  },
  {
    "name": "式子",
    "message": "「嗯，啾噜……舔，啾噜……嗯哈……　然后，嗯呜……这样子，在这个凹陷的地方，嗯……」",
    "len": 2
  },
  {
    "name": "式子",
    "message": "「啾噜……积攒唾液……啊呜，嗯咕……嗯嗯……　啊呜，嗯呜，嗯，嗯呜……用嘴唇摩擦对吧……啾噜」",
    "len": 2
  },
  {
    "name": "式子",
    "message": "「嗯，哈呜，嗯呜，嗯咕咕……哈，哈……　原来嘴巴，能这么多用途啊……嗯呜，哈呜，咕哈……」",
    "len": 2
  },
  {
    "name": "式子",
    "message": "「以前，都不知道呢……像这样……哈呜……　脸颊……嗯呜，嗯，收缩之类的……嗯嗯，啾噜……」",
    "len": 2
  },
  {
    "name": "式子",
    "message": "「嗯哈……全部……小鸡鸡，反应都不一样呢……。　啾噜……没想到，能了解这么多东西……嗯……」",
    "len": 2
  },
  {
    "name": "式子",
    "message": "「嗯，嗯咕……嗯咕咕咕……！　嗯嗯嗯……！　喉，喉咙的……深，深处也……嗯，嗯咕，能感觉到对吧……？」",
    "len": 2
  },
  {
    "name": "式子",
    "message": "「咕，咕咕……我知道哦，好热……在跳动呢……。　嗯咕……因为会有反应……所以全都明白了……嗯……」",
    "len": 2
  },
  {
    "message": "妈妈深深地含住我的那里，将前端抵在喉咙深处的样子，看起来似乎非常痛苦。",
    "len": 2
  },
  {
    "name": "式子",
    "message": "「嗯咕，咕，嗯嗯，咕呜……！　嗯，咕……　别在意……嗯咕，一点都不，难受……咕呜……」",
    "len": 2
  },
  {
    "message": "即便在这种状态下，妈妈似乎也能完全看透我的感觉和想法。",
    "len": 2
  },
  {
    "name": "式子",
    "message": "「哈咕，咕呜，嗯哈……嗯，嗯嗯……嗯咕咕……！　不要想多余的事……只要好好感受就行了哦……」",
    "len": 2
  },
  {
    "name": "式子",
    "message": "「能明白这一点……嗯，咕，嗯咕……呜咕……！　嗯哈……对妈妈来说……是最大的，幸福，你知道吗……嗯呜……」",
    "len": 2
  },
  {
    "message": "面对这样的妈妈，我既说不出让她停下的话，也无法开口表示关心。",
    "len": 2
  },
  {
    "message": "我觉得，那些话都会与妈妈的心情相悖。",
    "len": 1
  },
  {
    "message": "所以我能做的，就只有任由妈妈继续她的行为，同时将手轻轻放在她那努力动作着的头上。",
    "len": 2
  },
  {
    "name": "式子",
    "message": "「嗯，呼哇……嗯，太君的手……嗯……　好温柔呢……嗯嗯，咕……让人感动得要哭了……」",
    "len": 2
  },
  {
    "name": "式子",
    "message": "「哈……温暖传来了……嗯呜……　妈妈，无论多久……都会努力的哦……嗯咕，啾噜……」",
    "len": 2
  },
  {
    "name": "式子",
    "message": "「嗯啾……能成为妈妈真是太好了……哈呜，嗯，嗯哈……　能有这种感觉……嗯咕，哈呜……真幸福啊……」",
    "len": 2
  },
  {
    "name": "式子",
    "message": "「所以……嗯，舔，啾噜……如果感觉舒服的话……　不要……忍耐……哈呜，嗯呜，咕啾……嗯啪……」",
    "len": 2
  },
  {
    "name": "式子",
    "message": "「随时都可以，精子……射出来哦……　射在妈妈嘴里……嗯，嗯呜……射出来……没关系的哦……嗯呜……」",
    "len": 2
  },
  {
    "name": "式子",
    "message": "「热热的……树君的感觉……嗯，啊呜……　哈呜，嗯呼……让我感受……想要感受更多……」",
    "len": 2
  },
  {
    "name": "式子",
    "message": "「全部……全部，都会接受的哦……哈咕，咕呜呜……！　所，所以……啾噜，啾……想射的时候，就射出来吧……」",
    "len": 2
  },
  {
    "name": "樹",
    "message": "「…………」",
    "len": 1
  },
  {
    "name": "式子",
    "message": "「嗯呜，哈咕……啊呜……怎么了？　嗯，嗯咕……表情怎么这么奇怪……嗯，嗯呜呜……」",
    "len": 2
  },
  {
    "name": "樹",
    "message": "「因，因为……妈妈应该明白的吧？　就，就是那个……」",
    "len": 2
  },
  {
    "message": "因为太过羞耻，我无法说出最后的话。",
    "len": 1
  },
  {
    "message": "像是马上就要射出来了这种事，妈妈应该一眼就看穿了吧，之类的。",
    "len": 2
  },
  {
    "name": "式子",
    "message": "「嗯咕，嗯……噗哈，诶嘿嘿……其实我知道哦～。　因为这很正常啊。我可是妈妈嘛……哈呜」",
    "len": 2
  },
  {
    "name": "式子",
    "message": "「嗯，啾噜，啾噜呜……嗯哈，哈啊呜，嗯咕呜……　嗯，啊呜，啾啪……嗯，嗯呼」",
    "len": 2
  },
  {
    "message": "她笑得一副洞悉一切的样子，再次专注于爱抚我那里的行为。",
    "len": 1
  },
  {
    "message": "看来妈妈连我的内心都能看透。",
    "len": 1
  },
  {
    "name": "式子",
    "message": "「嗯，啾……因为……嗯……很简单啊……　嗯，咕……舔一舔，就全都明白了……嗯……」",
    "len": 2
  },
  {
    "name": "式子",
    "message": "「呼吸的节奏……啾……心脏扑通扑通的跳动……　嗯，啾……都能感受到……嗯，咕……」",
    "len": 2
  },
  {
    "name": "式子",
    "message": "「而，而且……嗯，嗯，嗯，嗯嗯嗯……　前端已经……嗯，嗯嗯……开始流出汁液了……」",
    "len": 2
  },
  {
    "name": "式子",
    "message": "「啾，啾，啾……舔，嗯……　没关系的哦……随时都可以，射精……嗯，嗯嗯……」",
    "len": 2
  },
  {
    "name": "式子",
    "message": "「射在妈妈的……嗯，啾……嘴里……嗯……　啾，嗯，咕……射出来吧……嗯……」",
    "len": 2
  },
  {
    "message": "虽然想顺从妈妈的话立刻射精，但另一方面，又想尽可能长时间地感受妈妈的口腔。",
    "len": 2
  },
  {
    "name": "式子",
    "message": "「嗯，嗯，呼……还不行吗？　还不行吗……嗯……　真是的……嗯，咕，嗯……要，射了吧……？」",
    "len": 2
  },
  {
    "name": "式子",
    "message": "「嗯，嗯……抵抗也是没用的哦……嗯……　对妈妈……咕，嗯，是不可能，违抗的……」",
    "len": 2
  },
  {
    "name": "式子",
    "message": "「哈，哈，啊……这样忍耐的坏孩子……　要惩罚哦……要让你射很多，很多」",
    "len": 2
  },
  {
    "message": "在听到那带有一丝恐怖气息的话语后，妈妈的动作变得更加激烈了。",
    "len": 2
  },
  {
    "message": "她含着唾液，紧紧贴着口腔内侧，大幅度前后摆动头部，反复将龟头顶到深处。",
    "len": 2
  },
  {
    "name": "式子",
    "message": "「咕、咕、哈、呜、咕、呜……！啧、吸、啵、滋、嗯、啾……！」",
    "len": 2
  },
  {
    "name": "式子",
    "message": "「哈、咕、噗、呜、啾、嗯、嗯嗯！嗯、嗯、哈……去、去吧……吸溜……！」",
    "len": 2
  },
  {
    "message": "面对她这样认真的攻势，我几乎毫无抵抗之力，只能任由妈妈摆布。",
    "len": 2
  },
  {
    "message": "抵抗和忍耐很快就烟消云散，我除了屈服于汹涌而来的射精欲望之外别无选择。",
    "len": 2
  },
  {
    "name": "樹",
    "message": "「嗯，妈妈——」",
    "len": 1
  },
  {
    "name": "式子",
    "message": "「嗯，啊，要上来了……！呜、嗯、哈……精子、嗯、咕、射在嘴里……咕、嗯嗯嗯嗯！」",
    "len": 2
  },
  {
    "message": "我无法抽出性器，只能遵从她的话，尽情地将精液射入妈妈的口中。",
    "len": 2
  },
  {
    "name": "式子",
    "message": "「咕、嗯、嗯……嗯、啊啊啊……！啊、热热的精子……在、射出来……嗯、咕……」",
    "len": 2
  },
  {
    "name": "式子",
    "message": "「呜啊、唔、嗯、射到喉咙里了……咕、咳咳……呃、咕呜……呜、嗯嗯嗯……啊呜呜呜……」",
    "len": 2
  },
  {
    "name": "式子",
    "message": "「哈啊啊……嘴里……满满的、啊呜……都是……唔、咕、啾、呜哈……嗯、哈……」",
    "len": 2
  },
  {
    "name": "式子",
    "message": "「还、还在射……咕、呜啊、嗯……停不下来……啊、啊呜……啾……啊、要溢出来了……嗯嗯嗯……！」",
    "len": 2
  },
  {
    "name": "式子",
    "message": "「啊呜、咕、再多……全部给我……来、直到最后……精液……嗯、咕、咕……呜哈……！」",
    "len": 2
  },
  {
    "name": "式子",
    "message": "「哈啊……啾、啾噜噜……好吃……嗯……最喜欢了……嗯、嗯嗯、咕、咕……咕噜……」",
    "len": 2
  },
  {
    "name": "式子",
    "message": "「嗯、哈、哈……还、还在流出一点……我会、把最后一滴、吸出来的……嗯、嗯呜……」",
    "len": 2
  },
  {
    "name": "式子",
    "message": "「舔、啾噜……啾、啾、啾啵……嗯……舔、啾……啾、啾……嗯、咕……」",
    "len": 2
  },
  {
    "name": "樹",
    "message": "「妈、妈妈，你吞下去了……？」",
    "len": 1
  },
  {
    "name": "式子",
    "message": "「嗯、咕……怎、怎么了？」",
    "len": 1
  },
  {
    "name": "樹",
    "message": "「那、那个……不用勉强自己吞下去的……」",
    "len": 1
  },
  {
    "name": "式子",
    "message": "「嗯、嗯……？精、精液……嗯、唔……哈啊……是给、努力的妈妈的、奖励……对吧？嗯、嗯……哈」",
    "len": 2
  },
  {
    "message": "母亲像是要榨干最后一滴一样，将我欲望驱使下射出的精液全部吞下后，才从口中释放出了湿漉漉闪着光的性器。",
    "len": 2
  },
  {
    "name": "樹",
    "message": "「奖、奖励……？」",
    "len": 1
  },
  {
    "name": "式子",
    "message": "「嗯。因为，妈妈可是很努力的哦。……诶，啊、咦？不是吗？」",
    "len": 2
  },
  {
    "message": "母亲一边从嘴角流下与唾液混合的精液，一边困惑地说道。",
    "len": 2
  },
  {
    "name": "樹",
    "message": "「…………」",
    "len": 1
  },
  {
    "message": "看着她那一脸无辜傻乎乎的样子，我什么话也说不出来了。",
    "len": 2
  },
  {
    "name": "式子",
    "message": "「比、比起这个……树君？妈妈……已经、忍不住了……」",
    "len": 2
  },
  {
    "name": "式子",
    "message": "「所以――」",
    "len": 1
  },
  {
    "name": "式子",
    "message": "「嗯、啊、呜呜……！」",
    "len": 1
  },
  {
    "message": "母亲的小穴口已经湿润得不能再湿润了，轻松地吞下了我坚硬的阳具。",
    "len": 2
  },
  {
    "name": "式子",
    "message": "「嗯、呃……！呜呜呜……！嗯嗯……！哈、哈、哈啊……」",
    "len": 2
  },
  {
    "message": "粗大的东西进入了她娇小的身体，母亲伴随着粗重的呼吸发出了痛苦的声音。",
    "len": 2
  },
  {
    "message": "也许是因为昨天刚刚经历过，或者本来就是小巧的体型，接纳性器似乎还是有些痛苦。",
    "len": 2
  },
  {
    "name": "式子",
    "message": "「嗯、呜、哈啊……、哈、呼……嗯呜……抱、抱紧我……抱抱我……嗯、哈、哈……」",
    "len": 3
  },
  {
    "message": "母亲皱着眉头喘着粗气，同时双手环抱住了我的背。",
    "len": 2
  },
  {
    "message": "我回应了母亲的愿望，紧紧地抱住了她娇小的身体。",
    "len": 1
  },
  {
    "name": "式子",
    "message": "「啊、嗯……树君，好大……好暖和……这样被紧紧抱着……嗯呜、啊、感觉很安心……」",
    "len": 3
  },
  {
    "message": "耳边传来的喘息和声音，还有紧贴着的小巧胸部的触感，让我在母亲体内的阳具变得更加坚硬。",
    "len": 2
  },
  {
    "name": "式子",
    "message": "「啊！？嗯、哈……在、在里面，变大了……嗯呜呜……妈妈的里面，肚子都被塞满了……」",
    "len": 3
  },
  {
    "name": "式子",
    "message": "「嗯……妈妈和树君……里里外外都紧紧地贴在一起呢……真的感觉成为一体了……好开心……嗯嗯……」",
    "len": 3
  },
  {
    "name": "式子",
    "message": "「啊，那个……我能说一个有点害羞的告白吗？嗯嗯，嗯，呜……哈，哈啊啊……」",
    "len": 3
  },
  {
    "name": "樹",
    "message": "「什么事？」",
    "len": 1
  },
  {
    "name": "式子",
    "message": "「今天呢，一想到树君，就变得很色情，差点就忍不住自己……做那种事了，不过我忍住了哦」",
    "len": 3
  },
  {
    "name": "式子",
    "message": "「诶嘿嘿……嗯，诶，很了不起吗？很了不起吗？嗯，呜……哈，哈，哈……你会……表扬我吗？」",
    "len": 3
  },
  {
    "message": "被问是否了不起，我不知道该如何回答。",
    "len": 1
  },
  {
    "name": "樹",
    "message": "「…………」",
    "len": 1
  },
  {
    "name": "式子",
    "message": "「嗯……啊，你是不是在想，都已经来到房间了，根本就没忍住嘛～？」",
    "len": 2
  },
  {
    "name": "樹",
    "message": "「不，我并没有想那种事……」",
    "len": 1
  },
  {
    "name": "式子",
    "message": "「我、我可是……呜，哈……好好忍到晚上的哦……所以……嗯呼，呼啊……有点、辛苦呢……」",
    "len": 3
  },
  {
    "name": "式子",
    "message": "「身体……扑通扑通地跳……变得好热……嗯嗯……一不小心，手就要伸向那里了……哈呜呜……」",
    "len": 3
  },
  {
    "name": "式子",
    "message": "「所、所以，像这样到了晚上……嗯，啊……好好地让你进到里面了……我真的非常开心哦……？」",
    "len": 3
  },
  {
    "name": "樹",
    "message": "「我也很开心。能这样再次成为一体」",
    "len": 1
  },
  {
    "name": "式子",
    "message": "「嗯，谢谢……是同样的心情呢……嗯，哈……那、那么……可、可以动了哦……哈……」",
    "len": 3
  },
  {
    "message": "虽然妈妈这么说，但她明显呼吸困难，我有点犹豫是否应该按她说的做。",
    "len": 2
  },
  {
    "name": "式子",
    "message": "「啊，可以放心哦……呼，嗯呼，嗯咕……妈、妈妈……咕……痛也没关系的……哈……」",
    "len": 3
  },
  {
    "name": "樹",
    "message": "「…………」",
    "len": 1
  },
  {
    "message": "我以为她又会说即使痛也不用在意，或者说我舒服了她也会舒服之类的话，但这个预想落空了。",
    "len": 2
  },
  {
    "name": "式子",
    "message": "「嗯……哈呜，呼哈……嗯，哈呜呜……哈，哈……痛、痛是……很正常的哦……理所当然的哦……」",
    "len": 3
  },
  {
    "name": "式子",
    "message": "「因、因为……咕，嗯，嗯嗯……哈啊……啊呜……哈……妈妈，是、是第一次嘛……嗯咕呜呜……」",
    "len": 3
  },
  {
    "name": "樹",
    "message": "「诶——？」",
    "len": 1
  },
  {
    "name": "式子",
    "message": "「啊呜……因为现在才相遇……嗯、呼啊……呜……又、又变成第一次了……嗯、嗯嗯、呜……」",
    "len": 3
  },
  {
    "name": "式子",
    "message": "「嗯……妈妈们，随时都能……哈呜……这样子，第一次……相遇哦……」",
    "len": 2
  },
  {
    "name": "式子",
    "message": "「一直一直重复这个，就能成为永恒了哦……」",
    "len": 2
  },
  {
    "message": "我完全不明白妈妈在说什么。",
    "len": 1
  },
  {
    "message": "『第一次』是什么意思？",
    "len": 1
  },
  {
    "message": "明明我和妈妈已经在那片森林里结合过了……",
    "len": 1
  },
  {
    "name": "式子",
    "message": "「不明白吗？嗯、呵呵、不、不明白也没关系哦……只要能感受到我非常开心，很满足就可以了」",
    "len": 3
  },
  {
    "name": "樹",
    "message": "「这个我大概明白。因为我也有同样的感觉」",
    "len": 1
  },
  {
    "name": "式子",
    "message": "「那就好……嗯、来、动起来吧……嗯、呜……啊呜、呜、哈……一起变得舒服起来……好吗？」",
    "len": 3
  },
  {
    "name": "式子",
    "message": "「而且，那里……舔了肉棒之后……啊呜……变得湿漉漉的了……所以，嗯，没关系的哦……」",
    "len": 3
  },
  {
    "message": "我与其说是回应母亲的愿望，不如说是被吹在耳边的喘息和手掌感受到的汗水刺激了性欲，慢慢地开始动了起来。",
    "len": 2
  },
  {
    "message": "我用双手固定住她纤细娇小的身体，用勃起的性器探索着母亲的内部，缓缓地摆动腰部。",
    "len": 2
  },
  {
    "name": "式子",
    "message": "「嗯，嗯，嗯……对，就是这样……嗯，嗯呜……！就这样就好……啊呜，呜……就这样继续动……」",
    "len": 3
  },
  {
    "name": "式子",
    "message": "「啊啊，用双手支撑着……啊嗯，妈妈的身体……一直……哈呜……嗯咕，抓住我……啊呜呜……！」",
    "len": 3
  },
  {
    "name": "式子",
    "message": "「啊呜呜呜……在里面动着呢……呜咕，咕呜呜……明明已经塞得满满的了，啊啊……还在动着呜……」",
    "len": 3
  },
  {
    "name": "式子",
    "message": "「哈，哈，哈，呜……肚子里，好满啊……嘶，呜，哈啊……要，要撑破了，好像……嗯咕……！」",
    "len": 3
  },
  {
    "name": "式子",
    "message": "「咕呜……疼……啊，哈，咕……呜咕……因为妈妈是第一次啊……咕，咕呜，啊啊……！」",
    "len": 3
  },
  {
    "message": "有时，母亲会扭动身体抬起腰，仿佛想要逃离疼痛。",
    "len": 2
  },
  {
    "message": "感受到这个动作时，我会放缓腰部的动作，但这时母亲又会主动将腰部压向我。",
    "len": 2
  },
  {
    "name": "式子",
    "message": "「呜，嘶……哈，哈，没事，完全没事的……呜呜呜……！哈，呼，呜呼呼……！」",
    "len": 3
  },
  {
    "name": "式子",
    "message": "「没什么，嗯，大不了的……呜啊，嗯，啊啊……！呼哈，吸，哈，吸，哈……嗯呜呜呜……！」",
    "len": 3
  },
  {
    "message": "虽然她因痛苦而扭曲着脸，仿佛自己主动投入痛苦中一般，但即便如此，她还是不顾一切地扭动着腰，紧紧贴着我。",
    "len": 2
  },
  {
    "name": "式子",
    "message": "「你看，紧贴在一起了……黏在一起，发出咕啾咕啾的声音……呜，咕，磨蹭着……啊啊……哈啊……」",
    "len": 3
  },
  {
    "name": "式子",
    "message": "「啊，呼，啊啊，都到最里面了哦……嗯，哈呜，嗯，哈呜，呜，啊，啊，啊啊……对，对不起……」",
    "len": 3
  },
  {
    "message": "那句跟在痛苦喘息后的莫名其妙的『对不起』，听起来像是为了那一瞬间想要逃离痛苦而道歉。",
    "len": 2
  },
  {
    "message": "虽然我完全不明白为什么要道歉，但妈妈还是头发凌乱地拼命摆动着腰。",
    "len": 2
  },
  {
    "message": "我和妈妈的性器官紧密相连，没有一丝缝隙，发出咕啾咕啾声的粘液中混杂着红色的东西。",
    "len": 2
  },
  {
    "name": "式子",
    "message": "「嗯，哈呜，哈，呼……疼，疼痛……呜呜……不是……问题……呜，呜，啊呜呜……！」",
    "len": 3
  },
  {
    "name": "式子",
    "message": "「是一样的……嗯，啊呜，疼痛，和快感……都是一样的……啊嗯，呜，啊呜……嗯啊啊啊……！」",
    "len": 3
  },
  {
    "name": "式子",
    "message": "「嗯，好痛啊……呜呜，好痛啊……脑子里，嗯……变得好满……哈呜，变得一片空白……嗯咕呜呜……！」",
    "len": 3
  },
  {
    "name": "式子",
    "message": "「好痛……脑子里像是要爆炸了……啊，哈啊啊啊……！咕，啊，好热……啊啊，像是要烧起来了……嗯咕……」",
    "len": 3
  },
  {
    "message": "每当妈妈顺着重力落下腰部时，我的那里就被紧紧地箍住，同时摩擦着湿滑的内壁。",
    "len": 2
  },
  {
    "message": "而每当顶端抵达炽热子宫的尽头时，一种钝痛般的快感就会在下半身回荡。",
    "len": 2
  },
  {
    "name": "式子",
    "message": "「哈啊啊……又痛，又热，又舒服……哈呜呜……嗯，嗯，嗯咕……好，好舒服啊……」",
    "len": 3
  },
  {
    "name": "式子",
    "message": "「哈，哈……变得不明白了……嗯，咕呜……咕哈……对，就是这样……嗯咕，咕，啊啊啊……」",
    "len": 3
  },
  {
    "name": "式子",
    "message": "「痛的感觉……热的感觉……一起来了……嗯，哈……变得乱七八糟的……嗯咕……虽然不太明白……」",
    "len": 3
  },
  {
    "name": "式子",
    "message": "「痛，痛，而且很热，但是……嗯，咕，哈呜！……但是，那种感觉不再是坏的了……变得奇怪了……」",
    "len": 3
  },
  {
    "message": "妈妈挺立的乳头摩擦皮肤的奇妙瘙痒感，即使在下半身强烈的快感浪潮中也没有被淹没。",
    "len": 2
  },
  {
    "message": "反而正因为这种感觉微小，才显得更加刺激，煽动着性欲，诱导着腰部的动作。",
    "len": 2
  },
  {
    "name": "式子",
    "message": "「啊，啊，啊……虽，虽然是第一次……嗯……呼啊……妈妈，感觉很舒服呢……啊，呀啊……」",
    "len": 3
  },
  {
    "message": "虽然不明白妈妈所说的『第一次』是什么意思，但老实说，我已经被快感冲昏了头脑，无暇顾及其他。",
    "len": 2
  },
  {
    "name": "樹",
    "message": "「呃，嗯……」",
    "len": 1
  },
  {
    "name": "式子",
    "message": "「嗯，哈，树，树君也……感，感觉舒服吗？嗯哈，哈啊，和妈妈一起，感觉舒服吗……？」",
    "len": 3
  },
  {
    "name": "樹",
    "message": "「嗯，嗯」",
    "len": 1
  },
  {
    "message": "现在再说这些已经没有必要了。",
    "len": 1
  },
  {
    "message": "从进入妈妈温暖湿润的那一刻起，我就陷入了快感的漩涡中，只能贪婪地索取。",
    "len": 2
  },
  {
    "name": "式子",
    "message": "「太好了……哈啊，如果只有妈妈一个人感到舒服的话……嗯，呃……妈妈，就变成淫荡的孩子了呢……哈呜……」",
    "len": 3
  },
  {
    "name": "式子",
    "message": "「从今以后，我们都在一起哦……嗯，呃，啊啊啊……！无论是舒服的感觉……还是淫荡的事，都要一起呢……」",
    "len": 3
  },
  {
    "name": "式子",
    "message": "「哈，哈，哈啊……肚子里面好难受啊……虽然很舒服……但是从最深处，从最深处，开始变得难受起来了……」",
    "len": 3
  },
  {
    "name": "式子",
    "message": "「呜，啊……这种难耐的感觉，好像没完没了……哈……嗯，怎，怎么回事……难受得都快哭出来了……嗯嗯嗯……」",
    "len": 3
  },
  {
    "message": "妈妈不像刚才那样有意识地动作，而是几乎是无意识地扭动着腰靠了过来。",
    "len": 2
  },
  {
    "message": "爱液和血液因此被搅拌在一起，发出咕啾咕啾的声音。",
    "len": 1
  },
  {
    "name": "式子",
    "message": "「嗯，一直……一直……哈啊，嗯嗯嗯，呜呜……不用肉棒，好好搅动的话……就，就不够啊」",
    "len": 3
  },
  {
    "name": "式子",
    "message": "「哈啊！哈，哈，所以……多多地，插进来……。嗯，拜托了……啊，不要让妈妈寂寞啊」",
    "len": 3
  },
  {
    "name": "式子",
    "message": "「嗯……你看，发出咕啾咕啾的声音了……哈，嗯……变得，更容易滑动了，没问题的，对吧……啊啊……」",
    "len": 3
  },
  {
    "name": "式子",
    "message": "「树君……会帮我解决这种难耐的感觉的，对吧……嗯，哈嗯，啊啊……快点啊……呜啊，啊……！」",
    "len": 3
  },
  {
    "message": "实际上，虽然变得湿滑了，但妈妈本来就很窄小的入口依然紧紧地箍着，要动起来并不像说的那么容易。",
    "len": 2
  },
  {
    "message": "但即使不容易，让妈妈难受得快要哭出来也不是我的本意。",
    "len": 2
  },
  {
    "name": "樹",
    "message": "「嗯——」",
    "len": 1
  },
  {
    "message": "我蓄力一般，比之前更加用力地向上顶起腰部，插入妈妈的深处。",
    "len": 2
  },
  {
    "name": "式子",
    "message": "「哈啊！啊，嗯，就是这样……啊啊，来了……！肉棒……啊，哈……噗嗤噗嗤地进来了……！」",
    "len": 3
  },
  {
    "name": "式子",
    "message": "「麻酥酥的……嗯，哈，传遍全身……嗯嗯呜……哈，哈，哈……嗯嗯，哈啊！来，来了……！」",
    "len": 3
  },
  {
    "name": "式子",
    "message": "「呜，嗯呜呜呜……！啊，嗯，呃……呜……被填满了……啊，里面，被摩擦着……嗯……！」",
    "len": 3
  },
  {
    "message": "妈妈发出了高亢的声音，但其中似乎不仅包含快感，还有痛苦。",
    "len": 2
  },
  {
    "message": "不过，她似乎被一种更强烈的感觉包围着，仿佛盖过了痛苦。",
    "len": 2
  },
  {
    "name": "式子",
    "message": "「嗯呜，哈啊啊啊，来了，一波接一波……嗯哈……来了……满满地传过来了……！」",
    "len": 3
  },
  {
    "name": "式子",
    "message": "「哈，哈啊啊……那里面……嗯，啊，哈啊……从里面……嗯哈呜，呼……好像被紧紧抱住了一样……」",
    "len": 3
  },
  {
    "message": "每次向上顶弄，背上都会传来被指甲刺入的灼热而尖锐的疼痛，传递着妈妈的感觉。",
    "len": 2
  },
  {
    "message": "而她那汗湿的头发贴在脸颊上，小小的身体一次又一次地弹跳的样子，同时在我心中点燃了怜爱和欲望。",
    "len": 2
  },
  {
    "name": "式子",
    "message": "「啊，又来了，比，比刚才还要厉害，来了……！啊，啊，啊……这是什么……哈呜呜呜……！」",
    "len": 3
  },
  {
    "name": "式子",
    "message": "「对，对啊……就是这样被弄……嗯，唔呜呜……喜，喜欢……！嗯啊哈，啊，啊啊嗯……！」",
    "len": 3
  },
  {
    "message": "我想更强烈地感受妈妈，为了加深腰部的动作，试图牢牢地支撑住她的身体。",
    "len": 2
  },
  {
    "message": "就在这时，妈妈的身体猛地一跳，小小的女性器官紧紧地夹住了我。",
    "len": 2
  },
  {
    "name": "樹",
    "message": "「呃……」",
    "len": 1
  },
  {
    "name": "式子",
    "message": "「那，那里不行……！嗯哈，呼啊，啊嗯……！这，这种恶作剧……嗯，呜，不可以啊……！」",
    "len": 3
  },
  {
    "name": "式子",
    "message": "「那里，不对……！不行的啊……呼啊啊啊……！不，不能碰……嗯，哈……不，不行的……！」",
    "len": 3
  },
  {
    "message": "妈妈突然紧紧地夹住我的力道如此之大，甚至爱液的飞沫都四处飞溅。",
    "len": 2
  },
  {
    "message": "我差点因为这股冲击而射精，必须拼命忍住。",
    "len": 2
  },
  {
    "name": "樹",
    "message": "「那个，我还没开始用力呢……」",
    "len": 1
  },
  {
    "name": "式子",
    "message": "「不，不是这样的……嗯，哈……呼……！别说坏心眼的话……哈，哈，哈，哈呼……！」",
    "len": 3
  },
  {
    "message": "就在这时，我意识到刚才改变手的位置时，指尖碰到了妈妈的臀部。",
    "len": 2
  },
  {
    "message": "从结合处传来的液体沾湿了那个小小的褶皱，这次我有意地轻轻触碰它。",
    "len": 2
  },
  {
    "name": "式子",
    "message": "「呀啊……！明，明明说了不行的……！为，为什么要做这种事啊……嗯，哈，呜……！」",
    "len": 3
  },
  {
    "name": "式子",
    "message": "「那里不是该碰的地方啊……嗯，呼……！绝，绝对不行的啊……嗯，啊啊啊……！」",
    "len": 3
  },
  {
    "message": "每当指尖轻轻抚摸那湿滑的地方时，妈妈都会猛地弓起背，身体颤抖不已。",
    "len": 2
  },
  {
    "name": "式子",
    "message": "「呼啊……嗯，变，变成奇怪的孩子了，哈……！妈妈变成坏孩子了……哈，啊啊嗯……！」",
    "len": 3
  },
  {
    "name": "式子",
    "message": "「手，手指碰到屁股的洞的话……呜，呼，哈……就，就要融化了，变成那样了……嗯啊啊……！」",
    "len": 3
  },
  {
    "name": "式子",
    "message": "「屁，屁股……嗯，呜……变得奇怪的感觉……变，变态的孩子，所以……呜啊啊……不行的」",
    "len": 3
  },
  {
    "name": "式子",
    "message": "「所，所以快住手……嗯，哈……好害羞啊……。哈，呼……那种地方……不，不对的……！」",
    "len": 3
  },
  {
    "message": "母亲一边左右摇头，一边发出陶醉的喘息声，看起来非常可爱，但继续下去似乎有些可怜。",
    "len": 2
  },
  {
    "message": "我移动手的位置，紧紧地固定住母亲纤细的身体，然后开始用力挺动腰部。",
    "len": 2
  },
  {
    "name": "式子",
    "message": "「嗯啊！啊呜呜呜……！好厉害啊……！子宫入口被顶到了……哈啊，嗯，好有感觉……！」",
    "len": 3
  },
  {
    "name": "式子",
    "message": "「感，感觉传遍全身……麻麻的……哈，哈啊……！呜……心跳加速了……啊，液体，溢出来了……」",
    "len": 3
  },
  {
    "name": "式子",
    "message": "「嗯，哈啊，原来合为一体是这种感觉啊……。哈，嗯……又暖和又酥麻……哈啊……」",
    "len": 3
  },
  {
    "name": "式子",
    "message": "「全身都……被太郎君填满了……嗯哈呜，哈……各种感觉涌上来……哈啊，脑子都要飞走了……！」",
    "len": 3
  },
  {
    "name": "式子",
    "message": "「呼呜，哈啊……啊啊啊啊……呼呜呜……！啊啊……怎么会这样……呀啊啊……」",
    "len": 3
  },
  {
    "message": "母亲发出虚弱的声音，但下半身却像另一个生物一样扭动着，不断滴落体液。",
    "len": 2
  },
  {
    "message": "母亲的腰部复杂地波动着，当压在我的下腹部时，动作变得更加急切，仿佛想要更深地接纳我。",
    "len": 2
  },
  {
    "name": "式子",
    "message": "「嗯，哈啊……太，太舒服了……哈啊，哈啊……身，身体……要支撑不住了……」",
    "len": 3
  },
  {
    "name": "樹",
    "message": "「没事的，我会支撑着你的……所以，你不用在意」",
    "len": 2
  },
  {
    "name": "式子",
    "message": "「嗯，呵呵……谢谢……我，最喜欢你了……嗯……哈啊……那么，拜托了……能扶好妈妈吗……？」",
    "len": 3
  },
  {
    "name": "樹",
    "message": "「好的——」",
    "len": 1
  },
  {
    "message": "我稍微加大了手上的力度，可能是感觉到了，妈妈开始贪婪地、蠕动般地移动起来。",
    "len": 2
  },
  {
    "name": "式子",
    "message": "「啊啊啊啊啊……！嗯哈，哈，哈啊……！肚子里面，到处都有感觉……啊啊啊……！」",
    "len": 3
  },
  {
    "name": "式子",
    "message": "「入口也……深处也……嗯哈，被顶到了……哈……摩擦着……咕噜咕噜的，都能听到声音了……啊……！」",
    "len": 3
  },
  {
    "name": "式子",
    "message": "「呼啊，身体，要跳起来了……！呼啊，呼啊……啊，呼……停不下来啊……身体，停不下来……」",
    "len": 3
  },
  {
    "name": "式子",
    "message": "「浑身颤栗啊……从深处，啊啊……哈，嗯咕……有什么，涌上来了……受，受不了了……啊……！」",
    "len": 3
  },
  {
    "name": "式子",
    "message": "「啊，哈……全身上下，好像一直有电流窜过……啊，咕，哈啊，啊啊……好有感觉，好舒服啊……」",
    "len": 3
  },
  {
    "message": "我单手支撑着像在跳舞般移动的妈妈，另一只手则缓缓地向下方移动。",
    "len": 2
  },
  {
    "message": "沉浸在将湿滑的性器压向我的妈妈，似乎完全没有注意到我的动作。",
    "len": 2
  },
  {
    "name": "式子",
    "message": "「啊，啊啊！？屁，屁股……哈，屁股的洞里……手指，进来了……！？滑，滑溜地……啊，啊啊……！」",
    "len": 3
  },
  {
    "name": "式子",
    "message": "「屁股是不可以的地方啊……那种地方，啊啊……！手指，如果变得舒服的话……会变成奇怪的孩子的……啊啊啊……」",
    "len": 3
  },
  {
    "name": "式子",
    "message": "「嗯，嗯呼……屁，屁股，缩紧了……啊哈啊……！不由自主地抽搐着……手指，能感觉到啊……」",
    "len": 3
  },
  {
    "name": "式子",
    "message": "「啊哈……那里和屁股洞里都进来了……嗯……热热的感觉，从两边都传来了……！哈啊，太厉害了……」",
    "len": 3
  },
  {
    "name": "式子",
    "message": "「啊，啊啊，就那样不要动……就那样就好……不要从屁股里抽出手指啊……哈，哈啊，嗯呼……」",
    "len": 3
  },
  {
    "name": "式子",
    "message": "「手指，就那样插着……呼，用小鸡鸡，插，插进来……！想两边都感受到……好像被前后夹住了一样……」",
    "len": 3
  },
  {
    "name": "式子",
    "message": "「对，对……！嗯哈啊……！就是这样……嗯哈……好像有两个树君……嗯咕，啊呼……」",
    "len": 3
  },
  {
    "name": "式子",
    "message": "「满满的，哈，被爱的感觉……啊啊，哈啊……要变得奇怪了……这么多，被这么多……」",
    "len": 3
  },
  {
    "name": "式子",
    "message": "「啊啊，那里和屁股，两边都好棒……！咕，呼哈……变成这样，呼……妈妈，是个坏孩子啊……」",
    "len": 3
  },
  {
    "name": "式子",
    "message": "「啊啊！舒、舒服的地方，好多……！全身上下，都被刺激着……呼啊，哈啊，嗯呜啊……！」",
    "len": 3
  },
  {
    "name": "式子",
    "message": "「那里被搅动着……屁股里也，插入了……被抱着……乳头也在摩擦……哈啊……」",
    "len": 3
  },
  {
    "name": "式子",
    "message": "「呐、呐，树君也感觉到了吗……？和妈妈一样舒服吗……哈啊，嗯，呜哈啊……」",
    "len": 3
  },
  {
    "name": "樹",
    "message": "「这、这还用问吗。已经爽到不行了……。从进入妈妈体内的那一刻起，就比妈妈感觉强烈好几倍……」",
    "len": 2
  },
  {
    "name": "式子",
    "message": "「这、这样啊……那么舒服的话会死掉的哦……。可、可是妈妈现在也，舒服得快要死掉了啊」",
    "len": 3
  },
  {
    "name": "樹",
    "message": "「所以说实话，从刚才开始就一直在忍耐，差点就要射出来了……」",
    "len": 2
  },
  {
    "name": "式子",
    "message": "「嗯，哈，不要……忍耐……嗯呼……随时，想射的时候就射吧……哈啊，呼……」",
    "len": 2
  },
  {
    "name": "樹",
    "message": "「但是，我还想多感受一会儿妈妈的里面……」",
    "len": 1
  },
  {
    "message": "话虽如此，他也已经接近极限了。",
    "len": 1
  },
  {
    "name": "式子",
    "message": "「嗯，哈啊……那种事，以后我们两个人……会一直舒服下去的……嗯，哈，呜……」",
    "len": 3
  },
  {
    "name": "式子",
    "message": "「所、所以说，随时都可以……射、射出来哦……嗯呜……哈啊，嗯咕，啊呜呜……不要吝啬……」",
    "len": 3
  },
  {
    "message": "听到这样的话，感觉到刚才一直在努力抑制的欲望瞬间消失了。",
    "len": 2
  },
  {
    "message": "仿佛被推了一把，觉得可以遵从她的话射精了。",
    "len": 2
  },
  {
    "name": "式子",
    "message": "「嗯，那、那就……射在妈妈里面……嗯呜……昨天，没有射在里面……所以这次要把那份也……」",
    "len": 3
  },
  {
    "name": "式子",
    "message": "「让、让妈妈的里面变热……哈呜，嗯，呜……从肚子里……哈呜，嗯嗯，让我感受得满满的……」",
    "len": 3
  },
  {
    "name": "樹",
    "message": "「可、可是——」",
    "len": 1
  },
  {
    "name": "式子",
    "message": "「没、没关系的哦……因为是妈妈啊……嗯，哈……这就是，哈呜……义务，哦……哈啊，嗯呜，呼啊啊……」",
    "len": 3
  },
  {
    "name": "式子",
    "message": "「哈啊，在妈妈的，里面，射吧……啊，呜……呜，哈啊……在妈妈的，里面，一起，舒服起来吧……」",
    "len": 3
  },
  {
    "name": "式子",
    "message": "「哈啊，因、因为……呜，哈啊……这就是……家、家人，对吧……？呜啊啊啊，啊呜呜……！」",
    "len": 3
  },
  {
    "name": "式子",
    "message": "「在妈妈的，里面，射吧……！和妈妈的，里面，一起……！射在，妈妈的，里面！在妈妈的，里面，满满地……！！」",
    "len": 2
  },
  {
    "name": "式子",
    "message": "「啊，已经，不行了……妈妈也……呼啊，要去了！所以，一起，射在里面吧……！我们，一直，都是在一起的啊」",
    "len": 3
  },
  {
    "name": "式子",
    "message": "「啊！啊啊！呜，唔，哈，呜，呜啊……！啊啊，真的，要去了！要去了啊……！！」",
    "len": 3
  },
  {
    "name": "樹",
    "message": "「我、我也，已经——」",
    "len": 1
  },
  {
    "name": "式子",
    "message": "「嗯，呼，哈，哈，啊啊……！一、一起啊！绝对，一起，射在里面……啊啊……！」",
    "len": 3
  },
  {
    "name": "式子",
    "message": "「啊啊，要融化了！哈，一起，融化……啊啊……好像，要变成，一体了……哈啊……嗯，嗯嗯……！」",
    "len": 3
  },
  {
    "name": "式子",
    "message": "「嗯呜，啊，呜，啊，呼啊，嗯，哈啊……嗯，啊，啊，啊啊啊啊——！！」",
    "len": 3
  },
  {
    "name": "式子",
    "message": "「啊啊！射出来了……！嗯哈……在妈妈的里面……咚咚……感觉到热热的东西在射出来……！」",
    "len": 3
  },
  {
    "name": "式子",
    "message": "「精液……撞击着深处……好热……子宫，啊……感觉到热热的……满满地浇在里面……呜呜……」",
    "len": 3
  },
  {
    "name": "式子",
    "message": "「哈，哈，哈……小鸡鸡，在抽动着……每次射出精液，都在里面膨胀……哈啊……」",
    "len": 3
  },
  {
    "name": "式子",
    "message": "「还在射……热热的停不下来……呼……嗯，高潮的地方……被注入了……嗯，呼哈……」",
    "len": 3
  },
  {
    "name": "式子",
    "message": "「里面，咕叽咕叽的……妈妈的和精子混在一起了……呜，哈啊，肚子，被填得满满的……」",
    "len": 3
  },
  {
    "name": "式子",
    "message": "「哈啊，啊啊……好安心……这样被抱着……肚子里，被填满了……嗯，好幸福……」",
    "len": 3
  },
  {
    "name": "式子",
    "message": "「嗯嗯……哈啊，哈啊，哈啊……」",
    "len": 1
  },
  {
    "name": "樹",
    "message": "「呼，呼，哈啊……」",
    "len": 1
  },
  {
    "message": "我们就保持着那样的姿势，性器官仍然结合在一起，喘着粗气好一会儿。",
    "len": 2
  }
]