[
  {
    "name": "琴子",
    "message": "「哥哥……唔……」",
    "len": 1
  },
  {
    "name": "琴子",
    "message": "「请做哥哥喜欢的事吧」",
    "len": 1
  },
  {
    "name": "樹",
    "message": "「诶？」",
    "len": 1
  },
  {
    "name": "琴子",
    "message": "「这次，一直都在听我任性的要求」",
    "len": 2
  },
  {
    "name": "琴子",
    "message": "「下次，请按哥哥喜欢的方式……做想做的事吧」",
    "len": 2
  },
  {
    "name": "樹",
    "message": "「哈哈，琴子真大胆啊」",
    "len": 1
  },
  {
    "name": "琴子",
    "message": "「我只有知识而已」",
    "len": 1
  },
  {
    "name": "樹",
    "message": "「是吗。只有知识很丰富啊」",
    "len": 1
  },
  {
    "name": "琴子",
    "message": "「呵呵，唔……多亏如此，我也积累了经验」",
    "len": 2
  },
  {
    "name": "樹",
    "message": "「那太好了……不对，这样好吗？」",
    "len": 2
  },
  {
    "name": "琴子",
    "message": "「太好了。我很幸福」",
    "len": 2
  },
  {
    "name": "樹",
    "message": "「琴子」",
    "len": 1
  },
  {
    "name": "琴子",
    "message": "「哥……哥……」",
    "len": 1
  },
  {
    "message": "她脸上浮现出如薄雾般轻柔飘忽的笑容。",
    "len": 1
  },
  {
    "message": "看到这样的笑容此刻就在眼前，我感到无比欣喜。",
    "len": 1
  },
  {
    "name": "樹",
    "message": "「这次轮到我了」",
    "len": 1
  },
  {
    "name": "琴子",
    "message": "「嗯。拜托你了……」",
    "len": 2
  },
  {
    "name": "琴子",
    "message": "「啊，啊啊啊……！」",
    "len": 1
  },
  {
    "name": "琴子",
    "message": "「嗯嗯呜，呜，啊，嗯，呜，哈……哈啊，啊啊，哥哥……呜，呜呜……」",
    "len": 2
  },
  {
    "name": "琴子",
    "message": "「咕，嗯，真是奇妙的姿势……呢……啊，唔，哈啊，哈，啊，啊，啊啊……」",
    "len": 2
  },
  {
    "name": "琴子",
    "message": "「嗯、啊，已、已经进来了……因为湿得一塌糊涂，所以一下子就进到最里面了……啊……」",
    "len": 3
  },
  {
    "name": "琴子",
    "message": "「呀、啊……好像比刚才进得更深了……呢……啊、啊，嗯、唔……！」",
    "len": 3
  },
  {
    "name": "樹",
    "message": "「这叫站立式抱起。虽然名字不太浪漫就是了」",
    "len": 2
  },
  {
    "name": "琴子",
    "message": "「唔……呵呵……」",
    "len": 2
  },
  {
    "message": "尽管已经被深深插入，处于难受的姿势中喘着气，琴子还是对我笑了。",
    "len": 2
  },
  {
    "message": "我抱起这个轻如羽毛的少女，也笑了。",
    "len": 1
  },
  {
    "name": "樹",
    "message": "「说到和娇小女孩做的姿势，大概就是骑乘位和这个了吧」",
    "len": 2
  },
  {
    "name": "琴子",
    "message": "「嗯、唔…………」",
    "len": 1
  },
  {
    "name": "琴子",
    "message": "「谢谢你，哥哥……」",
    "len": 1
  },
  {
    "name": "樹",
    "message": "「诶？」",
    "len": 1
  },
  {
    "name": "琴子",
    "message": "「总是让你为我的身体操心，真是对不起。不过，我真的很开心」",
    "len": 2
  },
  {
    "name": "琴子",
    "message": "「嗯嗯……但是，这个姿势……感觉进到了很深的地方，总觉得比刚才更紧了……」",
    "len": 3
  },
  {
    "name": "琴子",
    "message": "「啊、唔、啊啊、哈、唔、哈、嗯嗯呜呜……呼哈啊、啊、嗯、啊、哈、哈啊啊……」",
    "len": 3
  },
  {
    "name": "樹",
    "message": "「可能是因为比刚才腿更合拢了吧。我也被紧紧地夹住，感觉很舒服哦」",
    "len": 2
  },
  {
    "name": "樹",
    "message": "「琴子里面黏糊糊的壁肉，前端也一直在摩擦……」",
    "len": 2
  },
  {
    "name": "琴子",
    "message": "「啊啊！哥哥，你突然动起来，哈、啊啊、唔……呜呜嗯、这么深的地方，突然就……」",
    "len": 3
  },
  {
    "name": "琴子",
    "message": "「嗯嗯、啊、啊、哥哥的，好大啊……这也是因为姿势的关系吗？因为我的腿并拢了……感觉比平时更紧……」",
    "len": 4
  },
  {
    "name": "琴子",
    "message": "「哈啊、哈啊、啊啊、啊、啊、又、溢出来了……肚、肚子里紧张得都有点疼了，但是……但是，好舒、服……好舒服啊！」",
    "len": 4
  },
  {
    "name": "琴子",
    "message": "「刚才还有点疼……感觉要裂开了，深处沉重地抽动着，止不住地发抖……可是现在……啊、唔……」",
    "len": 3
  },
  {
    "name": "琴子",
    "message": "「呀、嗯嗯、啊、啊啊、好奇怪……感觉像是被哥哥吊起来了一样……」",
    "len": 2
  },
  {
    "name": "琴子",
    "message": "「啊、嗯、哥哥……我、我不重吗？看起来很辛苦的样子……」",
    "len": 2
  },
  {
    "name": "琴子",
    "message": "「哈、哈啊、哈啊、哥哥，别只顾着照顾我……」",
    "len": 2
  },
  {
    "name": "琴子",
    "message": "「想做什么，就请做吧。我希望你做你想做的……」",
    "len": 2
  },
  {
    "name": "琴子",
    "message": "「嗯、啊、啊、啊啊、呜呜！啊、呀啊啊、哥哥、啊、啊……哥哥！哈啊、哈啊、啊啊、嗯哈啊啊！」",
    "len": 3
  },
  {
    "message": "我想做的就是这个。就这样刮蹭着琴子温暖的内壁，融为一体，共享快感，共享整个世界。",
    "len": 3
  },
  {
    "message": "仿佛在诉说着这些话语一般，我摆动着腰部，抓起她纤细的双腿摇晃着。",
    "len": 2
  },
  {
    "name": "琴子",
    "message": "「啊啊嗯、啊啊、呀、啊、啊呜、嗯！比刚才更快……马上就变得舒服起来了！」",
    "len": 3
  },
  {
    "name": "琴子",
    "message": "「呜、呜呜、竟然能、能进到这么深的地方……呢、呜呜、啊、啊……」",
    "len": 3
  },
  {
    "name": "琴子",
    "message": "「又热又湿，一直到最深处……感觉要进到我最里面了、啊、嗯、啊啊、这样……」",
    "len": 2
  },
  {
    "name": "琴子",
    "message": "「……啊、啊、啊啊嗯、已经、无法思考了……哈啊、啊啊……嗯嗯嗯、呜、啊、啊……」",
    "len": 3
  },
  {
    "name": "琴子",
    "message": "「啊嗯！啊、啊啊、嗯呜、肚子深处、发出咕叽咕叽的声音……啊、啊、嗯、啊、呼……」",
    "len": 3
  },
  {
    "name": "琴子",
    "message": "「嗯、嗯、呜、啊、又要、去了……可、可以去吗？哥哥……呜呜……」",
    "len": 3
  },
  {
    "name": "樹",
    "message": "「你根本不需要问我同意吧？……随时随地，想怎么舒服就怎么舒服」",
    "len": 2
  },
  {
    "name": "琴子",
    "message": "「嗯、呜……哥哥……哥哥、哥哥舒服吗？」",
    "len": 2
  },
  {
    "name": "琴子",
    "message": "「哥哥、舒服、吗？啊、啊啊……哈啊、哈啊、我已经、不行了……不行了！」",
    "len": 3
  },
  {
    "name": "琴子",
    "message": "「忍不住、了！！嘶、嗯、啊呼！又、那里……嗯嗯、啊、呼……」",
    "len": 2
  },
  {
    "name": "琴子",
    "message": "「啊、嗯！嗯嗯、嗯、呜！呜呜、呜！哈、哈啊、哈、嗯！啊、哈、啊啊……！」",
    "len": 3
  },
  {
    "message": "我也快到极限了。已经没有余裕对她微笑了。",
    "len": 2
  },
  {
    "message": "我粗暴地拉近她那看起来像瓷器般易碎的下半身，像拧螺丝一样反复插入。",
    "len": 2
  },
  {
    "name": "琴子",
    "message": "「呀啊、啊啊！啊、啊、啊啊、啊、……淫荡的声音交织在一起……」",
    "len": 2
  },
  {
    "name": "琴子",
    "message": "「啊啊啊！啊、啊、呀、不行、已经不行了！哥哥，一起……一起、高潮吧……」",
    "len": 3
  },
  {
    "name": "琴子",
    "message": "「呜、嗯嗯！呜哈啊、哈啊、啊、啊啊！嘶呜、嗯、嗯、好、好、好棒……」",
    "len": 2
  },
  {
    "name": "琴子",
    "message": "「好、舒服……啊、啊、呜、呀、哈、啊、啊啊啊！哥哥、哥哥……啊啊、我的哥哥…………」",
    "len": 3
  },
  {
    "name": "琴子",
    "message": "「呜、呼、呜呜！嗯哈啊、啊、啊、啊…………嘶、嘶呀啊、呜、嗯、呜、嗯啊呜呜……！」",
    "len": 3
  },
  {
    "message": "两人同时收腰时，发出了咕叽的粘稠水声。",
    "len": 1
  },
  {
    "message": "对准那个汩汩流出爱液的小缝隙，深红色翘起的男根一口气插了进去。",
    "len": 2
  },
  {
    "name": "琴子",
    "message": "「哈啊啊、啊！啊、啊啊、哥哥……！嘶、嘶呜、嘶、嗯、哈啊、哈啊啊……呜……」",
    "len": 3
  },
  {
    "name": "琴子",
    "message": "「啊啊哈啊、哈啊、啊啊、嗯、啊呜、呜呜呜！嘶……呜、嗯……呜呜、嘶、呜、啊哈啊啊……」",
    "len": 3
  },
  {
    "name": "琴子",
    "message": "「嗯嗯嗯、呜、哈啊、啊、呜、啊、啊啊啊……！哥哥，射吧，请射出来！！」",
    "len": 3
  },
  {
    "name": "琴子",
    "message": "「和我一起，攀上高峰……登上顶点！！请高潮吧……嗯、哈啊、啊……啊……」",
    "len": 2
  },
  {
    "name": "琴子",
    "message": "「啊、啊、啊、嗯、啊、哥哥啊啊啊……嗯！嗯呜、哥哥的、来了……要、要来了……呜、嗯、啊、啊、啊、呜呜……呜、呜……」",
    "len": 3
  },
  {
    "name": "樹",
    "message": "「哈、啊……」",
    "len": 1
  },
  {
    "name": "琴子",
    "message": "「嗯啊啊啊……」",
    "len": 1
  },
  {
    "name": "琴子",
    "message": "「呀啊啊啊啊……！啊啊嗯、啊、呼啊啊啊啊……！」",
    "len": 2
  },
  {
    "name": "樹",
    "message": "「呜、啊、啊啊！」",
    "len": 1
  },
  {
    "message": "伴随着白浊精液的喷射，两人的呻吟声重叠在一起。",
    "len": 1
  },
  {
    "message": "我们紧紧抱住对方的身体，颤抖着仿佛要崩溃一般，咬紧牙关。",
    "len": 2
  },
  {
    "name": "琴子",
    "message": "「呜、呜呜、呜、呜、呜嗯、呜呜呜、呜……哈……呼、嗯嗯嗯、感觉要被分解了」",
    "len": 3
  },
  {
    "name": "琴子",
    "message": "「呜、嗯！哈、哈啊、啊、啊啊、哥哥……呜……啊呜呜、嗯、啊、嘶、啊、啊、啊啊啊……」",
    "len": 3
  },
  {
    "name": "樹",
    "message": "「琴子……琴子、呜……！」",
    "len": 2
  },
  {
    "name": "琴子",
    "message": "「呜、嗯、啊、啊、啊啊……哥哥……哥、哥……哥哥、呜、哈、哈、啊、啊啊…………呜、嗯嗯、啊、呼哈、啊……呼啊……嗯呜……」",
    "len": 4
  },
  {
    "message": "我们互相呼唤着对方的名字，身体纠缠在一起，躺在星空之下。",
    "len": 2
  },
  {
    "name": "琴子",
    "message": "「哥哥……」",
    "len": 1
  },
  {
    "name": "樹",
    "message": "「琴、子……」",
    "len": 1
  },
  {
    "name": "琴子",
    "message": "「哥哥」",
    "len": 1
  },
  {
    "message": "琴子。",
    "len": 1
  },
  {
    "message": "呼唤着这个名字，听到回应让我感到无比欣喜。",
    "len": 1
  },
  {
    "name": "琴子",
    "message": "「嗯、呜呜……哥哥…………」",
    "len": 2
  },
  {
    "message": "琴子，在这里。",
    "len": 1
  },
  {
    "message": "琴子确实存在着。",
    "len": 1
  },
  {
    "message": "仅仅如此，就让我高兴得不得了。",
    "len": 1
  },
  {
    "name": "樹",
    "message": "「琴子」",
    "len": 1
  },
  {
    "name": "琴子",
    "message": "「哥哥」",
    "len": 1
  },
  {
    "name": "樹",
    "message": "「琴子…………」",
    "len": 1
  },
  {
    "message": "我一遍又一遍地呼唤着这个名字。",
    "len": 1
  },
  {
    "name": "琴子",
    "message": "「嗯、唔……」",
    "len": 1
  },
  {
    "name": "樹",
    "message": "「从今以后，我们要一直在一起哦」",
    "len": 1
  },
  {
    "name": "琴子",
    "message": "「嗯。从今以后我们会一直在一起的」",
    "len": 1
  },
  {
    "name": "樹",
    "message": "「啊啊。一直在一起吧。永远、永远」",
    "len": 2
  },
  {
    "name": "琴子",
    "message": "「嗯。永永远远在一起呢」",
    "len": 1
  },
  {
    "message": "从今以后，我们会一直在一起。",
    "len": 1
  },
  {
    "message": "永远永远在一起。",
    "len": 1
  },
  {
    "name": "琴子",
    "message": "「哥哥」",
    "len": 1
  },
  {
    "message": "永远在一起。",
    "len": 1
  },
  {
    "name": "琴子",
    "message": "「哥哥」",
    "len": 1
  },
  {
    "name": "琴子",
    "message": "「哥哥」",
    "len": 1
  },
  {
    "name": "琴子",
    "message": "「哥、哥、哥、哥……………………」",
    "len": 1
  },
  {
    "name": "樹",
    "message": "「琴子…………」",
    "len": 1
  },
  {
    "name": "樹",
    "message": "「…………琴、琴、子…………」",
    "len": 1
  },
  {
    "message": "我们静静地贴近彼此的脸颊，闭上了眼睛。",
    "len": 1
  }
]