[
  {
    "name": "樹",
    "message": "「呼啊……困死了」",
    "len": 1
  },
  {
    "message": "虽然很困……但不知不觉中已经养成了早起的习惯呢。",
    "len": 2
  },
  {
    "name": "樹",
    "message": "「…………」",
    "len": 1
  },
  {
    "message": "昨天在窗户上写的「Happy Birthday」的痕迹还留着。",
    "len": 1
  },
  {
    "message": "…………。",
    "len": 1
  },
  {
    "message": "说起来，昨晚好像有人进过房间……。",
    "len": 1
  },
  {
    "message": "下意识地摸了摸嘴唇。",
    "len": 1
  },
  {
    "message": "和往常一样，有点干燥的嘴唇。",
    "len": 1
  },
  {
    "message": "不对，因为是早上所以比平时更干。",
    "len": 1
  },
  {
    "message": "虽然是这样……。",
    "len": 1
  },
  {
    "name": "樹",
    "message": "「…………」",
    "len": 1
  },
  {
    "message": "话说，要是有幽灵进来也挺吓人的吧。",
    "len": 1
  },
  {
    "message": "本来就够冷的了，这下更冷了。",
    "len": 1
  },
  {
    "name": "樹",
    "message": "「不过，好像感觉到了什么温暖的触感……」",
    "len": 1
  },
  {
    "name": "琴子",
    "message": "「早上好，哥哥」",
    "len": 1
  },
  {
    "message": "琴子手里拿着一本看起来很难懂的精装书。",
    "len": 1
  },
  {
    "name": "樹",
    "message": "「啊，早上好。……一大早看这种书不会又困了吗」",
    "len": 2
  },
  {
    "name": "琴子",
    "message": "「适度使用大脑，有助于提神醒脑哦」",
    "len": 1
  },
  {
    "name": "樹",
    "message": "「真的假的？」",
    "len": 1
  },
  {
    "message": "我从琴子那里借过书，打开看了看。",
    "len": 1
  },
  {
    "name": "樹",
    "message": "「…………」",
    "len": 1
  },
  {
    "name": "樹",
    "message": "「……………………」",
    "len": 1
  },
  {
    "name": "樹",
    "message": "「哎呀，差点儿。刚才站着就快睡着了」",
    "len": 1
  },
  {
    "name": "琴子",
    "message": "「……哥哥您还真是有一手啊」",
    "len": 1
  },
  {
    "message": "电视机前坐着结衣姐姐。她正专注地收看着早间新闻节目。",
    "len": 2
  },
  {
    "message": "电视里正在讲述什么能带来好运的能量石之类的东西。",
    "len": 1
  },
  {
    "message": "嗯，这倒挺符合结衣姐姐的风格。",
    "len": 1
  },
  {
    "name": "樹",
    "message": "「……嗯？」",
    "len": 1
  },
  {
    "message": "姬子猫正在房间角落里窥探着情况。",
    "len": 1
  },
  {
    "name": "樹",
    "message": "「怎么了，姬子猫？」",
    "len": 1
  },
  {
    "name": "ギズモ",
    "message": "「喵呜，不在吗？喵呜」",
    "len": 1
  },
  {
    "message": "喵呜？",
    "len": 1
  },
  {
    "name": "樹",
    "message": "「……啊，你是说帕克君吧」",
    "len": 1
  },
  {
    "name": "樹",
    "message": "「只要不忘记给它喂食应该就没问题吧？它不会袭击姬子猫的」",
    "len": 2
  },
  {
    "name": "ギズモ",
    "message": "「真的吗？」",
    "len": 1
  },
  {
    "message": "投来怀疑的目光。",
    "len": 1
  },
  {
    "name": "結衣",
    "message": "「哎呀，可说不准啊。毕竟那家伙说到底只是植物罢了」",
    "len": 1
  },
  {
    "name": "樹",
    "message": "「结衣姐，别说这种吓人的话啊。姬子猫都被吓到了」",
    "len": 2
  },
  {
    "name": "結衣",
    "message": "「我可不记得把你养成一只会输给植物的软弱猫咪！」",
    "len": 1
  },
  {
    "message": "结衣姐严厉地指着姬子猫说道。",
    "len": 1
  },
  {
    "name": "樹",
    "message": "「不，结衣姐你又没养过我。就算是它还是猫的时候，主要照顾它的人也是我啊」",
    "len": 2
  },
  {
    "name": "ギズモ",
    "message": "「结衣，变成库啪的食物！库啪！」",
    "len": 1
  },
  {
    "name": "樹",
    "message": "「你看，姬子猫也生气了。结衣姐你也别太欺负姬子猫了」",
    "len": 2
  },
  {
    "name": "結衣",
    "message": "「…………」",
    "len": 1
  },
  {
    "name": "結衣",
    "message": "「……既然你都这么说了，我倒是可以考虑一下。不过看到那个东西，总忍不住想说点什么」",
    "len": 2
  },
  {
    "name": "樹",
    "message": "「它现在是人了，能听懂人话。别像它还是猫的时候那样对待它」",
    "len": 2
  },
  {
    "name": "結衣",
    "message": "「……我会注意的」",
    "len": 1
  },
  {
    "message": "结衣桑有些不情愿地挠了挠头，又回到电视机前坐下。",
    "len": 2
  },
  {
    "message": "要是姬子猫和结衣桑也能好好相处就好了……",
    "len": 1
  },
  {
    "name": "式子",
    "message": "「大家早上好～」",
    "len": 1
  },
  {
    "message": "式子桑用软绵绵的声音醒了过来。",
    "len": 1
  },
  {
    "message": "对此，姬子猫猛地有了反应。",
    "len": 1
  },
  {
    "name": "ギズモ",
    "message": "「式子，库啪，来？库啪，来？」",
    "len": 1
  },
  {
    "name": "式子",
    "message": "「小姬，帕库吃完早饭就睡着了，没事的哦～」",
    "len": 2
  },
  {
    "name": "樹",
    "message": "「……真是个懒鬼啊」",
    "len": 1
  },
  {
    "message": "不过，这样反而更方便。",
    "len": 1
  },
  {
    "name": "樹",
    "message": "「那么，我们也吃早饭吧。虽然电卓没在……算了无所谓」",
    "len": 2
  },
  {
    "name": "式子",
    "message": "「不行哦～大家要一起吃饭的哦～」",
    "len": 1
  },
  {
    "name": "樹",
    "message": "「好吧，既然式子桑这么说的话……那我去叫他」",
    "len": 2
  },
  {
    "message": "不过说是一起吃，那家伙肯定还是吃杯面吧……",
    "len": 1
  },
  {
    "name": "声",
    "message": "「喂～树君～」",
    "len": 1
  },
  {
    "name": "樹",
    "message": "「啊？」",
    "len": 1
  },
  {
    "name": "式子",
    "message": "「诶嘿嘿～」",
    "len": 1
  },
  {
    "message": "这是一种与平常不同的笑容。",
    "len": 1
  },
  {
    "message": "怎么说呢，那笑容中带着一种心有灵犀的感觉，仿佛在说「你懂的吧？」的氛围。",
    "len": 2
  },
  {
    "name": "樹",
    "message": "「……怎么了吗？」",
    "len": 1
  },
  {
    "name": "式子",
    "message": "「嗯～」",
    "len": 1
  },
  {
    "message": "式子桑似乎在使劲伸展身体。",
    "len": 1
  },
  {
    "message": "即使伸展身体，她的身高也刚刚能够到我的肩膀。",
    "len": 1
  },
  {
    "name": "樹",
    "message": "「式子桑，你在做什么？」",
    "len": 1
  },
  {
    "name": "式子",
    "message": "「嗯～」",
    "len": 1
  },
  {
    "name": "樹",
    "message": "「…………」",
    "len": 1
  },
  {
    "name": "式子",
    "message": "「……哈、哈」",
    "len": 1
  },
  {
    "message": "她伸展了一会儿身体，但似乎很快就累了，双手撑在膝盖上开始喘气。",
    "len": 2
  },
  {
    "message": "……她到底想干什么？",
    "len": 1
  },
  {
    "name": "式子",
    "message": "「树君～」",
    "len": 1
  },
  {
    "name": "樹",
    "message": "「什、什么事」",
    "len": 1
  },
  {
    "name": "式子",
    "message": "「这种时候应该要体贴女孩子的心情啊」",
    "len": 1
  },
  {
    "message": "即使她这么说……",
    "len": 1
  },
  {
    "name": "式子",
    "message": "「真是的，树君你也太迟钝了～。虽然这也是你的优点之一啦」",
    "len": 2
  },
  {
    "name": "式子",
    "message": "「树君，蹲下」",
    "len": 1
  },
  {
    "name": "樹",
    "message": "「啊，好的」",
    "len": 1
  },
  {
    "message": "我按照式子桑说的做了。",
    "len": 1
  },
  {
    "message": "然后。",
    "len": 1
  },
  {
    "name": "式子",
    "message": "「……啾」",
    "len": 1
  },
  {
    "message": "……式子桑的嘴唇贴上了我的脸颊。",
    "len": 1
  },
  {
    "name": "樹",
    "message": "「式、式子桑……！」",
    "len": 1
  },
  {
    "message": "我慌忙左右查看。",
    "len": 1
  },
  {
    "message": "……幸好，似乎没有人看到。",
    "len": 1
  },
  {
    "name": "式子",
    "message": "「……这是惩罚哦」",
    "len": 1
  },
  {
    "name": "樹",
    "message": "「……惩罚？」",
    "len": 1
  },
  {
    "name": "式子",
    "message": "「对、惩罚。因为你没有好好体察妈妈的心情，所以这次只亲脸颊」",
    "len": 2
  },
  {
    "name": "樹",
    "message": "「那么，那个……如果我能体察到的话？」",
    "len": 1
  },
  {
    "name": "式子",
    "message": "「那当然是」",
    "len": 1
  },
  {
    "message": "式子桑用食指点了点我的嘴唇。",
    "len": 1
  },
  {
    "name": "式子",
    "message": "「……这里」",
    "len": 1
  },
  {
    "name": "樹",
    "message": "「…………」",
    "len": 1
  },
  {
    "message": "……式子桑原来是会做这种事的人吗？",
    "len": 1
  },
  {
    "message": "嘛，她确实是个与人距离感比较近的人……",
    "len": 1
  },
  {
    "message": "但是，那个，就在客厅里大家都在的情况下。",
    "len": 1
  },
  {
    "message": "在早餐前，日常时光中……",
    "len": 1
  },
  {
    "message": "昨天在公园里发生的事，那个，虽然有点被氛围带动了……",
    "len": 2
  },
  {
    "message": "我感到有些害羞，站了起来。",
    "len": 1
  },
  {
    "name": "樹",
    "message": "「总之，我去叫电卓过来」",
    "len": 1
  },
  {
    "name": "式子",
    "message": "「嗯，拜托啦～」",
    "len": 1
  },
  {
    "message": "这样说着挥手的式子桑，与刚才判若两人，又变回了平常的式子桑。",
    "len": 2
  },
  {
    "message": "作为大家的「妈妈」的式子桑。",
    "len": 1
  },
  {
    "message": "早餐后，当大家各自度过时光的时候。",
    "len": 1
  },
  {
    "name": "電卓",
    "message": "「哦，已经这个点了啊」",
    "len": 1
  },
  {
    "message": "电卓看了看时钟，猛地站了起来。",
    "len": 1
  },
  {
    "name": "結衣",
    "message": "「我先说好，我可不会换台哦」",
    "len": 1
  },
  {
    "message": "还没等别人说什么，结衣姐姐就坚决地宣布道。",
    "len": 1
  },
  {
    "message": "……真是个电视迷啊。",
    "len": 1
  },
  {
    "name": "電卓",
    "message": "「不是这回事啦，嘿嘿嘿」",
    "len": 1
  },
  {
    "name": "結衣",
    "message": "「喂，什么啊，笑得这么恶心」",
    "len": 1
  },
  {
    "name": "電卓",
    "message": "「嘛，这和结衣宝贝你没关系。——喂，树，过来一下」",
    "len": 2
  },
  {
    "message": "他朝我招了招手。",
    "len": 1
  },
  {
    "name": "樹",
    "message": "「啊？」",
    "len": 1
  },
  {
    "message": "我被强行拽到了走廊上。",
    "len": 1
  },
  {
    "name": "樹",
    "message": "「怎么了啊」",
    "len": 1
  },
  {
    "name": "電卓",
    "message": "「咱们去车站前见见优香里酱吧。现在正是上午的服务时间哦」",
    "len": 2
  },
  {
    "name": "樹",
    "message": "「…………」",
    "len": 1
  },
  {
    "message": "这白痴。",
    "len": 1
  },
  {
    "name": "樹",
    "message": "「为什么我非得去那种地方不可啊。你要去的话自己一个人去啊」",
    "len": 2
  },
  {
    "name": "電卓",
    "message": "「有团体折扣哦」",
    "len": 1
  },
  {
    "name": "樹",
    "message": "「管我屁事」",
    "len": 1
  },
  {
    "name": "電卓",
    "message": "「你可真是个无趣的家伙啊」",
    "len": 1
  },
  {
    "name": "樹",
    "message": "「无趣就无趣呗」",
    "len": 1
  },
  {
    "name": "電卓",
    "message": "「真没办法啊」",
    "len": 1
  },
  {
    "message": "他一边挠着头一边准备回客厅。",
    "len": 1
  },
  {
    "message": "……？",
    "len": 1
  },
  {
    "message": "咦，不去了吗？",
    "len": 1
  },
  {
    "name": "樹",
    "message": "「优香里酱没问题吗？」",
    "len": 1
  },
  {
    "name": "電卓",
    "message": "「想去的话你自己一个人去」",
    "len": 1
  },
  {
    "message": "他没看我，直接说道。",
    "len": 1
  },
  {
    "name": "樹",
    "message": "「你傻啊。怎么会变成这样。明明是你先提出来的吧。我本来就对这事没兴趣」",
    "len": 2
  },
  {
    "message": "电卓转过身来。",
    "len": 1
  },
  {
    "name": "電卓",
    "message": "「我也不想一个人去啊」",
    "len": 1
  },
  {
    "message": "……不是一直都是你自己一个人去的吗。",
    "len": 1
  },
  {
    "message": "虽然我不太清楚详情。",
    "len": 1
  },
  {
    "name": "電卓",
    "message": "「一个人去已经没有意义了。你这家伙真是迟钝啊」",
    "len": 2
  },
  {
    "message": "他像吐痰一样说道。",
    "len": 1
  },
  {
    "message": "被这样说真让人火大。而且，我完全不明白他在说什么。",
    "len": 2
  },
  {
    "name": "電卓",
    "message": "「一个『观测』会影响整体。——就连我也不例外」",
    "len": 2
  },
  {
    "name": "樹",
    "message": "「……？」",
    "len": 1
  },
  {
    "name": "電卓",
    "message": "「切。跟傻瓜打交道会被传染傻气。啊，真是受不了」",
    "len": 2
  },
  {
    "message": "电卓头也不回地走回了客厅。",
    "len": 1
  },
  {
    "name": "樹",
    "message": "「…………」",
    "len": 1
  },
  {
    "message": "那家伙，最近和以前不太一样，变得难以理解了……",
    "len": 1
  },
  {
    "message": "…………。",
    "len": 1
  },
  {
    "message": "不过，话说回来。",
    "len": 1
  },
  {
    "message": "仔细想想，也许这样还比被一个和我差不多大的家伙摆出一副父亲的架子要好。",
    "len": 2
  },
  {
    "message": "……不，对白痴来说根本就没有什么更好不更好的。",
    "len": 1
  },
  {
    "message": "……回到客厅后，发现电卓那家伙正带头准备游戏。",
    "len": 2
  },
  {
    "message": "琴子和结衣姐也很感兴趣。……真是的，她们可真喜欢玩游戏啊。",
    "len": 2
  },
  {
    "message": "我嘛……倒不是讨厌游戏，但还是决定和式子桑还有姬子猫一起在后面观战。",
    "len": 2
  },
  {
    "message": "也许是受了式子桑的影响，现在感觉这样更适合我。",
    "len": 2
  },
  {
    "message": "自从成为这个家庭的一员以来，我不得不扮演吐槽的角色，这可能也是原因之一吧。",
    "len": 2
  },
  {
    "message": "在三个游戏爱好者吵吵闹闹的背后，我和式子桑一边叠着洗好的衣服，一边呆呆地看着他们的样子。",
    "len": 2
  },
  {
    "name": "ギズモ",
    "message": "「呼、呼」",
    "len": 1
  },
  {
    "message": "姬子猫正安详地躺在式子桑的膝枕上睡觉。",
    "len": 1
  },
  {
    "message": "式子桑的膝盖，一定很舒服吧……",
    "len": 1
  },
  {
    "message": "我有点羡慕姬子猫了。",
    "len": 1
  },
  {
    "message": "然后……",
    "len": 1
  },
  {
    "message": "我的手臂感受到了温暖。",
    "len": 1
  },
  {
    "message": "……原来是式子桑靠过来了。",
    "len": 1
  },
  {
    "name": "樹",
    "message": "「…………」",
    "len": 1
  },
  {
    "name": "式子",
    "message": "「嘿嘿～」",
    "len": 1
  },
  {
    "name": "樹",
    "message": "「…………」",
    "len": 1
  },
  {
    "message": "我什么也说不出来。",
    "len": 1
  },
  {
    "message": "我并不讨厌这种感觉。",
    "len": 1
  },
  {
    "name": "式子",
    "message": "「没关系的，大家都沉浸在游戏中，不会注意到的」",
    "len": 1
  },
  {
    "name": "樹",
    "message": "「……是啊」",
    "len": 1
  },
  {
    "message": "…………。",
    "len": 1
  },
  {
    "message": "就这样，我们俩肩并肩靠在一起，过了一会儿。",
    "len": 1
  },
  {
    "message": "因为身高差的缘故，主要是式子桑在倚靠着我。",
    "len": 2
  },
  {
    "name": "結衣",
    "message": "「啊—，真是的，和琴子一起玩总觉得自己被耍诈了……」",
    "len": 2
  },
  {
    "name": "電卓",
    "message": "「看来，终于到了该祈求特罗波米奥神力量的时候了……！」",
    "len": 2
  },
  {
    "message": "等结衣姐和电卓脑袋去上厕所的时候，我们已经分开了。",
    "len": 2
  },
  {
    "message": "琴子一个人握着游戏手柄，咔嗒咔嗒地玩着。",
    "len": 1
  },
  {
    "message": "过了一会儿，从厕所方向传来了争吵声。",
    "len": 1
  },
  {
    "name": "結衣",
    "message": "「结衣先站在这儿的，所以结衣应该先上啊，这不是很正常吗！」",
    "len": 2
  },
  {
    "name": "電卓",
    "message": "「那无所谓！我先到的所以我先上！」",
    "len": 2
  },
  {
    "name": "結衣",
    "message": "「太不成熟了！你还是个父亲吗！」",
    "len": 1
  },
  {
    "name": "電卓",
    "message": "「在当父亲之前我首先是个男人，这点我绝对不能让步！」",
    "len": 2
  },
  {
    "message": "……看来他们是在为上厕所的顺序争执不休。",
    "len": 1
  },
  {
    "name": "結衣",
    "message": "「再说了，不管谁先到，这种情况下本来就应该让着女生」",
    "len": 2
  },
  {
    "name": "結衣",
    "message": "「女生可不像男生那么方便」",
    "len": 1
  },
  {
    "name": "電卓",
    "message": "「我要拉屎！」",
    "len": 1
  },
  {
    "name": "結衣",
    "message": "「那结衣也要拉屎！」",
    "len": 1
  },
  {
    "message": "结衣姐姐，大声说要拉屎什么的……",
    "len": 1
  },
  {
    "name": "琴子",
    "message": "「……呼，集中精力工作了一阵，有点口渴呢」",
    "len": 1
  },
  {
    "message": "琴子自言自语般说着，朝厨房方向走去。",
    "len": 1
  },
  {
    "message": "…………。",
    "len": 1
  },
  {
    "name": "式子",
    "message": "「呐，树君」",
    "len": 1
  },
  {
    "message": "式子桑在我耳边轻声说道。",
    "len": 1
  },
  {
    "message": "我转头看去，式子桑的脸出现在令人惊讶的近距离。",
    "len": 1
  },
  {
    "message": "她的脸颊微微泛红，眼眸似乎有些湿润。",
    "len": 1
  },
  {
    "message": "那张脸，正一点点靠近。",
    "len": 1
  },
  {
    "name": "樹",
    "message": "「…………」",
    "len": 1
  },
  {
    "message": "环顾四周。",
    "len": 1
  },
  {
    "message": "琴子正在厨房里翻看冰箱。",
    "len": 1
  },
  {
    "message": "姬子猫在式子桑的膝上熟睡。",
    "len": 1
  },
  {
    "message": "厕所那边，还是能听到争吵的声音。",
    "len": 1
  },
  {
    "message": "我——",
    "len": 1
  },
  {
    "message": "心跳加速。",
    "len": 1
  },
  {
    "message": "缓缓将脸靠近式子桑。",
    "len": 1
  },
  {
    "name": "樹",
    "message": "「…………」",
    "len": 1
  },
  {
    "message": "闭上双眼。",
    "len": 1
  },
  {
    "name": "式子",
    "message": "「呵呵，能察觉到的树君，该给点奖励呢」",
    "len": 1
  },
  {
    "message": "然后。",
    "len": 1
  },
  {
    "message": "微微的触碰。",
    "len": 1
  },
  {
    "message": "午后时分。",
    "len": 1
  },
  {
    "message": "我躺在自己房间的床上，呆呆地望着天花板回想着。",
    "len": 2
  },
  {
    "name": "樹",
    "message": "「…………」",
    "len": 1
  },
  {
    "message": "公园的草坪。",
    "len": 1
  },
  {
    "message": "「惩罚」。",
    "len": 1
  },
  {
    "message": "然后是「奖励」。",
    "len": 1
  },
  {
    "message": "感觉有什么变了。",
    "len": 1
  },
  {
    "message": "和式子桑的关系。",
    "len": 1
  },
  {
    "message": "这大概是因为我决定要『观察』那个人。",
    "len": 1
  },
  {
    "message": "…………。",
    "len": 1
  },
  {
    "message": "『观察』，原来是这样的吗。",
    "len": 1
  },
  {
    "message": "这就是通过『观察』而诞生的新世界吗——？",
    "len": 1
  },
  {
    "message": "我翻了个身，继续思考着。",
    "len": 1
  },
  {
    "message": "我到底在追求什么呢。",
    "len": 1
  },
  {
    "message": "琴子生活的世界？",
    "len": 1
  },
  {
    "message": "幸福的家庭？",
    "len": 1
  },
  {
    "message": "还是说，式子桑？",
    "len": 1
  },
  {
    "message": "也许，新的世界已经开始了。",
    "len": 1
  },
  {
    "message": "那会变成什么样呢……？",
    "len": 1
  },
  {
    "name": "ギズモ",
    "message": "「树树，树树」",
    "len": 1
  },
  {
    "message": "姬子猫没敲门就闯了进来，她的呼唤打断了我的思绪。",
    "len": 1
  },
  {
    "name": "樹",
    "message": "「怎么了，姬子猫。现在吃晚饭还早吧」",
    "len": 1
  },
  {
    "name": "ギズモ",
    "message": "「啊？树，晚饭吗？」",
    "len": 1
  },
  {
    "name": "樹",
    "message": "「不是，我不是说还早吗」",
    "len": 1
  },
  {
    "name": "樹",
    "message": "「看你这反应，也不像是肚子饿了。发生什么事了吗？」",
    "len": 2
  },
  {
    "name": "ギズモ",
    "message": "「对了，不是晚饭。乒乓球，不见了」",
    "len": 2
  },
  {
    "name": "樹",
    "message": "「乒乓球？」",
    "len": 1
  },
  {
    "message": "综合姬子猫的话来看，似乎是她在玩乒乓球的时候，球不知道跑到哪里去了。",
    "len": 2
  },
  {
    "message": "所以，她是想让我帮忙找球。",
    "len": 1
  },
  {
    "name": "樹",
    "message": "「话说回来，这里这么乱七八糟的……」",
    "len": 1
  },
  {
    "name": "ギズモ",
    "message": "「那边，乒乓球，不见了」",
    "len": 1
  },
  {
    "message": "姬子猫指着堆满纸箱的那个方向。",
    "len": 1
  },
  {
    "message": "一个一个搬开这些箱子可是很费劲的。",
    "len": 1
  },
  {
    "message": "先试着把手伸进纸箱之间的缝隙里。",
    "len": 1
  },
  {
    "message": "就这样用手摸索着寻找……",
    "len": 1
  },
  {
    "message": "咚。",
    "len": 1
  },
  {
    "message": "指尖碰到了什么东西，但它又滚到了手够不到的深处。",
    "len": 1
  },
  {
    "name": "樹",
    "message": "「啊，该死」",
    "len": 1
  },
  {
    "message": "当我伸手更深处想要抓住那滚动的东西时",
    "len": 2
  },
  {
    "message": "哐当。",
    "len": 1
  },
  {
    "name": "樹",
    "message": "「嗷！」",
    "len": 1
  },
  {
    "message": "有什么东西掉在了我的指尖上。",
    "len": 1
  },
  {
    "name": "ギズモ",
    "message": "「树、树，你怎么了？」",
    "len": 1
  },
  {
    "message": "我慌忙把手抽了出来。",
    "len": 1
  },
  {
    "message": "看了看，食指第一关节附近开始发红了。",
    "len": 1
  },
  {
    "name": "樹",
    "message": "「嘶……疼」",
    "len": 1
  },
  {
    "name": "ギズモ",
    "message": "「树，你没事吧？是不是很痛？」",
    "len": 1
  },
  {
    "name": "樹",
    "message": "「啊，没什么大不了的」",
    "len": 1
  },
  {
    "message": "……我本来是这么想的，但似乎并非如此。",
    "len": 1
  },
  {
    "message": "疼痛并没有减轻，发红的关节周围开始肿胀起来。",
    "len": 1
  },
  {
    "message": "我想着先冷敷一下可能会好些，就往碗里倒了些冰水，把手指浸了进去。",
    "len": 2
  },
  {
    "name": "ギズモ",
    "message": "「树树的痛痛，是姬子猫的错吗？姬子猫让树树痛痛了吗？」",
    "len": 2
  },
  {
    "message": "姬子猫担心得让人心疼。",
    "len": 1
  },
  {
    "name": "樹",
    "message": "「没事的，不是姬子猫的错」",
    "len": 1
  },
  {
    "name": "式子",
    "message": "「咦，树君在做什么呢？又在做蛋糕？」",
    "len": 1
  },
  {
    "message": "看到我、姬子猫、碗和冰水的组合，她可能条件反射地就这么想了吧……",
    "len": 2
  },
  {
    "name": "樹",
    "message": "「不是，不是那样的……」",
    "len": 1
  },
  {
    "message": "我向她解释了事情的经过。",
    "len": 1
  },
  {
    "name": "式子",
    "message": "「哎呀呀，真可怜～」",
    "len": 1
  },
  {
    "name": "式子",
    "message": "「树君，把手指给我看看」",
    "len": 1
  },
  {
    "name": "樹",
    "message": "「诶？」",
    "len": 1
  },
  {
    "message": "式子桑拉过我的手……",
    "len": 1
  },
  {
    "message": "然后，含住了我的食指。",
    "len": 1
  },
  {
    "name": "式子",
    "message": "「嗯……」",
    "len": 1
  },
  {
    "name": "樹",
    "message": "「啊——」",
    "len": 1
  },
  {
    "message": "起初，因为刚从冰水中拿出来，手指感觉有点麻木，几乎什么都感觉不到。",
    "len": 2
  },
  {
    "message": "但过了一会儿，我开始感受到式子桑口腔里的温暖。",
    "len": 2
  },
  {
    "message": "那是一种难以言喻的舒适感觉……",
    "len": 1
  },
  {
    "message": "……但是。",
    "len": 1
  },
  {
    "name": "樹",
    "message": "「那个，式子桑」",
    "len": 1
  },
  {
    "name": "式子",
    "message": "「怎么了？」",
    "len": 1
  },
  {
    "message": "式子桑含着我的手指说话。",
    "len": 1
  },
  {
    "name": "樹",
    "message": "「那个，就算你这样做……」",
    "len": 1
  },
  {
    "message": "也不是说有什么伤口。",
    "len": 1
  },
  {
    "message": "而且我听说，就算是伤口，唾液也没什么特别的效果。",
    "len": 1
  },
  {
    "name": "式子",
    "message": "「别管那么多，交给我吧……」",
    "len": 1
  },
  {
    "message": "虽然我很感激你的心意。",
    "len": 1
  },
  {
    "name": "樹",
    "message": "「…………」",
    "len": 1
  },
  {
    "message": "嗯，我真的很高兴。",
    "len": 1
  },
  {
    "message": "高兴得感觉连疼痛都飞走了。",
    "len": 1
  },
  {
    "message": "但那只是感觉而已……",
    "len": 1
  },
  {
    "message": "像肿胀之类的，舔一舔也不会有什么变化……",
    "len": 2
  },
  {
    "name": "樹",
    "message": "「……咦？诶？」",
    "len": 1
  },
  {
    "message": "我吃了一惊。",
    "len": 1
  },
  {
    "message": "手指的疼痛……感觉不仅仅是心理作用，好像真的减轻了。",
    "len": 2
  },
  {
    "message": "我驱散了幸福的感觉，集中注意力在指尖。",
    "len": 1
  },
  {
    "message": "…………",
    "len": 1
  },
  {
    "message": "没错。",
    "len": 1
  },
  {
    "message": "疼痛确实减轻了。",
    "len": 1
  },
  {
    "name": "樹",
    "message": "「式、式子桑」",
    "len": 1
  },
  {
    "name": "式子",
    "message": "「嗯……呼、哈啊，差不多……该停了吧」",
    "len": 1
  },
  {
    "message": "式子桑从她那小小的嘴里松开了我的食指。",
    "len": 1
  },
  {
    "message": "隐约可见唾液牵出了一丝银丝。",
    "len": 1
  },
  {
    "message": "我试着弯曲和伸展那根手指。",
    "len": 1
  },
  {
    "message": "……似乎没有任何问题。",
    "len": 1
  },
  {
    "message": "既没有疼痛，看起来肿胀也完全消退了。",
    "len": 1
  },
  {
    "name": "樹",
    "message": "「那个，这是……式子桑你做的吗？」",
    "len": 1
  },
  {
    "name": "式子",
    "message": "「嗯」",
    "len": 1
  },
  {
    "message": "式子桑笑着点了点头。",
    "len": 1
  },
  {
    "name": "樹",
    "message": "「式子桑……你以前能做这种事吗？」",
    "len": 1
  },
  {
    "message": "虽然对植物能做各种不可思议的事情……",
    "len": 1
  },
  {
    "name": "式子",
    "message": "「嘿嘿，不知道呢」",
    "len": 1
  },
  {
    "message": "式子桑的回答让人感到不太可靠。",
    "len": 1
  },
  {
    "name": "式子",
    "message": "「不过不知道为什么，就觉得可能能做到～然后试了试，就真的做到了」",
    "len": 2
  },
  {
    "message": "……这也太随意了吧。",
    "len": 1
  },
  {
    "message": "但这大概就是她最真实的想法吧。",
    "len": 1
  },
  {
    "name": "樹",
    "message": "「能治愈伤势……这可是了不起的能力啊。比起之前那些奇奇怪怪的东西」",
    "len": 2
  },
  {
    "name": "式子",
    "message": "「诶，诶～？树君，你一直都是这么想的吗～？」",
    "len": 1
  },
  {
    "name": "樹",
    "message": "「啊，不，我并不是那个意思……」",
    "len": 1
  },
  {
    "message": "话说回来，啪君之类的确实很奇怪。",
    "len": 1
  },
  {
    "message": "还有那些奇怪的杂交蔬菜，大概有一半都是不能吃的吧。",
    "len": 2
  },
  {
    "name": "式子",
    "message": "「不过，我能做到像刚才那样的事，一定是因为……」",
    "len": 1
  },
  {
    "name": "樹",
    "message": "「？」",
    "len": 1
  },
  {
    "name": "式子",
    "message": "「我觉得，一定是因为塔君好好地『观察』了妈妈的缘故」",
    "len": 2
  },
  {
    "name": "式子",
    "message": "「所以，妈妈本身也变得更加坚强了……」",
    "len": 1
  },
  {
    "name": "樹",
    "message": "「嗯，唔……」",
    "len": 1
  },
  {
    "message": "真的是这样吗？",
    "len": 1
  },
  {
    "name": "声",
    "message": "「这大概就是所谓的'天助自助者'吧」",
    "len": 1
  },
  {
    "message": "突然从背后传来一个声音。",
    "len": 1
  },
  {
    "name": "樹",
    "message": "「哇」",
    "len": 1
  },
  {
    "name": "琴子",
    "message": "「吓哥哥真是件有趣的事呢」",
    "len": 1
  },
  {
    "name": "樹",
    "message": "「别学这种奇怪的玩法啊……」",
    "len": 1
  },
  {
    "name": "琴子",
    "message": "「呵呵……」",
    "len": 1
  },
  {
    "message": "琴子笑着离开了，看起来很开心。",
    "len": 1
  },
  {
    "name": "式子",
    "message": "「而且……妈妈是塔君的妈妈啊」",
    "len": 1
  },
  {
    "name": "式子",
    "message": "「所以，当塔君感到痛苦的时候，保护他是理所当然的事情」",
    "len": 2
  },
  {
    "name": "樹",
    "message": "「……总之，非常感谢您」",
    "len": 1
  },
  {
    "message": "我试着握拳又松开。",
    "len": 1
  },
  {
    "message": "疼痛已经完全消失了。",
    "len": 1
  },
  {
    "name": "式子",
    "message": "「不不，不用客气」",
    "len": 1
  },
  {
    "name": "樹",
    "message": "「但是……」",
    "len": 1
  },
  {
    "message": "…………。",
    "len": 1
  },
  {
    "name": "式子",
    "message": "「怎么了？」",
    "len": 1
  },
  {
    "name": "樹",
    "message": "「……不」",
    "len": 1
  },
  {
    "message": "虽然很感激您的心意，但式子桑果然还是那种想要保护别人的类型啊……",
    "len": 2
  },
  {
    "name": "式子",
    "message": "「不过，说实话，这都是多亏了塔君哦～」",
    "len": 1
  },
  {
    "name": "式子",
    "message": "「其实刚才那个，并不是妈妈帮你治好的，而是塔君自己治愈了自己」",
    "len": 2
  },
  {
    "name": "樹",
    "message": "「是『观测』……吗？」",
    "len": 1
  },
  {
    "name": "式子",
    "message": "「嗯」",
    "len": 1
  },
  {
    "name": "樹",
    "message": "「我还是不太明白……」",
    "len": 1
  },
  {
    "name": "式子",
    "message": "「塔君之前为我做了很多事呢」",
    "len": 1
  },
  {
    "name": "式子",
    "message": "「帅气地……抱着我，救了我」",
    "len": 1
  },
  {
    "message": "……说起来确实有这回事。",
    "len": 1
  },
  {
    "message": "我回想起从烟雾中救出式子桑的那一幕。",
    "len": 1
  },
  {
    "message": "没错，那时姬子猫正在往平底锅里打鸡蛋……",
    "len": 1
  },
  {
    "name": "式子",
    "message": "「真的，塔君一直都在照顾我呢～」",
    "len": 1
  },
  {
    "name": "式子",
    "message": "「所以，妈妈也该好好报答塔君才行」",
    "len": 1
  },
  {
    "name": "式子",
    "message": "「呐，有什么想让妈妈为你做的事吗～？」",
    "len": 1
  },
  {
    "message": "这么突然地问我。",
    "len": 1
  },
  {
    "message": "想让她做的事，嗯……",
    "len": 1
  },
  {
    "message": "一幕景象突然闪过我的脑海。",
    "len": 1
  },
  {
    "message": "直到前不久还是日常的场景。",
    "len": 1
  },
  {
    "message": "几乎没有交谈的用餐时光。",
    "len": 1
  },
  {
    "message": "虽然并不是互相憎恨，但对方的话总是让人觉得烦不胜烦。",
    "len": 2
  },
  {
    "message": "沉默，叹气，或是咂嘴……这些东西主宰了餐桌。",
    "len": 2
  },
  {
    "message": "……不。",
    "len": 1
  },
  {
    "message": "回想这些也没有意义。",
    "len": 1
  },
  {
    "message": "那些都已经成为过去了。",
    "len": 1
  },
  {
    "message": "不仅是过去，而是已经不存在的、遥远的另一个世界的事情。",
    "len": 1
  },
  {
    "message": "所以，我对式子桑并没有什么特别的要求。",
    "len": 1
  },
  {
    "message": "我的家人，现在就在这个家里。",
    "len": 1
  },
  {
    "message": "因此，我这样回答道。",
    "len": 1
  },
  {
    "name": "樹",
    "message": "「没什么，不用特意做什么」",
    "len": 1
  },
  {
    "name": "式子",
    "message": "「诶～」",
    "len": 1
  },
  {
    "message": "式子桑看起来很不满意。",
    "len": 1
  },
  {
    "name": "樹",
    "message": "「不，真的没什么。因为我对现在的式子桑……对现在的家人很满意」",
    "len": 2
  },
  {
    "name": "式子",
    "message": "「呵呵，这样啊」",
    "len": 1
  },
  {
    "name": "式子",
    "message": "「……那么～，那么呢～，小树君？」",
    "len": 1
  },
  {
    "message": "她扭动着身体，偷偷地打量着我。",
    "len": 1
  },
  {
    "message": "简直就像只猫一样。又不是姬子猫。",
    "len": 2
  },
  {
    "name": "式子",
    "message": "「那么，你希望式子桑而不是母亲为你做些什么呢？」",
    "len": 8
  },
  {
    "name": "樹",
    "message": "「诶――？」",
    "len": 1
  },
  {
    "message": "式子桑一边轻笑着一边抬头看着我，散发出与平时不同的氛围。",
    "len": 2
  },
  {
    "message": "简直就像魔力一样。",
    "len": 1
  },
  {
    "name": "式子",
    "message": "「不用客气的哦」",
    "len": 1
  },
  {
    "message": "式子桑轻轻含住了自己的指尖。",
    "len": 1
  },
  {
    "name": "式子",
    "message": "「因为妈妈是被小树君选中的啊――」",
    "len": 1
  },
  {
    "message": "式子桑轻轻地将那指尖贴在了我的嘴唇上。",
    "len": 1
  },
  {
    "message": "那之后的一天……",
    "len": 1
  },
  {
    "message": "要说顺利的话，确实顺利。",
    "len": 1
  },
  {
    "message": "要说忙乱的话，也确实忙乱。",
    "len": 1
  },
  {
    "message": "总之，就是和往常没什么两样，一直持续着令人会心一笑的无聊日常。",
    "len": 2
  },
  {
    "message": "夜幕降临了。",
    "len": 1
  },
  {
    "message": "…………。",
    "len": 1
  },
  {
    "message": "我已经别无所求了。",
    "len": 1
  },
  {
    "message": "我『观测』了。",
    "len": 1
  },
  {
    "message": "『确定』了。",
    "len": 1
  },
  {
    "message": "选择了这个家庭。",
    "len": 1
  },
  {
    "message": "如果这能一直持续下去，我就再无所求了。",
    "len": 1
  },
  {
    "message": "如果这段时光能永远持续下去――",
    "len": 1
  },
  {
    "message": "那该多好啊。",
    "len": 1
  },
  {
    "name": "樹",
    "message": "「…………」",
    "len": 1
  },
  {
    "message": "它一定会持续下去的。",
    "len": 1
  },
  {
    "message": "不可能不会持续下去。",
    "len": 1
  },
  {
    "message": "只要我还渴望着它。",
    "len": 1
  },
  {
    "message": "我不会让任何人、任何事来打扰。",
    "len": 1
  },
  {
    "message": "…………。",
    "len": 1
  },
  {
    "message": "……………………。",
    "len": 1
  },
  {
    "message": "……？",
    "len": 1
  },
  {
    "message": "……门，开了？",
    "len": 1
  },
  {
    "message": "…………。",
    "len": 1
  },
  {
    "message": "……………………。",
    "len": 1
  },
  {
    "message": "唇上的触感――",
    "len": 1
  },
  {
    "message": "…………。",
    "len": 1
  },
  {
    "name": "？？？",
    "message": "「……晚安」",
    "len": 1
  }
]