[
  {
    "name": "樹",
    "message": "「早上好啊」",
    "len": 1
  },
  {
    "name": "樹",
    "message": "「…………」",
    "len": 1
  },
  {
    "message": "没有人在。",
    "len": 1
  },
  {
    "message": "是不是昨天玩累了还在睡觉？",
    "len": 1
  },
  {
    "name": "樹",
    "message": "「…………」",
    "len": 1
  },
  {
    "message": "真是，像小孩子一样。",
    "len": 1
  },
  {
    "message": "在我准备饭菜的时候，家人们一个接一个地聚齐了。",
    "len": 2
  },
  {
    "message": "但是，还是少了一个人。",
    "len": 1
  },
  {
    "message": "那就是——",
    "len": 1
  },
  {
    "name": "電卓",
    "message": "「哦哦哦……！」",
    "len": 1
  },
  {
    "message": "他戴着一副与之前不同的护目镜，兴高采烈的样子。",
    "len": 1
  },
  {
    "message": "看来最终还是买了昨天那个什么同步的东西。",
    "len": 1
  },
  {
    "message": "啧，尽做些浪费钱的事。",
    "len": 1
  },
  {
    "name": "樹",
    "message": "「要是你就好了」",
    "len": 1
  },
  {
    "name": "電卓",
    "message": "「你在说什么」",
    "len": 1
  },
  {
    "name": "樹",
    "message": "「琴子，妈妈呢？」",
    "len": 1
  },
  {
    "name": "琴子",
    "message": "「她说累了，在房间里……」",
    "len": 1
  },
  {
    "name": "樹",
    "message": "「这样啊。嗯，也是……主要是妈妈在陪帕克君玩」",
    "len": 2
  },
  {
    "name": "樹",
    "message": "「那肯定累坏了」",
    "len": 1
  },
  {
    "message": "昨天也发生了不少事啊。",
    "len": 1
  },
  {
    "name": "樹",
    "message": "「…………」",
    "len": 1
  },
  {
    "message": "发生了很多事啊……",
    "len": 1
  },
  {
    "message": "……嗯，确实，各种各样的事。",
    "len": 1
  },
  {
    "name": "樹",
    "message": "「如果她累了的话，让她就那样睡着可能更好吧？」",
    "len": 1
  },
  {
    "message": "……不过，我还是去看看情况吧。",
    "len": 1
  },
  {
    "name": "琴子",
    "message": "「…………」",
    "len": 1
  },
  {
    "name": "樹",
    "message": "「怎、怎么了，琴子」",
    "len": 1
  },
  {
    "name": "琴子",
    "message": "「没什么，没事」",
    "len": 1
  },
  {
    "name": "結衣",
    "message": "「树，你脸红着傻站在那儿干嘛呢？」",
    "len": 1
  },
  {
    "name": "樹",
    "message": "「啊，我才没脸红呢」",
    "len": 1
  },
  {
    "name": "結衣",
    "message": "「……真是个奇怪的家伙」",
    "len": 1
  },
  {
    "name": "結衣",
    "message": "「太可疑了。是不是藏着什么秘密东西啊。记住，你和结衣之间可不能有秘密哦」",
    "len": 2
  },
  {
    "name": "樹",
    "message": "「没、没什么啦」",
    "len": 1
  },
  {
    "name": "結衣",
    "message": "「哼」",
    "len": 1
  },
  {
    "name": "ギズモ",
    "message": "「喵」",
    "len": 1
  },
  {
    "message": "……不知什么时候连姬子猫都来了。",
    "len": 1
  },
  {
    "name": "ギズモ",
    "message": "「嗅嗅，嗅嗅」",
    "len": 1
  },
  {
    "message": "它一边发出嗅闻的声音，一边围着我转圈。",
    "len": 1
  },
  {
    "name": "ギズモ",
    "message": "「喵？」",
    "len": 1
  },
  {
    "message": "然后姬子猫歪着小脑袋。",
    "len": 1
  },
  {
    "name": "琴子",
    "message": "「姐姐，猫咪说树身上有股不一样的味道哦」",
    "len": 1
  },
  {
    "name": "結衣",
    "message": "「嗯，果然在隐瞒什么啊，树。好，我要把你全身上下都检查一遍！」",
    "len": 2
  },
  {
    "name": "樹",
    "message": "「喂，你在说什么啊！」",
    "len": 1
  },
  {
    "message": "我从结衣姐姐的魔爪下逃脱，来到了妈妈房间门前。",
    "len": 1
  },
  {
    "name": "樹",
    "message": "「妈妈，我听说你累了在睡觉，没事吧？」",
    "len": 1
  },
  {
    "message": "我稍微压低声音问道。",
    "len": 1
  },
  {
    "message": "…………。",
    "len": 1
  },
  {
    "name": "樹",
    "message": "「……嗯，睡着了就好」",
    "len": 1
  },
  {
    "message": "正当我这么想着准备离开的时候。",
    "len": 1
  },
  {
    "name": "式子",
    "message": "「……小树」",
    "len": 1
  },
  {
    "message": "从房间里传来了微弱的声音。",
    "len": 1
  },
  {
    "message": "我犹豫了一下，但觉得她应该不是在换衣服，就擅自打开了门。",
    "len": 2
  },
  {
    "name": "樹",
    "message": "「抱歉，吵醒你了吗？」",
    "len": 1
  },
  {
    "name": "式子",
    "message": "「没有，没关系，我本来就没睡」",
    "len": 1
  },
  {
    "message": "妈妈并没有躺在床上，而是呆呆地站在房间中央。",
    "len": 2
  },
  {
    "name": "樹",
    "message": "「诶？但是你还是应该睡觉啊。看起来一点都不精神。没发烧吧？」",
    "len": 2
  },
  {
    "message": "我试着摸了摸妈妈的额头。",
    "len": 1
  },
  {
    "message": "似乎没有发烧。",
    "len": 1
  },
  {
    "message": "虽然我不知道妈妈的正常体温。",
    "len": 1
  },
  {
    "message": "……感觉比正常体温要低一些。",
    "len": 1
  },
  {
    "name": "樹",
    "message": "「有哪里不舒服吗？」",
    "len": 1
  },
  {
    "name": "式子",
    "message": "「没、没事的……」",
    "len": 1
  },
  {
    "name": "樹",
    "message": "「不用勉强自己哦」",
    "len": 1
  },
  {
    "message": "这个人，好像会隐瞒自己身体不舒服的情况。",
    "len": 1
  },
  {
    "name": "式子",
    "message": "「真的，没事的……？」",
    "len": 1
  },
  {
    "message": "她这么说着，虚弱地笑了笑。",
    "len": 1
  },
  {
    "message": "看起来明显不像没事的样子。",
    "len": 1
  },
  {
    "name": "樹",
    "message": "「嗯……如果是累了的话暂且还是睡一觉比较好，但是如果感觉不舒服的话，一定要告诉我哦」",
    "len": 2
  },
  {
    "name": "樹",
    "message": "「啊，因为害怕打针之类的理由隐瞒病情可不行哦」",
    "len": 1
  },
  {
    "message": "总觉得她很有可能会这么做。",
    "len": 1
  },
  {
    "name": "式子",
    "message": "「妈妈是大人了，不会做那种事的啦～」",
    "len": 1
  },
  {
    "name": "樹",
    "message": "「那就好」",
    "len": 1
  },
  {
    "name": "式子",
    "message": "「谢谢你，塔君。谢谢你关心我」",
    "len": 1
  },
  {
    "name": "樹",
    "message": "「不用说谢谢。关心你是理所当然的」",
    "len": 1
  },
  {
    "name": "樹",
    "message": "「那么，待会儿我再来看看你的情况」",
    "len": 1
  },
  {
    "message": "正当我准备离开房间时，我突然意识到了。",
    "len": 1
  },
  {
    "message": "虽然有点晚了。",
    "len": 1
  },
  {
    "name": "樹",
    "message": "「那个……妈妈？」",
    "len": 1
  },
  {
    "name": "式子",
    "message": "「怎么了？」",
    "len": 1
  },
  {
    "name": "樹",
    "message": "「这个房间……不是变回原来的样子了吗？」",
    "len": 1
  },
  {
    "message": "我环顾房间说道。",
    "len": 1
  },
  {
    "message": "原本几乎变成丛林的房间，现在只剩下略微多一些的绿色植物。",
    "len": 2
  },
  {
    "name": "式子",
    "message": "「啊，嗯……是这样呢」",
    "len": 1
  },
  {
    "name": "樹",
    "message": "「那个……像丛林一样的环境，不做了吗」",
    "len": 1
  },
  {
    "message": "妈妈露出了一丝犹豫的神色，最后还是说道。",
    "len": 2
  },
  {
    "name": "式子",
    "message": "「与其说是不做了……不如说是做不到了」",
    "len": 1
  },
  {
    "name": "樹",
    "message": "「做不到……？」",
    "len": 1
  },
  {
    "name": "式子",
    "message": "「嗯……。种花和蔬菜……或者创造新的植物，这些事情，我都做不到了」",
    "len": 2
  },
  {
    "name": "樹",
    "message": "「诶？从什么时候开始的？」",
    "len": 1
  },
  {
    "name": "式子",
    "message": "「不知道……。但是，早上醒来后，房间就变成这样了……帕库也没精打采的」",
    "len": 2
  },
  {
    "name": "樹",
    "message": "「帕库君也是？」",
    "len": 1
  },
  {
    "message": "我注意到帕库君在房间的角落里垂头丧气的样子。",
    "len": 2
  },
  {
    "message": "它几乎一动不动，所以刚才环视室内时，我根本无法将它与其他盆栽区分开来。",
    "len": 2
  },
  {
    "name": "樹",
    "message": "「……喂，你还好吗？」",
    "len": 1
  },
  {
    "message": "我出声呼唤它，它稍微抬了抬头，微微张开嘴，对我的呼唤做出了反应。",
    "len": 2
  },
  {
    "message": "它看起来明显没什么精神——似乎很虚弱。",
    "len": 1
  },
  {
    "name": "樹",
    "message": "「果然是累了吗？」",
    "len": 1
  },
  {
    "name": "式子",
    "message": "「……不知道」",
    "len": 1
  },
  {
    "message": "我也不知道该怎么办才好。",
    "len": 1
  },
  {
    "message": "瞬间让植物生长，或者让花朵四处移动，这种事本来就不可能做到。",
    "len": 2
  },
  {
    "message": "但是，以前能做到的事情现在做不到了，这显然不正常。",
    "len": 2
  },
  {
    "name": "樹",
    "message": "「……总、总之妈妈你先休息吧」",
    "len": 1
  },
  {
    "name": "式子",
    "message": "「嗯」",
    "len": 1
  },
  {
    "name": "樹",
    "message": "「……就是这么回事」",
    "len": 1
  },
  {
    "message": "我向琴子讲述了事情的经过。",
    "len": 1
  },
  {
    "name": "琴子",
    "message": "「这是怎么回事呢……」",
    "len": 1
  },
  {
    "name": "樹",
    "message": "「去看医生估计也查不出什么吧」",
    "len": 1
  },
  {
    "name": "琴子",
    "message": "「……确实」",
    "len": 1
  },
  {
    "name": "琴子",
    "message": "「首先，我们都不知道妈妈的身体状况和现在植物的状态之间是否存在关联」",
    "len": 2
  },
  {
    "name": "樹",
    "message": "「啊？是这样吗？」",
    "len": 1
  },
  {
    "name": "琴子",
    "message": "「虽然这两件事同时发生，我觉得不太可能毫无关联，但也没有确凿的证据证明它们之间存在关系」",
    "len": 2
  },
  {
    "name": "樹",
    "message": "「嗯……」",
    "len": 1
  },
  {
    "name": "樹",
    "message": "「啊，说不定是反过来的」",
    "len": 1
  },
  {
    "name": "琴子",
    "message": "「这是什么意思？」",
    "len": 1
  },
  {
    "name": "樹",
    "message": "「我之前一直在想，是妈妈身体状况变差，然后失去了那个能力，植物才变得无精打采的……」",
    "len": 2
  },
  {
    "name": "樹",
    "message": "「但可能恰恰相反，是植物的状况变差了，妈妈才身体不适的」",
    "len": 2
  },
  {
    "name": "樹",
    "message": "「你看，妈妈一直在房间里做类似森林浴那样的事情」",
    "len": 1
  },
  {
    "name": "琴子",
    "message": "「啊，原来如此，我倒是没注意到这一点」",
    "len": 1
  },
  {
    "name": "樹",
    "message": "「……不过，我觉得可能只是累了，睡一觉就会恢复正常」",
    "len": 2
  },
  {
    "name": "琴子",
    "message": "「希望如此吧」",
    "len": 1
  },
  {
    "name": "樹",
    "message": "「能让我看看琴子房间的书架吗？」",
    "len": 1
  },
  {
    "name": "琴子",
    "message": "「嗯，可以是可以……」",
    "len": 1
  },
  {
    "name": "樹",
    "message": "「……虽然有这么多书，但园艺方面的书好像不太多啊」",
    "len": 1
  },
  {
    "name": "琴子",
    "message": "「抱歉，帮不上忙……」",
    "len": 1
  },
  {
    "name": "樹",
    "message": "「不，这不是琴子需要道歉的事」",
    "len": 1
  },
  {
    "name": "樹",
    "message": "「对了，电卓那家伙的房间怎么样？那里应该也有很多书吧」",
    "len": 2
  },
  {
    "name": "琴子",
    "message": "「不太清楚……大概比我房间里更少植物方面的书吧」",
    "len": 2
  },
  {
    "name": "樹",
    "message": "「也是啊……那家伙，连脑子里都是计算器……」",
    "len": 1
  },
  {
    "message": "倒是可能有偶像写真集之类的。",
    "len": 1
  },
  {
    "name": "樹",
    "message": "「算了，琴子，谢谢你」",
    "len": 1
  },
  {
    "name": "樹",
    "message": "「…………」",
    "len": 1
  },
  {
    "message": "我回到房间，打开了电脑。",
    "len": 1
  },
  {
    "message": "然后，用园艺相关的术语随便搜索了一下。",
    "len": 1
  },
  {
    "message": "仔细想想，在网上查找确实更快啊……",
    "len": 1
  },
  {
    "message": "现在真是方便多了。",
    "len": 1
  },
  {
    "name": "樹",
    "message": "「……不同品种，还真是各有特点啊」",
    "len": 1
  },
  {
    "message": "水量、温度、阳光、肥料……",
    "len": 1
  },
  {
    "message": "根据植物的种类，最适宜的环境完全不同。",
    "len": 1
  },
  {
    "message": "妈妈真的全部掌握并管理这些吗？",
    "len": 1
  },
  {
    "name": "樹",
    "message": "「…………」",
    "len": 1
  },
  {
    "message": "……不，感觉更像是直觉。",
    "len": 1
  },
  {
    "message": "总之，我把网上查到的结果打印了出来。",
    "len": 1
  },
  {
    "name": "樹",
    "message": "「打扰了」",
    "len": 1
  },
  {
    "message": "我轻声说着，然后进入了妈妈的房间。",
    "len": 1
  },
  {
    "message": "房间内的状况和刚才没有变化。",
    "len": 1
  },
  {
    "message": "妈妈……正在床上睡觉。",
    "len": 1
  },
  {
    "name": "式子",
    "message": "「呼呼……」",
    "len": 1
  },
  {
    "message": "平静的呼吸声。",
    "len": 1
  },
  {
    "message": "看起来她的状况并不是太糟糕，我稍微放心了一些。",
    "len": 2
  },
  {
    "message": "我小心翼翼地不去吵醒妈妈，对比着打印出来的那叠纸和盆栽。",
    "len": 2
  },
  {
    "message": "我想，大约有一半的植物我成功地确定了种类。",
    "len": 1
  },
  {
    "message": "嘛，不管怎么说，基本上都是从园艺店买来的，所以也没有什么特别稀奇的品种。",
    "len": 2
  },
  {
    "message": "那些我从未见过的……肯定是妈妈自己杂交培育出来的。",
    "len": 2
  },
  {
    "message": "虽然有点对不起妈妈原创的那些，但暂且先放在一边。",
    "len": 1
  },
  {
    "message": "首先从已知品种的开始。",
    "len": 1
  },
  {
    "message": "检查土壤状况、摆放位置等这些方面。",
    "len": 2
  },
  {
    "message": "但是……",
    "len": 1
  },
  {
    "name": "樹",
    "message": "「简直完美啊」",
    "len": 1
  },
  {
    "message": "每一株植物都被安置在与我查阅资料后得知的理想状态完全一致的环境中……",
    "len": 2
  },
  {
    "name": "樹",
    "message": "「唔……」",
    "len": 1
  },
  {
    "message": "该怎么办呢。",
    "len": 1
  },
  {
    "message": "植物方面似乎没有什么问题。",
    "len": 1
  },
  {
    "name": "樹",
    "message": "「那么，果然问题出在妈妈那边……？」",
    "len": 1
  },
  {
    "name": "琴子",
    "message": "「应该是吧」",
    "len": 1
  },
  {
    "name": "樹",
    "message": "「哇，你在啊」",
    "len": 1
  },
  {
    "name": "琴子",
    "message": "「我刚才一直在观察情况」",
    "len": 1
  },
  {
    "name": "琴子",
    "message": "「顺便说一下，这次是因为担心妈妈才来的，不是来吓唬哥哥的」",
    "len": 2
  },
  {
    "name": "樹",
    "message": "「……你不用特意解释」",
    "len": 1
  },
  {
    "name": "琴子",
    "message": "「但正如哥哥刚才所说，我也认为问题确实出在妈妈那边」",
    "len": 2
  },
  {
    "name": "琴子",
    "message": "「至于植物方面，哥哥似乎也在查阅正确的养护方法……」",
    "len": 2
  },
  {
    "name": "琴子",
    "message": "「毕竟这些植物是靠妈妈那不合常理的能力才生长起来的，用正统的方法可能无法解决问题。」",
    "len": 2
  },
  {
    "name": "樹",
    "message": "「唔，那该怎么办才好呢？」",
    "len": 1
  },
  {
    "name": "琴子",
    "message": "「暂且，这事不是才刚开始吗？我们只能等妈妈恢复了。」",
    "len": 2
  },
  {
    "name": "樹",
    "message": "「说得对……」",
    "len": 1
  },
  {
    "message": "回想起昨晚的事。",
    "len": 1
  },
  {
    "message": "帕君像是要诉说什么似的跑进了房间。",
    "len": 1
  },
  {
    "message": "也许那时候，它是来报告这件事的。",
    "len": 1
  },
  {
    "message": "……不对。",
    "len": 1
  },
  {
    "message": "不是昨晚……",
    "len": 1
  },
  {
    "message": "而是昨天中午，在那个公园的时候就……",
    "len": 1
  },
  {
    "message": "也许帕君早就察觉到了什么。",
    "len": 1
  },
  {
    "name": "樹",
    "message": "「…………」",
    "len": 1
  },
  {
    "message": "要是那时候我能注意到就好了……",
    "len": 1
  },
  {
    "message": "午餐时，妈妈并不在场。",
    "len": 1
  },
  {
    "message": "妈妈种的蔬菜也不见了。",
    "len": 1
  },
  {
    "name": "結衣",
    "message": "「……嘛，这样反而更轻松」",
    "len": 1
  },
  {
    "name": "樹",
    "message": "「结衣姐，你也该为妈妈担心一下啊」",
    "len": 1
  },
  {
    "name": "結衣",
    "message": "「我当然担心。不过，那是另一回事」",
    "len": 1
  },
  {
    "name": "結衣",
    "message": "「…………」",
    "len": 1
  },
  {
    "name": "結衣",
    "message": "「喂，树」",
    "len": 1
  },
  {
    "name": "樹",
    "message": "「……怎么了？」",
    "len": 1
  },
  {
    "name": "結衣",
    "message": "「你啊，太担心了」",
    "len": 1
  },
  {
    "name": "結衣",
    "message": "「谁都会有疲劳或感冒的时候」",
    "len": 1
  },
  {
    "name": "結衣",
    "message": "「要是每次都这么忧心忡忡的，家人之间可没法相处下去啊」",
    "len": 2
  },
  {
    "name": "樹",
    "message": "「嗯……」",
    "len": 1
  },
  {
    "message": "结衣姐说的可能是对的。",
    "len": 1
  },
  {
    "message": "如果是『之前的家庭』的话，即使有人发烧了，大概也不会那么在意吧。",
    "len": 2
  },
  {
    "message": "这并不是因为觉得无所谓，而是像结衣姐说的那样，这是每个人都会遇到的事情。",
    "len": 2
  },
  {
    "message": "但是。",
    "len": 1
  },
  {
    "message": "但是，这个家庭和普通的不一样——",
    "len": 1
  },
  {
    "name": "結衣",
    "message": "「多谢款待」",
    "len": 1
  },
  {
    "name": "樹",
    "message": "「咦，这么快就吃完了，结衣姐」",
    "len": 1
  },
  {
    "name": "結衣",
    "message": "「是吗？结衣一直都是这样的」",
    "len": 1
  },
  {
    "message": "说着，结衣姐放下筷子，移步到了电视机前。",
    "len": 2
  },
  {
    "name": "琴子",
    "message": "「一直都是这样的哦。结衣姐的用餐时间」",
    "len": 1
  },
  {
    "name": "樹",
    "message": "「是吗？」",
    "len": 1
  },
  {
    "name": "琴子",
    "message": "「嗯。比过去两周的平均时间少了25秒。可以说是在正常范围内」",
    "len": 2
  },
  {
    "name": "樹",
    "message": "「……这样啊」",
    "len": 1
  },
  {
    "message": "琴子说出了具体的数字，那应该是准确的吧。",
    "len": 2
  },
  {
    "message": "那么，是我多心了吗？",
    "len": 1
  },
  {
    "message": "不，不是这样的——",
    "len": 1
  },
  {
    "message": "吃饭的速度本身可能就是这样。",
    "len": 1
  },
  {
    "message": "但是，以前从未有过吃完饭就立即离席的情况。",
    "len": 2
  },
  {
    "message": "我意识到了这一点。",
    "len": 1
  },
  {
    "message": "没有妈妈的餐桌。",
    "len": 1
  },
  {
    "message": "结衣姐可能无法忍受这种情况。",
    "len": 1
  },
  {
    "message": "不管本人是否意识到。",
    "len": 1
  },
  {
    "message": "之后，餐桌上的气氛依然莫名地寂寞。",
    "len": 1
  },
  {
    "message": "仅仅是少了妈妈一个人，餐桌的氛围就会变成这样……",
    "len": 2
  },
  {
    "message": "我从未想象过。",
    "len": 1
  },
  {
    "message": "……这与意料之外有些不同。",
    "len": 1
  },
  {
    "message": "如果事先想象过的话，应该就能明白肯定会变得很寂寞吧。",
    "len": 2
  },
  {
    "message": "不是这样的——",
    "len": 1
  },
  {
    "message": "我根本没有设想过妈妈会离开这件事本身。",
    "len": 1
  },
  {
    "message": "就是因为太快乐了。",
    "len": 1
  },
  {
    "message": "根本没有时间去考虑其他事情。",
    "len": 1
  },
  {
    "message": "不，或者说——",
    "len": 1
  },
  {
    "message": "我是在逃避思考吗？",
    "len": 1
  },
  {
    "message": "因为太幸福了，所以害怕去想如果失去这种幸福会怎样，所以无意识地在逃避？",
    "len": 2
  },
  {
    "message": "可能就是这样吧。",
    "len": 1
  },
  {
    "message": "那么，从今以后，是不是也要考虑这些事情呢？",
    "len": 1
  },
  {
    "message": "可能是这样吧。",
    "len": 1
  },
  {
    "message": "因为，根本就不存在永恒。",
    "len": 1
  },
  {
    "message": "无论什么，最终都会结束。",
    "len": 1
  },
  {
    "message": "吃完饭的时候，妈妈醒了过来。",
    "len": 1
  },
  {
    "name": "式子",
    "message": "「大家，早上好～。诶嘿嘿～，睡到这个点了～」",
    "len": 2
  },
  {
    "name": "樹",
    "message": "「妈，感觉怎么样？」",
    "len": 1
  },
  {
    "name": "式子",
    "message": "「本来就没那么累，所以没事的啦～」",
    "len": 2
  },
  {
    "name": "樹",
    "message": "「那就好」",
    "len": 1
  },
  {
    "message": "确实，看起来精神有点不太好，但脸色也不是特别差。",
    "len": 2
  },
  {
    "name": "樹",
    "message": "「妈，你要吃饭吗？」",
    "len": 1
  },
  {
    "name": "式子",
    "message": "「啊，我开动了～。妈妈肚子咕咕叫呢～」",
    "len": 1
  },
  {
    "name": "樹",
    "message": "「虽然只有买来的蔬菜」",
    "len": 1
  },
  {
    "name": "式子",
    "message": "「完全没问题啦～」",
    "len": 1
  },
  {
    "name": "樹",
    "message": "「……那个植物，怎么样了？」",
    "len": 1
  },
  {
    "message": "饭后，我问了问妈妈。",
    "len": 1
  },
  {
    "name": "式子",
    "message": "「嗯……还是那样……」",
    "len": 1
  },
  {
    "name": "樹",
    "message": "「这样啊……」",
    "len": 1
  },
  {
    "name": "式子",
    "message": "「帕克君也没什么精神……」",
    "len": 1
  },
  {
    "name": "樹",
    "message": "「啊，那家伙没精神的话确实挺寂寞的」",
    "len": 1
  },
  {
    "name": "式子",
    "message": "「是吧～？」",
    "len": 1
  },
  {
    "name": "樹",
    "message": "「嘛，毕竟是冬天嘛。过段时间就会有精神的」",
    "len": 1
  },
  {
    "name": "式子",
    "message": "「希望如此……」",
    "len": 1
  },
  {
    "message": "果然母亲看起来还是很消沉。",
    "len": 1
  },
  {
    "name": "式子",
    "message": "「妈妈，已经不能培育植物，也不能杂交了……」",
    "len": 2
  },
  {
    "name": "式子",
    "message": "「这是为什么呢……？」",
    "len": 1
  },
  {
    "message": "虽然她并不是在问我原因，但母亲还是这样说了。",
    "len": 2
  },
  {
    "name": "樹",
    "message": "「…………」",
    "len": 1
  },
  {
    "name": "樹",
    "message": "「……总会好起来的。人嘛，总有状态不好的时候」",
    "len": 2
  },
  {
    "name": "樹",
    "message": "「就连打击率三成的棒球手，也有七成是出局的」",
    "len": 1
  },
  {
    "message": "……我只能说出这样的话。",
    "len": 1
  },
  {
    "name": "ギズモ",
    "message": "「喵？喵，有蚱蜢吗？」",
    "len": 1
  },
  {
    "name": "樹",
    "message": "「……没，没有」",
    "len": 1
  },
  {
    "name": "ギズモ",
    "message": "「式子，怪怪的」",
    "len": 1
  },
  {
    "name": "樹",
    "message": "「连你也看出来了啊」",
    "len": 1
  },
  {
    "name": "ギズモ",
    "message": "「式子，肚子，疼吗？」",
    "len": 1
  },
  {
    "name": "式子",
    "message": "「没事的～，小姬谢谢你啊～」",
    "len": 1
  },
  {
    "message": "妈妈轻轻抚摸着姬子猫的头。",
    "len": 1
  },
  {
    "name": "ギズモ",
    "message": "「喵～」",
    "len": 1
  },
  {
    "message": "被这样对待，姬子猫发出了仿佛要融化般的声音。",
    "len": 1
  },
  {
    "name": "琴子",
    "message": "「反而是猫咪对这种事更敏感也说不定呢」",
    "len": 2
  },
  {
    "name": "樹",
    "message": "「这就是所谓的野性本能吗」",
    "len": 1
  },
  {
    "message": "……再说，可能是因为帕克君不在，所以状态才好些。",
    "len": 1
  },
  {
    "name": "樹",
    "message": "「嘛，妈妈今天就好好休息一天吧」",
    "len": 1
  },
  {
    "name": "樹",
    "message": "「说不定明天就恢复正常了呢」",
    "len": 1
  },
  {
    "message": "我说着毫无根据的话。",
    "len": 1
  },
  {
    "name": "式子",
    "message": "「嗯……」",
    "len": 1
  },
  {
    "name": "樹",
    "message": "「话说回来——不是说能做什么或不能做什么，重要的是妈妈就是妈妈啊」",
    "len": 2
  },
  {
    "name": "樹",
    "message": "「我们珍惜妈妈又不是因为你种菜能省下食费」",
    "len": 2
  },
  {
    "name": "式子",
    "message": "「谢谢……」",
    "len": 1
  },
  {
    "message": "……虽然我对妈妈说了那样的话。",
    "len": 1
  },
  {
    "name": "樹",
    "message": "「该怎么办才好呢……」",
    "len": 1
  },
  {
    "message": "我不得不考虑这个问题。",
    "len": 1
  },
  {
    "message": "妈妈的能力。",
    "len": 1
  },
  {
    "message": "让植物异常生长，杂交蔬菜，创造出像帕克君那样的东西……",
    "len": 2
  },
  {
    "message": "这些当然都是不正常的事情。",
    "len": 1
  },
  {
    "message": "正常来说，这些都是不可能做到的。",
    "len": 1
  },
  {
    "message": "但是妈妈却能做到……而我选择了拥有这种能力的她作为我的妈妈。",
    "len": 2
  },
  {
    "message": "所以，我必须想办法解决。",
    "len": 1
  },
  {
    "message": "这并不是说能力很重要而妈妈这个人无关紧要——绝不是这个意思。",
    "len": 2
  },
  {
    "message": "因为那个人是我的妈妈。",
    "len": 1
  },
  {
    "message": "包括这一切在内，就是这样的。",
    "len": 1
  },
  {
    "name": "樹",
    "message": "「…………」",
    "len": 1
  },
  {
    "message": "当然，也可能只是她太累了，或者今天恰好身体不舒服而已。",
    "len": 2
  },
  {
    "message": "如果是那样的话，倒还好些。",
    "len": 1
  },
  {
    "message": "那天晚上，我很难入睡。",
    "len": 1
  },
  {
    "message": "结果，即使想破脑袋，也想不出该怎么办才好。",
    "len": 2
  },
  {
    "message": "我不像琴子那样聪明，也没有什么特别的能力。",
    "len": 2
  },
  {
    "message": "虽然我周围发生了各种事情，但我自己只是个普通人而已。",
    "len": 2
  },
  {
    "message": "『观测』？",
    "len": 1
  },
  {
    "message": "『选择』？",
    "len": 1
  },
  {
    "message": "这种事，我早就做过了。",
    "len": 1
  },
  {
    "message": "我除了妈妈以外什么都没看。",
    "len": 1
  },
  {
    "message": "但是，那只不过是我的想法而已。",
    "len": 1
  },
  {
    "message": "在这个被各种规则支配的世界里，这种想法能有多大的力量呢？",
    "len": 2
  },
  {
    "message": "我没有能恢复妈妈那种魔法般力量的魔法——",
    "len": 2
  },
  {
    "name": "電卓",
    "message": "「你还没睡啊」",
    "len": 1
  },
  {
    "name": "琴子",
    "message": "「嗯，一直睡不着呢」",
    "len": 1
  },
  {
    "name": "電卓",
    "message": "「今天几号？」",
    "len": 1
  },
  {
    "name": "琴子",
    "message": "「虽然已经过了0点，但按一般的感觉来说是12月29日。严格来说是30日呢」",
    "len": 2
  },
  {
    "name": "電卓",
    "message": "「是啊，已经进入30日了」",
    "len": 1
  },
  {
    "name": "電卓",
    "message": "「说实话，没想到在这里会发生这种问题」",
    "len": 2
  },
  {
    "name": "電卓",
    "message": "「那家伙的『观测』竟然到了这种地步……难道说『选择』是如此不可靠吗？」",
    "len": 2
  },
  {
    "name": "琴子",
    "message": "「不，我认为哥哥的力量是非常强大的。就像魔法一样」",
    "len": 2
  },
  {
    "name": "電卓",
    "message": "「那么，到了这个地步还是世界自身的修复作用吗？」",
    "len": 1
  },
  {
    "name": "琴子",
    "message": "「哥哥确定世界的力量，或许在反方向上也同样有效」",
    "len": 2
  },
  {
    "name": "電卓",
    "message": "「喂喂，这样听起来简直像是那家伙在帮助世界本身啊」",
    "len": 2
  },
  {
    "name": "電卓",
    "message": "「他到底想观察什么？」",
    "len": 1
  },
  {
    "name": "琴子",
    "message": "「或许，问题出在妈妈那边……」",
    "len": 1
  },
  {
    "name": "電卓",
    "message": "「但是，观察者始终是树。其他人只是被选择的立场」",
    "len": 2
  },
  {
    "name": "琴子",
    "message": "「确实如此。但是……『母亲』这个概念，可能是一个与观察者不相上下的重要存在」",
    "len": 2
  },
  {
    "name": "電卓",
    "message": "「啧，我可不喜欢这种感伤的想法」",
    "len": 1
  },
  {
    "name": "琴子",
    "message": "「可是……父亲的计划本身，不就是源于感伤吗？」",
    "len": 1
  },
  {
    "name": "電卓",
    "message": "「…………」",
    "len": 1
  },
  {
    "name": "琴子",
    "message": "「……无论如何，我们都无能为力」",
    "len": 1
  },
  {
    "name": "琴子",
    "message": "「生杀予夺的全权是——」",
    "len": 1
  }
]