[
  {
    "message": "第二天早上，母亲房间里植物的状态依然没有任何变化。",
    "len": 1
  },
  {
    "message": "不，仔细看的话，可能还变得更糟了。",
    "len": 1
  },
  {
    "message": "整体来看，比昨天更加蔫蔫的感觉。",
    "len": 1
  },
  {
    "name": "式子",
    "message": "「大家……真是抱歉让你们担心了」",
    "len": 1
  },
  {
    "message": "虽然母亲看起来精神不太好，但身体状况似乎并没有什么问题。",
    "len": 2
  },
  {
    "name": "樹",
    "message": "「没什么好道歉的」",
    "len": 1
  },
  {
    "name": "式子",
    "message": "「可是……」",
    "len": 1
  },
  {
    "name": "結衣",
    "message": "「这样子是没法收获了啊……」",
    "len": 1
  },
  {
    "message": "结衣姐环顾四周的蔬菜，说道。",
    "len": 1
  },
  {
    "name": "樹",
    "message": "「结衣姐，现在不是讨论这个问题的时候」",
    "len": 1
  },
  {
    "name": "結衣",
    "message": "「我知道，我知道。这是一种委婉的表达。你应该能察觉到吧」",
    "len": 2
  },
  {
    "name": "樹",
    "message": "「…………」",
    "len": 1
  },
  {
    "message": "就算你让我察觉也……",
    "len": 1
  },
  {
    "message": "结衣姐这种我行我素的态度，在这种时候真让人有点焦急。",
    "len": 2
  },
  {
    "name": "琴子",
    "message": "「唔……」",
    "len": 1
  },
  {
    "message": "琴子正一一查看着植物的状况。",
    "len": 1
  },
  {
    "name": "樹",
    "message": "「琴子，你看出什么来了吗」",
    "len": 1
  },
  {
    "name": "琴子",
    "message": "「这方面我并不是专业的……很抱歉帮不上忙」",
    "len": 2
  },
  {
    "name": "電卓",
    "message": "「看来自然主义者也束手无策啊……」",
    "len": 1
  },
  {
    "name": "樹",
    "message": "「……你这家伙，看到叶子枯萎反而高兴了吧？」",
    "len": 1
  },
  {
    "name": "電卓",
    "message": "「啊？别说那么刺人的话啊」",
    "len": 1
  },
  {
    "name": "電卓",
    "message": "「不管是茂盛还是枯萎，我讨厌叶子这一点是不会变的」",
    "len": 2
  },
  {
    "name": "樹",
    "message": "「——这样啊」",
    "len": 1
  },
  {
    "message": "在这不算太宽敞的房间里，除了姬子猫之外，全家人都聚集在一起。",
    "len": 2
  },
  {
    "message": "气氛……不太好。",
    "len": 1
  },
  {
    "message": "大家都在各自担心着妈妈，但感觉有点尴尬和不自在。",
    "len": 2
  },
  {
    "message": "就像是缺少了润滑油一样。",
    "len": 1
  },
  {
    "name": "ギズモ",
    "message": "「式子，没事吧？」",
    "len": 1
  },
  {
    "message": "姬子猫突然冒出来，探出了头。",
    "len": 1
  },
  {
    "message": "到现在为止，姬子猫也一直在担心妈妈，但因为这个房间里有帕库，所以一直不敢靠近。",
    "len": 2
  },
  {
    "name": "式子",
    "message": "「嘿嘿～没事的，姬子猫」",
    "len": 1
  },
  {
    "message": "妈妈露出了虚弱的笑容。",
    "len": 1
  },
  {
    "name": "ギズモ",
    "message": "「啪，死了吗？」",
    "len": 1
  },
  {
    "message": "姬子猫小心翼翼地戳了戳快要枯萎的食虫植物。",
    "len": 1
  },
  {
    "message": "这时帕库微微有了反应，姬子猫吓得后退了一步。",
    "len": 2
  },
  {
    "message": "但也仅此而已。",
    "len": 1
  },
  {
    "message": "不过，看来帕库也是相当虚弱了啊……",
    "len": 1
  },
  {
    "message": "姬子猫居然会去戳它，看来是真的很担心妈妈的情况。",
    "len": 2
  },
  {
    "name": "ギズモ",
    "message": "「姬子猫，懂了！」",
    "len": 1
  },
  {
    "message": "姬子猫看起来好像想到了什么绝妙的主意。",
    "len": 1
  },
  {
    "name": "ギズモ",
    "message": "「咔嚓，吃虫子！式子，变健康！」",
    "len": 2
  },
  {
    "message": "她是想说，如果帕库吃了食物，妈妈也会变得有精神吧。",
    "len": 2
  },
  {
    "name": "琴子",
    "message": "「我觉得还是不要这么做比较好哦，小猫咪」",
    "len": 1
  },
  {
    "name": "樹",
    "message": "「我也这么觉得，姬子猫。人类在身体虚弱的时候也吃不了肉之类的吧？」",
    "len": 2
  },
  {
    "message": "虽然姬子猫是在努力地思考解决办法……",
    "len": 1
  },
  {
    "name": "ギズモ",
    "message": "「不行吗？」",
    "len": 1
  },
  {
    "message": "姬子猫看起来明显地垂头丧气了。",
    "len": 1
  },
  {
    "name": "式子",
    "message": "「无法创造森林……妈妈她……」",
    "len": 1
  },
  {
    "name": "樹",
    "message": "「嗯？」",
    "len": 1
  },
  {
    "name": "式子",
    "message": "「没什么啦，别在意～」",
    "len": 1
  },
  {
    "message": "总之，我们从妈妈的房间里撤了出来。",
    "len": 1
  },
  {
    "message": "如果大家都聚在那里却没有任何解决办法，妈妈也没法好好休息。",
    "len": 2
  },
  {
    "message": "但是……",
    "len": 1
  },
  {
    "message": "撤回客厅后，大家也没什么话可说，一个接一个地离开了房间。",
    "len": 2
  },
  {
    "message": "最后，客厅里只剩下我一个人。",
    "len": 1
  },
  {
    "name": "樹",
    "message": "「…………」",
    "len": 1
  },
  {
    "message": "真安静啊。",
    "len": 1
  },
  {
    "name": "樹",
    "message": "「……以前也这么安静吗」",
    "len": 1
  },
  {
    "message": "不，本来就是这样的。",
    "len": 1
  },
  {
    "message": "毕竟这是地方城市的住宅区。",
    "len": 1
  },
  {
    "message": "所谓的家人不过是个名头而已，我们一直都是各自为政。",
    "len": 1
  },
  {
    "message": "即使在一起，也好像不在一起一样。",
    "len": 1
  },
  {
    "name": "樹",
    "message": "「…………」",
    "len": 1
  },
  {
    "message": "直到前不久。",
    "len": 1
  },
  {
    "message": "直到那个星星坠落的夜晚，世界重生之前。",
    "len": 1
  },
  {
    "name": "樹",
    "message": "「原本就是这样的啊……」",
    "len": 1
  },
  {
    "message": "我完全忘记了这个客厅曾经如此安静。",
    "len": 2
  },
  {
    "message": "感觉好像只经历过这短短的20天一样。",
    "len": 1
  },
  {
    "message": "仿佛从出生到现在，只过了这么点时间。",
    "len": 1
  },
  {
    "message": "之前的一切，就像从未发生过一样。",
    "len": 1
  },
  {
    "message": "虽然记忆还在，但对自己的事情却没有实感。",
    "len": 1
  },
  {
    "message": "就像是在读教科书上的文字一样……",
    "len": 1
  },
  {
    "message": "当然，这只是错觉而已。",
    "len": 1
  },
  {
    "message": "只是因为现在对家人的印象太过强烈了……",
    "len": 1
  },
  {
    "name": "樹",
    "message": "「唉，想这些也没用啊」",
    "len": 1
  },
  {
    "message": "得去买东西了。",
    "len": 1
  },
  {
    "message": "妈妈的蔬菜用完了，得去买些蔬菜回来。",
    "len": 1
  },
  {
    "name": "樹",
    "message": "「啊？妈妈不在家？」",
    "len": 1
  },
  {
    "message": "从买东西回来后，我才听说了这件事。",
    "len": 1
  },
  {
    "name": "琴子",
    "message": "「我发现的时候，她就已经不在了」",
    "len": 1
  },
  {
    "name": "樹",
    "message": "「她一个人出去了吗？」",
    "len": 1
  },
  {
    "name": "琴子",
    "message": "「……看来是这样」",
    "len": 1
  },
  {
    "name": "樹",
    "message": "「……没人注意到吗？」",
    "len": 1
  },
  {
    "name": "結衣",
    "message": "「我们又不是在监视妈妈，别说这种不讲理的话」",
    "len": 1
  },
  {
    "name": "樹",
    "message": "「……话是这么说没错」",
    "len": 1
  },
  {
    "name": "樹",
    "message": "「对了，姬子猫，你知道妈妈去哪儿了吗？」",
    "len": 1
  },
  {
    "message": "我想姬子猫耳朵灵，说不定知道些什么，就问了问。",
    "len": 1
  },
  {
    "name": "ギズモ",
    "message": "「式子，下落不明，失踪」",
    "len": 1
  },
  {
    "name": "樹",
    "message": "「……不知道你从哪学来的，别说这种不吉利的话啊」",
    "len": 1
  },
  {
    "name": "ギズモ",
    "message": "「电视」",
    "len": 1
  },
  {
    "message": "……不过，连姬子猫也没注意到吗。",
    "len": 1
  },
  {
    "message": "房间里，妈妈不在。",
    "len": 1
  },
  {
    "name": "樹",
    "message": "「…………」",
    "len": 1
  },
  {
    "message": "房间角落里，有一株蔫巴巴的捕蝇草。",
    "len": 1
  },
  {
    "name": "樹",
    "message": "「喂，你知不知道妈妈去哪儿了？」",
    "len": 1
  },
  {
    "message": "我试着问了问，但食虫植物没有回应。",
    "len": 1
  },
  {
    "message": "也是啊……",
    "len": 1
  },
  {
    "message": "别说回应了，它都蔫得连反应都没有了。",
    "len": 1
  },
  {
    "message": "在走廊上，我跟从二楼下来的电卓脑袋打了个照面。",
    "len": 1
  },
  {
    "name": "樹",
    "message": "「喂，你知不知道」",
    "len": 1
  },
  {
    "name": "電卓",
    "message": "「现在正是听从卡普赛神的启示的时候——」",
    "len": 1
  },
  {
    "message": "又要开始求助那些奇怪的神明，这个白痴真让人火大。",
    "len": 1
  },
  {
    "name": "樹",
    "message": "「我在说正经事呢。别开玩笑了。」",
    "len": 1
  },
  {
    "name": "電卓",
    "message": "「啊？你说谁在开玩笑？」",
    "len": 1
  },
  {
    "name": "樹",
    "message": "「当然是你啊——」",
    "len": 1
  },
  {
    "name": "樹",
    "message": "「不……」",
    "len": 1
  },
  {
    "message": "跟这家伙说也是白费口舌。",
    "len": 1
  },
  {
    "message": "不，应该说这家伙也是认真的。",
    "len": 1
  },
  {
    "message": "只不过脑子里的螺丝松了好几颗而已。",
    "len": 1
  },
  {
    "name": "樹",
    "message": "「……算了，你不知道就算了」",
    "len": 1
  },
  {
    "name": "電卓",
    "message": "「所以现在我要向卡普赛神祈祷……！」",
    "len": 1
  },
  {
    "name": "樹",
    "message": "「…………」",
    "len": 1
  },
  {
    "name": "樹",
    "message": "「……嗯，要是有什么发现就告诉我吧」",
    "len": 1
  },
  {
    "message": "已经进入恍惚状态的电卓脑袋没有回应。",
    "len": 1
  },
  {
    "message": "他一边念叨着不知是梦话还是咒语的东西，一边走进了客厅。",
    "len": 2
  },
  {
    "name": "結衣",
    "message": "「嘛，妈妈好歹也是个大人，总会回来的」",
    "len": 1
  },
  {
    "name": "結衣",
    "message": "「而且，也不是什么重病患者」",
    "len": 1
  },
  {
    "name": "樹",
    "message": "「虽说不是重病患者，但肯定不在状态，这种情况下到底出去干什么啊」",
    "len": 2
  },
  {
    "name": "結衣",
    "message": "「这种事，你去问本人啊。结衣怎么可能知道」",
    "len": 1
  },
  {
    "name": "樹",
    "message": "「问题是本人不在这儿啊。别岔开话题」",
    "len": 1
  },
  {
    "name": "樹",
    "message": "「很奇怪吧。身体不舒服还非得出门办事，到底是什么事啊？」",
    "len": 2
  },
  {
    "name": "樹",
    "message": "「正常情况下，如果有什么事的话应该会拜托别人吧？」",
    "len": 1
  },
  {
    "name": "樹",
    "message": "「如果真的非妈妈本人去不可的话，那就更应该跟谁说一声再走啊」",
    "len": 2
  },
  {
    "name": "樹",
    "message": "「不可能什么都不说就出门的」",
    "len": 1
  },
  {
    "name": "樹",
    "message": "「那个妈妈绝对不会想做让别人担心的事」",
    "len": 2
  },
  {
    "name": "樹",
    "message": "「正因为发生了妈妈绝对不会做的事，所以我才担心啊」",
    "len": 2
  },
  {
    "name": "樹",
    "message": "「喂，电卓脑袋，你就没有什么头绪吗」",
    "len": 1
  },
  {
    "name": "電卓",
    "message": "「哦……神灵神灵……咒语咒语……！」",
    "len": 1
  },
  {
    "message": "他还处于恍惚状态。",
    "len": 1
  },
  {
    "name": "樹",
    "message": "「这家伙……！」",
    "len": 1
  },
  {
    "message": "明知道跟他计较也是白费劲，但还是忍不住火冒三丈。",
    "len": 1
  },
  {
    "name": "結衣",
    "message": "「……树，冷静一点。你太着急了」",
    "len": 1
  },
  {
    "name": "樹",
    "message": "「你们才是太悠哉了吧？」",
    "len": 1
  },
  {
    "name": "琴子",
    "message": "「哥哥……姐姐说得对。我理解你的担心，但是着急也于事无补」",
    "len": 2
  },
  {
    "name": "樹",
    "message": "「什么叫于事无补，这可不是能置之不理的问题吧？」",
    "len": 1
  },
  {
    "name": "琴子",
    "message": "「…………」",
    "len": 1
  },
  {
    "message": "看到琴子悲伤的表情，我才回过神来。",
    "len": 1
  },
  {
    "name": "樹",
    "message": "「……不，对不起。我不该对大家发火的」",
    "len": 1
  },
  {
    "message": "我稍微回想起了过去。",
    "len": 1
  },
  {
    "message": "那段如同教科书解说般的过去。",
    "len": 1
  },
  {
    "message": "那个，只有形式上的家庭。",
    "len": 1
  },
  {
    "message": "连是否有面孔都不知道，仿佛只存在轮廓的家庭。",
    "len": 2
  },
  {
    "message": "如果那也能称之为家庭的话。",
    "len": 1
  },
  {
    "name": "樹",
    "message": "「……这样不就只是回到了起点吗」",
    "len": 1
  },
  {
    "name": "琴子",
    "message": "「起点？」",
    "len": 1
  },
  {
    "name": "樹",
    "message": "「就是教科书里的那个世界啊」",
    "len": 1
  },
  {
    "name": "琴子",
    "message": "「……？」",
    "len": 1
  },
  {
    "message": "我讨厌那样的世界，不就是因此才选择了和这里的大家一起的世界吗？",
    "len": 2
  },
  {
    "message": "现在切实地、在这里、以可见的形式存在的大家……。",
    "len": 1
  },
  {
    "message": "琴子……。",
    "len": 1
  },
  {
    "message": "结衣姐姐……。",
    "len": 1
  },
  {
    "message": "姬子猫……。",
    "len": 1
  },
  {
    "message": "顺便，还有电卓脑袋。",
    "len": 1
  },
  {
    "message": "不只是轮廓，而是所有人……。",
    "len": 1
  },
  {
    "message": "不是已经选择了吗？",
    "len": 1
  },
  {
    "name": "樹",
    "message": "「…………」",
    "len": 1
  },
  {
    "message": "当然，这只是一点小小的情感误会。",
    "len": 1
  },
  {
    "message": "没有以前那个『家庭』那么糟糕。",
    "len": 1
  },
  {
    "message": "大家都在眼前，以可见的形式存在着。",
    "len": 1
  },
  {
    "message": "但如果就这样下去，可能会回到从前那样。",
    "len": 1
  },
  {
    "message": "选择的家人。",
    "len": 1
  },
  {
    "message": "一个都不能少的家人。",
    "len": 1
  },
  {
    "message": "其中有一个人，不在了。",
    "len": 1
  },
  {
    "message": "妈妈——",
    "len": 1
  },
  {
    "message": "重新认识到了她存在的重要性。",
    "len": 1
  },
  {
    "message": "虽然任何一个人都不能缺少，但是，妈妈是绝对不能不在的人……",
    "len": 2
  },
  {
    "name": "樹",
    "message": "「……我还以为是我在守护大家，其实是被守护着啊」",
    "len": 2
  },
  {
    "name": "琴子",
    "message": "「……？」",
    "len": 1
  },
  {
    "name": "樹",
    "message": "「被妈妈」",
    "len": 1
  },
  {
    "name": "琴子",
    "message": "「……是啊」",
    "len": 1
  },
  {
    "name": "樹",
    "message": "「没有妈妈真的不行啊」",
    "len": 1
  },
  {
    "name": "結衣",
    "message": "「可不是嘛」",
    "len": 1
  },
  {
    "name": "樹",
    "message": "「妈妈，是我们的中心」",
    "len": 1
  },
  {
    "name": "ギズモ",
    "message": "「式子，重要！式子，不在，悲伤！」",
    "len": 1
  },
  {
    "name": "樹",
    "message": "「嗯」",
    "len": 1
  },
  {
    "message": "抚摸姬子猫的头。",
    "len": 1
  },
  {
    "name": "琴子",
    "message": "「但是，哥哥——」",
    "len": 1
  },
  {
    "name": "樹",
    "message": "「但是？」",
    "len": 1
  },
  {
    "name": "琴子",
    "message": "「其实，哥哥也一直在守护着妈妈呢」",
    "len": 1
  },
  {
    "name": "琴子",
    "message": "「正因如此，我们才能成为一个家。这也是不争的事实」",
    "len": 2
  },
  {
    "name": "樹",
    "message": "「要是真能这样就好了」",
    "len": 1
  },
  {
    "name": "結衣",
    "message": "「这一点你应该有自信。结衣的弟弟可不是那种对这种事都会产生疑问的软弱之人」",
    "len": 2
  },
  {
    "name": "樹",
    "message": "「结衣姐姐……」",
    "len": 1
  },
  {
    "name": "樹",
    "message": "「嗯，那么……我就这么想吧」",
    "len": 1
  },
  {
    "name": "琴子",
    "message": "「哥哥，还有一件事」",
    "len": 1
  },
  {
    "name": "琴子",
    "message": "「虽说焦躁对思考来说是噪音，但产生焦躁的力量本身却是很重要的」",
    "len": 2
  },
  {
    "name": "琴子",
    "message": "「如果完全否定它，也会导致丢弃重要的东西」",
    "len": 2
  },
  {
    "message": "说到这里，琴子微笑了。",
    "len": 1
  },
  {
    "name": "琴子",
    "message": "「嘛，我可能会说很多……不过吐槽和制止是不一样的哦」",
    "len": 2
  },
  {
    "name": "琴子",
    "message": "「所以，哥哥请继续走自己的路吧」",
    "len": 1
  },
  {
    "name": "樹",
    "message": "「琴子……」",
    "len": 1
  },
  {
    "name": "樹",
    "message": "「你真是个好人啊」",
    "len": 1
  },
  {
    "name": "琴子",
    "message": "「什、什么啊，哥哥。……好像现在才发现似的」",
    "len": 2
  },
  {
    "name": "琴子",
    "message": "「我有点受伤呢」",
    "len": 1
  },
  {
    "name": "樹",
    "message": "「……不，抱歉。我是重新认识到了」",
    "len": 1
  },
  {
    "name": "樹",
    "message": "「但是，这样的话……我更应该想办法做点什么了」",
    "len": 2
  },
  {
    "name": "結衣",
    "message": "「结衣从一开始就把一切托付给树了哦」",
    "len": 1
  },
  {
    "name": "樹",
    "message": "「……谢谢」",
    "len": 1
  },
  {
    "name": "結衣",
    "message": "「不过，以那个妈妈的性格，说不定下一秒就会说「我回来啦～」然后回来呢」",
    "len": 2
  },
  {
    "name": "樹",
    "message": "「……嗯，那样当然最好了」",
    "len": 1
  },
  {
    "name": "結衣",
    "message": "「所以说啊，树，你来决定今后的方针吧」",
    "len": 1
  },
  {
    "name": "樹",
    "message": "「……我要去找妈妈」",
    "len": 1
  },
  {
    "name": "結衣",
    "message": "「有头绪吗？」",
    "len": 1
  },
  {
    "name": "樹",
    "message": "「虽然没有……」",
    "len": 1
  },
  {
    "name": "結衣",
    "message": "「这时候就别吞吞吐吐的了。你既然决定了就去做吧。结衣们会跟随你的」",
    "len": 2
  },
  {
    "name": "結衣",
    "message": "「……那么，我们大家分头去找吧」",
    "len": 1
  },
  {
    "name": "琴子",
    "message": "「嗯」",
    "len": 1
  },
  {
    "name": "ギズモ",
    "message": "「姬子猫，找，式子！」",
    "len": 1
  },
  {
    "name": "樹",
    "message": "「……不，如果我们都出去了，万一妈妈突然回来就麻烦了」",
    "len": 2
  },
  {
    "name": "結衣",
    "message": "「嗯，说得对」",
    "len": 1
  },
  {
    "name": "樹",
    "message": "「而且，我们也无法互相联系。这样很容易发生二次事故」",
    "len": 1
  },
  {
    "name": "結衣",
    "message": "「现在这个时代，不是有手机吗」",
    "len": 1
  },
  {
    "name": "樹",
    "message": "「……谁带了手机吗？」",
    "len": 1
  },
  {
    "name": "琴子",
    "message": "「…………」",
    "len": 1
  },
  {
    "name": "結衣",
    "message": "「…………」",
    "len": 1
  },
  {
    "name": "ギズモ",
    "message": "「……？」",
    "len": 1
  },
  {
    "message": "没人带手机。",
    "len": 1
  },
  {
    "name": "樹",
    "message": "「……这算哪门子的「现在这个时代」啊」",
    "len": 1
  },
  {
    "message": "虽然我也没资格说别人就是了。",
    "len": 1
  },
  {
    "name": "結衣",
    "message": "「……看来把它变成石头是个错误。我有点草率了」",
    "len": 1
  },
  {
    "name": "樹",
    "message": "「还有，姬子猫留守」",
    "len": 1
  },
  {
    "name": "ギズモ",
    "message": "「喵！」",
    "len": 1
  },
  {
    "message": "姬子猫挣扎着表示抗议。",
    "len": 1
  },
  {
    "message": "但是不能让姬子猫一个人出去，带着它到处走又效率太低。",
    "len": 2
  },
  {
    "message": "虽然对姬子猫有点抱歉。",
    "len": 1
  },
  {
    "name": "樹",
    "message": "「琴子，能拜托你留守吗？顺便照看一下姬子猫」",
    "len": 1
  },
  {
    "message": "果然还是只能拜托琴子。",
    "len": 1
  },
  {
    "message": "而且，让琴子一个人出去走动我也不放心。",
    "len": 1
  },
  {
    "name": "琴子",
    "message": "「我知道了」",
    "len": 1
  },
  {
    "message": "最后，结果就是这样。",
    "len": 1
  },
  {
    "message": "虽说是要去寻找，但我们只有我和结衣姐两个人可以派出去。",
    "len": 2
  },
  {
    "message": "……嘛，也没办法。",
    "len": 1
  },
  {
    "name": "樹",
    "message": "「那么结衣姐，如果有什么事的话，就打电话回家吧」",
    "len": 1
  },
  {
    "name": "結衣",
    "message": "「明白」",
    "len": 1
  },
  {
    "name": "結衣",
    "message": "「不过这联络方式还真原始啊……」",
    "len": 1
  },
  {
    "name": "樹",
    "message": "「把家里唯一的手机弄坏的人就别说这话了」",
    "len": 1
  },
  {
    "name": "結衣",
    "message": "「我现在有点后悔了，你就别再说了」",
    "len": 1
  },
  {
    "message": "就在这时，电卓突然出现了。",
    "len": 1
  },
  {
    "message": "看样子他是要出门。",
    "len": 1
  },
  {
    "name": "樹",
    "message": "「喂，电卓脑袋，你要去哪？」",
    "len": 1
  },
  {
    "name": "電卓",
    "message": "「嘿嘿嘿，我感觉今天会有个新的好孩子进来……！」",
    "len": 2
  },
  {
    "name": "電卓",
    "message": "「我的心脏接收器正在嗡嗡作响呢」",
    "len": 1
  },
  {
    "name": "樹",
    "message": "「你啊……」",
    "len": 1
  },
  {
    "name": "電卓",
    "message": "「对啊。今天我想要这么高的，软乎乎的，有机的萝莉呢」",
    "len": 2
  },
  {
    "message": "电卓用手比划了一下胸口高的位置。",
    "len": 1
  },
  {
    "name": "樹",
    "message": "「…………」",
    "len": 1
  },
  {
    "name": "電卓",
    "message": "「…………」",
    "len": 1
  },
  {
    "message": "短暂的沉默过后，电卓突然哼地一声转过头去。",
    "len": 2
  },
  {
    "name": "樹",
    "message": "「还有你肩上挎着的那个大东西是什么」",
    "len": 1
  },
  {
    "name": "電卓",
    "message": "「呵呵呵，你不知道也不奇怪」",
    "len": 1
  },
  {
    "name": "電卓",
    "message": "「这个啊，是一种随时随地都能携带的神奇玩意儿，叫做移动电话！」",
    "len": 2
  },
  {
    "name": "電卓",
    "message": "「嘭」",
    "len": 1
  },
  {
    "name": "樹",
    "message": "「……别自己加音效」",
    "len": 1
  },
  {
    "message": "说起来，我记得早期的手机好像就是那样的……那种笨重的机器，我好像在哪里见过。",
    "len": 2
  },
  {
    "name": "樹",
    "message": "「……希望你能找到有机的萝莉，变态」",
    "len": 1
  },
  {
    "name": "電卓",
    "message": "「切，用不着你说」",
    "len": 1
  },
  {
    "message": "电卓得意洋洋地出门去了。",
    "len": 1
  },
  {
    "name": "樹",
    "message": "「那么结衣姐，我们也走吧」",
    "len": 1
  },
  {
    "name": "結衣",
    "message": "「嗯」",
    "len": 1
  },
  {
    "name": "琴子",
    "message": "「哥哥、姐姐，即使没什么事，也要定期跟家里联系哦」",
    "len": 2
  },
  {
    "name": "琴子",
    "message": "「免得错过了」",
    "len": 1
  },
  {
    "name": "樹",
    "message": "「嗯」",
    "len": 1
  },
  {
    "name": "結衣",
    "message": "「我可是指望着你呢，弟弟」",
    "len": 1
  },
  {
    "name": "樹",
    "message": "「结衣姐不也在找吗？还有电卓那家伙——」",
    "len": 1
  },
  {
    "message": "不，那家伙大概靠不住。",
    "len": 1
  },
  {
    "name": "結衣",
    "message": "「不，在这里最可靠的就是你啊，树」",
    "len": 1
  },
  {
    "name": "結衣",
    "message": "「我当然会努力，但我觉得结衣找到他们可能会很困难」",
    "len": 2
  },
  {
    "name": "結衣",
    "message": "「因为妈妈和结衣是完全相反的人……」",
    "len": 1
  },
  {
    "name": "樹",
    "message": "「……？」",
    "len": 1
  },
  {
    "name": "結衣",
    "message": "「对爸爸来说也是一样的」",
    "len": 1
  },
  {
    "message": "……这是什么意思呢？",
    "len": 1
  },
  {
    "message": "虽然我很好奇她想说什么，但结衣姐没给我提问的机会就出门了。",
    "len": 2
  },
  {
    "name": "樹",
    "message": "「…………」",
    "len": 1
  },
  {
    "message": "我也该出发了。",
    "len": 1
  },
  {
    "name": "琴子",
    "message": "「一路顺风，哥哥」",
    "len": 1
  },
  {
    "name": "樹",
    "message": "「家里就交给你了，琴子」",
    "len": 1
  },
  {
    "name": "琴子",
    "message": "「好的」",
    "len": 1
  },
  {
    "name": "ギズモ",
    "message": "「树树，加油哦！」",
    "len": 1
  },
  {
    "name": "樹",
    "message": "「交给我吧。姬子猫也要乖乖在家看家哦」",
    "len": 1
  },
  {
    "message": "虽然嘴上说交给我，但其实我根本没有头绪。",
    "len": 1
  },
  {
    "message": "基本上只能漫无目的地到处寻找了。",
    "len": 1
  },
  {
    "message": "妈妈……",
    "len": 1
  },
  {
    "message": "她可能去的地方，会在哪里呢？",
    "len": 1
  },
  {
    "message": "正当我这么想着的时候。",
    "len": 1
  },
  {
    "message": "我遇到了柚。",
    "len": 1
  },
  {
    "name": "柚",
    "message": "「啊，树树」",
    "len": 1
  },
  {
    "name": "樹",
    "message": "「柚，好久不见」",
    "len": 1
  },
  {
    "name": "柚",
    "message": "「啊，嗯嗯，嗯。——虽说上次见面才是前天」",
    "len": 2
  },
  {
    "name": "樹",
    "message": "「啊，是这样吗」",
    "len": 1
  },
  {
    "message": "自从她说什么大扫除之类的来我家以后，就再没见过了。",
    "len": 1
  },
  {
    "message": "虽然感觉已经过了很长时间，但实际上只是前天的事情而已。",
    "len": 2
  },
  {
    "message": "说起来那时候，她回去的时候看起来异常没精神呢。",
    "len": 1
  },
  {
    "message": "她兴致勃勃带来的装满清洁工具的大包，从那时起一直放在玄关没动过。",
    "len": 2
  },
  {
    "message": "那时候，我……是不是说了什么不该说的话？",
    "len": 1
  },
  {
    "name": "樹",
    "message": "「…………」",
    "len": 1
  },
  {
    "message": "……我确实经常说错话啊。",
    "len": 1
  },
  {
    "name": "柚",
    "message": "「那么，式子桑找到了吗？」",
    "len": 1
  },
  {
    "name": "樹",
    "message": "「没有，还没……话说，我才刚出门找呢」",
    "len": 2
  },
  {
    "name": "柚",
    "message": "「这、这样啊」",
    "len": 1
  },
  {
    "name": "樹",
    "message": "「咦，等等？柚你怎么会知道这件事？」",
    "len": 1
  },
  {
    "name": "柚",
    "message": "「啊？啊哈哈，因、因为，树刚才不是在自言自语嘛」",
    "len": 2
  },
  {
    "name": "樹",
    "message": "「……啊，原来如此，我是说出声了啊。得注意点才行……」",
    "len": 1
  },
  {
    "name": "柚",
    "message": "「对、对啊。要小心点哦，不然会被警察抓走的哦？」",
    "len": 1
  },
  {
    "name": "樹",
    "message": "「……警察什么时候变成这么横行霸道的组织了」",
    "len": 1
  },
  {
    "name": "柚",
    "message": "「啊哈哈，毕竟现在是这种时代嘛」",
    "len": 1
  },
  {
    "message": "总觉得，柚在勉强地掩饰着什么。",
    "len": 1
  },
  {
    "name": "樹",
    "message": "「什么叫这种时代啊。饶了我吧，可不想生活在那种监视社会里」",
    "len": 1
  },
  {
    "name": "樹",
    "message": "「算了，这些都无所谓了。——柚，你有没有看到妈妈？」",
    "len": 2
  },
  {
    "name": "柚",
    "message": "「…………」",
    "len": 1
  },
  {
    "name": "柚",
    "message": "「……妈妈，吗」",
    "len": 1
  },
  {
    "message": "柚寂寞地低声喃喃自语。",
    "len": 1
  },
  {
    "name": "樹",
    "message": "「啊？」",
    "len": 1
  },
  {
    "name": "柚",
    "message": "「啊，没，没什么。——我没看到」",
    "len": 1
  },
  {
    "name": "樹",
    "message": "「这样啊。……谢谢」",
    "len": 1
  },
  {
    "name": "柚",
    "message": "「不、不客气」",
    "len": 1
  },
  {
    "name": "樹",
    "message": "「那我走了」",
    "len": 1
  },
  {
    "message": "我正打算离开这里，因为也没有其他事要跟柚说了，却被柚拦住了。",
    "len": 2
  },
  {
    "name": "樹",
    "message": "「还有什么事吗？ 哦，如果是那个包的话，你想什么时候来拿都行」",
    "len": 2
  },
  {
    "name": "柚",
    "message": "「不，不是那个——」",
    "len": 1
  },
  {
    "message": "柚犹豫了一下，然后说道。",
    "len": 1
  },
  {
    "name": "柚",
    "message": "「喂，树树，现在要不要去哪里逛逛？」",
    "len": 1
  },
  {
    "name": "樹",
    "message": "「啊？——怎么突然说这个」",
    "len": 1
  },
  {
    "name": "柚",
    "message": "「就是说，我们去哪里吧。去QUALLE或者公园，哪里都行」",
    "len": 2
  },
  {
    "name": "樹",
    "message": "「你在说什么啊。我现在正在找妈妈呢」",
    "len": 1
  },
  {
    "name": "柚",
    "message": "「嗯，我知道。正因为知道才这么说的」",
    "len": 1
  },
  {
    "name": "樹",
    "message": "「啊？」",
    "len": 1
  },
  {
    "name": "柚",
    "message": "「你不想放弃找式子桑吗？」",
    "len": 1
  },
  {
    "name": "樹",
    "message": "「什……！别说傻话了」",
    "len": 3
  },
  {
    "name": "柚",
    "message": "「这不是——傻话哦」",
    "len": 1
  },
  {
    "name": "柚",
    "message": "「说这种话可能很过分，但是树树，我总觉得你不该去」",
    "len": 2
  },
  {
    "name": "柚",
    "message": "「树树别去找了……我觉得，式子桑就这样消失不见会比较好」",
    "len": 2
  },
  {
    "name": "樹",
    "message": "「喂，柚，就算是开玩笑也别说这种话啊」",
    "len": 1
  },
  {
    "message": "我不明白柚到底是什么意思。",
    "len": 1
  },
  {
    "name": "柚",
    "message": "「我不是在开玩笑。不如说，这种事根本开不了玩笑」",
    "len": 1
  },
  {
    "name": "柚",
    "message": "「我觉得那样会更好——式子桑消失不见的话，对树树也更好」",
    "len": 2
  },
  {
    "name": "樹",
    "message": "「你这是什么意思」",
    "len": 1
  },
  {
    "name": "柚",
    "message": "「因为，那样的话，树树……我觉得你就能回到「普通」的生活了」",
    "len": 2
  },
  {
    "name": "樹",
    "message": "「普通？那是什么意思」",
    "len": 1
  },
  {
    "name": "柚",
    "message": "「普通就是普通啊。就像前不久那样……」",
    "len": 1
  },
  {
    "name": "柚",
    "message": "「就是那些自称是树树家人的奇怪人出现之前的那种生活」",
    "len": 2
  },
  {
    "name": "柚",
    "message": "「虽然对树来说可能会有些痛苦的回忆……但我觉得不应该逃避这些」",
    "len": 2
  },
  {
    "name": "柚",
    "message": "「不，如果太痛苦的话，逃避也好……忘记痛苦的事也没关系……」",
    "len": 2
  },
  {
    "name": "柚",
    "message": "「但是，我觉得不该逃到那种不正常的地方去」",
    "len": 1
  },
  {
    "name": "樹",
    "message": "「……什么是正常由我自己决定。柚你没资格插嘴」",
    "len": 1
  },
  {
    "name": "柚",
    "message": "「嗯。我也觉得不该干涉别人家的事」",
    "len": 2
  },
  {
    "name": "柚",
    "message": "「但是——那些人不是树的家人」",
    "len": 1
  },
  {
    "name": "柚",
    "message": "「什么死而复生……返老还童……人变成猫……花会动……」",
    "len": 2
  },
  {
    "name": "柚",
    "message": "「就算对这些奇怪的事都视而不见，但那些人也不是树的家人」",
    "len": 2
  },
  {
    "name": "柚",
    "message": "「因为，那些人……不就是只为树着想的人吗」",
    "len": 1
  },
  {
    "name": "樹",
    "message": "「……柚，别这样说别人的家人」",
    "len": 1
  },
  {
    "name": "樹",
    "message": "「话说回来，根本就不是那么方便」",
    "len": 1
  },
  {
    "name": "樹",
    "message": "「大家都不听人说话，动不动就惹出警察来……反而，全是麻烦事」",
    "len": 2
  },
  {
    "name": "柚",
    "message": "「麻烦，吗……真的，是这样？」",
    "len": 1
  },
  {
    "name": "樹",
    "message": "「……干、干嘛啊」",
    "len": 1
  },
  {
    "name": "柚",
    "message": "「那种程度，对树来说只是方便的麻烦罢了」",
    "len": 1
  },
  {
    "name": "柚",
    "message": "「稍微苦笑一下就能应付过去的程度。这种程度，根本不能说是麻烦」",
    "len": 2
  },
  {
    "name": "柚",
    "message": "「家人这种东西，应该更加……沉重才对。虽然是重担，但还是必须背负着前进的东西」",
    "len": 2
  },
  {
    "name": "柚",
    "message": "「是那种已经无可奈何的存在……」",
    "len": 1
  },
  {
    "name": "柚",
    "message": "「……虽然这么说，你大概也不会理解吧」",
    "len": 1
  },
  {
    "message": "柚低下了头。",
    "len": 1
  },
  {
    "name": "柚",
    "message": "「树早就已经去了另一个世界了吧」",
    "len": 1
  },
  {
    "name": "柚",
    "message": "「我其实……多少也明白」",
    "len": 1
  },
  {
    "name": "柚",
    "message": "「树已经去了我够不到的地方」",
    "len": 1
  },
  {
    "message": "柚说道——仿佛已经放弃了一般。",
    "len": 1
  },
  {
    "name": "樹",
    "message": "「不——」",
    "len": 1
  },
  {
    "name": "樹",
    "message": "「我多少能理解柚说的话」",
    "len": 1
  },
  {
    "message": "这并不是在安慰她。",
    "len": 1
  },
  {
    "name": "樹",
    "message": "「我觉得你说的可能是对的。但是……问题不在这里」",
    "len": 2
  },
  {
    "name": "樹",
    "message": "「即便如此——不，应该说，这些都无关紧要……家人就是家人」",
    "len": 2
  },
  {
    "name": "樹",
    "message": "「所谓家人，就是那些在你身边的人」",
    "len": 1
  },
  {
    "name": "樹",
    "message": "「不是什么普通或正确的问题。那些都不需要，也无关紧要」",
    "len": 2
  },
  {
    "name": "樹",
    "message": "「我现在所看到的世界，就是我的世界。对我来说，我的归属只在那里」",
    "len": 2
  },
  {
    "name": "柚",
    "message": "「这和随波逐流有什么区别呢？」",
    "len": 1
  },
  {
    "name": "樹",
    "message": "「要这么说的话，谁不是一样呢？」",
    "len": 1
  },
  {
    "name": "樹",
    "message": "「你也是啊。作为蜜柑桑的孩子出生，一直保持那样到现在」",
    "len": 2
  },
  {
    "name": "樹",
    "message": "「反正出生本身就是偶然的。什么都选择不了」",
    "len": 2
  },
  {
    "name": "樹",
    "message": "「只能在出生的环境中生活。一直只能随波逐流不是吗」",
    "len": 2
  },
  {
    "name": "柚",
    "message": "「这、这种说法……只是在搪塞我吧」",
    "len": 1
  },
  {
    "name": "樹",
    "message": "「也不尽然。既然注定要随波逐流，那至少我想自己决定看什么」",
    "len": 2
  },
  {
    "name": "樹",
    "message": "「不，与其说'注定'，我自己其实是想更积极一点的」",
    "len": 2
  },
  {
    "name": "柚",
    "message": "「那根本不能叫积极。逃避不愉快的事情……」",
    "len": 2
  },
  {
    "name": "柚",
    "message": "「根本不存在完全没有悲伤的世界」",
    "len": 1
  },
  {
    "name": "柚",
    "message": "「下次遇到悲伤的事，树又打算去另一个世界吗？」",
    "len": 2
  },
  {
    "name": "柚",
    "message": "「你是打算不停地换世界吗？」",
    "len": 1
  },
  {
    "name": "樹",
    "message": "「…………」",
    "len": 1
  },
  {
    "message": "即便你这么说……",
    "len": 1
  },
  {
    "message": "我也不知道。",
    "len": 1
  },
  {
    "message": "但是，我相信。",
    "len": 1
  },
  {
    "message": "悲伤的事情，绝对不会再发生了。",
    "len": 1
  },
  {
    "message": "现在虽然在担心妈妈并四处寻找，但我相信很快就能找到她。",
    "len": 2
  },
  {
    "message": "悲伤的事情再也不会发生了……",
    "len": 1
  },
  {
    "message": "所以如果要回答柚的问题的话——",
    "len": 1
  },
  {
    "name": "樹",
    "message": "「根本没有那个必要。在我所处的世界里——」",
    "len": 1
  },
  {
    "name": "樹",
    "message": "「悲伤的事情绝对不会发生」",
    "len": 1
  },
  {
    "name": "柚",
    "message": "「…………」",
    "len": 1
  },
  {
    "name": "柚",
    "message": "「呐，树看到的世界……是什么样的世界？」",
    "len": 1
  },
  {
    "name": "柚",
    "message": "「在那里，我……存在吗？」",
    "len": 1
  },
  {
    "name": "樹",
    "message": "「当然存在啊。现在就在我眼前的，不就是柚吗？」",
    "len": 1
  },
  {
    "name": "柚",
    "message": "「真的能看到吗。我开始怀疑了」",
    "len": 1
  },
  {
    "name": "柚",
    "message": "「说不定树看到的我，后脑勺和背部什么的都不存在呢」",
    "len": 2
  },
  {
    "name": "樹",
    "message": "「哈哈，你在说什么呢」",
    "len": 1
  },
  {
    "name": "柚",
    "message": "「我可是很认真地在烦恼呢」",
    "len": 1
  },
  {
    "name": "樹",
    "message": "「…………」",
    "len": 1
  },
  {
    "name": "樹",
    "message": "「但是……对不起，柚，我只能选择这边」",
    "len": 1
  },
  {
    "name": "樹",
    "message": "「即使这样……在我眼中看不到柚的后脑勺，我也只能待在这个世界里」",
    "len": 2
  },
  {
    "name": "樹",
    "message": "「总之我……必须去寻找妈妈」",
    "len": 1
  },
  {
    "name": "柚",
    "message": "「你……无论如何都要去吗」",
    "len": 1
  },
  {
    "len": "selection",
    "message": "稍微听一下她的话"
  },
  {
    "len": "selectionend",
    "message": "无论如何"
  },
  {
    "name": "樹",
    "message": "「嗯，嘛……不过，我可以稍微听一下你说」",
    "len": 1
  },
  {
    "name": "柚",
    "message": "「果然，就这种程度啊……什么'稍微听一下'啊，'听你说'啊」",
    "len": 2
  },
  {
    "name": "柚",
    "message": "「真的……你已经不再是这边的人了啊」",
    "len": 1
  },
  {
    "name": "樹",
    "message": "「啊，不是……对不起，刚才说得不太好。听起来像是在施恩似的」",
    "len": 2
  },
  {
    "name": "柚",
    "message": "「不是这个意思啦。也不是说树树你做错了什么」",
    "len": 1
  },
  {
    "name": "柚",
    "message": "「无论我说什么，到头来这都是树树你自己的问题嘛……」",
    "len": 1
  },
  {
    "name": "柚",
    "message": "「只是感觉你不经意间说出的话，让我觉得有点寂寞」",
    "len": 2
  },
  {
    "name": "柚",
    "message": "「原来如此，你已经走得那么远了啊」",
    "len": 1
  },
  {
    "name": "樹",
    "message": "「我根本没去哪儿啊。不是就在这里吗」",
    "len": 1
  },
  {
    "name": "柚",
    "message": "「不是这个意思啦。不过，算了——」",
    "len": 2
  },
  {
    "name": "樹",
    "message": "「嗯，我无论如何都要去」",
    "len": 1
  },
  {
    "message": "即使知道柚会难过……但那是我绝对不能让步的地方。",
    "len": 2
  },
  {
    "message": "因为妈妈是我最重要的人。",
    "len": 1
  },
  {
    "message": "妈妈所在的世界，是对我来说最重要的地方。",
    "len": 1
  },
  {
    "name": "柚",
    "message": "「那些人来到树树家才三周左右，可是……你已经比起我更倾向那边了呢」",
    "len": 2
  },
  {
    "name": "柚",
    "message": "「……明明我和你相处的时间更长」",
    "len": 1
  },
  {
    "name": "樹",
    "message": "「我又不是说要和你断绝关系。别做这种奇怪的比较」",
    "len": 2
  },
  {
    "name": "柚",
    "message": "「是吗……」",
    "len": 1
  },
  {
    "name": "柚",
    "message": "「树树……我们还能做朋友吗？」",
    "len": 1
  },
  {
    "name": "樹",
    "message": "「你在说什么啊，我们一直都是朋友不是吗？从一开始就一直是」",
    "len": 2
  },
  {
    "message": "从久到已经记不清是什么时候开始的那么久以来，一直都是。",
    "len": 1
  },
  {
    "name": "柚",
    "message": "「啊哈哈……从一开始，就一直是吗」",
    "len": 1
  },
  {
    "name": "樹",
    "message": "「……？」",
    "len": 1
  },
  {
    "name": "柚",
    "message": "「是啊，我们一直都是朋友呢」",
    "len": 1
  },
  {
    "name": "樹",
    "message": "「嗯……所以，别摆出那种表情啊」",
    "len": 1
  },
  {
    "name": "柚",
    "message": "「嗯……你说得对。谢谢」",
    "len": 1
  },
  {
    "name": "柚",
    "message": "「树树……别一声不吭就消失了哦」",
    "len": 1
  },
  {
    "name": "樹",
    "message": "「我怎么会那样做。要是要搬家的话，我会好好打招呼再走的」",
    "len": 2
  },
  {
    "name": "柚",
    "message": "「那时候，要带很多礼物来哦」",
    "len": 1
  },
  {
    "name": "樹",
    "message": "「说得对啊……毕竟我一直给你添了不少麻烦」",
    "len": 1
  },
  {
    "name": "柚",
    "message": "「没错。一两件点心可不够，我可不会原谅你的」",
    "len": 1
  },
  {
    "name": "樹",
    "message": "「呃。那岂不是得准备个红包什么的？」",
    "len": 1
  },
  {
    "name": "柚",
    "message": "「诶嘿嘿～，谁知道呢？这就要看平时树树的表现如何了」",
    "len": 1
  },
  {
    "name": "樹",
    "message": "「……我会尽量注意不给你添麻烦的」",
    "len": 1
  },
  {
    "name": "柚",
    "message": "「嗯，你要小心哦」",
    "len": 1
  },
  {
    "name": "樹",
    "message": "「也得注意不给蜜柑桑添麻烦才行啊」",
    "len": 1
  },
  {
    "name": "柚",
    "message": "「没错哦～。妈妈可是很可怕的」",
    "len": 1
  },
  {
    "name": "樹",
    "message": "「……我知道」",
    "len": 1
  },
  {
    "name": "樹",
    "message": "「——那，我走了」",
    "len": 1
  },
  {
    "name": "柚",
    "message": "「嗯」",
    "len": 1
  },
  {
    "name": "柚",
    "message": "「…………」",
    "len": 1
  },
  {
    "name": "樹",
    "message": "「你干嘛摆出那种奇怪的表情啊。简直就像……要永别一样」",
    "len": 1
  },
  {
    "name": "柚",
    "message": "「啊哈哈……对不起」",
    "len": 1
  },
  {
    "name": "柚",
    "message": "「……希望能找到式子桑呢」",
    "len": 1
  },
  {
    "name": "樹",
    "message": "「肯定能找到的吧。她只是在附近出去转悠时迷路了而已」",
    "len": 2
  },
  {
    "name": "柚",
    "message": "「像个小孩子一样」",
    "len": 1
  },
  {
    "name": "樹",
    "message": "「是啊。我妈就是这么孩子气」",
    "len": 1
  },
  {
    "name": "樹",
    "message": "「……啊，对了。总之你得来取那些行李啊。它们把玄关堵得严严实实的，很碍事」",
    "len": 2
  },
  {
    "name": "柚",
    "message": "「嗯，我过段时间就去」",
    "len": 1
  },
  {
    "name": "柚",
    "message": "「一定」",
    "len": 1
  },
  {
    "message": "然后，我和柚分别了。",
    "len": 1
  },
  {
    "message": "虽然我有点在意柚不同寻常的样子，但现在最重要的是妈妈的事。",
    "len": 2
  },
  {
    "message": "柚是有地方可以回去的。",
    "len": 1
  },
  {
    "message": "但妈妈的家，只有那一个地方啊。",
    "len": 1
  },
  {
    "message": "也许有人会说，（姑且算是）大人了，只是出去一会儿而已，用不着大惊小怪的。",
    "len": 2
  },
  {
    "message": "就连我，从客观角度来看也不是不这么想。",
    "len": 1
  },
  {
    "message": "但是。",
    "len": 1
  },
  {
    "message": "客观——去他妈的客观。",
    "len": 1
  },
  {
    "message": "我只能在名为我的容器里看外面的世界。",
    "len": 1
  },
  {
    "message": "『客观地』。",
    "len": 1
  },
  {
    "message": "『冷静地』。",
    "len": 1
  },
  {
    "message": "那种仿佛成了神一样的说法，根本打动不了我的心。",
    "len": 2
  },
  {
    "message": "能对我提出意见的……只有我的家人而已。",
    "len": 1
  },
  {
    "message": "…………。",
    "len": 1
  },
  {
    "message": "那么，该去哪里找呢……。",
    "len": 1
  },
  {
    "len": "selection",
    "message": "公园"
  },
  {
    "len": "selection",
    "message": "夸勒"
  },
  {
    "len": "selection",
    "message": "河滩"
  },
  {
    "len": "selectionend",
    "message": "警察局"
  },
  {
    "message": "那里已经找过了。去别的地方找吧。",
    "len": 1
  },
  {
    "message": "说到妈妈可能在的地方……。",
    "len": 1
  },
  {
    "message": "可能因为是寒假，公园里还是有不少人。",
    "len": 1
  },
  {
    "message": "明明这么冷……",
    "len": 1
  },
  {
    "message": "尽管这么冷……草坪却依然郁郁葱葱。",
    "len": 1
  },
  {
    "message": "这里给人的感觉比实际气温要暖和得多。",
    "len": 1
  },
  {
    "message": "怎么说呢，有种妈妈般的氛围。",
    "len": 1
  },
  {
    "message": "也许正是因为这样，一躺在草坪上就容易犯困。",
    "len": 1
  },
  {
    "name": "樹",
    "message": "「如果在这里的话……」",
    "len": 1
  },
  {
    "message": "我突然想到。",
    "len": 1
  },
  {
    "message": "如果在这里睡着了，说不定醒来时就会发现自己不知不觉间枕在妈妈的膝上。",
    "len": 2
  },
  {
    "message": "…………。",
    "len": 1
  },
  {
    "message": "当然，不可能发生这种事。",
    "len": 1
  },
  {
    "message": "不，虽然感觉也不是完全不可能，但现在可没时间悠闲地想这些。",
    "len": 2
  },
  {
    "message": "我绕着公园转了一圈，却没看到妈妈的身影。",
    "len": 1
  },
  {
    "message": "这里，在这个镇上，大概是妈妈最常来的地方。",
    "len": 1
  },
  {
    "message": "地下的食品卖场。",
    "len": 1
  },
  {
    "message": "屋顶的园艺店和宠物店。",
    "len": 1
  },
  {
    "message": "……顺便，三楼那家二手商店。",
    "len": 1
  },
  {
    "message": "转了一圈，还是没找到妈妈。",
    "len": 1
  },
  {
    "message": "人这么多，就算妈妈在这里，我可能也发现不了。",
    "len": 2
  },
  {
    "message": "是啊，我不禁这么想。",
    "len": 1
  },
  {
    "message": "但是，我还是莫名地有些自信。",
    "len": 1
  },
  {
    "message": "我觉得，如果妈妈在这里的话，我一定能发现。",
    "len": 1
  },
  {
    "message": "因为妈妈身上散发着与其他人完全不同的气质。",
    "len": 1
  },
  {
    "message": "那气质像森林，又像温柔的光芒……有时也像小小的麻烦……",
    "len": 2
  },
  {
    "message": "总之有种特别的存在感。",
    "len": 1
  },
  {
    "message": "但是我没有感觉到。",
    "len": 1
  },
  {
    "message": "所以我判断，妈妈不在这里。",
    "len": 1
  },
  {
    "message": "河滩。",
    "len": 1
  },
  {
    "message": "这里常有人丢弃大件垃圾，结衣姐经常从这里捡些破烂回来。",
    "len": 2
  },
  {
    "message": "虽然确实有些看起来还能用的东西，但垃圾就是垃圾。",
    "len": 1
  },
  {
    "message": "不是能不能用的问题，而是当与使用它的人失去联系时，它就成了垃圾。",
    "len": 2
  },
  {
    "name": "樹",
    "message": "「话说回来……」",
    "len": 1
  },
  {
    "message": "……水边真冷啊。",
    "len": 1
  },
  {
    "message": "我曾经和妈妈一起来过这里。",
    "len": 1
  },
  {
    "message": "那时候可能是因为和妈妈在一起，所以没觉得冷。",
    "len": 2
  },
  {
    "message": "12月嘛，冷是理所当然的。",
    "len": 1
  },
  {
    "message": "虽然我平时不太在意日期，但已经是年末了……",
    "len": 2
  },
  {
    "message": "说起来……",
    "len": 1
  },
  {
    "message": "我看向河对岸。",
    "len": 1
  },
  {
    "message": "听说那个方向以前有一家医院……",
    "len": 1
  },
  {
    "message": "虽然我自己并没有亲眼见过那里的景色，所以即使看向那边也不会有什么特别的感觉。",
    "len": 2
  },
  {
    "message": "只是……我可能是在追寻妈妈的足迹，试图理解她的想法……大概就是这种感觉吧。",
    "len": 2
  },
  {
    "message": "我在努力抓住妈妈曾经存在过的痕迹。",
    "len": 1
  },
  {
    "message": "但是仅仅望着河对岸，什么也无法明白。",
    "len": 1
  },
  {
    "message": "看来……波斯菊已经不再盛开了。",
    "len": 1
  },
  {
    "message": "这里……嗯，虽然我觉得她不会来。",
    "len": 1
  },
  {
    "message": "对妈妈来说，这里根本就没有什么好回忆。",
    "len": 1
  },
  {
    "message": "毕竟，她在这里被抓住……不，应该说是被警察带走了。",
    "len": 1
  },
  {
    "name": "樹",
    "message": "「…………」",
    "len": 1
  },
  {
    "message": "话说，她现在应该不会还被抓着吧？",
    "len": 1
  },
  {
    "name": "樹",
    "message": "「…………」",
    "len": 1
  },
  {
    "message": "这种可能性，我觉得还挺高的。",
    "len": 1
  },
  {
    "name": "樹",
    "message": "「唔……」",
    "len": 1
  },
  {
    "message": "……不对。",
    "len": 1
  },
  {
    "message": "如果真是那样的话，家里应该早就收到通知了吧。",
    "len": 1
  },
  {
    "message": "话说回来，这个地方现在虽然有一座气派的警察局大楼，但听说以前是片空地，还竖着一座电波塔。",
    "len": 2
  },
  {
    "message": "虽然我不太了解那时候的事，但如果发生过什么的话……",
    "len": 1
  },
  {
    "message": "大概也没什么吧。",
    "len": 1
  },
  {
    "message": "我从来没听说过这样的事。",
    "len": 1
  },
  {
    "name": "樹",
    "message": "「…………」",
    "len": 1
  },
  {
    "message": "感觉已经走投无路了。",
    "len": 1
  },
  {
    "message": "本来这个镇上就没什么特别的景点。",
    "len": 1
  },
  {
    "message": "在这种情况下，妈妈可能去的地方是有限的。",
    "len": 1
  },
  {
    "message": "当然，虽说没什么特别的景点，但毕竟是一个市，面积还是相当大的。",
    "len": 2
  },
  {
    "message": "要把这些地方全部走一遍是不可能的。",
    "len": 1
  },
  {
    "message": "但是……不可能去一个完全没有关系的地方。",
    "len": 1
  },
  {
    "message": "像妈妈那样的人。",
    "len": 1
  },
  {
    "message": "我不知怎的，就是这么想的。",
    "len": 1
  },
  {
    "message": "一个人站在陌生的地方，这样的画面似乎不太适合那个妈妈。",
    "len": 2
  },
  {
    "message": "虽然说「不适合」是个非常不靠谱的理由。",
    "len": 1
  },
  {
    "message": "漫无目的地走着，就来到了这样一个地方。",
    "len": 1
  },
  {
    "name": "樹",
    "message": "「……原来还有这种地方啊」",
    "len": 1
  },
  {
    "message": "是一片空旷的空地。",
    "len": 1
  },
  {
    "message": "不知道是拆掉了什么变成了这片空地，还是准备在这里建些什么，总之给人一种非常寂寞的感觉。",
    "len": 2
  },
  {
    "message": "妈妈不在这里，只要稍微环顾四周就能看出来。",
    "len": 1
  },
  {
    "name": "樹",
    "message": "「……回去吧」",
    "len": 1
  },
  {
    "message": "虽然是从未来过的地方，不过幸运的是，这个镇上有个显眼的标志。",
    "len": 2
  },
  {
    "message": "就是Quare附近的电波塔。",
    "len": 1
  },
  {
    "message": "所以，即使去了不熟悉的地方也不太容易迷路。",
    "len": 1
  },
  {
    "message": "差不多该给家里打个电话了吧……",
    "len": 1
  },
  {
    "message": "…………",
    "len": 1
  },
  {
    "message": "根据接电话的琴子所说，妈妈还没有回来，也没有结衣姐的好消息。",
    "len": 2
  },
  {
    "message": "电卓那边……似乎也没有联系。",
    "len": 1
  },
  {
    "message": "……那个手机，怎么看都不像是能正常使用的样子啊。",
    "len": 1
  },
  {
    "name": "樹",
    "message": "「…………」",
    "len": 1
  },
  {
    "message": "要不要再去那里看看。",
    "len": 1
  },
  {
    "message": "总觉得那个地方最适合母亲出现。",
    "len": 1
  },
  {
    "message": "上次去的时候，她还有点兴奋呢。",
    "len": 1
  },
  {
    "message": "说什么不知道这里竟然建了这样一个公园。",
    "len": 1
  },
  {
    "message": "还说草坪很宽阔，远处还有片森林。",
    "len": 1
  },
  {
    "message": "我决定去那片森林看看。",
    "len": 1
  },
  {
    "message": "母亲曾梦想着拥有一个如同小森林般的家庭。",
    "len": 1
  },
  {
    "message": "如果要说母亲会在哪里，我只能想到这个地方了。",
    "len": 2
  },
  {
    "message": "所以，虽然刚才已经看过了，但我还是决定再来一次。",
    "len": 1
  },
  {
    "message": "然后——",
    "len": 1
  },
  {
    "message": "找到了。",
    "len": 1
  },
  {
    "message": "一个小女孩坐在树根旁，靠着树干睡着了，发出轻轻的呼吸声。",
    "len": 2
  },
  {
    "message": "是妈妈。",
    "len": 1
  },
  {
    "name": "式子",
    "message": "「呼、呼……」",
    "len": 1
  },
  {
    "message": "就像小孩子一样的呼吸声。",
    "len": 1
  },
  {
    "message": "安详的睡颜。",
    "len": 1
  },
  {
    "message": "与昨天那副沮丧的表情完全不同，是一张平静的脸。",
    "len": 1
  },
  {
    "message": "我本想一直这样看着她，但也不能就这样下去。",
    "len": 2
  },
  {
    "name": "樹",
    "message": "「妈，在这种地方睡觉会感冒的」",
    "len": 1
  },
  {
    "name": "式子",
    "message": "「呼、呼……」",
    "len": 1
  },
  {
    "message": "光是叫她好像醒不过来啊……",
    "len": 1
  },
  {
    "message": "毕竟是像个孩子一样的人呢。",
    "len": 1
  },
  {
    "name": "樹",
    "message": "「妈妈啊」",
    "len": 1
  },
  {
    "message": "我抓住她的肩膀，轻轻摇晃。",
    "len": 1
  },
  {
    "name": "式子",
    "message": "「嗯……嗯？」",
    "len": 1
  },
  {
    "message": "然后妈妈——",
    "len": 1
  },
  {
    "message": "醒过来了。",
    "len": 1
  },
  {
    "name": "式子",
    "message": "「啊，咦……塔君？这是哪里？」",
    "len": 1
  },
  {
    "name": "樹",
    "message": "「您还没睡醒吗。……是公园里的树林啊」",
    "len": 1
  },
  {
    "name": "式子",
    "message": "「啊，啊啊，啊哈哈，是这样啊？」",
    "len": 1
  },
  {
    "name": "樹",
    "message": "「醒了吗？」",
    "len": 1
  },
  {
    "name": "式子",
    "message": "「……嗯，完全醒了。大概一半吧」",
    "len": 1
  },
  {
    "message": "这可不能说是完全醒了。",
    "len": 1
  },
  {
    "name": "式子",
    "message": "「因为这些树木很温柔……」",
    "len": 1
  },
  {
    "message": "妈妈抚摸着树木的表面。",
    "len": 1
  },
  {
    "name": "式子",
    "message": "「不知不觉就睡着了」",
    "len": 1
  },
  {
    "name": "樹",
    "message": "「果然妈妈在这种地方会感到安心呢」",
    "len": 1
  },
  {
    "name": "式子",
    "message": "「……嘿嘿，好像是这样」",
    "len": 1
  },
  {
    "name": "樹",
    "message": "「不过会着凉的，我们回去吧」",
    "len": 1
  },
  {
    "message": "我这么说着伸出手，妈妈低下了视线。",
    "len": 1
  },
  {
    "message": "她的表情也肉眼可见地阴沉下来。",
    "len": 1
  },
  {
    "message": "大概是想起了自己离家出走的事吧。",
    "len": 1
  },
  {
    "name": "樹",
    "message": "「喂，妈妈。怎么了？」",
    "len": 1
  },
  {
    "name": "樹",
    "message": "「如果是来森林里放松的话，嗯，那也不错」",
    "len": 2
  },
  {
    "name": "樹",
    "message": "「但是，不告诉任何人就出来的话，大家都会担心的哦」",
    "len": 1
  },
  {
    "message": "我尽量注意不要用责备的语气说道。",
    "len": 1
  },
  {
    "name": "式子",
    "message": "「……对不起啊」",
    "len": 1
  },
  {
    "name": "樹",
    "message": "「嗯，算了……你没事就好」",
    "len": 1
  },
  {
    "name": "式子",
    "message": "「小树，你会担心我啊」",
    "len": 1
  },
  {
    "name": "樹",
    "message": "「说什么呢。这不是理所当然的吗」",
    "len": 1
  },
  {
    "name": "式子",
    "message": "「但是啊——」",
    "len": 1
  },
  {
    "name": "式子",
    "message": "「妈妈……我回不去了」",
    "len": 1
  },
  {
    "name": "樹",
    "message": "「你在说什么啊」",
    "len": 1
  },
  {
    "name": "式子",
    "message": "「我不是在开玩笑。因为，妈妈已经什么都做不了了……」",
    "len": 2
  },
  {
    "name": "式子",
    "message": "「种蔬菜啊，杂交啊……」",
    "len": 1
  },
  {
    "name": "樹",
    "message": "「哎，你一直在介意这些事吗？」",
    "len": 1
  },
  {
    "name": "樹",
    "message": "「不，说'这些事'可能不太好。对妈妈来说是很重要的问题呢」",
    "len": 2
  },
  {
    "name": "樹",
    "message": "「虽然这确实是需要解决的问题……」",
    "len": 1
  },
  {
    "name": "樹",
    "message": "「但是，对我们来说妈妈很重要，并不是因为这些」",
    "len": 2
  },
  {
    "name": "式子",
    "message": "「大家这么在意我，我真的很高兴」",
    "len": 1
  },
  {
    "name": "式子",
    "message": "「但是，果然还是不行啊。有个什么都做不了的妈妈，也没有意义」",
    "len": 2
  },
  {
    "name": "樹",
    "message": "「……哎，今天的妈妈真是固执得有点奇怪啊」",
    "len": 1
  },
  {
    "name": "式子",
    "message": "「如果什么都做不了，妈妈就不是妈妈了」",
    "len": 1
  },
  {
    "name": "樹",
    "message": "「你在说什么莫名其妙的话啊。妈妈就是妈妈啊」",
    "len": 1
  },
  {
    "name": "式子",
    "message": "「……谢谢」",
    "len": 1
  },
  {
    "message": "但那是一个寂寞的笑容，完全看不出她认同了我的话。",
    "len": 2
  },
  {
    "name": "式子",
    "message": "「但是呢，当妈妈作为妈妈出现在塔君面前时，她也同时拥有了塔君他们所说的那种「能力」」",
    "len": 2
  },
  {
    "name": "式子",
    "message": "「那是妈妈存在的一部分」",
    "len": 1
  },
  {
    "name": "樹",
    "message": "「虽然可能确实如此……」",
    "len": 1
  },
  {
    "name": "樹",
    "message": "「但是我们觉得妈妈很重要这种想法，跟那些无关吧」",
    "len": 2
  },
  {
    "name": "式子",
    "message": "「不是这样的，塔君」",
    "len": 1
  },
  {
    "message": "妈妈慢慢站起身来，伸出手，双手触碰到我的脸颊。",
    "len": 2
  },
  {
    "message": "妈妈几乎是踮起脚尖的姿势，但我感觉像是被妈妈用双臂抱住了一样。",
    "len": 2
  },
  {
    "message": "然后从她的指尖——",
    "len": 1
  },
  {
    "message": "有什么东西流了进来。",
    "len": 1
  },
  {
    "message": "不幸福的家庭。",
    "len": 1
  },
  {
    "message": "每次见面时的争吵。",
    "len": 1
  },
  {
    "message": "最终找到的解决方案。",
    "len": 1
  },
  {
    "message": "心痛的少女",
    "len": 7
  },
  {
    "message": "渴望幸福家庭的少女",
    "len": 10
  },
  {
    "message": "下定决心要让父母重归于好的少女。",
    "len": 1
  },
  {
    "message": "然而，计划遭遇挫折。",
    "len": 1
  },
  {
    "message": "父亲的死亡。",
    "len": 1
  },
  {
    "message": "对『肉』的感知。",
    "len": 1
  },
  {
    "message": "意识到『肉』意味着『结束』。",
    "len": 1
  },
  {
    "message": "对『火』的认知。",
    "len": 1
  },
  {
    "message": "意识到『火』是带来『结束』的东西。",
    "len": 1
  },
  {
    "message": "找回幸福变成了永远无法实现的事。",
    "len": 1
  },
  {
    "message": "少女开始厌恶『肉』和『火』。",
    "len": 1
  },
  {
    "message": "然后，少女所追求的东西。",
    "len": 1
  },
  {
    "message": "那是永无止境、持续不断的事物。",
    "len": 1
  },
  {
    "message": "如森林般绵延不绝——",
    "len": 1
  },
  {
    "message": "『生命』",
    "len": 1
  },
  {
    "message": "…………。",
    "len": 1
  },
  {
    "message": "然后，邂逅发生了。",
    "len": 1
  },
  {
    "message": "已经成年的少女获得了『力量』——",
    "len": 1
  },
  {
    "message": "这些零碎的画面，涌入了我的脑海。",
    "len": 1
  },
  {
    "message": "那是，",
    "len": 1
  },
  {
    "message": "不祥的，",
    "len": 1
  },
  {
    "message": "悲伤的，",
    "len": 1
  },
  {
    "message": "但是在根源处，却被温柔的情感所包围。",
    "len": 1
  },
  {
    "name": "樹",
    "message": "「那个梦是——妈妈的……」",
    "len": 1
  },
  {
    "message": "是这边的妈妈，'飞行'之前的妈妈的记忆吗……",
    "len": 1
  },
  {
    "message": "我是这么理解的。",
    "len": 1
  },
  {
    "message": "虽然不知道为什么会出现在我的梦里，也不明白为什么现在会传达给我。",
    "len": 2
  },
  {
    "name": "式子",
    "message": "「那时，妈妈获得了『力量』」",
    "len": 1
  },
  {
    "name": "式子",
    "message": "「……呐，塔君，你知道为什么妈妈的『力量』消失了吗？」",
    "len": 2
  },
  {
    "message": "这种事，怎么可能知道。",
    "len": 1
  },
  {
    "message": "首先，连那种力量是通过什么机制起作用的都完全不清楚。",
    "len": 2
  },
  {
    "message": "但是，妈妈说话的语气却像是非常清楚的样子。",
    "len": 1
  },
  {
    "name": "式子",
    "message": "「那是因为，妈妈变得幸福了啊」",
    "len": 1
  },
  {
    "name": "樹",
    "message": "「诶——？」",
    "len": 1
  },
  {
    "name": "式子",
    "message": "「25年前那时获得的『力量』，是妈妈『不幸』的反作用一样的东西」",
    "len": 2
  },
  {
    "name": "式子",
    "message": "「但是，多亏了塔君和大家，妈妈变得幸福了……」",
    "len": 2
  },
  {
    "name": "式子",
    "message": "「『不幸』消失了，『力量』也随之消失，这是理所当然的事」",
    "len": 2
  },
  {
    "name": "式子",
    "message": "「『力量』消失了……妈妈存在的理由也就不复存在了」",
    "len": 2
  },
  {
    "name": "式子",
    "message": "「从一开始就是矛盾的，要说是矛盾的话……」",
    "len": 1
  },
  {
    "name": "式子",
    "message": "「啊哈哈。简单来说，过去的妈妈，是不是太贪心了呢」",
    "len": 2
  },
  {
    "name": "樹",
    "message": "「那个……虽然有些地方我还不太明白……」",
    "len": 1
  },
  {
    "name": "樹",
    "message": "「如果妈妈因为变得幸福而失去了『力量』的话，那样不是也挺好的吗」",
    "len": 2
  },
  {
    "name": "樹",
    "message": "「即使没有那种『力量』，只要能在幸福的家庭中生活，这不就足够了吗？」",
    "len": 2
  },
  {
    "name": "式子",
    "message": "「事情没有那么简单……妈妈们就是为此而生的存在啊……」",
    "len": 2
  },
  {
    "name": "樹",
    "message": "「为此而生……」",
    "len": 1
  },
  {
    "name": "樹",
    "message": "「那个……啊，对了」",
    "len": 1
  },
  {
    "name": "樹",
    "message": "「你看，不是经常在歌里听到吗？经历过悲伤的人才能变得更温柔，诸如此类的」",
    "len": 2
  },
  {
    "name": "樹",
    "message": "「我觉得这其实是同一个道理」",
    "len": 1
  },
  {
    "name": "樹",
    "message": "「过去的事就让它过去吧，从现在开始幸福地生活不就好了吗」",
    "len": 1
  },
  {
    "name": "樹",
    "message": "「非得保持不幸什么的，太奇怪了吧」",
    "len": 1
  },
  {
    "name": "式子",
    "message": "「……那个啊，和你说的不一样，塔君」",
    "len": 1
  },
  {
    "message": "妈妈这样说道。",
    "len": 1
  },
  {
    "message": "我感觉其中似乎还包含了一丝怜悯的情绪。",
    "len": 2
  },
  {
    "name": "式子",
    "message": "「用那首歌的比喻来说的话……」",
    "len": 1
  },
  {
    "name": "式子",
    "message": "「如果因为变得温柔而获得幸福，那存在的理由本身就会消失」",
    "len": 2
  },
  {
    "name": "式子",
    "message": "「因为，妈妈们就是这样被『赋予』了『意义』啊」",
    "len": 2
  },
  {
    "message": "意义？",
    "len": 1
  },
  {
    "message": "被赋予？",
    "len": 1
  },
  {
    "name": "樹",
    "message": "「什么啊。这是什么意思？」",
    "len": 1
  },
  {
    "name": "式子",
    "message": "「虽然我不太会解释……」",
    "len": 1
  },
  {
    "name": "式子",
    "message": "「就是为什么妈妈会在这里，而不是那边的妈妈，这个原因」",
    "len": 2
  },
  {
    "name": "式子",
    "message": "「所以妈妈……是不能幸福的。为了让大家都能幸福」",
    "len": 2
  },
  {
    "name": "式子",
    "message": "「幸福的妈妈，是不能存在于大家之中的啊」",
    "len": 1
  },
  {
    "name": "樹",
    "message": "「所以……你才离开家的吗？」",
    "len": 1
  },
  {
    "message": "妈妈轻轻地点了点头。",
    "len": 1
  },
  {
    "name": "樹",
    "message": "「怎么会这样……妈妈不幸福，大家怎么可能幸福呢」",
    "len": 2
  },
  {
    "name": "式子",
    "message": "「你能这么想我很高兴，但是……妈妈，很害怕」",
    "len": 2
  },
  {
    "name": "樹",
    "message": "「害怕？」",
    "len": 1
  },
  {
    "name": "式子",
    "message": "「是啊，害怕『结束』会来临」",
    "len": 1
  },
  {
    "name": "式子",
    "message": "「失去存在意义的妈妈……已经无法再组建家庭了」",
    "len": 2
  },
  {
    "name": "式子",
    "message": "「『结束』，就要来了……」",
    "len": 1
  },
  {
    "name": "式子",
    "message": "「大家，都会死掉……」",
    "len": 1
  },
  {
    "name": "式子",
    "message": "「家人，都会消失的……」",
    "len": 1
  },
  {
    "name": "樹",
    "message": "「这个嘛……虽说人都有寿命，总有一天会死，但现在我们大家都是一家人啊」",
    "len": 2
  },
  {
    "name": "樹",
    "message": "「不会消失的」",
    "len": 1
  },
  {
    "name": "樹",
    "message": "「琴子也是」",
    "len": 1
  },
  {
    "name": "樹",
    "message": "「结衣姐也是」",
    "len": 1
  },
  {
    "name": "樹",
    "message": "「姬子猫也是」",
    "len": 1
  },
  {
    "name": "樹",
    "message": "「电卓脑袋也是……？」",
    "len": 1
  },
  {
    "name": "樹",
    "message": "「……帕克也是……？」",
    "len": 1
  },
  {
    "name": "樹",
    "message": "「…………」",
    "len": 1
  },
  {
    "name": "樹",
    "message": "「……嗯，总之，大家都是。大家都是一家人，绝对不会结束的」",
    "len": 2
  },
  {
    "name": "樹",
    "message": "「当然，妈妈就是这个家的中心。谁都不能缺席」",
    "len": 2
  },
  {
    "name": "式子",
    "message": "「……妈妈，我可以变得幸福吗？」",
    "len": 1
  },
  {
    "message": "说这话时的妈妈，看起来非常没有自信。",
    "len": 1
  },
  {
    "name": "樹",
    "message": "「这还用说，当然可以啊」",
    "len": 1
  },
  {
    "name": "樹",
    "message": "「本来就是妈妈让现在的家人变得幸福的。最重要的妈妈自己不幸福怎么行」",
    "len": 2
  },
  {
    "name": "式子",
    "message": "「…………」",
    "len": 1
  },
  {
    "name": "式子",
    "message": "「……………………」",
    "len": 1
  },
  {
    "name": "式子",
    "message": "「说得对呢……不能让大家担心啊」",
    "len": 1
  },
  {
    "message": "长时间沉默后妈妈说出的话，与我期望的方向有些不同。",
    "len": 2
  },
  {
    "message": "尽管如此，不管出于什么理由，我还是希望妈妈能回家。",
    "len": 2
  },
  {
    "message": "我希望她能待在家里。",
    "len": 1
  },
  {
    "message": "我希望她能成为家庭的中心。",
    "len": 1
  },
  {
    "message": "所以，我说道。",
    "len": 1
  },
  {
    "name": "樹",
    "message": "「是啊，大家都在等你呢。快点回来吧」",
    "len": 1
  },
  {
    "name": "式子",
    "message": "「嗯——」",
    "len": 1
  },
  {
    "message": "妈妈点了点头。",
    "len": 1
  },
  {
    "message": "虽然算不上满面笑容，但确实可以称得上是一种笑容的表情。",
    "len": 2
  },
  {
    "message": "即使不是发自内心的喜悦。",
    "len": 1
  },
  {
    "message": "然后我给家里打了个电话，和妈妈一起回家了。",
    "len": 1
  },
  {
    "name": "式子",
    "message": "「……啊哈哈」",
    "len": 1
  },
  {
    "message": "站在家门前，妈妈似乎有点畏缩不前。",
    "len": 1
  },
  {
    "name": "樹",
    "message": "「怎么了？」",
    "len": 1
  },
  {
    "name": "式子",
    "message": "「……就是觉得，可能没脸见大家了～之类的」",
    "len": 1
  },
  {
    "name": "樹",
    "message": "「你在说什么呀，不会的」",
    "len": 1
  },
  {
    "name": "式子",
    "message": "「诶嘿嘿……是、是这样吗？」",
    "len": 1
  },
  {
    "name": "琴子",
    "message": "「欢迎回来……妈妈」",
    "len": 1
  },
  {
    "name": "式子",
    "message": "「啊，我、我回来了，琴子」",
    "len": 1
  },
  {
    "message": "气氛有点尴尬。",
    "len": 1
  },
  {
    "name": "ギズモ",
    "message": "「式子，回来了吗？」",
    "len": 1
  },
  {
    "message": "姬子猫突然探出头来。",
    "len": 1
  },
  {
    "name": "式子",
    "message": "「我回来了，小姬」",
    "len": 1
  },
  {
    "name": "ギズモ",
    "message": "「式子，你回来啦！」",
    "len": 1
  },
  {
    "message": "姬子猫啪嗒啪嗒地跑了过来。",
    "len": 1
  },
  {
    "message": "然后扑向了妈妈。",
    "len": 1
  },
  {
    "message": "哐当！",
    "len": 1
  },
  {
    "message": "两人纠缠在一起滚到了玄关。",
    "len": 1
  },
  {
    "name": "樹",
    "message": "「喂、喂，姬子猫，这样很危险啊。你已经不是猫的体型了」",
    "len": 2
  },
  {
    "message": "话说回来妈妈反而更小一些。",
    "len": 1
  },
  {
    "name": "式子",
    "message": "「啊哈哈～……」",
    "len": 1
  },
  {
    "message": "但是妈妈虽然揉着似乎撞到的腰部，却还是笑着抚摸姬子猫的头。",
    "len": 2
  },
  {
    "name": "式子",
    "message": "「让你担心了真是对不起，姬酱」",
    "len": 1
  },
  {
    "name": "ギズモ",
    "message": "「喵～」",
    "len": 1
  },
  {
    "message": "突然，姬子猫站了起来。",
    "len": 1
  },
  {
    "name": "ギズモ",
    "message": "「稍等一下，式子」",
    "len": 1
  },
  {
    "message": "然后就这样消失在了屋子深处。",
    "len": 1
  },
  {
    "name": "式子",
    "message": "「……？」",
    "len": 1
  },
  {
    "message": "过了一会儿，再次出现的姬子猫拖着一个奇怪的东西。",
    "len": 2
  },
  {
    "message": "……原来是把绳子绑在了啪酱身上，拽着它过来了。",
    "len": 1
  },
  {
    "name": "樹",
    "message": "「喂喂，你在干什么」",
    "len": 1
  },
  {
    "name": "ギズモ",
    "message": "「咕啪，式子，等着你呢」",
    "len": 1
  },
  {
    "name": "式子",
    "message": "「啊，哎呀～，啪君……」",
    "len": 1
  },
  {
    "message": "母亲看起来也不知该说什么好。",
    "len": 1
  },
  {
    "name": "樹",
    "message": "「…………」",
    "len": 1
  },
  {
    "message": "呃，这是应该为两个（？）原本不和的生物之间跨越物种的友情而感动的场合吗……？",
    "len": 2
  },
  {
    "message": "不，这更像是姬子猫趁啪君虚弱，强行把它拖过来的感觉……。",
    "len": 2
  },
  {
    "name": "樹",
    "message": "「喂喂，它又不是狗」",
    "len": 1
  },
  {
    "message": "总之，先把啪君从绳子里解放出来。",
    "len": 1
  },
  {
    "message": "绳子是单结，所以需要用美工刀割断。",
    "len": 2
  },
  {
    "name": "ギズモ",
    "message": "「绳子，文明利器」",
    "len": 1
  },
  {
    "message": "姬子猫一脸自豪地说道。",
    "len": 1
  },
  {
    "message": "……又学会了一个难懂的词。",
    "len": 1
  },
  {
    "message": "嘛，这家伙喜欢看电视……看着看着就记住了吧。",
    "len": 1
  },
  {
    "name": "式子",
    "message": "「啪君也欢迎回家」",
    "len": 1
  },
  {
    "message": "母亲像对待姬子猫时那样，抚摸着食虫植物的头（？）。",
    "len": 2
  },
  {
    "message": "啪君虽然虚弱，但还是回应了母亲的抚摸，高兴地张开了嘴。",
    "len": 2
  },
  {
    "message": "看起来很高兴——虽然不太清楚，但我也隐约感受到了。",
    "len": 2
  },
  {
    "message": "当然会高兴。",
    "len": 1
  },
  {
    "message": "因为母亲回来了嘛。",
    "len": 1
  },
  {
    "message": "过了一会儿，结衣姐姐也回来了。",
    "len": 1
  },
  {
    "name": "結衣",
    "message": "「果然，和结衣说的一样」",
    "len": 1
  },
  {
    "name": "樹",
    "message": "「什么？」",
    "len": 1
  },
  {
    "name": "結衣",
    "message": "「是树把妈妈带回来的」",
    "len": 1
  },
  {
    "message": "……说起来，好像出门前他确实说过这样的话。",
    "len": 1
  },
  {
    "name": "結衣",
    "message": "「妈妈，欢迎回家」",
    "len": 1
  },
  {
    "name": "式子",
    "message": "「……我回来了，结衣酱」",
    "len": 1
  },
  {
    "message": "总之，我们决定让妈妈今天一整天都在房间里休息。",
    "len": 1
  },
  {
    "message": "虽然没有特意叮嘱……但我想她应该不会再默不作声地离开了。",
    "len": 2
  },
  {
    "message": "啪君也很虚弱，所以和妈妈在一起。",
    "len": 1
  },
  {
    "name": "樹",
    "message": "「那么，先泡点茶吧」",
    "len": 1
  },
  {
    "name": "琴子",
    "message": "「嗯，这个主意不错」",
    "len": 1
  },
  {
    "name": "結衣",
    "message": "「赞成」",
    "len": 1
  },
  {
    "name": "ギズモ",
    "message": "「茶！喝水喝得头晕眼花！」",
    "len": 1
  },
  {
    "name": "樹",
    "message": "「……姬子猫还是喝牛奶吧」",
    "len": 1
  },
  {
    "name": "結衣",
    "message": "「呼，感觉又活过来了」",
    "len": 1
  },
  {
    "message": "我们喝着妈妈特制的花草茶，稍作休息。",
    "len": 1
  },
  {
    "message": "姬子猫正在慢慢舔着温热的牛奶。",
    "len": 1
  },
  {
    "name": "樹",
    "message": "「……说起来，总觉得好像忘了什么」",
    "len": 1
  },
  {
    "name": "結衣",
    "message": "「结衣没有忘记什么哦？」",
    "len": 1
  },
  {
    "name": "琴子",
    "message": "「什么是'什么'啊？」",
    "len": 1
  },
  {
    "name": "樹",
    "message": "「因为不知道所以才说是'什么'啊……」",
    "len": 1
  },
  {
    "name": "琴子",
    "message": "「是啊」",
    "len": 1
  },
  {
    "name": "ギズモ",
    "message": "「喵！」",
    "len": 1
  },
  {
    "name": "樹",
    "message": "「……不，我觉得不是这样」",
    "len": 1
  },
  {
    "name": "樹",
    "message": "「嗯……」",
    "len": 1
  },
  {
    "name": "結衣",
    "message": "「能忘记的事情，应该也不是什么重要的吧？」",
    "len": 1
  },
  {
    "name": "琴子",
    "message": "「就是啊。再说妈妈也回来了」",
    "len": 1
  },
  {
    "name": "樹",
    "message": "「……说得对」",
    "len": 1
  },
  {
    "message": "妈妈回来了，喝着温暖的饮品……感觉好久没有这么平静了。",
    "len": 2
  },
  {
    "name": "樹",
    "message": "「果然，家人还是要齐齐整整的才行啊」",
    "len": 1
  },
  {
    "name": "結衣",
    "message": "「可不是嘛」",
    "len": 1
  },
  {
    "name": "琴子",
    "message": "「我们一个人是什么都做不到的呀」",
    "len": 1
  },
  {
    "name": "樹",
    "message": "「……是啊」",
    "len": 1
  },
  {
    "message": "我漫不经心地晃动着装有花草茶的杯子，陷入了沉思。",
    "len": 1
  },
  {
    "message": "…………。",
    "len": 1
  },
  {
    "message": "嗯？",
    "len": 1
  },
  {
    "message": "杯底的干燥花草正在轻轻摇曳。",
    "len": 1
  },
  {
    "message": "不知为何，这景象奇妙地触动了我的心弦。",
    "len": 1
  },
  {
    "name": "樹",
    "message": "「……啊，我想起来了」",
    "len": 1
  },
  {
    "name": "琴子",
    "message": "「……想起什么了？」",
    "len": 1
  },
  {
    "message": "花草。",
    "len": 1
  },
  {
    "message": "树叶。",
    "len": 1
  },
  {
    "message": "就在这时，我听到玄关的门被打开的声音。",
    "len": 1
  },
  {
    "name": "電卓",
    "message": "「呜，冷死了冷死了。得赶紧吃碗泡面，不然要冻死在这儿了」",
    "len": 2
  },
  {
    "name": "ギズモ",
    "message": "「电卓！」",
    "len": 1
  },
  {
    "message": "我完全忘记了。",
    "len": 1
  },
  {
    "message": "忘记了那个出去寻找有机萝莉的家伙。",
    "len": 1
  },
  {
    "name": "結衣",
    "message": "「啊啊」",
    "len": 2
  },
  {
    "message": "琴子和结衣姐对视了一眼。",
    "len": 1
  },
  {
    "name": "琴子",
    "message": "「……确实忘记了」",
    "len": 1
  },
  {
    "name": "結衣",
    "message": "「……嗯」",
    "len": 1
  },
  {
    "name": "電卓",
    "message": "「靠，这手机根本就用不了嘛。简直是个次品，下次一定要去店里投诉」",
    "len": 2
  },
  {
    "name": "樹",
    "message": "「……会不会是您的脑子才是次品呢」",
    "len": 1
  },
  {
    "message": "……因为心里有愧，连吐槽都不由自主地变成了敬语。",
    "len": 2
  },
  {
    "name": "電卓",
    "message": "「……你、你这是什么说话方式」",
    "len": 1
  },
  {
    "message": "电卓脑袋被吓到了。",
    "len": 1
  },
  {
    "message": "这是罕见的反应。",
    "len": 1
  },
  {
    "name": "琴子",
    "message": "「来来，爸爸，我去泡茶，一起喝吧」",
    "len": 1
  },
  {
    "name": "電卓",
    "message": "「恶、恶心死了！还有，我不是一直说过我讨厌那些树叶吗！」",
    "len": 2
  },
  {
    "message": "…………。",
    "len": 1
  },
  {
    "name": "結衣",
    "message": "「……不过，妈妈能找到真是太好了，真的」",
    "len": 1
  },
  {
    "name": "電卓",
    "message": "「嘛，因为在最初阶段就进行了「观测」，所以从一开始「舞台」就被限制了」",
    "len": 2
  },
  {
    "name": "電卓",
    "message": "「说是必然也是必然的吧」",
    "len": 1
  },
  {
    "message": "电卓喝完杯面的汤后，说了些莫名其妙的话。",
    "len": 2
  },
  {
    "name": "樹",
    "message": "「啊？」",
    "len": 1
  },
  {
    "name": "琴子",
    "message": "「……话说回来，妈妈本来就不是行动范围很广的人」",
    "len": 2
  },
  {
    "name": "電卓",
    "message": "「哼，谁知道呢。我们可能已经「变成那样」了」",
    "len": 2
  },
  {
    "name": "琴子",
    "message": "「什么变成那样？」",
    "len": 1
  },
  {
    "name": "電卓",
    "message": "「就是说，活着不需要那么多地方」",
    "len": 2
  },
  {
    "name": "電卓",
    "message": "「只要走固定的路线就能满足，变成那种存在了」",
    "len": 2
  },
  {
    "name": "琴子",
    "message": "「……但是，地方城市不都是这样的吗」",
    "len": 1
  },
  {
    "message": "不知不觉间，一场莫名其妙的对话正在展开。",
    "len": 1
  },
  {
    "message": "算了，无所谓了。",
    "len": 1
  },
  {
    "message": "在喜欢神秘话题这一点上，这两个人似乎意外地很合得来。",
    "len": 2
  },
  {
    "message": "妈妈也回来了……我去房间里休息一下吧。",
    "len": 1
  },
  {
    "message": "说实话，我有点累了。",
    "len": 1
  },
  {
    "message": "但是。",
    "len": 1
  },
  {
    "name": "樹",
    "message": "「…………」",
    "len": 1
  },
  {
    "message": "虽然我不太明白琴子和电卓脑袋在聊什么……但确实，这并不意味着一切都圆满解决了。",
    "len": 2
  },
  {
    "message": "妈妈的问题并没有得到解决。",
    "len": 1
  },
  {
    "message": "…………。",
    "len": 1
  },
  {
    "message": "…………。",
    "len": 1
  },
  {
    "message": "看来我不知不觉睡着了。",
    "len": 1
  },
  {
    "name": "樹",
    "message": "「已经这个时间了啊……」",
    "len": 1
  },
  {
    "message": "房间被夕阳染成了一片红色。",
    "len": 1
  },
  {
    "message": "在这片红色的世界里，我重新思考起来。",
    "len": 1
  },
  {
    "message": "……结果，我是不是还停留在最初的地方呢。",
    "len": 1
  },
  {
    "message": "即使说看到了或确定了什么，也许我连这个家庭都没有真正地看清楚。",
    "len": 2
  },
  {
    "message": "这次发生这样的问题本身，似乎就证明了这一点。",
    "len": 2
  },
  {
    "message": "如果我连同妈妈的能力一起好好地『看』清楚了，也许就不会有任何问题了。",
    "len": 2
  },
  {
    "message": "一定是这样的。",
    "len": 1
  },
  {
    "message": "一切的原因都在我身上，这是我必须解决的问题。",
    "len": 1
  },
  {
    "message": "所以——",
    "len": 1
  },
  {
    "message": "我开始思考。",
    "len": 1
  },
  {
    "message": "那么，具体该怎么做呢？",
    "len": 1
  },
  {
    "message": "刚开始思考，我就立刻意识到了。",
    "len": 1
  },
  {
    "message": "『具体』？",
    "len": 1
  },
  {
    "message": "……我在想些什么蠢话啊。",
    "len": 1
  },
  {
    "message": "如果能具体处理的事情，就应该具体地去解决。",
    "len": 1
  },
  {
    "message": "但是，那只适用于能够具体处理的事情。",
    "len": 1
  },
  {
    "message": "为了得到现在的家庭，我具体做过什么吗？",
    "len": 1
  },
  {
    "message": "为了和妈妈建立现在这种关系，我做过什么吗？",
    "len": 1
  },
  {
    "message": "什么都没做。",
    "len": 1
  },
  {
    "message": "只是进行了『观测』而已。",
    "len": 1
  },
  {
    "message": "这种想法，并不是自责。",
    "len": 1
  },
  {
    "message": "我并不是在责备什么都没做的自己。",
    "len": 1
  },
  {
    "message": "反而是相反的。",
    "len": 1
  },
  {
    "message": "去思考具体该怎么做这件事本身，就是错误的。",
    "len": 1
  },
  {
    "message": "我只需要像至今为止那样，单纯地观察就好。",
    "len": 1
  },
  {
    "message": "只需要单纯地观测就好。",
    "len": 1
  },
  {
    "message": "只需要单纯地确定就好。",
    "len": 1
  },
  {
    "message": "就是这么简单的事情。",
    "len": 1
  },
  {
    "message": "具体的做法反而是逃避的借口。",
    "len": 1
  },
  {
    "message": "妈妈所背负的矛盾。",
    "len": 1
  },
  {
    "message": "必须要让它成为现实。",
    "len": 1
  },
  {
    "message": "让妈妈幸福，同时还要让她保持原有的样子存在。",
    "len": 2
  },
  {
    "message": "我能做到这一点。",
    "len": 1
  },
  {
    "message": "因为我就是我。",
    "len": 1
  },
  {
    "message": "因为我是这个家庭、对妈妈来说，被需要而存在的我。",
    "len": 2
  },
  {
    "message": "如果能够扎根于这一点，我应该能做到任何事。",
    "len": 1
  },
  {
    "message": "任何事——对我来说必要的事，无论是什么。",
    "len": 1
  },
  {
    "message": "妈妈的矛盾……",
    "len": 1
  },
  {
    "message": "从不幸中诞生，渴望幸福，但如果愿望实现了，就无法存在。",
    "len": 2
  },
  {
    "message": "但是，从一开始我……至少现在的我，自从大家出现之后的我，不是已经抛弃了矛盾这种东西吗？",
    "len": 2
  },
  {
    "message": "不仅是我，这个家里的所有人都是。",
    "len": 1
  },
  {
    "message": "虽然有人说人是矛盾的生物，但我们不是已经抛弃了这种想法吗？",
    "len": 2
  },
  {
    "message": "我们是可以幸福的。",
    "len": 1
  },
  {
    "message": "纯粹地，只是单纯地幸福。",
    "len": 1
  },
  {
    "message": "这本身就是一种矛盾吧。",
    "len": 1
  },
  {
    "message": "没有矛盾，这本身就是矛盾。",
    "len": 1
  },
  {
    "message": "但是，我否定这一点。",
    "len": 1
  },
  {
    "message": "然后向世界宣告。",
    "len": 1
  },
  {
    "message": "我认定，没有矛盾就是没有矛盾。",
    "len": 1
  },
  {
    "message": "虽然冷静的那部分自己还不太理解这种思路的逻辑……",
    "len": 2
  },
  {
    "message": "但是，我明白了。",
    "len": 1
  },
  {
    "message": "悲伤什么的，根本不需要存在。",
    "len": 1
  },
  {
    "message": "只需要确认这一点就够了。",
    "len": 1
  },
  {
    "message": "就是这么简单的事。",
    "len": 1
  },
  {
    "message": "如果我真的希望如此的话。",
    "len": 1
  },
  {
    "message": "如果妈妈也希望如此的话。",
    "len": 1
  },
  {
    "message": "我们应该能做到。",
    "len": 1
  },
  {
    "message": "到有『家人』的地方。",
    "len": 1
  },
  {
    "name": "樹",
    "message": "「…………」",
    "len": 1
  },
  {
    "message": "也许直到现在，我心里某处还存在着迷茫。",
    "len": 1
  },
  {
    "message": "对于现实，或者说那些类似的东西。",
    "len": 1
  },
  {
    "message": "就像柚那样的。",
    "len": 1
  },
  {
    "message": "像柚所说的那种看待事物的方式。",
    "len": 1
  },
  {
    "message": "对人生的分量，或者说那些类似的东西。",
    "len": 1
  },
  {
    "message": "但是，现在的我已经明白了。",
    "len": 1
  },
  {
    "message": "那些都是谎言。",
    "len": 8
  },
  {
    "message": "任何事情都能成为现实——只要是我所希望、所观测到的。",
    "len": 1
  },
  {
    "message": "不知不觉间，我来到了妈妈的房间。",
    "len": 1
  },
  {
    "message": "妈妈正在床上熟睡，发出均匀的呼吸声。",
    "len": 1
  },
  {
    "message": "床边是帕克，看起来像是靠在床上睡着了。",
    "len": 2
  },
  {
    "message": "就好像是照顾病人累得睡着了一样。",
    "len": 1
  },
  {
    "message": "看到这幅景象，我开口说道。",
    "len": 1
  },
  {
    "name": "樹",
    "message": "「妈妈，我们可以去了」",
    "len": 1
  },
  {
    "name": "樹",
    "message": "「去那个没有「悲伤」的世界」",
    "len": 1
  },
  {
    "name": "式子",
    "message": "「塔君……带我一起去」",
    "len": 1
  },
  {
    "name": "樹",
    "message": "「诶——」",
    "len": 1
  },
  {
    "message": "不知是一直醒着还是刚刚醒来，妈妈用微弱的声音说道。",
    "len": 1
  },
  {
    "message": "从中我感受到了一种切实的愿望。",
    "len": 1
  },
  {
    "name": "式子",
    "message": "「带我去那个没有「悲伤」的世界吧」",
    "len": 1
  },
  {
    "name": "樹",
    "message": "「嗯，我们走吧」",
    "len": 1
  },
  {
    "message": "我回答道。",
    "len": 1
  },
  {
    "message": "没有丝毫犹豫。",
    "len": 1
  },
  {
    "message": "也不应该有任何犹豫。",
    "len": 1
  },
  {
    "name": "樹",
    "message": "「我会带你去的」",
    "len": 1
  }
]