[
  {
    "message": "呼啊……",
    "len": 1
  },
  {
    "name": "テレビの音声",
    "message": "「现在是周一早晨，这是今年的最后一周，大家一起加油吧！」",
    "len": 2
  },
  {
    "message": "早间电视节目正在播放充满活力的口号。",
    "len": 1
  },
  {
    "name": "樹",
    "message": "「原来如此，今天是周一啊……」",
    "len": 1
  },
  {
    "message": "我对星期几完全没有概念啊。",
    "len": 1
  },
  {
    "message": "不上学已经很久了，平时也不怎么看电视……",
    "len": 2
  },
  {
    "message": "……连自己房间里都没有放时钟。",
    "len": 1
  },
  {
    "message": "不过，也许该放个时钟了。",
    "len": 1
  },
  {
    "message": "给大家准备饭菜的时候，没有时钟很不方便。",
    "len": 1
  },
  {
    "message": "难得是周一，不如配合社会节奏，吃完饭就出去走走吧。",
    "len": 2
  },
  {
    "name": "樹",
    "message": "「呜噫，好冷」",
    "len": 1
  },
  {
    "message": "果然是冬天啊。",
    "len": 1
  },
  {
    "message": "乡下的空气更是冷得刺骨。",
    "len": 1
  },
  {
    "message": "不过，我对这个小镇以外的地方几乎一无所知就是了。",
    "len": 1
  },
  {
    "name": "柚",
    "message": "「咦，树，今天你出门挺早啊」",
    "len": 1
  },
  {
    "message": "刚出玄关，就被柚叫住了。",
    "len": 1
  },
  {
    "name": "樹",
    "message": "「哟，柚，早上好」",
    "len": 1
  },
  {
    "name": "柚",
    "message": "「啊，早、早上好」",
    "len": 1
  },
  {
    "name": "樹",
    "message": "「你紧张个啥劲儿啊」",
    "len": 1
  },
  {
    "name": "柚",
    "message": "「因为，大清早就和树正常打招呼，这不就跟天要塌了似的吗」",
    "len": 2
  },
  {
    "name": "樹",
    "message": "「我有那么懒散吗」",
    "len": 1
  },
  {
    "name": "樹",
    "message": "「…………」",
    "len": 1
  },
  {
    "message": "不，确实挺懒散的。",
    "len": 1
  },
  {
    "name": "柚",
    "message": "「你知道就好」",
    "len": 1
  },
  {
    "name": "樹",
    "message": "「咦，今天不是周一吗？」",
    "len": 1
  },
  {
    "name": "柚",
    "message": "「是啊，怎么了？」",
    "len": 1
  },
  {
    "name": "樹",
    "message": "「柚，你不用去上学吗？」",
    "len": 1
  },
  {
    "name": "柚",
    "message": "「啊？你在说啥呢？」",
    "len": 1
  },
  {
    "message": "柚一脸茫然。",
    "len": 1
  },
  {
    "name": "樹",
    "message": "「就是说，学校……」",
    "len": 1
  },
  {
    "name": "柚",
    "message": "「早就放寒假了好吗」",
    "len": 1
  },
  {
    "name": "樹",
    "message": "「寒假……原来如此，外面的世界已经到这个时候了啊」",
    "len": 1
  },
  {
    "name": "柚",
    "message": "「树树你还是多关心一下这个世界比较好哦」",
    "len": 1
  },
  {
    "name": "樹",
    "message": "「可恶，我还以为自己终于说了句正常人的话呢……」",
    "len": 1
  },
  {
    "name": "柚",
    "message": "「你还是等开学了再说这种话吧」",
    "len": 1
  },
  {
    "name": "柚",
    "message": "「对了，正好赶上好时机，要不要从新年开始去上学？如果你想的话，我可以帮你跟老师说说」",
    "len": 2
  },
  {
    "name": "柚",
    "message": "「说起来，最近树树开始做家务了，稍微有点接近正常人了呢」",
    "len": 2
  },
  {
    "name": "柚",
    "message": "「嘛，虽说是为了那些人……」",
    "len": 1
  },
  {
    "message": "柚看起来很高兴地说着。",
    "len": 1
  },
  {
    "name": "樹",
    "message": "「咻咻」",
    "len": 1
  },
  {
    "message": "我抬头仰望天空，吹起了并不怎么擅长的口哨。",
    "len": 1
  },
  {
    "name": "柚",
    "message": "「喂，别这么明显地转移视线」",
    "len": 1
  },
  {
    "message": "学校吗……",
    "len": 1
  },
  {
    "message": "嗯，的确如柚所说，我可能是变得更像个正常人了……",
    "len": 2
  },
  {
    "message": "但即便如此，我也完全没有想去学校的念头。",
    "len": 1
  },
  {
    "message": "不知为何……感觉学校这种地方，比以前更加遥不可及了。",
    "len": 2
  },
  {
    "message": "那是与我无关的地方，就是这种感觉。",
    "len": 1
  },
  {
    "name": "柚",
    "message": "「嘛，这事咱们以后再慢慢聊吧。毕竟树树也需要时间做心理准备」",
    "len": 2
  },
  {
    "message": "什么心理准备都没用的。",
    "len": 1
  },
  {
    "message": "只是，真的，对我来说那种地方太遥远了……",
    "len": 2
  },
  {
    "name": "樹",
    "message": "「话说回来，柚你大清早的跑来是要干嘛？」",
    "len": 1
  },
  {
    "name": "柚",
    "message": "「啊，对对，就是这事。我想着得准备大扫除了」",
    "len": 2
  },
  {
    "name": "樹",
    "message": "「哦～」",
    "len": 1
  },
  {
    "name": "柚",
    "message": "「别'哦～'，这可是关于树树家的事」",
    "len": 1
  },
  {
    "name": "樹",
    "message": "「啊？我家？为啥啊」",
    "len": 1
  },
  {
    "name": "柚",
    "message": "「……看吧，果然」",
    "len": 1
  },
  {
    "name": "樹",
    "message": "「果然什么啊」",
    "len": 1
  },
  {
    "name": "柚",
    "message": "「要不是我提醒你，你压根就没想过大扫除的事吧」",
    "len": 2
  },
  {
    "name": "樹",
    "message": "「啊，说起来确实是这样……」",
    "len": 1
  },
  {
    "message": "虽然知道有'大扫除'这个词，但我从来没把它和自己的生活联系起来想过啊……",
    "len": 2
  },
  {
    "message": "以前在家里从来没做过这种事。",
    "len": 1
  },
  {
    "message": "学校也有一段时间没去了，所以在学校也没做过。",
    "len": 1
  },
  {
    "name": "樹",
    "message": "「柚你也挺辛苦的啊……」",
    "len": 1
  },
  {
    "name": "柚",
    "message": "「你说什么风凉话呢！不是我来做，是你要做！」",
    "len": 2
  },
  {
    "name": "柚",
    "message": "「我今天来就是为了这个」",
    "len": 1
  },
  {
    "name": "柚",
    "message": "「我想着如果有什么工具或者缺的东西，得和树树一起去买才行」",
    "len": 2
  },
  {
    "name": "樹",
    "message": "「没必要啦，这种事」",
    "len": 1
  },
  {
    "name": "柚",
    "message": "「怎么能没必要！今年的污垢不在今年除掉的话，可是迎接不了好新年的！」",
    "len": 2
  },
  {
    "name": "樹",
    "message": "「说来年的事，鬼都要笑了」",
    "len": 1
  },
  {
    "name": "柚",
    "message": "「不是来年的事，是今年的大扫除！」",
    "len": 1
  },
  {
    "name": "樹",
    "message": "「也不用那么拼命，随便打扫一下就行了」",
    "len": 1
  },
  {
    "name": "柚",
    "message": "「哪有自己就能变干净的道理啊！」",
    "len": 1
  },
  {
    "name": "樹",
    "message": "「嗯，不，呃，是这样没错……哈哈哈」",
    "len": 1
  },
  {
    "name": "柚",
    "message": "「这不是笑话！」",
    "len": 1
  },
  {
    "name": "樹",
    "message": "「不是，看到柚你这么热心的样子，就觉得'啊，真是柚啊'，觉得挺有意思的」",
    "len": 2
  },
  {
    "name": "柚",
    "message": "「别、别说奇怪的话！」",
    "len": 1
  },
  {
    "name": "樹",
    "message": "「不过，清洁工具应该至少有一些吧？毕竟之前一直都是妈妈在打扫」",
    "len": 2
  },
  {
    "name": "樹",
    "message": "「我现在每天都会清洗浴室呢」",
    "len": 1
  },
  {
    "name": "柚",
    "message": "「要把整个房子都打扫干净，所以需要很多平时不用的东西」",
    "len": 2
  },
  {
    "name": "樹",
    "message": "「话说回来，为什么年底就非得大扫除不可呢」",
    "len": 2
  },
  {
    "name": "樹",
    "message": "「不管是不是年底，一天就是一天，没什么区别啊」",
    "len": 2
  },
  {
    "name": "柚",
    "message": "「哎，树你总是这么说」",
    "len": 1
  },
  {
    "name": "樹",
    "message": "「因为这是事实啊」",
    "len": 1
  },
  {
    "name": "柚",
    "message": "「不是这么回事啦。……话说回来，树你不也是」",
    "len": 2
  },
  {
    "name": "樹",
    "message": "「……什么啊」",
    "len": 1
  },
  {
    "name": "柚",
    "message": "「前几天的平安夜。你不是也跑前跑后地想和那些人一起过吗」",
    "len": 2
  },
  {
    "name": "樹",
    "message": "「……呃」",
    "len": 1
  },
  {
    "name": "柚",
    "message": "「你不也在意这些特殊的日子嘛」",
    "len": 1
  },
  {
    "message": "被这么一说，确实如此。",
    "len": 1
  },
  {
    "name": "樹",
    "message": "「那、那是另一回事啦」",
    "len": 1
  },
  {
    "name": "柚",
    "message": "「都一样啦」",
    "len": 1
  },
  {
    "message": "……咦？",
    "len": 1
  },
  {
    "message": "柚怎么会知道平安夜的事？",
    "len": 1
  },
  {
    "message": "…………。",
    "len": 1
  },
  {
    "message": "啊，因为我到处跑来跑去，可能被看到了吧。",
    "len": 1
  },
  {
    "name": "柚",
    "message": "「总之，不能只做开心的事，麻烦的事也得做」",
    "len": 2
  },
  {
    "name": "柚",
    "message": "「生活中不可能只有快乐的事」",
    "len": 1
  },
  {
    "name": "樹",
    "message": "「别说得跟哲学家似的」",
    "len": 1
  },
  {
    "name": "柚",
    "message": "「这只是普通人的普通观点」",
    "len": 1
  },
  {
    "name": "柚",
    "message": "「不过，看着打扫后变干净的样子，那种感觉其实也挺有意思的呢」",
    "len": 2
  },
  {
    "name": "柚",
    "message": "「所以呢，我想教教树君这种乐趣」",
    "len": 2
  },
  {
    "name": "樹",
    "message": "「你爱怎么想就怎么想吧」",
    "len": 1
  },
  {
    "name": "柚",
    "message": "「太过分了！」",
    "len": 1
  },
  {
    "name": "樹",
    "message": "「总之，大扫除什么的我无所谓。打扫卫生我现在想起来就会做」",
    "len": 2
  },
  {
    "name": "樹",
    "message": "「啊，对了，那这样吧。明年我一定好好做」",
    "len": 1
  },
  {
    "name": "柚",
    "message": "「……那不是整整一年后吗」",
    "len": 1
  },
  {
    "name": "樹",
    "message": "「确实是这样」",
    "len": 1
  },
  {
    "name": "柚",
    "message": "「说什么明年的事，连鬼都要笑了」",
    "len": 1
  },
  {
    "name": "樹",
    "message": "「总·之·呢，我可没兴趣做什么大扫除」",
    "len": 1
  },
  {
    "name": "柚",
    "message": "「哈……」",
    "len": 1
  },
  {
    "message": "柚沮丧地垂下了肩膀。",
    "len": 1
  },
  {
    "message": "我有点同情她了。",
    "len": 1
  },
  {
    "name": "樹",
    "message": "「好吧，既然你都来了，要不要喝杯茶？外面挺冷的」",
    "len": 2
  },
  {
    "name": "柚",
    "message": "「啊，是树君亲自泡的吗？」",
    "len": 1
  },
  {
    "name": "樹",
    "message": "「嗯，是啊。好像是挺不错的茶叶……吧？」",
    "len": 1
  },
  {
    "name": "柚",
    "message": "「什么叫好像啊。而且句尾还用疑问语气」",
    "len": 1
  },
  {
    "name": "樹",
    "message": "「式子桑说的。说是特别调配的」",
    "len": 1
  },
  {
    "name": "柚",
    "message": "「呃」",
    "len": 1
  },
  {
    "name": "樹",
    "message": "「别摆出那种表情啊。保证能喝」",
    "len": 1
  },
  {
    "name": "柚",
    "message": "「那还用说！」",
    "len": 1
  },
  {
    "name": "樹",
    "message": "「我也喝了」",
    "len": 1
  },
  {
    "name": "柚",
    "message": "「……那、那感觉如何？身体没什么异常吧？」",
    "len": 1
  },
  {
    "name": "樹",
    "message": "「没事的啦」",
    "len": 1
  },
  {
    "name": "柚",
    "message": "「没看到什么奇怪的东西吧？」",
    "len": 1
  },
  {
    "name": "樹",
    "message": "「没有啦」",
    "len": 1
  },
  {
    "message": "那种事只有电卓脑袋就够了。",
    "len": 1
  },
  {
    "name": "柚",
    "message": "「唔」",
    "len": 1
  },
  {
    "message": "柚思考了一会儿，",
    "len": 1
  },
  {
    "name": "柚",
    "message": "「既然是树君泡的，那就算了吧」",
    "len": 1
  },
  {
    "message": "她似乎是这样想通了。",
    "len": 1
  },
  {
    "name": "柚",
    "message": "（唉，我不是来喝茶的啊……）",
    "len": 1
  },
  {
    "name": "柚",
    "message": "（……啊，对了）",
    "len": 1
  },
  {
    "name": "柚",
    "message": "（今天可以合法地进来观察，这样想就好了）",
    "len": 1
  },
  {
    "name": "樹",
    "message": "「你在嘀咕什么呢？变成电卓脑袋了吗？」",
    "len": 1
  },
  {
    "name": "柚",
    "message": "「真、真失礼！」",
    "len": 1
  },
  {
    "name": "柚",
    "message": "「啊，说起来树君不是也要出门吗？」",
    "len": 1
  },
  {
    "name": "樹",
    "message": "「没什么。只是散步而已」",
    "len": 1
  },
  {
    "name": "柚",
    "message": "「啊——那顺便去买些清洁用品就好了……」",
    "len": 2
  },
  {
    "name": "樹",
    "message": "「我不是说过不做大扫除吗」",
    "len": 1
  },
  {
    "name": "柚",
    "message": "「打扰了……」",
    "len": 1
  },
  {
    "message": "果然还是一副胆战心惊的样子的柚。",
    "len": 1
  },
  {
    "name": "式子",
    "message": "「哎呀～柚酱，欢迎光临～」",
    "len": 1
  },
  {
    "name": "柚",
    "message": "「啊，你、你好～」",
    "len": 1
  },
  {
    "message": "生硬的问候。",
    "len": 1
  },
  {
    "name": "樹",
    "message": "「柚说想喝式子桑的茶」",
    "len": 1
  },
  {
    "name": "式子",
    "message": "「哎呀～，谢谢你柚酱～」",
    "len": 1
  },
  {
    "name": "柚",
    "message": "「喂树，我可没说过这种话啊」",
    "len": 1
  },
  {
    "name": "樹",
    "message": "「你不是要喝吗？」",
    "len": 1
  },
  {
    "name": "柚",
    "message": "「我是会喝啦……但那是因为是树泡的茶才……」",
    "len": 2
  },
  {
    "name": "式子",
    "message": "「虽然自己说有点那个，但这可是我引以为豪的茶叶哦～」",
    "len": 1
  },
  {
    "name": "柚",
    "message": "「是、是这样啊……」",
    "len": 1
  },
  {
    "message": "蹦蹦跳跳……",
    "len": 1
  },
  {
    "name": "樹",
    "message": "「我觉得这茶没什么特别的味道，很好入口哦」",
    "len": 1
  },
  {
    "message": "蹦蹦跳跳……",
    "len": 1
  },
  {
    "name": "柚",
    "message": "「哈……」",
    "len": 1
  },
  {
    "message": "蹦蹦跳跳……",
    "len": 1
  },
  {
    "name": "柚",
    "message": "「喂，这个蹦蹦跳跳的拟声词是怎么回事啊！？」",
    "len": 1
  },
  {
    "name": "パッくん",
    "message": "（……嘿嘿）",
    "len": 1
  },
  {
    "message": "帕君似乎在那里莫名其妙地笑着。",
    "len": 1
  },
  {
    "name": "柚",
    "message": "「——诶？？」",
    "len": 1
  },
  {
    "message": "柚呆住了。",
    "len": 1
  },
  {
    "name": "柚",
    "message": "「啊啊啊！！」",
    "len": 1
  },
  {
    "message": "然后她回过神来尖叫起来。",
    "len": 1
  },
  {
    "name": "樹",
    "message": "「喂喂，帕君，你饿了吗？别吃柚子啊」",
    "len": 1
  },
  {
    "name": "柚",
    "message": "「这、这、这是什么东西啊！！」",
    "len": 1
  },
  {
    "message": "柚完全慌了神。",
    "len": 1
  },
  {
    "name": "樹",
    "message": "「啊，那个叫帕君……」",
    "len": 1
  },
  {
    "message": "我用毫无感情的语气解释道。",
    "len": 1
  },
  {
    "message": "因为我家的种种原因让外人吃惊，我已经习以为常了。",
    "len": 2
  },
  {
    "message": "所以解释起来也变得敷衍了。",
    "len": 1
  },
  {
    "name": "柚",
    "message": "「这种生化危机一样的东西，怎么可能就这么轻易接受啊！！」",
    "len": 1
  },
  {
    "message": "帕君蹦蹦跳跳地向僵在原地的柚走去。",
    "len": 1
  },
  {
    "name": "パッくん",
    "message": "（咔啪）",
    "len": 1
  },
  {
    "message": "然后，它张开了大嘴。",
    "len": 1
  },
  {
    "name": "柚",
    "message": "「哇啊——刚才它说咔啪了！！咔啪是什么啊！咔啪！！」",
    "len": 2
  },
  {
    "message": "嗯，好吧，我能理解她的心情。",
    "len": 1
  },
  {
    "name": "パッくん",
    "message": "（啪）",
    "len": 1
  },
  {
    "message": "它叼住了柚的手。",
    "len": 1
  },
  {
    "name": "パッくん",
    "message": "（嗷呜嗷呜）",
    "len": 1
  },
  {
    "name": "柚",
    "message": "「呀——！！」",
    "len": 1
  },
  {
    "name": "柚",
    "message": "「树君，别光看着啊，快来救我——！！」",
    "len": 1
  },
  {
    "name": "樹",
    "message": "「喂，帕君，那家伙吃起来可不好吃。昨天买的苍蝇和蟑螂不是还有吗，那才是你的食物」",
    "len": 2
  },
  {
    "name": "柚",
    "message": "「你的意思是我比蟑螂还难吃吗——！？」",
    "len": 1
  },
  {
    "name": "柚",
    "message": "「哎呀，现在可不是在意这种自尊心的时候！我要被消化了——！！」",
    "len": 2
  },
  {
    "name": "柚",
    "message": "「我可不想被这种怪物吃掉就结束一生啊——！」",
    "len": 1
  },
  {
    "name": "式子",
    "message": "「哎呀呀，帕君在玩闹呢～。帕君原来喜欢女孩子啊～」",
    "len": 2
  },
  {
    "name": "柚",
    "message": "「呀——哇——哦——哒——！！」",
    "len": 1
  },
  {
    "message": "柚使出浑身解数，对帕君使出了一记高踢腿。",
    "len": 1
  },
  {
    "name": "パッくん",
    "message": "（呜呀）",
    "len": 1
  },
  {
    "message": "帕君被踢飞到走廊的另一头。",
    "len": 1
  },
  {
    "message": "好厉害的踢腿。",
    "len": 1
  },
  {
    "message": "……就算饿了也不要吃柚啊。",
    "len": 1
  },
  {
    "name": "式子",
    "message": "「呀，帕君，没事吧～？」",
    "len": 1
  },
  {
    "message": "式子桑啪嗒啪嗒地跑向帕君那边。",
    "len": 1
  },
  {
    "name": "柚",
    "message": "「哼哼哼，你给我记住！」",
    "len": 1
  },
  {
    "message": "柚指着那边瘫倒的帕君。",
    "len": 1
  },
  {
    "message": "这时，帕君慢慢爬起来，又张开了嘴。",
    "len": 1
  },
  {
    "name": "柚",
    "message": "「嘶」",
    "len": 1
  },
  {
    "message": "柚急急忙忙地跑开了。",
    "len": 1
  },
  {
    "name": "樹",
    "message": "「喂，不喝茶了吗？」",
    "len": 1
  },
  {
    "message": "我对着柚的背影喊了一声。",
    "len": 1
  },
  {
    "message": "……没有回应。",
    "len": 1
  },
  {
    "message": "突然也没什么散步的心情了，不如回房间小睡一会儿吧。",
    "len": 2
  },
  {
    "message": "最近早起的次数多了。",
    "len": 1
  },
  {
    "name": "樹",
    "message": "「呼哇……」",
    "len": 1
  },
  {
    "message": "…………。",
    "len": 1
  },
  {
    "message": "沙……。",
    "len": 1
  },
  {
    "message": "…………。",
    "len": 1
  },
  {
    "message": "索……。",
    "len": 1
  },
  {
    "message": "…………。",
    "len": 1
  },
  {
    "message": "蹦……。",
    "len": 1
  },
  {
    "message": "…………。",
    "len": 1
  },
  {
    "message": "沙沙……。",
    "len": 1
  },
  {
    "message": "蹦蹦……。",
    "len": 1
  },
  {
    "name": "樹",
    "message": "「……？」",
    "len": 1
  },
  {
    "message": "好像听到什么声音。",
    "len": 1
  },
  {
    "message": "咔……。",
    "len": 1
  },
  {
    "message": "我慢慢打开窗户，从阳台偷偷往外看。",
    "len": 1
  },
  {
    "message": "…………。",
    "len": 1
  },
  {
    "name": "樹",
    "message": "「那家伙……在搞什么鬼？」",
    "len": 1
  },
  {
    "message": "柚那家伙蹲在玄关前不知道在搞什么名堂。",
    "len": 1
  },
  {
    "message": "不知道她在想什么，那家伙也真是闲得慌啊……",
    "len": 1
  },
  {
    "message": "明明有那么多比打扰我家更有意思的事可以做……",
    "len": 2
  },
  {
    "name": "樹",
    "message": "「……嗯？」",
    "len": 1
  },
  {
    "message": "帕克一蹦一跳地朝玄关方向走去。",
    "len": 1
  },
  {
    "message": "这家伙最近在家里四处乱窜的次数变多了啊……",
    "len": 1
  },
  {
    "message": "虽说这倒没什么，但姬子猫会害怕，得想办法解决一下才行……",
    "len": 2
  },
  {
    "message": "帕克一蹦一跳的动作，就像是被什么吸引了似的。",
    "len": 2
  },
  {
    "name": "樹",
    "message": "「…………」",
    "len": 1
  },
  {
    "message": "话说回来。",
    "len": 1
  },
  {
    "message": "被引诱了。",
    "len": 1
  },
  {
    "message": "玄关的门微微开着。",
    "len": 1
  },
  {
    "message": "从那里伸出一根线，末端系着类似昆虫的东西。",
    "len": 2
  },
  {
    "message": "那根线从门的另一边被拉动，就像钓鱼的诱饵一样在动。",
    "len": 2
  },
  {
    "message": "是谁在做这种事——已经很明显了。",
    "len": 1
  },
  {
    "message": "蹦蹦跳跳。",
    "len": 1
  },
  {
    "message": "帕克被假饵吸引着走了过去。",
    "len": 1
  },
  {
    "message": "然后被诱惑着，从微微打开的门缝中溜到了外面。",
    "len": 2
  },
  {
    "name": "樹",
    "message": "「啊，这不是悠闲观察的时候」",
    "len": 1
  },
  {
    "message": "如果让帕克跑到外面去可就麻烦大了。",
    "len": 1
  },
  {
    "name": "樹",
    "message": "「喂，柚，你在干什么」",
    "len": 1
  },
  {
    "name": "柚",
    "message": "「哇」",
    "len": 1
  },
  {
    "name": "柚",
    "message": "「啊，树木，真巧啊，啊哈哈……」",
    "len": 1
  },
  {
    "name": "樹",
    "message": "「才不是巧呢。这是我家门口」",
    "len": 1
  },
  {
    "name": "柚",
    "message": "「啊哈哈……」",
    "len": 1
  },
  {
    "name": "樹",
    "message": "「所以，我在问你在干什么」",
    "len": 1
  },
  {
    "name": "柚",
    "message": "「啊」",
    "len": 1
  },
  {
    "message": "柚慌忙把手中的绳子藏到身后。",
    "len": 1
  },
  {
    "message": "但是没能完全藏住，绳子末端系着的甲虫玩具轻轻地晃动了一下。",
    "len": 2
  },
  {
    "message": "啪嗒。",
    "len": 1
  },
  {
    "message": "啪嗒君一口咬住了那个东西。",
    "len": 1
  },
  {
    "name": "樹",
    "message": "「…………」",
    "len": 1
  },
  {
    "name": "柚",
    "message": "「啊哈哈……」",
    "len": 1
  },
  {
    "name": "パッくん",
    "message": "「——呸」",
    "len": 1
  },
  {
    "message": "似乎意识到不是真的虫子，啪嗒君吐出了玩具。",
    "len": 1
  },
  {
    "message": "然后，它转向柚的方向，张开了嘴。",
    "len": 1
  },
  {
    "name": "柚",
    "message": "「又、又说了咕啪！！」",
    "len": 1
  },
  {
    "name": "柚",
    "message": "「哎呀，这样的话就只能采取强硬手段了！」",
    "len": 1
  },
  {
    "name": "柚",
    "message": "「居然傻乎乎地跑到外面来，你的好运到头了！我要把你烧得一干二净！」",
    "len": 2
  },
  {
    "message": "柚一边喊着，一边掏出了一样看起来很危险的东西。",
    "len": 1
  },
  {
    "name": "樹",
    "message": "「喂，那东西很危险啊」",
    "len": 1
  },
  {
    "message": "那是在寿司店之类的地方见过的煤气喷枪。",
    "len": 1
  },
  {
    "name": "柚",
    "message": "「不许废话！污秽之物就该消毒！！」",
    "len": 1
  },
  {
    "message": "呼。",
    "len": 1
  },
  {
    "name": "樹",
    "message": "「哇，她真的点着了！」",
    "len": 1
  },
  {
    "message": "我抓住啪嗒君的后颈，把它藏在身后。",
    "len": 1
  },
  {
    "name": "柚",
    "message": "「让开，树。这种不合常理的东西就不该存在于这个世界上」",
    "len": 2
  },
  {
    "name": "樹",
    "message": "「别说这么残忍的话啊。它好歹也是个活物啊」",
    "len": 1
  },
  {
    "message": "我感觉到啪嗒君的叶子从背后缠绕上了我的腿。",
    "len": 2
  },
  {
    "message": "就像是在紧紧依附着我一样。",
    "len": 1
  },
  {
    "name": "樹",
    "message": "「虽说它确实不太可爱吧」",
    "len": 1
  },
  {
    "name": "柚",
    "message": "「就是因为身边尽是这种不讲道理的家伙，树才会变得奇怪起来！」",
    "len": 2
  },
  {
    "name": "柚",
    "message": "「以前的树虽然有点懒散，有点容易消沉，但本质上还是个正常人……！」",
    "len": 2
  },
  {
    "name": "柚",
    "message": "「可是现在，现在……！」",
    "len": 1
  },
  {
    "name": "柚",
    "message": "「来吧树，让开。你不该待在有这种奇怪东西的世界里，应该回到我们这边来」",
    "len": 2
  },
  {
    "name": "柚",
    "message": "「因为，树你……树你……！」",
    "len": 1
  },
  {
    "name": "柚",
    "message": "「快、快点……！煤气要用完了」",
    "len": 1
  },
  {
    "name": "樹",
    "message": "「那个，柚……」",
    "len": 1
  },
  {
    "name": "柚",
    "message": "「干嘛！」",
    "len": 1
  },
  {
    "name": "樹",
    "message": "「抱歉，我做不到」",
    "len": 1
  },
  {
    "name": "柚",
    "message": "「别说些莫名其妙的话！」",
    "len": 1
  },
  {
    "len": "selection",
    "message": "总之先冷静一下吧"
  },
  {
    "len": "selectionend",
    "message": "这家伙也是家庭成员之一"
  },
  {
    "name": "樹",
    "message": "「先冷静下来吧。头脑发热的状态下，做不出什么好判断的」",
    "len": 2
  },
  {
    "name": "柚",
    "message": "「我很冷静很正常！是那家伙不正常！树你也是，那种家伙要是消失了，肯定就能冷静下来了！」",
    "len": 2
  },
  {
    "name": "樹",
    "message": "「嗯，虽说它确实可能不太正常吧」",
    "len": 1
  },
  {
    "message": "我也不觉得会有四处走动的食虫植物存在是正常的。",
    "len": 2
  },
  {
    "name": "樹",
    "message": "「但就算不正常，也不能随便把它烧掉吧」",
    "len": 1
  },
  {
    "name": "樹",
    "message": "「它也是活着的，这样对它也太可怜了」",
    "len": 1
  },
  {
    "name": "柚",
    "message": "「……唔」",
    "len": 1
  },
  {
    "message": "柚稍微犹豫了一下。",
    "len": 1
  },
  {
    "message": "看来她的良心还是有些谴责的。",
    "len": 1
  },
  {
    "message": "毕竟它也不是什么坏家伙。",
    "len": 1
  },
  {
    "name": "柚",
    "message": "「可是，可是……」",
    "len": 1
  },
  {
    "message": "柚的内心似乎在进行着激烈的斗争。",
    "len": 1
  },
  {
    "name": "樹",
    "message": "「虽然我也能理解柚的心情……但是，这家伙怎么说也是我们家庭的一员啊」",
    "len": 2
  },
  {
    "message": "没错，是家庭的一员。",
    "len": 1
  },
  {
    "message": "虽然是不合常理的、会到处走动的食虫植物，但即便如此。",
    "len": 1
  },
  {
    "message": "…………。",
    "len": 1
  },
  {
    "message": "嗯，大概吧。",
    "len": 1
  },
  {
    "message": "这家伙就像刚变成人的姬子猫一样，想想看其实也不是那么坏。",
    "len": 2
  },
  {
    "message": "…………。",
    "len": 1
  },
  {
    "message": "……不，可能还是不行。",
    "len": 1
  },
  {
    "message": "虽然有点没自信了，但总之，嗯，它是家人啊。",
    "len": 2
  },
  {
    "name": "柚",
    "message": "「这太奇怪了……。我的家人里可没有会走路的植物……」",
    "len": 2
  },
  {
    "message": "虽然这话没错……。",
    "len": 1
  },
  {
    "name": "琴子",
    "message": "「哥哥，你们在吵什么呢？——啊，柚桑，你好」",
    "len": 2
  },
  {
    "name": "柚",
    "message": "「啊，琴、琴子酱……」",
    "len": 1
  },
  {
    "message": "看到听到骚动出来的琴子，柚似乎觉得很尴尬，关掉了喷灯的火。",
    "len": 2
  },
  {
    "name": "琴子",
    "message": "「发生什么事了吗？」",
    "len": 1
  },
  {
    "name": "柚",
    "message": "「不，那个……」",
    "len": 1
  },
  {
    "name": "柚",
    "message": "「琴子酱，你怎么看这株植物？你能把这种怪物当成家人吗？」",
    "len": 2
  },
  {
    "name": "琴子",
    "message": "「你说的是帕君吗？」",
    "len": 1
  },
  {
    "name": "琴子",
    "message": "「既然妈妈给了它新的存在方式，那它无疑就是我们的家人」",
    "len": 2
  },
  {
    "name": "声",
    "message": "「帕君～，你跑哪儿去了～」",
    "len": 1
  },
  {
    "name": "式子",
    "message": "「哎呀，原来在这里啊。不是说过不能出去吗～」",
    "len": 2
  },
  {
    "name": "式子",
    "message": "「柚酱，谢谢你陪帕君玩耍哦～」",
    "len": 1
  },
  {
    "name": "柚",
    "message": "「不，不是的，你误会了」",
    "len": 1
  },
  {
    "name": "式子",
    "message": "「哎呀，是这样吗～？」",
    "len": 1
  },
  {
    "name": "結衣",
    "message": "「哦，你，手里拿着好东西啊。看起来能把肉烤得很香」",
    "len": 1
  },
  {
    "name": "結衣",
    "message": "「啊，你拿着那个，是来帮忙做饭的吗？」",
    "len": 1
  },
  {
    "message": "结衣姐似乎想起了之前的便当。",
    "len": 1
  },
  {
    "name": "柚",
    "message": "「啊，不，今天不是为了……」",
    "len": 1
  },
  {
    "name": "結衣",
    "message": "「这样啊，真遗憾」",
    "len": 1
  },
  {
    "name": "声",
    "message": "「哦哦哦，神明说要向北走……！」",
    "len": 1
  },
  {
    "name": "電卓",
    "message": "「哦？聚在这种地方，该不会是在召唤UFO吧」",
    "len": 1
  },
  {
    "message": "才不是在召唤呢。",
    "len": 1
  },
  {
    "name": "樹",
    "message": "「…………」",
    "len": 1
  },
  {
    "message": "话说回来，大家都聚过来了啊。",
    "len": 1
  },
  {
    "message": "虽然姬子猫不在……不过，那家伙本来就不喜欢帕君和「翅膀」。",
    "len": 2
  },
  {
    "name": "柚",
    "message": "「呃……」",
    "len": 1
  },
  {
    "message": "不知不觉间全家人都到齐了，柚似乎有些被吓到。",
    "len": 1
  },
  {
    "message": "不过她深呼吸了两三次，似乎平静下来了，然后对大家说道。",
    "len": 2
  },
  {
    "name": "柚",
    "message": "「那、那个，你们对那个怪物是怎么看的？」",
    "len": 1
  },
  {
    "name": "式子",
    "message": "「柚酱，帕君不是怪物啦～」",
    "len": 1
  },
  {
    "name": "柚",
    "message": "「不是怪物的话那是什么」",
    "len": 1
  },
  {
    "name": "式子",
    "message": "「当然是我们重要的家人啦～」",
    "len": 1
  },
  {
    "name": "柚",
    "message": "「……结衣桑你怎么看」",
    "len": 1
  },
  {
    "name": "結衣",
    "message": "「如果妈妈这么说的话，结衣觉得把它当家人也没问题」",
    "len": 1
  },
  {
    "name": "結衣",
    "message": "「不过对结衣来说可爱的弟弟只有达树一个人哦」",
    "len": 1
  },
  {
    "name": "柚",
    "message": "「……那，电卓叔叔呢……？」",
    "len": 1
  },
  {
    "message": "看来她对问电卓头还是有些抵触。",
    "len": 1
  },
  {
    "name": "電卓",
    "message": "「在我家里，不管多蠢的家伙都是家人。树那小子也一样。所以那朵花也是一样的，小姑娘」",
    "len": 2
  },
  {
    "message": "……我，居然被当成和食虫植物一个级别的存在吗。",
    "len": 1
  },
  {
    "name": "柚",
    "message": "「你、你们都不正常啊……！」",
    "len": 1
  },
  {
    "name": "樹",
    "message": "「喂，柚。对你来说可能很奇怪，但这就是我的家人啊」",
    "len": 2
  },
  {
    "name": "柚",
    "message": "「呃……」",
    "len": 1
  },
  {
    "name": "樹",
    "message": "「啊，对了。顺便也问问姬子猫吧？说不定她会同意柚的看法」",
    "len": 2
  },
  {
    "name": "樹",
    "message": "「那家伙和帕君关系不是很好」",
    "len": 1
  },
  {
    "message": "要是能好好相处就好了。",
    "len": 1
  },
  {
    "message": "…………。",
    "len": 1
  },
  {
    "message": "……看来是不行啊？",
    "len": 1
  },
  {
    "name": "柚",
    "message": "「问那家伙也没用！那猫耳就够奇怪的了……！」",
    "len": 2
  },
  {
    "message": "我回头对帕君说道。",
    "len": 1
  },
  {
    "name": "樹",
    "message": "「嘛，你也别什么都想吃啊」",
    "len": 1
  },
  {
    "name": "琴子",
    "message": "「也不一定是这样的哦」",
    "len": 1
  },
  {
    "name": "樹",
    "message": "「什么意思？」",
    "len": 1
  },
  {
    "name": "琴子",
    "message": "「这孩子只知道这种交流方式……」",
    "len": 2
  },
  {
    "name": "琴子",
    "message": "「这是帕君唯一拥有的「语言」啊」",
    "len": 1
  },
  {
    "name": "樹",
    "message": "「唔……真难懂啊」",
    "len": 1
  },
  {
    "name": "柚",
    "message": "「总、总、总之……这种事绝对很奇怪啊！」",
    "len": 1
  },
  {
    "message": "柚说完这句话就气冲冲地走掉了。",
    "len": 1
  },
  {
    "message": "帕君对柚牵着的甲虫显得很感兴趣，但我捏住茎部，阻止了它想要追上去的举动。",
    "len": 2
  },
  {
    "name": "樹",
    "message": "「呼……」",
    "len": 1
  },
  {
    "message": "真累啊……",
    "len": 1
  },
  {
    "message": "这倒不仅仅是因为刚才发生了骚动。",
    "len": 1
  },
  {
    "message": "更多的是因为我深刻地意识到，柚似乎怎么也无法理解这一切。",
    "len": 2
  },
  {
    "message": "嘛，从以前开始，她就是个特别现实又讲究常识的人……",
    "len": 2
  },
  {
    "message": "让她接受这种事，或许真的是强人所难吧……",
    "len": 1
  },
  {
    "name": "樹",
    "message": "「要是能有什么办法让柚也……理解就好了啊……」",
    "len": 1
  },
  {
    "name": "琴子",
    "message": "「但是柚桑对我们来说是『系』的『外部』啊」",
    "len": 1
  },
  {
    "name": "樹",
    "message": "「即便如此，她也是我们的青梅竹马啊」",
    "len": 1
  },
  {
    "name": "琴子",
    "message": "「是啊……」",
    "len": 1
  },
  {
    "name": "樹",
    "message": "「还有你啊，别被食物引诱就跑出去，也别随便想吃什么就吃什么」",
    "len": 2
  },
  {
    "name": "パッくん",
    "message": "（咔嚓）",
    "len": 1
  },
  {
    "name": "樹",
    "message": "「呃」",
    "len": 1
  },
  {
    "name": "樹",
    "message": "「我、我不是说了这样不行吗」",
    "len": 1
  },
  {
    "message": "近距离看的话，即使是已经习惯了的我也会被吓到。",
    "len": 1
  },
  {
    "message": "柚刚才那样的反应也不是没有道理的。",
    "len": 1
  },
  {
    "message": "就连我，如果第一次看到这种东西，肯定也会想把它烧掉的。",
    "len": 2
  },
  {
    "message": "所以，我们不能责难柚。",
    "len": 1
  },
  {
    "name": "式子",
    "message": "「帕君是个害羞的家伙呢～」",
    "len": 1
  },
  {
    "message": "式子桑温柔地对帕君说道。",
    "len": 1
  },
  {
    "message": "总感觉在这种场合出现了一些极不相称的话。",
    "len": 1
  },
  {
    "name": "樹",
    "message": "「……害羞？」",
    "len": 1
  },
  {
    "name": "式子",
    "message": "「帕君啊，向塔君道谢了哦～。说了'谢谢你保护我'」",
    "len": 2
  },
  {
    "name": "樹",
    "message": "「诶—」",
    "len": 1
  },
  {
    "message": "式子桑的话让我一时难以置信。",
    "len": 1
  },
  {
    "message": "……这是谎言。",
    "len": 1
  },
  {
    "name": "樹",
    "message": "「……呼」",
    "len": 1
  },
  {
    "message": "不管怎样，结果还是打扰了我的午睡时间。",
    "len": 1
  },
  {
    "message": "要不去公园逛逛吧。",
    "len": 1
  },
  {
    "message": "各种事情都让人累坏了。",
    "len": 1
  },
  {
    "name": "樹",
    "message": "「啊—，果然这里真不错」",
    "len": 1
  },
  {
    "message": "感觉空间莫名地宽敞。",
    "len": 1
  },
  {
    "message": "圣诞节也过去了，所以也不会挤满情侣。",
    "len": 2
  },
  {
    "message": "这简直就是午睡的绝佳公园啊。",
    "len": 1
  },
  {
    "message": "要是蜜柑桑偶尔不来的话就更好了。",
    "len": 2
  },
  {
    "message": "晴天。",
    "len": 1
  },
  {
    "message": "真是个适合午睡的好天气。",
    "len": 1
  },
  {
    "message": "要说冷的话确实挺冷的，不过对于习惯了在寒冷天空下午睡的我来说，这种程度根本不算什么。",
    "len": 2
  },
  {
    "name": "樹",
    "message": "「…………」",
    "len": 1
  },
  {
    "message": "但是，这里感觉比周围要暖和一些啊。",
    "len": 1
  },
  {
    "message": "明明是冬天，草坪却还是郁郁葱葱的。",
    "len": 1
  },
  {
    "message": "是那个吗？所谓的常绿植物。",
    "len": 2
  },
  {
    "message": "……算了，无所谓了。",
    "len": 1
  },
  {
    "message": "我懒洋洋地躺在草坪上。",
    "len": 1
  },
  {
    "message": "哎呀，连我自己都觉得真是整天睡个不停啊。",
    "len": 1
  },
  {
    "message": "……不，最近倒也没那么夸张了。",
    "len": 1
  },
  {
    "message": "早上能按时起床，还做了不少家务活呢。",
    "len": 1
  },
  {
    "message": "白天也没什么时间午睡。",
    "len": 1
  },
  {
    "message": "所以总是睡眠不足啊。",
    "len": 1
  },
  {
    "message": "果然，作为一个健康的男子汉，一天怎么也得睡12个小时才行啊。",
    "len": 2
  },
  {
    "name": "樹",
    "message": "「那么，晚安」",
    "len": 1
  },
  {
    "message": "…………。",
    "len": 1
  },
  {
    "message": "……………………。",
    "len": 1
  },
  {
    "name": "声",
    "message": "「呵呵……」",
    "len": 1
  },
  {
    "message": "……？",
    "len": 1
  },
  {
    "name": "声",
    "message": "「果然小塔君的睡颜真是可爱」",
    "len": 1
  },
  {
    "name": "声",
    "message": "「真的，可爱得都想吃掉呢……」",
    "len": 1
  },
  {
    "message": "怎么感觉，好温暖……。",
    "len": 1
  },
  {
    "name": "声",
    "message": "「塔君总是午睡，这可能是神明的恩赐呢……」",
    "len": 2
  },
  {
    "name": "声",
    "message": "「让妈妈看到可爱的睡颜」",
    "len": 1
  },
  {
    "name": "声",
    "message": "「啊，不过，电卓桑说的好像不是这个……」",
    "len": 5
  },
  {
    "name": "声",
    "message": "「是什么呢……」",
    "len": 1
  },
  {
    "name": "声",
    "message": "「这孩子，一下子就睡着了。呵呵，真可爱……」",
    "len": 1
  },
  {
    "name": "声",
    "message": "「容易犯困的体质本身，可能也有某种意义吧」",
    "len": 2
  },
  {
    "name": "声",
    "message": "「诶，是生病了吗？」",
    "len": 1
  },
  {
    "name": "声",
    "message": "「不，不是那个意思」",
    "len": 1
  },
  {
    "name": "声",
    "message": "「从本质上说，睡眠是植物的隐喻吧。但可能不仅仅如此……」",
    "len": 2
  },
  {
    "name": "声",
    "message": "「这是一种人格特征……。这孩子生来就是这样的……」",
    "len": 2
  },
  {
    "name": "声",
    "message": "「在这个广阔又狭小的世界里，从一开始就是这样……」",
    "len": 1
  },
  {
    "name": "声",
    "message": "「……？这是什么意思？」",
    "len": 1
  },
  {
    "name": "声",
    "message": "「啊……不，我说了些无关紧要的话。这孩子是我们可爱的孩子」",
    "len": 2
  },
  {
    "name": "声",
    "message": "「是啊，没错……。能让我们看到这么可爱的睡颜……」",
    "len": 2
  },
  {
    "name": "式子",
    "message": "「妈妈虽然不懂那些难懂的事……」",
    "len": 1
  },
  {
    "message": "…………。",
    "len": 1
  },
  {
    "message": "嘴唇上，有种触感――",
    "len": 1
  },
  {
    "name": "樹",
    "message": "「呜、呜哇！？」",
    "len": 1
  },
  {
    "message": "咚。",
    "len": 1
  },
  {
    "name": "樹",
    "message": "「呃！」",
    "len": 1
  },
  {
    "name": "式子",
    "message": "「哎呀呀，好疼啊～，树君」",
    "len": 1
  },
  {
    "name": "樹",
    "message": "「对、对不起」",
    "len": 1
  },
  {
    "message": "啊。",
    "len": 1
  },
  {
    "name": "樹",
    "message": "「话说，你在干什么啊」",
    "len": 1
  },
  {
    "name": "式子",
    "message": "「干什么～是指什么呀？」",
    "len": 1
  },
  {
    "name": "樹",
    "message": "「就、就是那个……」",
    "len": 1
  },
  {
    "message": "非要让我说出来吗！？",
    "len": 1
  },
  {
    "name": "式子",
    "message": "「呵呵，突袭的吻，成功啦～♪」",
    "len": 1
  },
  {
    "message": "式子桑比出了V字手势。",
    "len": 1
  },
  {
    "name": "樹",
    "message": "「才不是成功呢。哎呀，吓死我了」",
    "len": 1
  },
  {
    "name": "式子",
    "message": "「真的那么吃惊吗？」",
    "len": 1
  },
  {
    "name": "樹",
    "message": "「当然会啊。我正睡着呢，突然就这样」",
    "len": 1
  },
  {
    "name": "式子",
    "message": "「但这又不是第一次了吧～」",
    "len": 1
  },
  {
    "name": "樹",
    "message": "「……虽、虽然是这样没错」",
    "len": 1
  },
  {
    "name": "式子",
    "message": "「再说啊，都怪小树君睡相太可爱啦～」",
    "len": 1
  },
  {
    "name": "樹",
    "message": "「这也能怪我？」",
    "len": 1
  },
  {
    "name": "式子",
    "message": "「真是个罪孽深重的男人呢～」",
    "len": 1
  },
  {
    "name": "樹",
    "message": "「…………」",
    "len": 1
  },
  {
    "message": "还是头一次被人这么说呢。",
    "len": 1
  },
  {
    "message": "虽然不知道这种说法用得对不对。",
    "len": 1
  },
  {
    "name": "式子",
    "message": "「不过，看到你吃惊的样子我还是很高兴呢～」",
    "len": 1
  },
  {
    "name": "樹",
    "message": "「式子桑也喜欢吓唬别人吗？」",
    "len": 1
  },
  {
    "message": "琴子最近好像也学会了这种爱好。",
    "len": 1
  },
  {
    "name": "式子",
    "message": "「呵呵，不是那个意思啦～」",
    "len": 1
  },
  {
    "name": "式子",
    "message": "「因为，能让你吃惊就说明，我们之间还保持着新鲜感呀……」",
    "len": 2
  },
  {
    "name": "樹",
    "message": "「…………」",
    "len": 1
  },
  {
    "name": "樹",
    "message": "「……嘛，和式子桑在一起的确总有各种新鲜事，倒是不会觉得无聊就是了」",
    "len": 2
  },
  {
    "name": "式子",
    "message": "「诶嘿嘿～谢谢啦」",
    "len": 1
  },
  {
    "message": "我倒也不是想让你道谢才这么说的。",
    "len": 1
  },
  {
    "message": "一件接一件的麻烦事不断发生，真是让人头疼啊……",
    "len": 1
  },
  {
    "name": "式子",
    "message": "「啊，树君。刚才帮忙处理帕君的事，谢谢你啦～」",
    "len": 1
  },
  {
    "message": "是啊，那个帕君也是麻烦事之一。",
    "len": 1
  },
  {
    "name": "樹",
    "message": "「得注意不让那家伙随便跑到外面去呢」",
    "len": 1
  },
  {
    "name": "式子",
    "message": "「是啊～」",
    "len": 1
  },
  {
    "message": "话虽如此，像今天这样柚从外面打开门把它引出去的话，再怎么小心也没用啊。",
    "len": 2
  },
  {
    "message": "平时就把门锁上也感觉不太对劲……",
    "len": 1
  },
  {
    "name": "樹",
    "message": "「……难得出来了，要不我们去附近散散步？」",
    "len": 1
  },
  {
    "name": "式子",
    "message": "「嗯，好啊～」",
    "len": 1
  },
  {
    "message": "我和式子桑一起来到了公园边缘的树林。",
    "len": 1
  },
  {
    "name": "式子",
    "message": "「真的，非常感谢你」",
    "len": 1
  },
  {
    "name": "樹",
    "message": "「式子桑，你从刚才开始就一直在说这个呢」",
    "len": 1
  },
  {
    "name": "式子",
    "message": "「果然啊，塔君在关键时刻真的很可靠呢～」",
    "len": 1
  },
  {
    "name": "樹",
    "message": "「没什么…其实也没那么厉害啦」",
    "len": 1
  },
  {
    "name": "式子",
    "message": "「想象一下如果没有塔君的话，现在会变成什么样子…」",
    "len": 2
  },
  {
    "name": "樹",
    "message": "「…嗯，帕君可能会变得很可怜吧…」",
    "len": 2
  },
  {
    "name": "式子",
    "message": "「不仅仅是这样，还有更大的问题…」",
    "len": 1
  },
  {
    "name": "式子",
    "message": "「如果没有塔君的话，我们这个「家族」会变成什么样呢…一想到这个…」",
    "len": 2
  },
  {
    "name": "樹",
    "message": "「………..」",
    "len": 1
  },
  {
    "message": "会变成什么样呢。",
    "len": 1
  },
  {
    "message": "我不太清楚。",
    "len": 1
  },
  {
    "message": "感觉可能也不会有太大变化。",
    "len": 1
  },
  {
    "message": "因为大家都是按自己的想法行动的。",
    "len": 1
  },
  {
    "message": "这并不是说像『以前』的家族那样各自为政。",
    "len": 1
  },
  {
    "message": "每个人都有自己的个性，在家族中都闪耀着光芒。",
    "len": 2
  },
  {
    "message": "所以，就算少了我一个人，也不会有什么大不了的。",
    "len": 2
  },
  {
    "message": "就算是家务活，必要的时候大家也会想办法解决的。",
    "len": 2
  },
  {
    "message": "就像我自己以前那样。",
    "len": 1
  },
  {
    "name": "式子",
    "message": "「……这话说得不对哦」",
    "len": 1
  },
  {
    "name": "樹",
    "message": "「啊？」",
    "len": 1
  },
  {
    "message": "式子桑以一种仿佛读懂了我心思的时机说道。",
    "len": 1
  },
  {
    "name": "式子",
    "message": "「啊，你是不是在想我怎么知道你在想什么？」",
    "len": 1
  },
  {
    "name": "樹",
    "message": "「……嗯，差不多吧」",
    "len": 1
  },
  {
    "name": "式子",
    "message": "「那是因为，我什么都知道哦～毕竟，我是树君的妈妈嘛……」",
    "len": 2
  },
  {
    "message": "这回答似乎既有道理又没道理……",
    "len": 1
  },
  {
    "message": "不过，如果是式子桑的话，能猜到我在想什么也不足为奇。",
    "len": 2
  },
  {
    "name": "式子",
    "message": "「所以啊……树君，你说错了」",
    "len": 1
  },
  {
    "name": "樹",
    "message": "「啊？」",
    "len": 1
  },
  {
    "name": "式子",
    "message": "「虽然大家都很重要，一个人都不能少这点没错……」",
    "len": 2
  },
  {
    "name": "式子",
    "message": "「但树君是特别的」",
    "len": 1
  },
  {
    "name": "樹",
    "message": "「…………」",
    "len": 1
  },
  {
    "message": "特别，吗。",
    "len": 1
  },
  {
    "message": "这是应该高兴的事吗。",
    "len": 1
  },
  {
    "message": "我不禁有些疑惑。",
    "len": 1
  },
  {
    "name": "樹",
    "message": "「是因为我进行「观测」吗？」",
    "len": 1
  },
  {
    "name": "式子",
    "message": "「那也是很重要的……但不仅仅如此。那只是被赋予的「角色」而已……」",
    "len": 2
  },
  {
    "message": "式子桑似乎理解了我心中的疑问。",
    "len": 1
  },
  {
    "name": "式子",
    "message": "「树君之所以特别……可能就是因为你在这里，你的存在本身吧？」",
    "len": 1
  },
  {
    "name": "式子",
    "message": "「你在妈妈们面前，看着妈妈」",
    "len": 1
  },
  {
    "name": "樹",
    "message": "「这不就和「观测」的「角色」是一回事吗？」",
    "len": 2
  },
  {
    "name": "式子",
    "message": "「虽然看似相似，但其实是不一样的哦」",
    "len": 1
  },
  {
    "name": "式子",
    "message": "「你能看到妈妈们」",
    "len": 1
  },
  {
    "name": "式子",
    "message": "「你特地来看望妈妈们」",
    "len": 1
  },
  {
    "name": "式子",
    "message": "「——树君在那个地方」",
    "len": 1
  },
  {
    "name": "式子",
    "message": "「这些有多么特别，树君自己应该还没意识到吧～？」",
    "len": 2
  },
  {
    "name": "樹",
    "message": "「嗯，老实说我可能确实不太明白……」",
    "len": 1
  },
  {
    "message": "因为，如果这么说的话，家里每个人都是这样的情况……",
    "len": 2
  },
  {
    "name": "式子",
    "message": "「呵呵，嗯，或许不明白也没关系。妈妈也不太明白」",
    "len": 2
  },
  {
    "message": "……真是的，够了啦。",
    "len": 1
  },
  {
    "name": "式子",
    "message": "「但是，我觉得树君很特别，这是真的哦」",
    "len": 1
  },
  {
    "name": "式子",
    "message": "「我甚至想要亲吻你呢」",
    "len": 1
  },
  {
    "name": "樹",
    "message": "「…………」",
    "len": 1
  },
  {
    "message": "我能感觉到身体一下子变得火热起来。",
    "len": 1
  },
  {
    "name": "式子",
    "message": "「呐，树君？」",
    "len": 1
  },
  {
    "name": "樹",
    "message": "「……是」",
    "len": 1
  },
  {
    "name": "式子",
    "message": "「对树君来说，妈妈有多特别呢？」",
    "len": 1
  },
  {
    "name": "樹",
    "message": "「这个，那个……」",
    "len": 1
  },
  {
    "message": "突然这么问我，很难用言语表达出来……",
    "len": 1
  },
  {
    "name": "式子",
    "message": "「比如说，如果不是妈妈的话，你会亲吻别人吗？」",
    "len": 1
  },
  {
    "name": "樹",
    "message": "「……不、不会的」",
    "len": 1
  },
  {
    "name": "式子",
    "message": "「是因为我是妈妈，所以才会亲吻吗？」",
    "len": 1
  },
  {
    "message": "……呃。",
    "len": 1
  },
  {
    "message": "被这么直白地问到，我一时语塞了。",
    "len": 1
  },
  {
    "message": "但是。",
    "len": 1
  },
  {
    "message": "我感觉在这种时候不该语塞。",
    "len": 1
  },
  {
    "name": "樹",
    "message": "「——是的」",
    "len": 1
  },
  {
    "name": "式子",
    "message": "「树君能这么想真是太好了。妈妈也是，如果不是树君的话是不会亲吻的哦？」",
    "len": 2
  },
  {
    "message": "说着，式子桑温柔地微笑了。",
    "len": 1
  },
  {
    "message": "仿佛理所当然一般，光芒开始聚集在这样的式子桑身上。",
    "len": 2
  },
  {
    "message": "然后，我隐约看到式子桑整个人都被光芒包裹着。",
    "len": 1
  },
  {
    "name": "式子",
    "message": "「今天啊……如果能确认那件事的话，我本来想对树君说一些话的」",
    "len": 2
  },
  {
    "name": "樹",
    "message": "「……是、是什么呢」",
    "len": 1
  },
  {
    "name": "式子",
    "message": "「为了这一刻，我一直珍藏着的特别的话」",
    "len": 1
  },
  {
    "name": "式子",
    "message": "「所以，从树君决定看着妈妈的那天起，我一直忍着没说」",
    "len": 2
  },
  {
    "name": "式子",
    "message": "「那样特别的话」",
    "len": 1
  },
  {
    "message": "特别的话……？",
    "len": 1
  },
  {
    "name": "式子",
    "message": "「但是现在，我觉得可以说了」",
    "len": 1
  },
  {
    "name": "式子",
    "message": "「妈妈啊，对树君——」",
    "len": 1
  },
  {
    "message": "从光芒中编织出的话语是——",
    "len": 1
  },
  {
    "name": "式子",
    "message": "「『喜欢』」",
    "len": 1
  },
  {
    "message": "那是我多少能预料到的话。",
    "len": 1
  },
  {
    "message": "但是毫无疑问，它一定具有特别的意义……",
    "len": 1
  },
  {
    "name": "式子",
    "message": "「…………」",
    "len": 1
  },
  {
    "name": "樹",
    "message": "「…………」",
    "len": 1
  },
  {
    "name": "式子",
    "message": "「…………」",
    "len": 1
  },
  {
    "name": "樹",
    "message": "「…………」",
    "len": 1
  },
  {
    "name": "式子",
    "message": "「啊、咦～？」",
    "len": 1
  },
  {
    "name": "樹",
    "message": "「……怎、怎么了？」",
    "len": 1
  },
  {
    "name": "式子",
    "message": "「奇、奇怪啊……？」",
    "len": 1
  },
  {
    "message": "式子桑一个人歪着头思考着。",
    "len": 1
  },
  {
    "name": "樹",
    "message": "「那、那个，到底是什么地方奇怪呢？」",
    "len": 1
  },
  {
    "name": "式子",
    "message": "「明明应该是特别的话语的……说喜欢太君这件事……」",
    "len": 2
  },
  {
    "message": "喜欢。",
    "len": 1
  },
  {
    "message": "那样的『告白』之词。",
    "len": 1
  },
  {
    "message": "就连我也明白那具有特别的意义。",
    "len": 1
  },
  {
    "name": "式子",
    "message": "「可是，什么都没发生……」",
    "len": 1
  },
  {
    "name": "樹",
    "message": "「没发生？」",
    "len": 1
  },
  {
    "name": "式子",
    "message": "「嗯。在期待已久的告白场景中，说出了心中珍藏的「话语」，但是——」",
    "len": 2
  },
  {
    "name": "式子",
    "message": "「嘿嘿～，其实我并不太明白那到底是什么」",
    "len": 1
  },
  {
    "name": "樹",
    "message": "「……这、这是什么意思啊」",
    "len": 1
  },
  {
    "name": "式子",
    "message": "「嗯～，到底是什么呢～」",
    "len": 1
  },
  {
    "name": "式子",
    "message": "「妈妈好像不太明白「喜欢」是什么意思」",
    "len": 1
  },
  {
    "name": "樹",
    "message": "「…………」",
    "len": 1
  },
  {
    "name": "式子",
    "message": "「「特别」的「喜欢」到底是什么——」",
    "len": 1
  },
  {
    "name": "式子",
    "message": "「当然，我是知道的哦～。喜欢太君，喜欢结衣酱，喜欢琴子酱……」",
    "len": 2
  },
  {
    "name": "式子",
    "message": "「我喜欢大家」",
    "len": 1
  },
  {
    "name": "式子",
    "message": "「但是，特别喜欢太君是什么意思，妈妈不太明白……」",
    "len": 2
  },
  {
    "name": "式子",
    "message": "「诶嘿嘿～」",
    "len": 1
  },
  {
    "name": "樹",
    "message": "「…………」",
    "len": 1
  },
  {
    "message": "也就是说……。",
    "len": 1
  },
  {
    "message": "看来式子桑无法理解家人之间的『喜欢』和特别的『喜欢』之间的区别。",
    "len": 2
  },
  {
    "message": "特别的『喜欢』。",
    "len": 1
  },
  {
    "message": "简单来说，就是恋人之间那种『喜欢』。",
    "len": 1
  },
  {
    "name": "式子",
    "message": "「我当然觉得太君很重要啦」",
    "len": 1
  },
  {
    "name": "式子",
    "message": "「这一点绝对是毋庸置疑的哦」",
    "len": 1
  },
  {
    "name": "樹",
    "message": "「这一点，大概……没人怀疑吧」",
    "len": 1
  },
  {
    "name": "樹",
    "message": "「那个……式子桑？」",
    "len": 1
  },
  {
    "message": "我突然有了一个想法。",
    "len": 1
  },
  {
    "name": "樹",
    "message": "「式子桑不也有「特别」的人吗？」",
    "len": 1
  },
  {
    "name": "樹",
    "message": "「比如说，式子桑也喜欢柚和蜜柑桑吧？」",
    "len": 1
  },
  {
    "name": "式子",
    "message": "「啊，是这样呢」",
    "len": 1
  },
  {
    "name": "樹",
    "message": "「商店的店员啊，或者说，在路上擦肩而过的人啊……式子桑对这些人也都是「喜欢」的吧？」",
    "len": 2
  },
  {
    "name": "式子",
    "message": "「诶嘿，是啊～」",
    "len": 1
  },
  {
    "name": "樹",
    "message": "「但是——」",
    "len": 1
  },
  {
    "name": "樹",
    "message": "「但是，对「家人」来说是不一样的吧？」",
    "len": 1
  },
  {
    "name": "樹",
    "message": "「对式子桑来说，「家人」才是「特别」的「喜欢」吧——？」",
    "len": 2
  },
  {
    "name": "式子",
    "message": "「啊——」",
    "len": 1
  },
  {
    "message": "式子桑似乎在那一刻意识到了。",
    "len": 1
  },
  {
    "name": "式子",
    "message": "「呵呵，确实可能是这样呢～。妈妈真是个粗心鬼」",
    "len": 1
  },
  {
    "name": "式子",
    "message": "「太君说的对。果然很厉害呢～」",
    "len": 1
  },
  {
    "name": "樹",
    "message": "「我倒不觉得自己有多厉害……只是看着式子桑，就觉得可能是这样的」",
    "len": 2
  },
  {
    "name": "式子",
    "message": "「是吗……」",
    "len": 1
  },
  {
    "name": "式子",
    "message": "「妈妈喜欢家里的每个人——」",
    "len": 1
  },
  {
    "name": "式子",
    "message": "「这个，整个家庭——」",
    "len": 3
  },
  {
    "name": "樹",
    "message": "「——诶」",
    "len": 1
  },
  {
    "message": "不知为何，这句话让我心头一震。",
    "len": 1
  },
  {
    "message": "本来我们并不是在讨论这个话题，这句话却突然冒了出来。",
    "len": 2
  },
  {
    "message": "但在式子桑的心里，这句话似乎是很自然而然地说出来的。",
    "len": 2
  },
  {
    "message": "因为这句话——",
    "len": 1
  },
  {
    "message": "我感觉有什么东西突然间变得无比广阔。",
    "len": 1
  },
  {
    "message": "夸张地说，我所能看到的整个世界，都变了。",
    "len": 1
  },
  {
    "message": "恋人。",
    "len": 1
  },
  {
    "message": "家人。",
    "len": 1
  },
  {
    "message": "超越了这些肉眼可见的东西……",
    "len": 1
  },
  {
    "message": "更深层次的，根本性的东西。",
    "len": 1
  },
  {
    "message": "式子桑看到了这些……",
    "len": 1
  },
  {
    "message": "感受到了这些……",
    "len": 1
  },
  {
    "message": "这些感受也传递给了我。",
    "len": 1
  },
  {
    "message": "式子桑的世界，与我的世界重叠在了一起。",
    "len": 1
  },
  {
    "message": "就在那一瞬间，我感觉到了。",
    "len": 1
  },
  {
    "message": "就像被某种巨大的存在拥抱着一样……那种感觉。",
    "len": 1
  },
  {
    "message": "到现在为止，发生了很多事情……",
    "len": 1
  },
  {
    "message": "对于这些事，每个人都抱有无可奈何的想法。",
    "len": 2
  },
  {
    "message": "但是，所有这些事情都变成了各自零散的片段。",
    "len": 2
  },
  {
    "message": "比如说悲惨。",
    "len": 1
  },
  {
    "message": "比如说不幸。",
    "len": 1
  },
  {
    "message": "这些东西，就像全都被夺走了一样……",
    "len": 1
  },
  {
    "message": "仿佛……所有的一切都被原谅了一样。",
    "len": 1
  },
  {
    "message": "『已经可以了――』",
    "len": 1
  },
  {
    "message": "就像那个巨大的存在在这样对我说――",
    "len": 1
  },
  {
    "name": "式子",
    "message": "「呵呵，不过呢……母亲能喜欢上大家——果然还是多亏了塔君哦」",
    "len": 2
  },
  {
    "name": "式子",
    "message": "「所以，能……亲亲我吗？」",
    "len": 1
  },
  {
    "message": "诶，所以？",
    "len": 1
  },
  {
    "message": "这个『所以』——是这个意思吗？",
    "len": 1
  },
  {
    "message": "虽然不太明白。",
    "len": 1
  },
  {
    "message": "但为了满足式子桑的愿望——",
    "len": 1
  },
  {
    "message": "我什么也没说，轻轻搂住式子桑的肩膀，吻上了她那位置相当低的嘴唇——",
    "len": 2
  },
  {
    "message": "…………。",
    "len": 1
  },
  {
    "message": "……………………。",
    "len": 1
  },
  {
    "name": "？？？",
    "message": "「我的家庭并不幸福」",
    "len": 1
  },
  {
    "name": "？？？",
    "message": "「虽然不至于说是非常不幸，但也绝对称不上幸福」",
    "len": 2
  },
  {
    "name": "？？？",
    "message": "「父母的关系并不太好」",
    "len": 1
  },
  {
    "name": "？？？",
    "message": "「每次见面都会吵架」",
    "len": 1
  },
  {
    "name": "？？？",
    "message": "「这并不是从我有记忆开始就是这样的」",
    "len": 1
  },
  {
    "name": "？？？",
    "message": "「虽然记忆模糊且遥远，但与关系和睦的父母之间的美好回忆，也并非完全没有」",
    "len": 2
  },
  {
    "name": "？？？",
    "message": "「但随着时间流逝，父母之间的关系变得越来越僵」",
    "len": 1
  },
  {
    "name": "？？？",
    "message": "「与此同时，我那些快乐的记忆也逐渐褪色，变得如幻影般虚无缥缈」",
    "len": 2
  },
  {
    "name": "？？？",
    "message": "「我想，父母并不是彼此憎恨」",
    "len": 1
  },
  {
    "name": "？？？",
    "message": "「他们只是陷入了僵局」",
    "len": 1
  },
  {
    "name": "？？？",
    "message": "「他们被一种自然法则所支配，那就是人与人一起生活就会产生冲突」",
    "len": 2
  },
  {
    "name": "？？？",
    "message": "「虽然用'相性'这个词来概括可能不太好，但确实就是那样的东西」",
    "len": 2
  },
  {
    "name": "？？？",
    "message": "「他们无法克服这个问题」",
    "len": 1
  },
  {
    "name": "？？？",
    "message": "「作为替代，他们逐渐变得聪明起来」",
    "len": 1
  },
  {
    "name": "？？？",
    "message": "「为了避免争吵，他们开始避免见面」",
    "len": 1
  },
  {
    "name": "？？？",
    "message": "「只进行最低限度的必要对话」",
    "len": 1
  },
  {
    "name": "？？？",
    "message": "「这样一来，就不需要争论了」",
    "len": 1
  },
  {
    "name": "？？？",
    "message": "「但是，事情并没有那么顺利」",
    "len": 1
  },
  {
    "name": "？？？",
    "message": "「有时候还算顺利，但只要进行最低限度的对话，就inevitably会产生误会」",
    "len": 2
  },
  {
    "name": "？？？",
    "message": "「一点点听错或说错」",
    "len": 1
  },
  {
    "name": "？？？",
    "message": "「就会演变成争吵」",
    "len": 1
  },
  {
    "name": "？？？",
    "message": "「即使规定了「必要最低限度」，意图也无法传达」",
    "len": 1
  },
  {
    "name": "？？？",
    "message": "「这对他们来说是难以忍受的」",
    "len": 1
  },
  {
    "name": "？？？",
    "message": "「他们绞尽脑汁到底是为了什么」",
    "len": 1
  },
  {
    "name": "？？？",
    "message": "「对方似乎在试图使自己的努力白费——双方都这么想」",
    "len": 2
  },
  {
    "name": "？？？",
    "message": "「尽管如此，他们并不是彼此憎恨」",
    "len": 1
  },
  {
    "name": "？？？",
    "message": "「如果真是那样的话，他们就不会去考虑对方的感受了」",
    "len": 1
  },
  {
    "name": "？？？",
    "message": "「等到我能够稍微思考一些事情的时候，父母的关系看起来已经无法修复了」",
    "len": 2
  },
  {
    "name": "？？？",
    "message": "「虽然并非彼此憎恨，但作为家庭已经无法正常运作了」",
    "len": 2
  },
  {
    "name": "？？？",
    "message": "「我渴望拥有一个幸福的家庭」",
    "len": 1
  },
  {
    "name": "？？？",
    "message": "「在家里几乎没有感到过快乐，父母的情况也令人同情」",
    "len": 2
  },
  {
    "name": "？？？",
    "message": "「所以我想方设法想给家里带来幸福……想带来作为家庭的幸福」",
    "len": 2
  },
  {
    "name": "？？？",
    "message": "「希望还是有一些的」",
    "len": 1
  },
  {
    "name": "？？？",
    "message": "「我想，如果自己长大后努力的话……那就会成为一个转折点，父母就能重新团聚」",
    "len": 2
  },
  {
    "name": "？？？",
    "message": "「我是这么想的」",
    "len": 1
  },
  {
    "name": "？？？",
    "message": "「但是这个想法最终没能实现」",
    "len": 1
  },
  {
    "name": "？？？",
    "message": "「不是我失败了，而是在我能尝试之前，前提就已经崩塌了」",
    "len": 2
  },
  {
    "name": "？？？",
    "message": "「父亲去世了」",
    "len": 1
  },
  {
    "name": "？？？",
    "message": "「是病逝的」",
    "len": 1
  },
  {
    "name": "？？？",
    "message": "「不是什么特别罕见的病」",
    "len": 1
  },
  {
    "name": "？？？",
    "message": "「那时我还在上学，所以可以说是相当年轻就去世了，但疾病本身并没有什么特别值得一提的」",
    "len": 2
  },
  {
    "name": "？？？",
    "message": "「虽然是不幸，但也只是一种很常见的不幸罢了」",
    "len": 1
  },
  {
    "name": "？？？",
    "message": "「比起这个，给我留下更深刻印象的是——」",
    "len": 1
  },
  {
    "name": "？？？",
    "message": "「肉体的感觉」",
    "len": 1
  },
  {
    "name": "？？？",
    "message": "「住院的父亲，一天天变成了一个让人强烈感受到「肉体」存在的人」",
    "len": 2
  },
  {
    "name": "？？？",
    "message": "「比如说，气味」",
    "len": 1
  },
  {
    "name": "？？？",
    "message": "「比如说，触感」",
    "len": 1
  },
  {
    "name": "？？？",
    "message": "「那里存在着真实而生动的「肉体」感」",
    "len": 1
  },
  {
    "name": "？？？",
    "message": "「而这种「肉体」感……预示着终结」",
    "len": 1
  },
  {
    "name": "？？？",
    "message": "「随着父亲的生命逐渐接近尽头，「肉体」的感觉也越来越强烈」",
    "len": 2
  },
  {
    "name": "？？？",
    "message": "「当父亲的生命终结的那一刻，他完全变成了一具「肉体」」",
    "len": 2
  },
  {
    "name": "？？？",
    "message": "「那时，我明白了」",
    "len": 1
  },
  {
    "name": "？？？",
    "message": "「「肉体」是「终结」的另一种表达」",
    "len": 1
  },
  {
    "name": "？？？",
    "message": "「我想这并不是什么特别的领悟」",
    "len": 1
  },
  {
    "name": "？？？",
    "message": "「只是比其他人更早地迎来了理解的瞬间罢了」",
    "len": 1
  },
  {
    "name": "？？？",
    "message": "「我是这么想的」",
    "len": 1
  },
  {
    "name": "？？？",
    "message": "「然后，父亲按照常规程序被火化了」",
    "len": 1
  },
  {
    "name": "？？？",
    "message": "「在「火」的作用下，父亲变成了灰烬」",
    "len": 1
  },
  {
    "name": "？？？",
    "message": "「那时，我明白了」",
    "len": 1
  },
  {
    "name": "？？？",
    "message": "「「火」是给一切带来「终结」的东西」",
    "len": 1
  },
  {
    "name": "？？？",
    "message": "「『肉体』」",
    "len": 1
  },
  {
    "name": "？？？",
    "message": "「『火』」",
    "len": 1
  },
  {
    "name": "？？？",
    "message": "「25年前的那一天」",
    "len": 1
  },
  {
    "name": "？？？",
    "message": "「从父亲火化结束的那天起，我开始回避这两样东西」",
    "len": 2
  },
  {
    "name": "？？？",
    "message": "「我完全不碰肉类，也无法处理火」",
    "len": 1
  },
  {
    "name": "？？？",
    "message": "「我的身体无可奈何地无法接受它们」",
    "len": 1
  },
  {
    "name": "？？？",
    "message": "「我开始拒绝一切与「终结」相关的事物」",
    "len": 2
  },
  {
    "name": "？？？",
    "message": "「我厌恶「终结」」",
    "len": 1
  },
  {
    "name": "？？？",
    "message": "「必须要结束什么的，这个世界是多么的不讲道理啊」",
    "len": 2
  },
  {
    "name": "？？？",
    "message": "「为什么，世界不能永远持续下去呢」",
    "len": 1
  },
  {
    "name": "？？？",
    "message": "「这既是一种切实的感受，也是一个简单的疑问——」",
    "len": 1
  },
  {
    "name": "？？？",
    "message": "「面对父亲的死，母亲哭了」",
    "len": 1
  },
  {
    "name": "？？？",
    "message": "「毕竟她并不恨他，这很正常」",
    "len": 1
  },
  {
    "name": "？？？",
    "message": "「但是，这并不能给我带来任何安慰」",
    "len": 1
  },
  {
    "name": "？？？",
    "message": "「……让我不幸的父母」",
    "len": 1
  },
  {
    "name": "？？？",
    "message": "「即便如此，我还是认为如果他们两个也能幸福的话，我自己……我的家人也能获得幸福」",
    "len": 2
  },
  {
    "name": "？？？",
    "message": "「但是……只有那些让我不幸的人变得不幸了」",
    "len": 2
  },
  {
    "name": "？？？",
    "message": "「我依旧不幸，无法让自己和家人幸福，就这样被世界遗弃了」",
    "len": 2
  },
  {
    "name": "？？？",
    "message": "「从此，我再也无法重获幸福了」",
    "len": 1
  },
  {
    "name": "？？？",
    "message": "「剩下的，只有对「肉」和「火」——对「死亡」的强烈厌恶」",
    "len": 2
  },
  {
    "name": "？？？",
    "message": "「以及，对「永恒」的渴望」",
    "len": 1
  },
  {
    "name": "？？？",
    "message": "「「肉」、「火」……「死」，会带来无法摆脱的沉重悲伤」",
    "len": 2
  },
  {
    "name": "？？？",
    "message": "「悲伤倒还好。真正应该避免的，是那种「沉重感」」",
    "len": 2
  },
  {
    "name": "？？？",
    "message": "「压在不断前进的人生上的「沉重感」」",
    "len": 1
  },
  {
    "name": "？？？",
    "message": "「我厌恶带来这种东西的「肉」和「火」，厌恶「死」」",
    "len": 2
  },
  {
    "name": "？？？",
    "message": "「我所追求的「家人」的幸福……那是与「死」完全相反的存在」",
    "len": 2
  },
  {
    "name": "？？？",
    "message": "「幸福就是永恒，永恒就是家人」",
    "len": 1
  },
  {
    "name": "？？？",
    "message": "「而家人就是——」",
    "len": 1
  },
  {
    "name": "？？？",
    "message": "「像森林一样永远永远延续下去——」",
    "len": 1
  },
  {
    "name": "？？？",
    "message": "「『＊＊＊』」",
    "len": 1
  },
  {
    "message": "…………。",
    "len": 1
  },
  {
    "name": "？？？",
    "message": "「几年后——」",
    "len": 1
  },
  {
    "name": "？？？",
    "message": "「我遇见了那个人」",
    "len": 1
  },
  {
    "name": "？？？",
    "message": "「准确地说是被亲戚安排相遇的，不过这种微不足道的细节无关紧要」",
    "len": 2
  },
  {
    "name": "？？？",
    "message": "「什么政治联姻之类的说法也无关紧要」",
    "len": 1
  },
  {
    "name": "？？？",
    "message": "「总之，我遇见了那个人——」",
    "len": 1
  },
  {
    "name": "？？？",
    "message": "「然后，那个人，赋予了我的想法以形态」",
    "len": 1
  },
  {
    "name": "？？？",
    "message": "「创造永恒的森林——实现这个愿望所需的力量」",
    "len": 1
  }
]