[
  {
    "message": "家族，将会延续下去——",
    "len": 1
  },
  {
    "message": "叮铃铃铃铃铃……！！",
    "len": 1
  },
  {
    "name": "樹",
    "message": "「哇！？」",
    "len": 1
  },
  {
    "message": "叮铃铃铃铃铃……！！",
    "len": 1
  },
  {
    "name": "樹",
    "message": "「嘿！」",
    "len": 1
  },
  {
    "message": "咔嗒。",
    "len": 1
  },
  {
    "name": "樹",
    "message": "「啊，吓死我了……」",
    "len": 1
  },
  {
    "message": "忘记我设了闹钟了。",
    "len": 1
  },
  {
    "message": "说真的，被闹钟叫醒已经多少年没有过了啊。",
    "len": 1
  },
  {
    "name": "樹",
    "message": "「嘿」",
    "len": 1
  },
  {
    "message": "我猛地坐了起来。",
    "len": 1
  },
  {
    "message": "还是一如既往地冷啊。",
    "len": 1
  },
  {
    "message": "然后，窗户上有涂鸦。",
    "len": 1
  },
  {
    "message": "“Happy New Year”",
    "len": 1
  },
  {
    "message": "嗯，一点都没错。",
    "len": 1
  },
  {
    "message": "毕竟，是新年、元旦、1月1日嘛。",
    "len": 1
  },
  {
    "name": "樹",
    "message": "「大家，新年快乐啊！」",
    "len": 1
  },
  {
    "name": "式子",
    "message": "「新年快乐～」",
    "len": 1
  },
  {
    "name": "パッくん",
    "message": "（啪唧啪唧！）",
    "len": 1
  },
  {
    "name": "結衣",
    "message": "「……树，你从新年开始就这么兴奋啊。是不是嗑了什么奇怪的药？」",
    "len": 2
  },
  {
    "name": "樹",
    "message": "「毕竟是新的一年嘛。一年之计在于春！」",
    "len": 1
  },
  {
    "name": "結衣",
    "message": "「你说的话真奇怪」",
    "len": 1
  },
  {
    "name": "電卓",
    "message": "「嘶……别他妈大声嚷嚷。脑袋嗡嗡的」",
    "len": 1
  },
  {
    "message": "嘴上这么说着，却还是从一升瓶往玻璃杯里倒冷酒喝的家伙。",
    "len": 1
  },
  {
    "name": "樹",
    "message": "「……元旦就喝解酒酒啊」",
    "len": 1
  },
  {
    "message": "这家伙真是把我好不容易营造的健康氛围给毁了。",
    "len": 1
  },
  {
    "name": "琴子",
    "message": "「……新年快乐」",
    "len": 1
  },
  {
    "message": "……琴子看起来也情绪低落。",
    "len": 1
  },
  {
    "name": "樹",
    "message": "「怎么了？」",
    "len": 1
  },
  {
    "name": "琴子",
    "message": "「……我本来就低血压」",
    "len": 1
  },
  {
    "message": "确实。",
    "len": 1
  },
  {
    "name": "ギズモ",
    "message": "「树树，给我压岁钱！」",
    "len": 1
  },
  {
    "name": "樹",
    "message": "「……这种话你应该对那边正在喝酒的家伙说」",
    "len": 2
  },
  {
    "message": "她真的知道压岁钱是什么吗？",
    "len": 1
  },
  {
    "name": "ギズモ",
    "message": "「电卓，给我压岁钱好不好！？」",
    "len": 1
  },
  {
    "name": "電卓",
    "message": "「这是我特制的压岁钱。来，尝尝看」",
    "len": 1
  },
  {
    "message": "电卓把一杯满满的冷酒递给了姬子猫。",
    "len": 1
  },
  {
    "name": "樹",
    "message": "「喂，住手。姬子猫你也别喝啊」",
    "len": 1
  },
  {
    "name": "ギズモ",
    "message": "「嗅嗅」",
    "len": 1
  },
  {
    "name": "ギズモ",
    "message": "「舔」",
    "len": 1
  },
  {
    "name": "ギズモ",
    "message": "「咻！？」",
    "len": 1
  },
  {
    "name": "樹",
    "message": "「……没、没事吧？」",
    "len": 1
  },
  {
    "message": "",
    "len": 2,
    "name": "ギズモ"
  },
  {
    "name": "式子",
    "message": "「来，小姬，给你水」",
    "len": 1
  },
  {
    "message": "我看着姬子猫咕噜咕噜地喝完了妈妈递过来的水。",
    "len": 1
  },
  {
    "name": "ギズモ",
    "message": "「呼！」",
    "len": 1
  },
  {
    "name": "ギズモ",
    "message": "「嗖！」",
    "len": 1
  },
  {
    "message": "她动作迅速，把桌上的沙拉叶子塞进了电卓的嘴里。",
    "len": 2
  },
  {
    "name": "電卓",
    "message": "「！？啊呀！」",
    "len": 1
  },
  {
    "message": "电卓倒下去痛苦地挣扎着。",
    "len": 1
  },
  {
    "name": "樹",
    "message": "「……是新年啊」",
    "len": 1
  },
  {
    "name": "樹",
    "message": "「……感觉不太有节日气氛啊」",
    "len": 1
  },
  {
    "name": "式子",
    "message": "「是吗？」",
    "len": 1
  },
  {
    "name": "樹",
    "message": "「不，没有吧」",
    "len": 1
  },
  {
    "name": "式子",
    "message": "「妈妈觉得很有新年的感觉哦～」",
    "len": 1
  },
  {
    "name": "樹",
    "message": "「是、是吗？」",
    "len": 1
  },
  {
    "name": "式子",
    "message": "「因为大家都在一起，和睦地迎接新年不是吗？」",
    "len": 1
  },
  {
    "name": "式子",
    "message": "「妈妈觉得，这样才是新年的感觉呢～」",
    "len": 1
  },
  {
    "name": "樹",
    "message": "「嗯……虽说也不是坏事」",
    "len": 1
  },
  {
    "name": "式子",
    "message": "「这是好事哦～」",
    "len": 1
  },
  {
    "name": "樹",
    "message": "「……这确实是件好事」",
    "len": 1
  },
  {
    "name": "式子",
    "message": "「嗯」",
    "len": 1
  },
  {
    "message": "叮咚。",
    "len": 1
  },
  {
    "name": "樹",
    "message": "「嗯？」",
    "len": 1
  },
  {
    "name": "柚",
    "message": "「新年快乐啊」",
    "len": 1
  },
  {
    "name": "樹",
    "message": "「哦，新年快乐。好久不见了啊」",
    "len": 2
  },
  {
    "name": "柚",
    "message": "「是吗？嘛，虽然有这样那样的事，但至少新年得好好打个招呼吧」",
    "len": 2
  },
  {
    "name": "柚",
    "message": "「还有，来取回东西」",
    "len": 1
  },
  {
    "message": "指了指下面。",
    "len": 1
  },
  {
    "message": "那里放着从年末就一直堆着的大扫除的物品。",
    "len": 1
  },
  {
    "name": "樹",
    "message": "「放到今年大扫除的时候再来拿也行啊」",
    "len": 1
  },
  {
    "name": "柚",
    "message": "「那怎么行呢」",
    "len": 1
  },
  {
    "name": "樹",
    "message": "「啊，对了，说起来蜜柑桑好像升职了？」",
    "len": 1
  },
  {
    "name": "柚",
    "message": "「啊？」",
    "len": 1
  },
  {
    "message": "柚一脸茫然。",
    "len": 1
  },
  {
    "name": "柚",
    "message": "「我不知道啊」",
    "len": 1
  },
  {
    "name": "樹",
    "message": "「咦？」",
    "len": 1
  },
  {
    "name": "柚",
    "message": "「你从哪听说的这事？」",
    "len": 1
  },
  {
    "name": "樹",
    "message": "「在哪听说的来着？」",
    "len": 1
  },
  {
    "name": "柚",
    "message": "「……该不会是做梦吧？树君你经常睡觉」",
    "len": 1
  },
  {
    "name": "樹",
    "message": "「嘛，是个喜庆的梦不就行了。喏，这可是初梦呢」",
    "len": 1
  },
  {
    "name": "柚",
    "message": "「初梦是指今晚做的梦啦」",
    "len": 1
  },
  {
    "name": "樹",
    "message": "「咦，是这样吗？」",
    "len": 1
  },
  {
    "name": "柚",
    "message": "「是啊，大概是这样」",
    "len": 1
  },
  {
    "name": "柚",
    "message": "「哈～果然树君还是从这些地方开始学习比较好呢」",
    "len": 2
  },
  {
    "name": "柚",
    "message": "「这样下去可是没法融入社会的哦」",
    "len": 1
  },
  {
    "name": "樹",
    "message": "「别说得那么夸张啊」",
    "len": 1
  },
  {
    "name": "柚",
    "message": "「可不能掉以轻心！社会常识就是由这些积累起来的啊」",
    "len": 2
  },
  {
    "name": "樹",
    "message": "「……啊～新年伊始就开始说教啊。不给压岁钱我可就回去了啊」",
    "len": 2
  },
  {
    "name": "式子",
    "message": "「哎呀～让他进来坐坐不就好了嘛～」",
    "len": 1
  },
  {
    "message": "母亲突然探出头来。",
    "len": 1
  },
  {
    "name": "柚",
    "message": "「呃」",
    "len": 1
  },
  {
    "name": "式子",
    "message": "「柚酱，新年快乐～」",
    "len": 1
  },
  {
    "name": "柚",
    "message": "「新、新年快乐……」",
    "len": 1
  },
  {
    "name": "柚",
    "message": "「失、失礼了」",
    "len": 1
  },
  {
    "message": "柚拎着大包匆匆忙忙地离开了。",
    "len": 1
  },
  {
    "message": "看来她还是不太适应这个家庭啊……",
    "len": 1
  },
  {
    "message": "不过，看到她精神还不错真是太好了。",
    "len": 1
  },
  {
    "message": "希望她能慢慢地适应大家。",
    "len": 1
  },
  {
    "message": "……一大早就这么兴奋，真是累死我了。",
    "len": 1
  },
  {
    "message": "还是不要做不习惯的事比较好啊。",
    "len": 1
  },
  {
    "message": "于是，我决定在床上休息一下。",
    "len": 1
  },
  {
    "name": "樹",
    "message": "「睡个好觉～」",
    "len": 1
  },
  {
    "message": "我一边自言自语着，一边钻进被窝。",
    "len": 1
  },
  {
    "message": "果然被窝还是舒服啊。",
    "len": 1
  },
  {
    "message": "暖洋洋的。",
    "len": 1
  },
  {
    "message": "嗯？",
    "len": 1
  },
  {
    "message": "是不是太暖和了？",
    "len": 1
  },
  {
    "message": "我掀开被子看了看。",
    "len": 1
  },
  {
    "name": "樹",
    "message": "「哇！？」",
    "len": 1
  },
  {
    "message": "妈妈在那里。",
    "len": 1
  },
  {
    "name": "式子",
    "message": "「嘿嘿～」",
    "len": 1
  },
  {
    "name": "樹",
    "message": "「你、你在干什么啊，妈妈！」",
    "len": 1
  },
  {
    "message": "我猛地跳了起来。",
    "len": 1
  },
  {
    "name": "式子",
    "message": "「因为～，我想钻进小树的被窝嘛」",
    "len": 1
  },
  {
    "name": "樹",
    "message": "「这根本不是个回答……」",
    "len": 1
  },
  {
    "name": "式子",
    "message": "「诶～，是吗？那小树，你不想钻进妈妈的被窝吗？」",
    "len": 2
  },
  {
    "name": "樹",
    "message": "「…………」",
    "len": 1
  },
  {
    "message": "唔，这么一说的话。",
    "len": 1
  },
  {
    "name": "式子",
    "message": "「呐，呐呐」",
    "len": 1
  },
  {
    "message": "妈妈围着我转圈圈，抬头看着我。",
    "len": 1
  },
  {
    "name": "樹",
    "message": "「……嗯，也、也不是不想进去」",
    "len": 1
  },
  {
    "name": "式子",
    "message": "「嗯～？听不清呢～？」",
    "len": 1
  },
  {
    "name": "樹",
    "message": "「……我想进去！」",
    "len": 1
  },
  {
    "name": "式子",
    "message": "「诶～，是这样呢～」",
    "len": 1
  },
  {
    "message": "说着就往我身上蹭。",
    "len": 1
  },
  {
    "message": "你是猫吗。",
    "len": 1
  },
  {
    "name": "式子",
    "message": "「以后也要和妈妈多多做色色的事哦」",
    "len": 1
  },
  {
    "name": "樹",
    "message": "「…………」",
    "len": 1
  },
  {
    "name": "式子",
    "message": "「怎么啦～？」",
    "len": 1
  },
  {
    "name": "樹",
    "message": "「被这么堂堂正正地说出来……」",
    "len": 1
  },
  {
    "name": "式子",
    "message": "「因为我们是家人啊。这不是理所当然的吗？」",
    "len": 1
  },
  {
    "name": "樹",
    "message": "「…………」",
    "len": 1
  },
  {
    "name": "式子",
    "message": "「呐，说你爱我？」",
    "len": 1
  },
  {
    "name": "樹",
    "message": "「唔」",
    "len": 1
  },
  {
    "name": "式子",
    "message": "「诶，说嘛？说你爱我」",
    "len": 1
  },
  {
    "message": "妈妈紧贴着我的身体逼近。",
    "len": 1
  },
  {
    "name": "樹",
    "message": "「喜、喜……」",
    "len": 1
  },
  {
    "message": "平常随口就能说出口的话，一旦被刻意意识到反而变得难以启齿。",
    "len": 1
  },
  {
    "message": "明明毫无疑问是事实，却犹豫着不敢说出口的话。",
    "len": 2
  },
  {
    "message": "但是，我必须说出口。",
    "len": 1
  },
  {
    "message": "因为这是真理。",
    "len": 1
  },
  {
    "message": "不是觉得如此，也不是那种感觉，而是真理。",
    "len": 1
  },
  {
    "message": "所以，我鼓起勇气，竭尽全力说出了口。",
    "len": 1
  },
  {
    "name": "樹",
    "message": "「——我喜欢你，妈妈」",
    "len": 1
  },
  {
    "message": "听到这话，妈妈露出了满面笑容。",
    "len": 1
  },
  {
    "name": "式子",
    "message": "「哇～妈妈也喜欢你哦！最喜欢了～」",
    "len": 1
  },
  {
    "message": "她扑过来抱住了我。",
    "len": 1
  },
  {
    "message": "因为身材娇小，她的双臂刚好能环抱住我的腰。",
    "len": 1
  },
  {
    "message": "这样的妈妈，让我感到无比怜爱。",
    "len": 1
  },
  {
    "message": "因为有那个笑容……我感到得到了回报。",
    "len": 1
  },
  {
    "message": "终于说出口了。",
    "len": 1
  },
  {
    "name": "式子",
    "message": "「呐，我们来做点色色的事……好吗？」",
    "len": 1
  },
  {
    "name": "式子",
    "message": "「妈妈还是第一次哦？」",
    "len": 1
  },
  {
    "name": "樹",
    "message": "「…………」",
    "len": 1
  },
  {
    "name": "式子",
    "message": "「先从接吻开始」",
    "len": 1
  },
  {
    "name": "樹",
    "message": "「…………」",
    "len": 1
  },
  {
    "message": "按照妈妈说的那样。",
    "len": 1
  },
  {
    "message": "吻上了她的唇。",
    "len": 1
  },
  {
    "message": "这也是一种相遇的仪式。",
    "len": 1
  },
  {
    "message": "我们随时都能相遇。",
    "len": 1
  },
  {
    "message": "就像是第一次见面那样。",
    "len": 1
  },
  {
    "message": "同时又能像一直在一起那样彼此理解。",
    "len": 1
  },
  {
    "message": "在我和妈妈之间，存在着这样一道温柔的墙。",
    "len": 1
  },
  {
    "name": "式子",
    "message": "「啊呜……现在，我们相遇了……嗯，呼啊……呜……又回到了，最初的……时刻……嗯，嗯嗯，呜……」",
    "len": 2
  },
  {
    "name": "式子",
    "message": "「嗯……我们随时都能……哈呜……像这样，初次……相遇呢……」",
    "len": 2
  },
  {
    "name": "式子",
    "message": "「不断重复这个过程，就能永远在一起了……」",
    "len": 1
  },
  {
    "message": "我和妈妈，总是能这样初次相遇。",
    "len": 1
  },
  {
    "message": "重复着相遇，直至永恒——",
    "len": 1
  },
  {
    "name": "ギズモ",
    "message": "「树树，画画！」",
    "len": 1
  },
  {
    "message": "姬子猫拿来了蜡笔和速写本。",
    "len": 1
  },
  {
    "name": "樹",
    "message": "「哦，画画啊。真怀念啊。不知道上次用蜡笔是什么时候了。」",
    "len": 1
  },
  {
    "name": "樹",
    "message": "「姬子猫，你画点什么给我看看吧。」",
    "len": 1
  },
  {
    "name": "ギズモ",
    "message": "「哦！」",
    "len": 1
  },
  {
    "message": "姬子猫兴致勃勃地握紧蜡笔开始画画。",
    "len": 1
  },
  {
    "message": "白纸上画出的曲线，称之为画作未免太过前卫，对我来说有点难以理解。",
    "len": 2
  },
  {
    "message": "弯弯曲曲的，俗话说就像是蚯蚓爬过一样。",
    "len": 1
  },
  {
    "name": "樹",
    "message": "「这是什么啊，姬子猫？」",
    "len": 1
  },
  {
    "message": "我指着那堆完全不成「画」的样子的乱七八糟的线条问道。",
    "len": 2
  },
  {
    "name": "ギズモ",
    "message": "「啊！」",
    "len": 1
  },
  {
    "name": "樹",
    "message": "「爱？」",
    "len": 1
  },
  {
    "name": "ギズモ",
    "message": "「爱！爱！」",
    "len": 1
  },
  {
    "name": "樹",
    "message": "「是猴子吗？」",
    "len": 1
  },
  {
    "name": "琴子",
    "message": "「应该是L·O·V·E的爱吧」",
    "len": 1
  },
  {
    "message": "她用电卓脑袋似的表达方式说道。",
    "len": 1
  },
  {
    "name": "樹",
    "message": "「啊，原来如此」",
    "len": 1
  },
  {
    "message": "虽然这么说，但我其实并不太明白。",
    "len": 1
  },
  {
    "name": "樹",
    "message": "「爱，吗……」",
    "len": 1
  },
  {
    "message": "听她这么一说，眯起眼睛仔细看的话，似乎也有点像心形标志的感觉。",
    "len": 2
  },
  {
    "message": "不过也仅仅是有点像而已。",
    "len": 1
  },
  {
    "message": "它看起来和心形标志一样，也像是烧焦的洗碗刷或者满是泥巴的漫画里的肉。",
    "len": 2
  },
  {
    "name": "琴子",
    "message": "「可不能小看它哦。画画可是相当难的事情呢」",
    "len": 2
  },
  {
    "name": "琴子",
    "message": "「而且把爱这种抽象概念画出来，可不是那么容易就能做到的」",
    "len": 2
  },
  {
    "name": "樹",
    "message": "「是啊……仔细想想，我可能做不到」",
    "len": 1
  },
  {
    "name": "琴子",
    "message": "「果然猫咪很敏感呢。即使用语言不能理解，也能用感觉明白」",
    "len": 2
  },
  {
    "name": "琴子",
    "message": "「明白现在所处的地方」",
    "len": 1
  },
  {
    "name": "樹",
    "message": "「原来如此……」",
    "len": 1
  },
  {
    "message": "如果姬子猫真能这样感受到的话，我会非常高兴。",
    "len": 1
  },
  {
    "message": "曾经，姬子猫是我唯一的谈话对象。",
    "len": 1
  },
  {
    "message": "「爱」。",
    "len": 1
  },
  {
    "message": "姬子猫能感受到这样的东西。",
    "len": 1
  },
  {
    "message": "让姬子猫感受到这一切的大家，都在这个家里。",
    "len": 1
  },
  {
    "message": "琴子。",
    "len": 1
  },
  {
    "message": "结衣姐姐。",
    "len": 1
  },
  {
    "message": "嗯，还有那个电卓脑袋。",
    "len": 1
  },
  {
    "message": "还有，妈妈。",
    "len": 1
  },
  {
    "message": "家人们，都充满了爱。",
    "len": 1
  },
  {
    "message": "……这个家庭，是能理解我的。",
    "len": 1
  },
  {
    "message": "所谓理解，可能并不是指完全明白的意思。",
    "len": 1
  },
  {
    "message": "理解或许是件很棒的事，但对我们来说，那并不是最重要的。",
    "len": 2
  },
  {
    "message": "重要的是……",
    "len": 1
  },
  {
    "message": "让我觉得你们理解我。",
    "len": 1
  },
  {
    "message": "我想，这大概就是所谓的『爱』吧。",
    "len": 1
  },
  {
    "message": "被理解的感觉。",
    "len": 1
  },
  {
    "message": "那种平和到甚至意识不到的感觉。",
    "len": 1
  },
  {
    "message": "那就是『爱』。",
    "len": 1
  },
  {
    "message": "说不定，对某些人来说这还不够。",
    "len": 1
  },
  {
    "message": "柚之前说过。",
    "len": 1
  },
  {
    "message": "人生的分量啊，诸如此类的事。",
    "len": 1
  },
  {
    "message": "从更现实的角度来说，可能就是社会责任之类的东西吧。",
    "len": 2
  },
  {
    "message": "嗯，我明白你的意思。",
    "len": 1
  },
  {
    "message": "我不觉得这有什么不合理的。",
    "len": 1
  },
  {
    "message": "但这不就跟定期上厕所一样吗？",
    "len": 2
  },
  {
    "message": "虽然可能很重要，但也可以说无关紧要。",
    "len": 1
  },
  {
    "message": "归根结底只是琐事。",
    "len": 1
  },
  {
    "message": "怎么样都行的事。",
    "len": 1
  },
  {
    "message": "所以，只要放在脑子的一角就行了。",
    "len": 1
  },
  {
    "message": "仅此而已。",
    "len": 1
  },
  {
    "message": "对我们来说……为了我们能继续下去，有『爱』就足够了。",
    "len": 2
  },
  {
    "name": "樹",
    "message": "「本来就没什么责任嘛。草啊狗啊天空啊，它们都没有什么责任不是吗」",
    "len": 2
  },
  {
    "name": "琴子",
    "message": "「「自然主义谬误」本身，归根结底不过是选择什么样价值观的问题罢了」",
    "len": 2
  },
  {
    "name": "琴子",
    "message": "「没必要特意大张旗鼓地讨论这种事」",
    "len": 1
  },
  {
    "name": "樹",
    "message": "「……？」",
    "len": 1
  },
  {
    "message": "嗯，虽然不太明白。",
    "len": 1
  },
  {
    "message": "但这种看起来像骗人的东西怎样都无所谓。",
    "len": 1
  },
  {
    "name": "樹",
    "message": "「对吧？」",
    "len": 1
  },
  {
    "message": "我抚摸着姬子猫的头。",
    "len": 1
  },
  {
    "name": "ギズモ",
    "message": "「喵！」",
    "len": 1
  },
  {
    "message": "这样抚摸姬子猫的头，能感受到柔软的触感，还能听到姬子猫幸福的回应。",
    "len": 2
  },
  {
    "message": "我能感觉到姬子猫很舒服。",
    "len": 1
  },
  {
    "message": "虽然不能完全理解，但还是能大致感受到对方是怎么想的。",
    "len": 2
  },
  {
    "message": "虽然有隔阂，但不会成为障碍——就是这样的关系。",
    "len": 1
  },
  {
    "message": "在我和姬子猫之间也是如此。",
    "len": 1
  },
  {
    "message": "在我和大家之间也是如此。",
    "len": 1
  },
  {
    "message": "在我和妈妈之间也是如此。",
    "len": 1
  },
  {
    "message": "那里温暖，又保持着适度的距离。",
    "len": 1
  },
  {
    "message": "这个家里没有奇怪的东西。",
    "len": 1
  },
  {
    "message": "没人说奇怪的话。",
    "len": 1
  },
  {
    "message": "不，虽然说的都是奇怪的话，但不会说那些让我们崩溃的话。",
    "len": 2
  },
  {
    "message": "温暖，又保持着适度的距离——所以，这里只有快乐的事",
    "len": 2
  },
  {
    "message": "只有有趣的事。",
    "len": 1
  },
  {
    "message": "只有令人愉悦的事。",
    "len": 1
  },
  {
    "message": "这就是所谓的『爱』。",
    "len": 1
  },
  {
    "message": "一定是这样。",
    "len": 1
  },
  {
    "name": "樹",
    "message": "「好嘞，姬子猫，我来给你画，你看着啊。」",
    "len": 1
  },
  {
    "name": "ギズモ",
    "message": "「树，你要画什么呀？」",
    "len": 1
  },
  {
    "name": "樹",
    "message": "「嗯……」",
    "len": 1
  },
  {
    "message": "虽然我停顿了一下，但其实根本不用考虑。",
    "len": 1
  },
  {
    "name": "樹",
    "message": "「当然是画「爱」啦。」",
    "len": 1
  },
  {
    "message": "于是我开始画了。",
    "len": 1
  },
  {
    "message": "虽然我觉得画得并不怎么样……",
    "len": 1
  },
  {
    "message": "但还是用棉花糖一样的东西填满了纸面。",
    "len": 1
  },
  {
    "message": "那是许多棵树的图画。",
    "len": 2
  },
  {
    "message": "也就是说，一片森林。",
    "len": 1
  },
  {
    "message": "这就是对我来说，最直观的『爱』的形态。",
    "len": 1
  },
  {
    "name": "ギズモ",
    "message": "「哇，好多草！」",
    "len": 1
  },
  {
    "name": "樹",
    "message": "「不是草，是「树」哦」",
    "len": 2
  },
  {
    "name": "ギズモ",
    "message": "「树！」",
    "len": 1
  },
  {
    "name": "樹",
    "message": "「很多树聚在一起，就成了「森林」」",
    "len": 1
  },
  {
    "name": "ギズモ",
    "message": "「哦！」",
    "len": 1
  },
  {
    "message": "虽然不知道她是否真的理解了，但她发出了一声似乎很感兴趣的声音。",
    "len": 1
  },
  {
    "name": "琴子",
    "message": "「感觉就像亲眼目睹了文字诞生的瞬间一样。」",
    "len": 1
  },
  {
    "name": "樹",
    "message": "「这是说，姬子猫理解了吗？」",
    "len": 1
  },
  {
    "name": "琴子",
    "message": "「嗯。」",
    "len": 1
  },
  {
    "name": "ギズモ",
    "message": "「树、树、树、树……森林！」",
    "len": 1
  },
  {
    "name": "ギズモ",
    "message": "「树，姬子猫！」",
    "len": 1
  },
  {
    "name": "樹",
    "message": "「……？」",
    "len": 1
  },
  {
    "name": "ギズモ",
    "message": "「树，琴子！」",
    "len": 1
  },
  {
    "message": "她指着琴子。",
    "len": 1
  },
  {
    "name": "琴子",
    "message": "「啊？」",
    "len": 1
  },
  {
    "name": "ギズモ",
    "message": "「树、电卓！」",
    "len": 1
  },
  {
    "message": "她指着电卓的脑袋。",
    "len": 1
  },
  {
    "name": "電卓",
    "message": "「啊？」",
    "len": 1
  },
  {
    "name": "ギズモ",
    "message": "「树、结衣！」",
    "len": 1
  },
  {
    "message": "她指着结衣姐姐。",
    "len": 1
  },
  {
    "name": "結衣",
    "message": "「你在说什么啊，小猫」",
    "len": 1
  },
  {
    "name": "ギズモ",
    "message": "「树、式子！」",
    "len": 1
  },
  {
    "message": "她指着妈妈。",
    "len": 1
  },
  {
    "name": "式子",
    "message": "「怎么了，小姬」",
    "len": 1
  },
  {
    "name": "ギズモ",
    "message": "「树、树树！！」",
    "len": 1
  },
  {
    "message": "然后她指着我。",
    "len": 1
  },
  {
    "name": "樹",
    "message": "「哦，原来是这么回事啊」",
    "len": 1
  },
  {
    "message": "木——树。",
    "len": 3
  },
  {
    "message": "那是我的名字，但不仅仅只有这个意思——",
    "len": 1
  },
  {
    "name": "ギズモ",
    "message": "「木，大家！」",
    "len": 1
  },
  {
    "message": "对，是指大家。",
    "len": 1
  },
  {
    "message": "大家都是树。",
    "len": 1
  },
  {
    "name": "ギズモ",
    "message": "「大家，森林！」",
    "len": 1
  },
  {
    "message": "大家聚在一起，就成了森林。",
    "len": 1
  },
  {
    "name": "ギズモ",
    "message": "「啊！！」",
    "len": 1
  },
  {
    "message": "爱。",
    "len": 1
  },
  {
    "name": "樹",
    "message": "「姬子猫真聪明啊」",
    "len": 1
  },
  {
    "name": "ギズモ",
    "message": "「树，你在夸姬子猫吗？」",
    "len": 1
  },
  {
    "name": "樹",
    "message": "「嗯，我在夸你呢」",
    "len": 1
  },
  {
    "name": "ギズモ",
    "message": "「姬子猫，真棒！」",
    "len": 1
  },
  {
    "message": "挺起胸膛。",
    "len": 1
  },
  {
    "message": "家人……森林……爱，能包容各种各样的事物。",
    "len": 1
  },
  {
    "message": "包括我，也包括大家。",
    "len": 1
  },
  {
    "message": "不知不觉间，那些曾经的家人，似乎已经远去了。",
    "len": 2
  },
  {
    "name": "テレビの音声",
    "message": "「……接下来是下一条新闻」",
    "len": 1
  },
  {
    "name": "テレビの音声",
    "message": "「今天晚上9点左右到明天凌晨期间，预计会出现的流星群规模与3年前的双子座流星群几乎相同……」",
    "len": 2
  },
  {
    "name": "姉",
    "message": "「把酱油递给我」",
    "len": 1
  },
  {
    "name": "母",
    "message": "「这点距离你自己伸手拿啊」",
    "len": 1
  },
  {
    "name": "姉",
    "message": "「那算了，不要了」",
    "len": 1
  },
  {
    "name": "父",
    "message": "「……啊，我这儿没水了啊」",
    "len": 1
  },
  {
    "name": "母",
    "message": "「用完了，喝茶怎么样？」",
    "len": 1
  },
  {
    "name": "父",
    "message": "「啊，嗯……但是，茶叶嘛……」",
    "len": 1
  },
  {
    "name": "母",
    "message": "「茶对健康有好处哦？」",
    "len": 1
  },
  {
    "name": "父",
    "message": "「嗯……可是啊…………」",
    "len": 1
  },
  {
    "name": "母",
    "message": "「你能不能体谅一下每次都要去买水的人啊？搬运很重的好吗！」",
    "len": 2
  },
  {
    "name": "父",
    "message": "「啊，啊啊……对不起啊老婆……我该怎么办才好……」",
    "len": 1
  },
  {
    "name": "姉",
    "message": "「烦死了！你给我闭嘴吧！」",
    "len": 1
  },
  {
    "message": "那时的家人，其实和现在并没有太大的不同。",
    "len": 1
  },
  {
    "message": "虽然每个人的性格可能有所不同，但本质上还是我的家人。",
    "len": 2
  },
  {
    "message": "说不定，那些回忆也不必非要当作讨厌的记忆来对待。",
    "len": 2
  },
  {
    "message": "我感觉，那种相处方式也有它独特的契合之处。",
    "len": 1
  },
  {
    "message": "本来就是各自为政的状态。",
    "len": 1
  },
  {
    "message": "虽然确实很痛苦，但我们之间确实保持着距离，或许本可以在那之中注入一些温暖。",
    "len": 2
  },
  {
    "message": "那种伸手可及的、温暖的距离感。",
    "len": 1
  },
  {
    "message": "虽然那个家庭现在仿佛已经在另一个世界了，但我觉得我还是能和他们握手言和的。",
    "len": 2
  },
  {
    "message": "我觉得我甚至能与那个世界握手言和。",
    "len": 1
  },
  {
    "name": "男１",
    "message": "「喂，从下面伸手进去不就能拿到了吗？」",
    "len": 1
  },
  {
    "name": "女１",
    "message": "「诶——怎么可能拿得到啊」",
    "len": 1
  },
  {
    "name": "男１",
    "message": "「你凭什么这么肯定啊」",
    "len": 1
  },
  {
    "name": "女１",
    "message": "「因为，要是那样就能拿到的话，就不需要投币了啊」",
    "len": 1
  },
  {
    "name": "男１",
    "message": "「所以说，投币的家伙都是傻子啊。被骗了还不知道」",
    "len": 1
  },
  {
    "name": "女２",
    "message": "「哦～，原来来游戏厅的客人都是傻子啊。那我也来开个游戏厅好了」",
    "len": 2
  },
  {
    "name": "男２",
    "message": "「哦，不错啊？反正这世界傻子多，肯定能成功」",
    "len": 2
  },
  {
    "name": "男２",
    "message": "「赚到钱了请我们吃肉啊」",
    "len": 1
  },
  {
    "name": "男３",
    "message": "「不过话说回来，店员不是在看着吗？」",
    "len": 1
  },
  {
    "name": "女３",
    "message": "「啊？那种家伙揍一顿不就行了。看起来挺弱的」",
    "len": 1
  },
  {
    "name": "男３",
    "message": "「哈哈哈，就是啊！你真聪明！」",
    "len": 1
  },
  {
    "name": "女３",
    "message": "「你也这么觉得吧！？我奶奶还说过呢，惠理子很聪明」",
    "len": 2
  },
  {
    "message": "前不久在Quare见到的那个以前的同学。",
    "len": 1
  },
  {
    "message": "也许我能和他们握手言和。",
    "len": 1
  },
  {
    "message": "他们可能会感到困惑，但我们以前可是一起在杂货店玩耍的伙伴。",
    "len": 2
  },
  {
    "message": "更重要的是，他们和我们是一样的。",
    "len": 1
  },
  {
    "message": "因为我们是家人。",
    "len": 1
  },
  {
    "message": "作为家人，我们创造了一个彼此理解的世界。",
    "len": 1
  },
  {
    "message": "所以，他们是我们的同伴。",
    "len": 1
  },
  {
    "message": "没必要厌恶他们。",
    "len": 1
  },
  {
    "message": "我们和他们其实并没有那么大的不同。",
    "len": 1
  },
  {
    "message": "我觉得我们也能和那个世界握手言和。",
    "len": 1
  },
  {
    "message": "不如说……",
    "len": 1
  },
  {
    "message": "真正无法握手的对象，可能就在身边。",
    "len": 1
  },
  {
    "name": "樹",
    "message": "「…………」",
    "len": 1
  },
  {
    "name": "樹",
    "message": "「——柚」",
    "len": 1
  },
  {
    "message": "我们无法和你一起去那边。",
    "len": 1
  },
  {
    "message": "我们无法和你一起前行。",
    "len": 1
  },
  {
    "message": "那是我们无法触及的地方。",
    "len": 1
  },
  {
    "name": "柚",
    "message": "「……嗯」",
    "len": 1
  },
  {
    "message": "在我的想象中，柚似乎寂寞地低声呢喃道。",
    "len": 1
  },
  {
    "message": "如果可以的话，真希望你也能来这边。",
    "len": 1
  },
  {
    "name": "柚",
    "message": "「我是不能去那边的哦」",
    "len": 1
  },
  {
    "message": "是啊。",
    "len": 1
  },
  {
    "message": "你是那边的人。",
    "len": 1
  },
  {
    "name": "柚",
    "message": "「阿树来这边才是正常的吧」",
    "len": 1
  },
  {
    "message": "正因如此，我是不能去那边的。",
    "len": 1
  },
  {
    "message": "因为我是这边的人。",
    "len": 1
  },
  {
    "message": "因为我是温暖地方的人。",
    "len": 1
  },
  {
    "name": "柚",
    "message": "「那，没办法呢」",
    "len": 1
  },
  {
    "message": "别摆出那副表情嘛。",
    "len": 1
  },
  {
    "message": "我们不是朋友吗？",
    "len": 1
  },
  {
    "message": "嗯——我不知道柚是否点了点头。",
    "len": 1
  },
  {
    "message": "我突然有了想法，站了起来。",
    "len": 1
  },
  {
    "name": "樹",
    "message": "「大家，要不要去初诣？」",
    "len": 1
  },
  {
    "name": "結衣",
    "message": "「诶——结衣可不想冲进那种人山人海中啊」",
    "len": 1
  },
  {
    "message": "结衣姐指着电视。",
    "len": 1
  },
  {
    "message": "屏幕上正好播放着初诣时拥挤的场景。",
    "len": 1
  },
  {
    "message": "新年前三天的客流预计有几十万人。",
    "len": 1
  },
  {
    "name": "樹",
    "message": "「我觉得我们参拜的地方，不一定非得是神社什么的」",
    "len": 2
  },
  {
    "name": "結衣",
    "message": "「那是哪儿啊？」",
    "len": 1
  },
  {
    "name": "樹",
    "message": "「比如公园」",
    "len": 1
  },
  {
    "name": "結衣",
    "message": "「喂，那不就是你平常午睡的地方吗」",
    "len": 1
  },
  {
    "name": "樹",
    "message": "「但是，那里有森林啊。我觉得很适合我们去初诣」",
    "len": 2
  },
  {
    "name": "式子",
    "message": "「妈妈赞成～」",
    "len": 1
  },
  {
    "name": "結衣",
    "message": "「只要不是人挤人就行。妈妈好像也同意了」",
    "len": 1
  },
  {
    "name": "ギズモ",
    "message": "「森！爱！！」",
    "len": 1
  },
  {
    "name": "琴子",
    "message": "「哥哥今早不是说了嘛。一年之计在于元旦」",
    "len": 2
  },
  {
    "name": "樹",
    "message": "「那就出发吧！」",
    "len": 1
  },
  {
    "name": "電卓",
    "message": "「……喂，你们是不是忘了听一家之主的意见？」",
    "len": 1
  },
  {
    "name": "樹",
    "message": "「你不是宿醉吗？不用勉强自己来哦」",
    "len": 1
  },
  {
    "name": "樹",
    "message": "「开玩笑的啦。——你也一起来吧」",
    "len": 1
  },
  {
    "name": "電卓",
    "message": "「啧，没办法啊，那就去吧。没有我在场可不像话」",
    "len": 2
  },
  {
    "message": "蹦蹦跳跳……",
    "len": 1
  },
  {
    "name": "樹",
    "message": "「嗯？」",
    "len": 1
  },
  {
    "message": "是帕君啊。",
    "len": 1
  },
  {
    "message": "啊，这家伙也不能忘了带上呢。",
    "len": 1
  },
  {
    "message": "然后，帕君伸出了手（？），轻轻地做了个招手的动作。",
    "len": 2
  },
  {
    "message": "就好像在说「你也一起来吧」似的。",
    "len": 1
  },
  {
    "name": "樹",
    "message": "「这家伙，装什么大尾巴狼」",
    "len": 1
  },
  {
    "message": "不对，不是家伙，是母的来着。",
    "len": 1
  },
  {
    "name": "樹",
    "message": "「……谢谢你邀请我」",
    "len": 1
  },
  {
    "message": "趁大家准备的时候，我躺在房间的床上。",
    "len": 1
  },
  {
    "name": "樹",
    "message": "「没想到有朝一日全家人一起去初诣啊……」",
    "len": 1
  },
  {
    "message": "不禁感慨万分。",
    "len": 1
  },
  {
    "message": "新的一年伊始，与新的家人一起——",
    "len": 1
  },
  {
    "message": "那个弟弟所看到的世界，是如水晶般纯粹的幸福。",
    "len": 1
  },
  {
    "name": "結衣",
    "message": "「那么，今年冬天下的雪，是不是就是幸福的结晶呢」",
    "len": 2
  },
  {
    "name": "結衣",
    "message": "「…………」",
    "len": 1
  },
  {
    "name": "結衣",
    "message": "「……啊—啊，好冷啊，喂」",
    "len": 1
  },
  {
    "message": "明明雪都没下，却感到一阵寒意。",
    "len": 1
  },
  {
    "name": "電卓",
    "message": "「哼，冷点也不错。我倒是挺满意的」",
    "len": 1
  },
  {
    "name": "電卓",
    "message": "「对这个出了故障的脑袋来说，这奖励已经足够了」",
    "len": 2
  },
  {
    "message": "那么，接下来……",
    "len": 1
  },
  {
    "message": "就是该怎么跟树那家伙说这个网费账单的事了……",
    "len": 2
  },
  {
    "name": "ギズモ",
    "message": "「大家，一起」",
    "len": 1
  },
  {
    "name": "ギズモ",
    "message": "「大家，幸福」",
    "len": 1
  },
  {
    "name": "ギズモ",
    "message": "「世界，甜的，好吃」",
    "len": 1
  },
  {
    "name": "ギズモ",
    "message": "「……对吧？」",
    "len": 1
  },
  {
    "message": "窸窸窣窣……",
    "len": 1
  },
  {
    "name": "ギズモ",
    "message": "「喵呜！！」",
    "len": 1
  },
  {
    "message": "看来猫咪又在闹腾了。",
    "len": 1
  },
  {
    "message": "肯定是发现了什么虫子之类的吧。",
    "len": 1
  },
  {
    "message": "幸福是件好事。",
    "len": 1
  },
  {
    "message": "幸福。",
    "len": 1
  },
  {
    "message": "……幸福的世界，是能感受到幸福的主体的世界。",
    "len": 1
  },
  {
    "message": "在主体的世界里，永恒和瞬间是一样的。",
    "len": 1
  },
  {
    "name": "琴子",
    "message": "「也就是说，时间变得毫无意义，可以一直持续下去，是这个意思吗……」",
    "len": 2
  },
  {
    "name": "琴子",
    "message": "「接下来就是如何将其具象化了，哥哥。在这个现实世界中——」",
    "len": 2
  },
  {
    "message": "大家一起外出。",
    "len": 1
  },
  {
    "message": "我一直一直梦想着这样的幸福。",
    "len": 1
  },
  {
    "message": "我想把这个告诉过去的自己。",
    "len": 1
  },
  {
    "message": "因为幸福可以跨越时间。",
    "len": 1
  },
  {
    "message": "因为它甚至可以追溯到过去。",
    "len": 1
  },
  {
    "name": "式子",
    "message": "「你是可以获得幸福的哦」",
    "len": 1
  },
  {
    "message": "因为幸福能跨越时间，甚至能将过去也染上幸福的色彩。",
    "len": 2
  },
  {
    "message": "因为从你那里接过了接力棒，所以才有了幸福。",
    "len": 1
  },
  {
    "message": "将这根接力棒传递下去的人，也存在于未来。",
    "len": 1
  },
  {
    "message": "幸福，会一直延续下去——",
    "len": 1
  },
  {
    "message": "在这个家庭中——",
    "len": 1
  },
  {
    "name": "樹",
    "message": "「好嘞，看来大家都到齐了」",
    "len": 1
  },
  {
    "message": "公园里的一片小树林。",
    "len": 1
  },
  {
    "message": "看起来没什么特别来历的树林。",
    "len": 1
  },
  {
    "name": "琴子",
    "message": "「仔细想想，在树林里没法投香火钱啊」",
    "len": 2
  },
  {
    "name": "結衣",
    "message": "「随便往哪儿一扔不就行了吗？」",
    "len": 1
  },
  {
    "name": "琴子",
    "message": "「那样感觉有点浪费呢」",
    "len": 1
  },
  {
    "name": "式子",
    "message": "「说不定树林也有灵验哦～」",
    "len": 1
  },
  {
    "name": "結衣",
    "message": "「你看，连树林精灵都这么说」",
    "len": 1
  },
  {
    "message": "虽然天气寒冷，但空气却令人舒适。",
    "len": 1
  },
  {
    "message": "感觉空气非常清新，置身其中仿佛重获新生。",
    "len": 2
  },
  {
    "message": "就像真的迈出了新的一步，有这样的感觉。",
    "len": 1
  },
  {
    "name": "式子",
    "message": "「嘿嘿～，妈妈是精灵吗？结衣酱真会说话呢～」",
    "len": 2
  },
  {
    "name": "結衣",
    "message": "「或者说是森林之主？」",
    "len": 1
  },
  {
    "name": "琴子",
    "message": "「那样的话就像鲶鱼精了哦」",
    "len": 1
  },
  {
    "name": "式子",
    "message": "「嘿嘿～害羞了呢～」",
    "len": 1
  },
  {
    "name": "結衣",
    "message": "「她害羞了哦」",
    "len": 1
  },
  {
    "name": "琴子",
    "message": "「…………」",
    "len": 1
  },
  {
    "name": "パッくん",
    "message": "（啪！啪啪！）",
    "len": 1
  },
  {
    "name": "ギズモ",
    "message": "「恶之精灵！」",
    "len": 1
  },
  {
    "message": "看着大家的样子……感受着，我意识到了一件事。",
    "len": 1
  },
  {
    "message": "我既是对的，又是错的。",
    "len": 1
  },
  {
    "message": "根本不需要悲伤——我是这么想的。",
    "len": 1
  },
  {
    "message": "去往没有悲伤的世界——我对妈妈说过。",
    "len": 1
  },
  {
    "message": "我以为那是可以实现的。",
    "len": 1
  },
  {
    "message": "而事实上，这里就有最棒的家人。",
    "len": 1
  },
  {
    "message": "没有任何悲伤。",
    "len": 1
  },
  {
    "message": "这半对半错。",
    "len": 1
  },
  {
    "message": "悲伤本身，并不是那么重要的事。",
    "len": 1
  },
  {
    "name": "電卓",
    "message": "「这种空气对身体不太好啊。焊锡的味道才适合俺」",
    "len": 2
  },
  {
    "name": "式子",
    "message": "「焊锡？」",
    "len": 1
  },
  {
    "name": "琴子",
    "message": "「是用来焊接电子电路的合金」",
    "len": 1
  },
  {
    "name": "結衣",
    "message": "「爸爸真是的，总喜欢些对身体不好的东西」",
    "len": 2
  },
  {
    "name": "琴子",
    "message": "「那我们也是对身体不好的呢」",
    "len": 1
  },
  {
    "name": "結衣",
    "message": "「……别突然搞这种害羞的氛围啊」",
    "len": 1
  },
  {
    "name": "式子",
    "message": "「嘿嘿～」",
    "len": 1
  },
  {
    "name": "結衣",
    "message": "「妈妈真是坚强啊……」",
    "len": 1
  },
  {
    "message": "之前，柚说过。",
    "len": 1
  },
  {
    "message": "——如果苦笑一下就能解决的麻烦，就不能说是麻烦。",
    "len": 1
  },
  {
    "message": "——家人是一种负担，是必须背负的东西。",
    "len": 1
  },
  {
    "message": "她说过这样的话。",
    "len": 1
  },
  {
    "message": "柚说的果然是对的。",
    "len": 1
  },
  {
    "message": "那家伙对这个世界的事情知道得很多。",
    "len": 1
  },
  {
    "message": "但是柚也是半对半错。",
    "len": 1
  },
  {
    "message": "总而言之，就是这么回事。",
    "len": 1
  },
  {
    "message": "悲伤是存在的——但仅仅作为单纯的悲伤。",
    "len": 1
  },
  {
    "message": "当然了，活着的时候难免会遇到各种事。",
    "len": 1
  },
  {
    "message": "但那跟什么重担啊，背负啊之类的都没关系。",
    "len": 2
  },
  {
    "message": "所谓悲伤的事，就只是悲伤的事而已。",
    "len": 1
  },
  {
    "message": "仅此而已。",
    "len": 1
  },
  {
    "message": "没有比这更深奥、更拐弯抹角的意义了。",
    "len": 1
  },
  {
    "name": "ギズモ",
    "message": "「呜～！」",
    "len": 1
  },
  {
    "name": "結衣",
    "message": "「哇！？别突然往我身上扑啊」",
    "len": 2
  },
  {
    "name": "電卓",
    "message": "「嘿～！」",
    "len": 1
  },
  {
    "name": "結衣",
    "message": "「这边也来？！别争着往我身上扑啊！」",
    "len": 2
  },
  {
    "name": "ギズモ",
    "message": "「姬子猫，先到的！」",
    "len": 1
  },
  {
    "name": "電卓",
    "message": "「不～对，是我以毫厘之差先到的哦！」",
    "len": 2
  },
  {
    "name": "式子",
    "message": "「诶嘿嘿～」",
    "len": 1
  },
  {
    "name": "結衣",
    "message": "「……妈妈是怎样都无所谓吗」",
    "len": 1
  },
  {
    "message": "需要的是——",
    "len": 1
  },
  {
    "message": "正面迎接悲伤。",
    "len": 1
  },
  {
    "message": "但这并不意味着仅仅因为用了这种热血的表达就等同于直面现实。",
    "len": 2
  },
  {
    "message": "这不是那么廉价的事。",
    "len": 1
  },
  {
    "message": "也不是什么小事。",
    "len": 1
  },
  {
    "message": "接受悲伤就是单纯地接受它，不将其与其他事物联系起来。",
    "len": 2
  },
  {
    "message": "我们只需要去感受。",
    "len": 1
  },
  {
    "message": "只需要单纯地悲伤就够了。",
    "len": 1
  },
  {
    "message": "不需要赋予其他任何意义。",
    "len": 1
  },
  {
    "name": "琴子",
    "message": "「我……能这样走路真是太好了」",
    "len": 1
  },
  {
    "name": "結衣",
    "message": "「是啊」",
    "len": 1
  },
  {
    "name": "式子",
    "message": "「这样走着，感觉就像在家里一样呢～周围都是森林」",
    "len": 2
  },
  {
    "name": "琴子",
    "message": "「……嘛，这个家族无论去哪里都是一样的感觉」",
    "len": 2
  },
  {
    "name": "電卓",
    "message": "「哒！」",
    "len": 1
  },
  {
    "name": "ギズモ",
    "message": "「呼！」",
    "len": 1
  },
  {
    "name": "パッくん",
    "message": "（啪！）",
    "len": 1
  },
  {
    "name": "結衣",
    "message": "「确实如此」",
    "len": 1
  },
  {
    "name": "琴子",
    "message": "「嗯」",
    "len": 1
  },
  {
    "message": "无法得到救赎的是……给感受到的事情强加意义，编造出所谓的深度或重要性。",
    "len": 2
  },
  {
    "message": "这种粗暴的行为，会让幸福瞬间消失。",
    "len": 1
  },
  {
    "message": "其实还可以用另一种说法。",
    "len": 1
  },
  {
    "message": "正面迎接喜悦。",
    "len": 1
  },
  {
    "message": "只需单纯地感到快乐就好。",
    "len": 1
  },
  {
    "message": "对这种事赋予意义什么的，果然是多余的。",
    "len": 1
  },
  {
    "message": "不需要任何复杂的东西。",
    "len": 1
  },
  {
    "message": "这个家庭里，没有任何多余的东西。",
    "len": 1
  },
  {
    "name": "琴子",
    "message": "「好啦好啦，小猫咪，我来帮你清理脏污。哎呀呀，连头发上都缠上草了」",
    "len": 2
  },
  {
    "name": "ギズモ",
    "message": "「喵～」",
    "len": 1
  },
  {
    "name": "結衣",
    "message": "「虽然你可能在期待，但爸爸你得自己动手啊」",
    "len": 2
  },
  {
    "name": "電卓",
    "message": "「本大爷才不会做那种小聪明的事情，去弄掉身上的脏东西！」",
    "len": 2
  },
  {
    "name": "結衣",
    "message": "「那么，回去的时候你就离我们远点走吧」",
    "len": 2
  },
  {
    "name": "式子",
    "message": "「帕克君也变得脏兮兮的呢～」",
    "len": 1
  },
  {
    "name": "パッくん",
    "message": "（咕啪）",
    "len": 1
  },
  {
    "name": "結衣",
    "message": "「……喂，树，你从刚才开始就一个人在想心事的样子，怎么了？这可不像你啊」",
    "len": 3
  },
  {
    "name": "樹",
    "message": "「啊？……哦，没什么，只是有点走神了。——这样真的很不像我吗？」",
    "len": 2
  },
  {
    "name": "琴子",
    "message": "「我倒觉得也没那么不像……」",
    "len": 2
  },
  {
    "name": "結衣",
    "message": "「琴子对树太宽容了。这样宠着他会变成废柴男的哦」",
    "len": 2
  },
  {
    "name": "式子",
    "message": "「没关系的，结衣酱。大家以后加倍宠回来就行了嘛～」",
    "len": 2
  },
  {
    "name": "結衣",
    "message": "「哦哦，妈妈真明智——」",
    "len": 1
  },
  {
    "name": "樹",
    "message": "「大家，都许愿了吗？」",
    "len": 1
  },
  {
    "name": "ギズモ",
    "message": "「喵！」",
    "len": 1
  },
  {
    "name": "結衣",
    "message": "「你看起来信心满满地举手，但如果许愿「希望能抓到很多虫子」之类的我可不答应哦」",
    "len": 3
  },
  {
    "name": "琴子",
    "message": "「大家不都是一样的吗？姐姐也是，猫咪也是」",
    "len": 2
  },
  {
    "name": "結衣",
    "message": "「是这样吗～」",
    "len": 1
  },
  {
    "name": "琴子",
    "message": "「妈妈也是这样的吧？」",
    "len": 1
  },
  {
    "name": "式子",
    "message": "「嗯，是「家庭平安」哦～」",
    "len": 1
  },
  {
    "name": "琴子",
    "message": "「对吧？姐姐」",
    "len": 1
  },
  {
    "name": "結衣",
    "message": "「……唔，答对了」",
    "len": 1
  },
  {
    "name": "ギズモ",
    "message": "「喵！」",
    "len": 1
  },
  {
    "name": "式子",
    "message": "「树君，你决定好要走的路了吗？」",
    "len": 1
  },
  {
    "name": "樹",
    "message": "「嗯」",
    "len": 1
  },
  {
    "name": "式子",
    "message": "「那么，带我一起去吧？」",
    "len": 1
  },
  {
    "message": "以前也曾有人对我说过类似的话。",
    "len": 1
  },
  {
    "message": "而这次我的回答，与之前稍有不同。",
    "len": 1
  },
  {
    "message": "所以，我们的约定也略有变化。",
    "len": 1
  },
  {
    "name": "樹",
    "message": "「不是我带你们去。而是我们一起去」",
    "len": 2
  },
  {
    "name": "樹",
    "message": "「大家一起，共同前行」",
    "len": 1
  },
  {
    "message": "我们一同迈出步伐，却各自有着不同的脚步。",
    "len": 1
  },
  {
    "message": "用只有我们才能做到的方式。",
    "len": 1
  },
  {
    "message": "因为得到了母亲的力量，我们获得了永恒。",
    "len": 1
  },
  {
    "message": "永远回归起点，不断焕发新生。",
    "len": 1
  },
  {
    "message": "不受任何事物的迷惑。",
    "len": 1
  },
  {
    "message": "不背负任何东西。",
    "len": 1
  },
  {
    "message": "像树叶被风吹起舞那样轻盈。",
    "len": 1
  },
  {
    "message": "像飞舞的叶子轻轻落地那样安详。",
    "len": 1
  },
  {
    "message": "我们，只是继续前行。",
    "len": 1
  },
  {
    "message": "亲密到能感受彼此的感觉。",
    "len": 1
  },
  {
    "message": "疏远到能够交换爱语。",
    "len": 1
  },
  {
    "message": "在这充满幸福的世界中漫步。",
    "len": 1
  },
  {
    "message": "从我们到我们，不断传递着接力棒。",
    "len": 1
  },
  {
    "message": "为了喜悦，仅仅是为了喜悦——",
    "len": 1
  },
  {
    "message": "为了悲伤，仅仅是为了悲伤——",
    "len": 1
  },
  {
    "message": "仅仅，只是为了这个而已。",
    "len": 1
  }
]