[
  {
    "message": "归根结底，我究竟在看什么？",
    "len": 1
  },
  {
    "name": "樹",
    "message": "「……………………」",
    "len": 1
  },
  {
    "name": "樹",
    "message": "「是在看清晨吗？」",
    "len": 1
  },
  {
    "name": "樹",
    "message": "「是在看我的房间吗？」",
    "len": 1
  },
  {
    "name": "樹",
    "message": "「是在看构成这个世界的粒子集合吗？」",
    "len": 1
  },
  {
    "message": "……还是说，我在做梦？",
    "len": 1
  },
  {
    "name": "樹",
    "message": "「唉……」",
    "len": 1
  },
  {
    "message": "让我冷静一下头脑。",
    "len": 1
  },
  {
    "message": "刚刚醒来，头就感觉很沉重。",
    "len": 1
  },
  {
    "message": "就像是塞满了石头一样。",
    "len": 1
  },
  {
    "message": "『时间啊停止吧，世界是如此美丽』——。",
    "len": 1
  },
  {
    "message": "不对，是『你真美』——来着？",
    "len": 1
  },
  {
    "message": "以前，琴子跟我说过。",
    "len": 1
  },
  {
    "message": "某位大人物被恶魔诱惑的故事。",
    "len": 1
  },
  {
    "message": "如果对这个世界满意到希望时间停止的程度……",
    "len": 2
  },
  {
    "message": "就要与恶魔签订交出灵魂的契约。",
    "len": 1
  },
  {
    "message": "故事的结局我已经忘了……",
    "len": 1
  },
  {
    "message": "总之，我还想着恶魔真是个好家伙啊，毕竟满足了就让你解脱。",
    "len": 2
  },
  {
    "message": "相比之下，那个说人类不该满足的神，才是个多么残酷的家伙啊。",
    "len": 2
  },
  {
    "message": "我是不是很奇怪？",
    "len": 1
  },
  {
    "name": "樹",
    "message": "「算了，反正那种事也不可能发生」",
    "len": 1
  },
  {
    "name": "樹",
    "message": "「说到底，像我这样的人，根本就不会去看时间」",
    "len": 2
  },
  {
    "name": "樹",
    "message": "「就好像一直停滞不前一样……」",
    "len": 1
  },
  {
    "name": "結衣",
    "message": "「……那么，世界美丽吗？」",
    "len": 1
  },
  {
    "name": "樹",
    "message": "「啊……你在啊」",
    "len": 1
  },
  {
    "name": "結衣",
    "message": "「我一直在看天空，就自己进来了」",
    "len": 1
  },
  {
    "name": "樹",
    "message": "「早上好，结衣姐，没关系的」",
    "len": 1
  },
  {
    "name": "結衣",
    "message": "「早上好。那么，怎么样？」",
    "len": 2
  },
  {
    "name": "樹",
    "message": "「什么怎么样？」",
    "len": 1
  },
  {
    "name": "結衣",
    "message": "「你刚才一个人在嘀嘀咕咕地说话吧」",
    "len": 1
  },
  {
    "name": "樹",
    "message": "「啊……是那个啊」",
    "len": 1
  },
  {
    "name": "結衣",
    "message": "「你眼中的世界美丽吗？」",
    "len": 1
  },
  {
    "name": "樹",
    "message": "「嗯，普普通通吧」",
    "len": 1
  },
  {
    "name": "結衣",
    "message": "「真是个无趣的家伙」",
    "len": 1
  },
  {
    "name": "樹",
    "message": "「被你这么说，我也不知道该怎么回答好……」",
    "len": 1
  },
  {
    "name": "結衣",
    "message": "「喂，这种时候，就算是奉承也该这么说」",
    "len": 1
  },
  {
    "name": "結衣",
    "message": "「因为有你在，这个世界才如此美丽……」",
    "len": 1
  },
  {
    "name": "樹",
    "message": "「噗……」",
    "len": 1
  },
  {
    "name": "結衣",
    "message": "「…………」",
    "len": 1
  },
  {
    "name": "樹",
    "message": "「噗哈哈哈哈！没有人会！真的说这种话！」",
    "len": 2
  },
  {
    "name": "結衣",
    "message": "「吵、吵死了！结衣我就是想听人这么说嘛！」",
    "len": 1
  },
  {
    "message": "没想到她还挺有小女生的一面啊……",
    "len": 1
  },
  {
    "name": "結衣",
    "message": "「别说这个了，今天也要你陪我哦」",
    "len": 1
  },
  {
    "name": "樹",
    "message": "「啥？又要去购物？」",
    "len": 1
  },
  {
    "name": "結衣",
    "message": "「不，是工作」",
    "len": 1
  },
  {
    "name": "樹",
    "message": "「啊？工作？」",
    "len": 1
  },
  {
    "name": "結衣",
    "message": "「自己的钱得自己赚嘛」",
    "len": 1
  },
  {
    "name": "樹",
    "message": "「结衣姐，该不会是在打工吧？」",
    "len": 1
  },
  {
    "name": "結衣",
    "message": "「才不干那种事呢。是能赚大钱的活」",
    "len": 2
  },
  {
    "message": "……总觉得，有点可疑啊。",
    "len": 1
  },
  {
    "name": "結衣",
    "message": "「借我你的手吧，利润对半分如何？」",
    "len": 1
  },
  {
    "name": "樹",
    "message": "「那个，我先确认一下……」",
    "len": 1
  },
  {
    "name": "結衣",
    "message": "「放心吧，百分之百合法」",
    "len": 1
  },
  {
    "name": "樹",
    "message": "「这真的假的啊？」",
    "len": 1
  },
  {
    "name": "結衣",
    "message": "「我不会撒谎。先来我房间吧」",
    "len": 2
  },
  {
    "name": "樹",
    "message": "「唔……」",
    "len": 1
  },
  {
    "message": "算了，总之先去看看吧。",
    "len": 1
  },
  {
    "name": "結衣",
    "message": "「快点，我不想被其他人看到」",
    "len": 1
  },
  {
    "name": "樹",
    "message": "「到底是什么啊……」",
    "len": 1
  },
  {
    "name": "結衣",
    "message": "「这边……」",
    "len": 1
  },
  {
    "name": "樹",
    "message": "「打、打扰了……」",
    "len": 1
  },
  {
    "message": "唔……每次看到都觉得这房间真是太厉害了。",
    "len": 1
  },
  {
    "name": "結衣",
    "message": "「好，那我就开始说明工作内容了」",
    "len": 1
  },
  {
    "name": "樹",
    "message": "「诶～，果然还是要我帮忙吗？」",
    "len": 1
  },
  {
    "name": "結衣",
    "message": "「树，拜托了！我需要你的力量」",
    "len": 3
  },
  {
    "message": "她用前所未有的认真语气恳求我。",
    "len": 1
  },
  {
    "name": "樹",
    "message": "「唔——，好吧，既然你这么说的话……」",
    "len": 1
  },
  {
    "name": "結衣",
    "message": "「真的吗！你愿意帮忙了？」",
    "len": 1
  },
  {
    "name": "樹",
    "message": "「那么，我该做什么？」",
    "len": 1
  },
  {
    "name": "結衣",
    "message": "「帮我搬运这个」",
    "len": 1
  },
  {
    "name": "樹",
    "message": "「啊？」",
    "len": 1
  },
  {
    "name": "結衣",
    "message": "「你看，这个邮筒闪闪发亮」",
    "len": 1
  },
  {
    "name": "樹",
    "message": "「啊？」",
    "len": 1
  },
  {
    "name": "結衣",
    "message": "「那边躺着的胡子大叔也跟新的一样！变得这么新的话，肯定能卖个好价钱！」",
    "len": 2
  },
  {
    "name": "樹",
    "message": "「呃……你的意思是，让我搬走它？」",
    "len": 1
  },
  {
    "name": "結衣",
    "message": "「我刚才不是一直这么说吗」",
    "len": 1
  },
  {
    "name": "樹",
    "message": "「不行！」",
    "len": 1
  },
  {
    "name": "結衣",
    "message": "「为什么？你力气这么小吗？」",
    "len": 1
  },
  {
    "name": "樹",
    "message": "「不是力气的问题，这种东西根本卖不出去吧！而且，卖了的话会出大事的！」",
    "len": 2
  },
  {
    "name": "結衣",
    "message": "「一开始可是破破烂烂的哦」",
    "len": 1
  },
  {
    "name": "樹",
    "message": "「不行，虽然可能是这样，但是卖掉还是不太好吧」",
    "len": 2
  },
  {
    "name": "結衣",
    "message": "「这些东西都跟被丢弃的没两样。是结衣我把它们恢复原样的」",
    "len": 2
  },
  {
    "name": "結衣",
    "message": "「再说，你不是让我把它们拿回来吗……」",
    "len": 1
  },
  {
    "name": "樹",
    "message": "「那就别卖，直接还回去啊」",
    "len": 1
  },
  {
    "name": "結衣",
    "message": "「与其还给那些让东西腐烂的主人，不如卖给店里更好」",
    "len": 2
  },
  {
    "name": "樹",
    "message": "「我能理解你的心情，但是这种事情以后可能会很麻烦的」",
    "len": 2
  },
  {
    "name": "結衣",
    "message": "「那你说该怎么办？」",
    "len": 1
  },
  {
    "name": "樹",
    "message": "「嗯……」",
    "len": 1
  },
  {
    "message": "如果可能的话，最好是悄悄地放回原处……",
    "len": 1
  },
  {
    "name": "樹",
    "message": "「不过，如果看起来真的很像垃圾的话，卖掉应该也没问题吧……」",
    "len": 2
  },
  {
    "name": "結衣",
    "message": "「这样啊，那就放在公交车站吧」",
    "len": 1
  },
  {
    "name": "樹",
    "message": "「不行啊！」",
    "len": 1
  },
  {
    "name": "結衣",
    "message": "「那狸猫怎么样？」",
    "len": 1
  },
  {
    "name": "樹",
    "message": "「你在哪捡的？」",
    "len": 1
  },
  {
    "name": "結衣",
    "message": "「车站前面酒吧附近，就是那个什么学园的地方」",
    "len": 1
  },
  {
    "name": "樹",
    "message": "「那也挺可疑的……驳回」",
    "len": 1
  },
  {
    "name": "結衣",
    "message": "「我搞不清你的标准，你来选吧」",
    "len": 1
  },
  {
    "name": "樹",
    "message": "「没办法了，那就……」",
    "len": 1
  },
  {
    "len": "selection",
    "message": "卖掉可疑的机器"
  },
  {
    "len": "selection",
    "message": "卖掉诡异的玩偶"
  },
  {
    "len": "selectionend",
    "message": "卖掉漂亮的石头"
  },
  {
    "name": "樹",
    "message": "「这是什么机器啊？」",
    "len": 1
  },
  {
    "name": "結衣",
    "message": "「不知道，不过能正常运转」",
    "len": 1
  },
  {
    "name": "樹",
    "message": "「医疗用的吗？感觉不像是普通商店能买到的东西」",
    "len": 2
  },
  {
    "name": "結衣",
    "message": "「能卖个好价钱吗？」",
    "len": 1
  },
  {
    "name": "樹",
    "message": "「不清楚，不过我们带去试试吧」",
    "len": 1
  },
  {
    "name": "樹",
    "message": "「说到诡异的，就是那只眼神凶恶的老鼠、邪恶感十足的皮卡丘，还有那只像舔过血的青蛙」",
    "len": 2
  },
  {
    "name": "結衣",
    "message": "「等等，你要卖这些吗？」",
    "len": 1
  },
  {
    "name": "樹",
    "message": "「不行吗？」",
    "len": 1
  },
  {
    "name": "結衣",
    "message": "「老鼠和青蛙可以，皮卡丘不行」",
    "len": 1
  },
  {
    "name": "樹",
    "message": "「为什么啊？」",
    "len": 1
  },
  {
    "name": "結衣",
    "message": "「那个是我的最爱啊……」",
    "len": 1
  },
  {
    "message": "真搞不懂姐姐的品味……",
    "len": 1
  },
  {
    "name": "樹",
    "message": "「这些漂亮的石头不是挺好的吗？」",
    "len": 1
  },
  {
    "name": "結衣",
    "message": "「那种东西就行了吗？那可是真的捡来的东西啊」",
    "len": 2
  },
  {
    "name": "樹",
    "message": "「那么，其他的不是捡来的咯？」",
    "len": 1
  },
  {
    "name": "結衣",
    "message": "「呃……不，不是！全都是捡的！绝对是捡的！相信我！」",
    "len": 2
  },
  {
    "name": "樹",
    "message": "「好好，我信您还不行吗，姐姐大人」",
    "len": 1
  },
  {
    "name": "結衣",
    "message": "「那么，我们这就出发吧」",
    "len": 1
  },
  {
    "name": "樹",
    "message": "「要去哪里卖啊？」",
    "len": 1
  },
  {
    "name": "結衣",
    "message": "「是你喜欢的那家店哦」",
    "len": 1
  },
  {
    "name": "樹",
    "message": "「啊，三楼的二手商店吧」",
    "len": 1
  },
  {
    "name": "結衣",
    "message": "「行李就拜托你了啊」",
    "len": 1
  },
  {
    "message": "在和煦的冬日阳光下，我和结衣姐朝着Quare走去。",
    "len": 2
  },
  {
    "message": "除了挑选的东西外，我们还往包里塞了几件看起来没什么用的破烂玩意儿。",
    "len": 2
  },
  {
    "message": "说实话，其实根本没有一样东西看起来能派上用场。",
    "len": 1
  },
  {
    "message": "尽管如此，结衣姐还是一件件仔细挑选着要卖的东西，这个不行那个不行的。",
    "len": 2
  },
  {
    "message": "我完全搞不懂她的选择标准。",
    "len": 1
  },
  {
    "message": "她说是保留了『积累了意义的东西』，我就问她这个意义是什么意思。",
    "len": 2
  },
  {
    "message": "虽然她说了一堆复杂的话，不过总的来说就是……",
    "len": 2
  },
  {
    "message": "邮筒之所以有那种『形状』，是出于便利性、实用性和文化性的必然要求……",
    "len": 2
  },
  {
    "message": "无论这个日本是什么样的世界，邮筒作为邮筒，都会有那种『形状』。",
    "len": 2
  },
  {
    "message": "我想她是想永远保留这种具有强烈意义的『形状』。……大概就是这样的意思吧。",
    "len": 2
  },
  {
    "message": "如果真是这样的话，狸猫摆设和交通标志也可能会被选为保留对象……",
    "len": 2
  },
  {
    "message": "我稍微有点理解了。",
    "len": 1
  },
  {
    "message": "但是我还是很不明白的是，为什么结衣姐要做这种事。",
    "len": 2
  },
  {
    "message": "该不会是真的想在我们家里建一个博物馆吧……？",
    "len": 1
  },
  {
    "name": "結衣",
    "message": "「辛苦了……剩下的结衣去办，你在这等着就行」",
    "len": 2
  },
  {
    "name": "樹",
    "message": "「诶，这样行吗？」",
    "len": 1
  },
  {
    "name": "結衣",
    "message": "「要是赚了大钱，给你买点好东西」",
    "len": 2
  },
  {
    "message": "大概也不能期待太多吧……",
    "len": 1
  },
  {
    "name": "結衣",
    "message": "「这是昨天的谢礼」",
    "len": 1
  },
  {
    "name": "樹",
    "message": "「啊？」",
    "len": 1
  },
  {
    "name": "結衣",
    "message": "「别反问。总之就是这么回事」",
    "len": 2
  },
  {
    "name": "樹",
    "message": "「……哎呀，其实你不用在意的」",
    "len": 1
  },
  {
    "name": "結衣",
    "message": "「是结衣想这么做的，你才是，别在意」",
    "len": 2
  },
  {
    "name": "樹",
    "message": "「嗯，那我就期待着吧」",
    "len": 1
  },
  {
    "name": "結衣",
    "message": "「对，你就这样吧」",
    "len": 1
  },
  {
    "name": "結衣",
    "message": "「我走了」",
    "len": 1
  },
  {
    "name": "樹",
    "message": "「那我就去睡个午觉吧」",
    "len": 1
  },
  {
    "name": "樹",
    "message": "「哈啊啊啊～，今天挺暖和的啊」",
    "len": 1
  },
  {
    "name": "結衣",
    "message": "「树……，喂，树」",
    "len": 1
  },
  {
    "name": "樹",
    "message": "「……嗯？结衣姐？」",
    "len": 1
  },
  {
    "name": "結衣",
    "message": "「哈……我卖回来了」",
    "len": 1
  },
  {
    "name": "樹",
    "message": "「看你这样子，好像不用问也知道结果了」",
    "len": 1
  },
  {
    "name": "結衣",
    "message": "「花了那么多时间调查，结果却以几乎白送的价格被收购了……」",
    "len": 2
  },
  {
    "name": "結衣",
    "message": "「他们怎么能那么小气！卖的时候倒是卖得贵，简直是敲诈！」",
    "len": 2
  },
  {
    "name": "樹",
    "message": "「这就是行情啊。没办法的」",
    "len": 2
  },
  {
    "name": "結衣",
    "message": "「抱歉树，我只能买到这个了」",
    "len": 1
  },
  {
    "name": "樹",
    "message": "「冰激凌？」",
    "len": 1
  },
  {
    "name": "結衣",
    "message": "「好歹是三层的。就原谅我这一次吧」",
    "len": 2
  },
  {
    "name": "樹",
    "message": "「哈哈，完全没问题！我正好想吃点甜的呢，谢啦！」",
    "len": 2
  },
  {
    "name": "結衣",
    "message": "「是、是吗！那就太好了！」",
    "len": 1
  },
  {
    "name": "樹",
    "message": "「谢谢你，结衣姐。这个还挺好吃的哦」",
    "len": 2
  },
  {
    "name": "結衣",
    "message": "「………………」",
    "len": 1
  },
  {
    "name": "樹",
    "message": "「……嗯？」",
    "len": 1
  },
  {
    "name": "結衣",
    "message": "「没什么，回去吧」",
    "len": 1
  },
  {
    "name": "樹",
    "message": "「？？？」",
    "len": 1
  },
  {
    "name": "結衣",
    "message": "「吵、吵死了！」",
    "len": 1
  },
  {
    "name": "樹",
    "message": "「我什么都没说啊！？」",
    "len": 1
  },
  {
    "name": "結衣",
    "message": "「你那眼神真烦人」",
    "len": 1
  },
  {
    "name": "樹",
    "message": "「什么啊那是！」",
    "len": 1
  },
  {
    "name": "結衣",
    "message": "「呵呵，冰淇淋漏出来了哦，看」",
    "len": 1
  },
  {
    "name": "樹",
    "message": "「哇，滴下来了！黏糊糊的！」",
    "len": 1
  },
  {
    "name": "結衣",
    "message": "「你果然还是个小孩子啊，哈哈哈！」",
    "len": 1
  },
  {
    "name": "樹",
    "message": "「你说什么呢，真是的……」",
    "len": 1
  },
  {
    "message": "回家的路上……",
    "len": 1
  },
  {
    "message": "结衣姐挽住了我的胳膊。",
    "len": 1
  },
  {
    "message": "虽然有点害羞，但总觉得这样反而更自然。",
    "len": 1
  },
  {
    "message": "我默不作声，就这样继续走着。",
    "len": 1
  },
  {
    "message": "姐姐的头正好在我肩膀附近。",
    "len": 1
  },
  {
    "message": "小时候她明明那么高……",
    "len": 1
  },
  {
    "message": "不知不觉间，她已经比我矮多了啊。",
    "len": 1
  },
  {
    "message": "直到回到家，我们一直保持沉默。",
    "len": 1
  },
  {
    "message": "仅仅是从手臂传来的『结衣姐的感觉』，对我来说就已经足够了。",
    "len": 2
  },
  {
    "message": "大概，姐姐也是……",
    "len": 1
  },
  {
    "name": "樹",
    "message": "「…………」",
    "len": 1
  },
  {
    "name": "樹",
    "message": "「…………………………」",
    "len": 1
  },
  {
    "name": "樹",
    "message": "「…………太慢了」",
    "len": 1
  },
  {
    "message": "怎么回事？是不是太慢了？",
    "len": 1
  },
  {
    "message": "该不会又在搞什么事吧？",
    "len": 1
  },
  {
    "name": "樹",
    "message": "「可恶，好担心！该怎么办？」",
    "len": 1
  },
  {
    "message": "虽然可能会错过……",
    "len": 1
  },
  {
    "name": "樹",
    "message": "「果然还是去看看吧！」",
    "len": 1
  },
  {
    "message": "我去平常光顾的二手店看了看，但哪里都没有结衣姐的身影。",
    "len": 2
  },
  {
    "name": "樹",
    "message": "「奇怪啊……问问看吧」",
    "len": 1
  },
  {
    "message": "我向熟悉的店长大叔搭话。",
    "len": 1
  },
  {
    "name": "樹",
    "message": "「大叔，刚才有没有一个红头发穿着偏黑色衣服的女人来过这里？」",
    "len": 2
  },
  {
    "name": "樹",
    "message": "「……嗯，对对，她应该是来卖石头之类的东西吧」",
    "len": 1
  },
  {
    "name": "樹",
    "message": "「……啊？」",
    "len": 1
  },
  {
    "name": "樹",
    "message": "「啊！？竟然被警察抓了！？」",
    "len": 1
  },
  {
    "name": "結衣",
    "message": "「……那么，这算什么罪？」",
    "len": 1
  },
  {
    "name": "蜜柑",
    "message": "「这正是我们接下来要调查的」",
    "len": 1
  },
  {
    "name": "結衣",
    "message": "「那块石头是捡来的，结衣没做错什么」",
    "len": 1
  },
  {
    "name": "蜜柑",
    "message": "「对错无关紧要。只要有犯罪嫌疑，逮捕就是警察的职责」",
    "len": 2
  },
  {
    "name": "結衣",
    "message": "「结衣才不是什么宝石小偷，那只是石头恢复了原来的形状而已」",
    "len": 2
  },
  {
    "name": "蜜柑",
    "message": "「好好，马上就要做笔录了，到时候你再重复一遍吧」",
    "len": 2
  },
  {
    "name": "結衣",
    "message": "「哼，真是群麻烦的蠢货……」",
    "len": 1
  },
  {
    "name": "結衣",
    "message": "「这帮家伙，不如干脆在这里……」",
    "len": 1
  },
  {
    "name": "樹",
    "message": "「结衣姐——！！终于找到你了！赶上了！」",
    "len": 2
  },
  {
    "name": "結衣",
    "message": "「……！？树！」",
    "len": 1
  },
  {
    "name": "樹",
    "message": "「哈、哈……到、到底怎么回事！？」",
    "len": 1
  },
  {
    "name": "結衣",
    "message": "「什么怎么回事，你看到的就是真相。我卖了块石头就被抓了」",
    "len": 2
  },
  {
    "name": "樹",
    "message": "「怎么会这样……」",
    "len": 1
  },
  {
    "name": "蜜柑",
    "message": "「高纯度的天然黑水晶，时价总额2000万日元的赃物被一个女高中生拿来卖，警察出面很正常吧」",
    "len": 2
  },
  {
    "name": "樹",
    "message": "「啊！？那是什么啊！？」",
    "len": 1
  },
  {
    "name": "結衣",
    "message": "「就是你挑的那块漂亮石头」",
    "len": 1
  },
  {
    "name": "樹",
    "message": "「我完全听不懂啊！」",
    "len": 1
  },
  {
    "name": "結衣",
    "message": "「都怪放在结衣房间里。看来是发生了元素转换，变成了石英晶体」",
    "len": 2
  },
  {
    "name": "樹",
    "message": "「那、那个居然是宝石吗！？」",
    "len": 1
  },
  {
    "name": "蜜柑",
    "message": "「特别昂贵的……呢」",
    "len": 1
  },
  {
    "name": "樹",
    "message": "「怎么会……」",
    "len": 1
  },
  {
    "name": "蜜柑",
    "message": "「就是这么回事，所以我们要带这孩子去问话」",
    "len": 1
  },
  {
    "name": "蜜柑",
    "message": "「嘛，就当作是拾得物处理，应该很快就能回来了」",
    "len": 2
  },
  {
    "name": "樹",
    "message": "「对不起，麻烦您了」",
    "len": 1
  },
  {
    "name": "結衣",
    "message": "「能回去的话就赶紧让我回去吧」",
    "len": 1
  },
  {
    "name": "蜜柑",
    "message": "「不过，如果保持这种轻浮的态度，可能会影响审讯官的印象，后果难料哦？」",
    "len": 2
  },
  {
    "name": "樹",
    "message": "「结衣姐！这时候要忍耐！在能出来之前要温和一点！拜托了！」",
    "len": 2
  },
  {
    "name": "結衣",
    "message": "「啊，知道了知道了。既然树这么说，我就忍着吧」",
    "len": 2
  },
  {
    "name": "樹",
    "message": "「真的，拜托了……」",
    "len": 1
  },
  {
    "name": "蜜柑",
    "message": "「好啦好啦！那就带走！带走喽！」",
    "len": 1
  },
  {
    "message": "我不知道警察所说的『很快就能回来』到底指的是多长时间。",
    "len": 2
  },
  {
    "message": "结衣姐回来的时候，已经是晚饭结束后过了一会儿了。",
    "len": 2
  },
  {
    "message": "我问她吃过饭了吗，她就生气地说『不仅被收了钱，还被迫吃了冷便当』。",
    "len": 3
  },
  {
    "message": "据说三文鱼硬得像石头一样，连一次性筷子都折断了。",
    "len": 1
  },
  {
    "message": "果然警察局的饭菜不好吃啊……",
    "len": 1
  },
  {
    "message": "三年前的那个雪夜。",
    "len": 1
  },
  {
    "message": "结衣姐和我两个人，在那片草地的铁塔下度过的那个夜晚……",
    "len": 2
  },
  {
    "message": "如今已经被彻底拆除，现在那里建起了警察署。",
    "len": 1
  },
  {
    "message": "在同一个地方，差点又要过上一夜，还好最后能回来真是太好了。",
    "len": 2
  },
  {
    "message": "选那块石头的是我，我正想着得负起责任呢。",
    "len": 2
  },
  {
    "message": "没想到竟然捡到了这么贵重的石头……",
    "len": 1
  },
  {
    "message": "不对，难道不是捡到了贵重的东西吗？",
    "len": 1
  },
  {
    "message": "是捡到的石头在那个房间里变成了贵重物品？",
    "len": 1
  },
  {
    "message": "这种事情怎么可能发生在现实世界中呢？",
    "len": 1
  },
  {
    "message": "我搞不太明白。",
    "len": 1
  },
  {
    "message": "虽然不明白……",
    "len": 1
  },
  {
    "message": "但如果非要我选择的话。",
    "len": 1
  },
  {
    "message": "我更喜欢现在的结衣姐……",
    "len": 1
  },
  {
    "message": "如果是3年前的结衣姐就更好了。",
    "len": 1
  },
  {
    "message": "我还真是在想些自私的事啊……",
    "len": 1
  },
  {
    "message": "但是……",
    "len": 1
  },
  {
    "message": "即便如此…………",
    "len": 1
  },
  {
    "name": "琴子",
    "message": "「电波塔的幽灵……」",
    "len": 1
  },
  {
    "name": "琴子",
    "message": "「真是姐姐桑的风格呢」",
    "len": 1
  },
  {
    "name": "琴子",
    "message": "「不过，那可不是什么可爱的存在」",
    "len": 1
  },
  {
    "name": "琴子",
    "message": "「那是将这个「世界」的熵减少到极限的麦克斯韦妖魔……」",
    "len": 2
  },
  {
    "name": "琴子",
    "message": "「只要姐姐桑不消除记忆，时间之箭终将失去方向」",
    "len": 2
  },
  {
    "name": "琴子",
    "message": "「来吧，哥哥……」",
    "len": 1
  },
  {
    "name": "琴子",
    "message": "「你要如何处置这个「世界」？」",
    "len": 1
  },
  {
    "name": "琴子",
    "message": "「………………」",
    "len": 1
  }
]