[
  {
    "message": "喧嚣从夜空中消散，黑暗重新获得了短暂的宁静。",
    "len": 2
  },
  {
    "message": "迎接新年的夜晚，整个城市都不会入眠。这个公园里很快就会人满为患吧。",
    "len": 2
  },
  {
    "message": "所以，在那之前。",
    "len": 1
  },
  {
    "name": "琴子",
    "message": "「哥哥……姐姐…………」",
    "len": 1
  },
  {
    "message": "我朝着中央广场那片还残留着淡蓝色光芒的地方呼唤道。",
    "len": 2
  },
  {
    "message": "当然，没有人回答。",
    "len": 1
  },
  {
    "message": "那两个人已经随着『扭曲』的消失而离开了。",
    "len": 2
  },
  {
    "message": "我能做的，就是守护那块刻有两人思念的石头……",
    "len": 2
  },
  {
    "message": "捡起那块石头后，就立即回家吧。",
    "len": 1
  },
  {
    "message": "即使那里是个陌生的地方。",
    "len": 1
  },
  {
    "message": "我要继续活下去。",
    "len": 1
  },
  {
    "message": "在哥哥曾经注视过的这个世界里……",
    "len": 1
  },
  {
    "message": "我一定能永远活下去。",
    "len": 1
  },
  {
    "message": "那是一块美丽的石榴石。",
    "len": 1
  },
  {
    "message": "哥哥当初是怀着怎样的心情把这块石头交给姐姐的呢？",
    "len": 2
  },
  {
    "message": "说不定他根本没多想，只是觉得『很适合你』就选了这个？",
    "len": 1
  },
  {
    "message": "但是姐姐一定非常高兴吧。",
    "len": 1
  },
  {
    "message": "象征着『丰饶』和『多产』的石榴石……",
    "len": 1
  },
  {
    "message": "这块深红色的宝石承载着姐姐永不停息的愿望。",
    "len": 1
  },
  {
    "message": "同时也是那个无法实现的梦想。",
    "len": 1
  },
  {
    "name": "琴子",
    "message": "「姐姐，我……知道的」",
    "len": 1
  },
  {
    "name": "琴子",
    "message": "「姐姐想成为能孕育生命的人……」",
    "len": 1
  },
  {
    "name": "琴子",
    "message": "「就像哥哥在那只猫身上寻求我的转世一样」",
    "len": 2
  },
  {
    "name": "琴子",
    "message": "「结衣姐姐试图创造我的转世」",
    "len": 1
  },
  {
    "name": "琴子",
    "message": "「在我的葬礼那天，和哥哥两个人……」",
    "len": 1
  },
  {
    "name": "琴子",
    "message": "「但是，那个愿望没能实现，不仅如此，还被大人们全盘否定……」",
    "len": 2
  },
  {
    "name": "琴子",
    "message": "「最终，你停止了观察这个世界」",
    "len": 1
  },
  {
    "name": "琴子",
    "message": "「是这样吧，姐姐？」",
    "len": 1
  },
  {
    "name": "琴子",
    "message": "「所以你才会与「否定一切的存在」重叠而出现……」",
    "len": 2
  },
  {
    "name": "琴子",
    "message": "「你的灵魂……得到安宁了吗？」",
    "len": 1
  },
  {
    "name": "琴子",
    "message": "「你得到你所追求的东西了吗？」",
    "len": 1
  },
  {
    "name": "琴子",
    "message": "「这个结局，或许否定了你出现在这里的'意义'」",
    "len": 2
  },
  {
    "name": "琴子",
    "message": "「但是，作为结衣姐姐的你，一定很幸福吧」",
    "len": 2
  },
  {
    "name": "琴子",
    "message": "「你和哥哥确定的世界，就这样被封存成了宝石」",
    "len": 2
  },
  {
    "name": "琴子",
    "message": "「直到这个宇宙迎来热寂，时间停止流动」",
    "len": 2
  },
  {
    "name": "琴子",
    "message": "「请好好享受，只属于你们两人的永恒…………」",
    "len": 1
  },
  {
    "name": "結衣",
    "message": "「那个啊，树……」",
    "len": 1
  },
  {
    "message": "结衣姐姐突然停下了脚步。",
    "len": 1
  },
  {
    "name": "樹",
    "message": "「怎么了？出什么事了？」",
    "len": 1
  },
  {
    "name": "結衣",
    "message": "「果然，还是应该说出来比较好吧……」",
    "len": 1
  },
  {
    "name": "樹",
    "message": "「有什么有趣的事吗？」",
    "len": 1
  },
  {
    "name": "結衣",
    "message": "「你就只会说这句话啊」",
    "len": 1
  },
  {
    "name": "樹",
    "message": "「啊？」",
    "len": 1
  },
  {
    "name": "結衣",
    "message": "「没什么，还是算了」",
    "len": 1
  },
  {
    "name": "樹",
    "message": "「诶，这是什么意思啊？」",
    "len": 1
  },
  {
    "name": "結衣",
    "message": "「仔细想想，现在说也来不及了」",
    "len": 1
  },
  {
    "name": "樹",
    "message": "「你这样我很在意啊，快说吧」",
    "len": 1
  },
  {
    "name": "結衣",
    "message": "「其实本该昨晚就说的」",
    "len": 1
  },
  {
    "name": "結衣",
    "message": "「不过嘛，事情就变成这样了。不知不觉间没能说出口，「扭曲」就结束了」",
    "len": 2
  },
  {
    "name": "結衣",
    "message": "「今天是元旦，新年快乐。也就是说……」",
    "len": 2
  },
  {
    "name": "結衣",
    "message": "「世界已经「确定」了！啊哈哈，抱歉啊树！」",
    "len": 2
  },
  {
    "name": "樹",
    "message": "「啊？那是什么意思……」",
    "len": 1
  },
  {
    "name": "結衣",
    "message": "「想知道吗？」",
    "len": 1
  },
  {
    "name": "樹",
    "message": "「那当然想知道啊」",
    "len": 1
  },
  {
    "name": "結衣",
    "message": "「真的可以吗？」",
    "len": 1
  },
  {
    "name": "樹",
    "message": "「是什么有趣的事吧？」",
    "len": 1
  },
  {
    "name": "結衣",
    "message": "「啊，当然有趣了。毕竟是恶魔的自言自语啊！」",
    "len": 2
  },
  {
    "name": "結衣",
    "message": "「我已经实现了这边结衣的愿望。给了你一个幸福的结局」",
    "len": 2
  },
  {
    "name": "結衣",
    "message": "「对于说什么都不想看的你，我也送了你一个世界作为服务」",
    "len": 2
  },
  {
    "name": "結衣",
    "message": "「故事已经全部结束了。没有需要补充的尾声，就这样完结了」",
    "len": 2
  },
  {
    "name": "結衣",
    "message": "「好了，从现在开始是我的时间了……」",
    "len": 1
  },
  {
    "name": "結衣",
    "message": "「你现在看到的这个，是恶魔的愿望得以实现的世界」",
    "len": 1
  },
  {
    "name": "結衣",
    "message": "「呵呵呵……最后再问你一次」",
    "len": 1
  },
  {
    "name": "結衣",
    "message": "「真的可以吗？继续听我说话？」",
    "len": 2
  },
  {
    "len": "selection",
    "message": "不想听"
  },
  {
    "len": "selectionend",
    "message": "想听"
  },
  {
    "name": "樹",
    "message": "「算了吧……听起来挺长的」",
    "len": 1
  },
  {
    "name": "結衣",
    "message": "「啊，真没意思……」",
    "len": 1
  },
  {
    "name": "樹",
    "message": "「没关系的，结衣姐。我已经决定要和姐姐在一起了」",
    "len": 2
  },
  {
    "name": "結衣",
    "message": "「我体内已经没有这边的结衣了哦？即便如此你也没问题吗？」",
    "len": 2
  },
  {
    "name": "樹",
    "message": "「现在在这里的姐姐，就是我的结衣姐姐啊」",
    "len": 2
  },
  {
    "name": "結衣",
    "message": "「哼，被我的魅力迷得神魂颠倒了吧？」",
    "len": 1
  },
  {
    "name": "樹",
    "message": "「比起以前更傻乎乎的样子我更喜欢」",
    "len": 1
  },
  {
    "name": "結衣",
    "message": "「切，说什么呢，笨蛋」",
    "len": 1
  },
  {
    "name": "樹",
    "message": "「哈哈哈，果然还是现在的结衣姐姐最棒了！」",
    "len": 1
  },
  {
    "name": "結衣",
    "message": "「嗯，那我们回家吧」",
    "len": 1
  },
  {
    "name": "樹",
    "message": "「好啊，回去吧」",
    "len": 1
  },
  {
    "name": "結衣",
    "message": "「这大概是最后一次外出了。趁现在想看的东西都看看吧？」",
    "len": 2
  },
  {
    "name": "樹",
    "message": "「不用了，没关系」",
    "len": 1
  },
  {
    "name": "樹",
    "message": "「反正总有一天会消失的东西，光是看着也只会徒增虚无感」",
    "len": 2
  },
  {
    "name": "結衣",
    "message": "「呵呵，说得对。就是这样……」",
    "len": 2
  },
  {
    "name": "結衣",
    "message": "「不需要去看那些会不断变化的东西」",
    "len": 1
  },
  {
    "name": "結衣",
    "message": "「我们是不会改变的……所以，只需要看那些不会改变的东西就好」",
    "len": 2
  },
  {
    "name": "樹",
    "message": "「嗯，我也一直想这么做」",
    "len": 1
  },
  {
    "name": "結衣",
    "message": "「回家吧，树……和大家一起，成为永恒」",
    "len": 2
  },
  {
    "name": "樹",
    "message": "「嗯，走吧结衣姐姐……」",
    "len": 1
  },
  {
    "name": "樹",
    "message": "「告诉我吧。我想听听结衣姐姐的「话语」……」",
    "len": 2
  },
  {
    "name": "結衣",
    "message": "「这样啊，那我就说给你听吧」",
    "len": 1
  },
  {
    "name": "結衣",
    "message": "「会很长哦？毕竟，我们已经成为「永恒」了」",
    "len": 2
  },
  {
    "name": "結衣",
    "message": "「直到时间之箭消失，我们都将身心托付给这无尽的流动」",
    "len": 2
  },
  {
    "name": "結衣",
    "message": "「正因如此，我们有无限的时间。让我用我的「话语」来填满这无限吧」",
    "len": 2
  },
  {
    "name": "結衣",
    "message": "「首先，我这个存在究竟是什么？」",
    "len": 1
  },
  {
    "name": "結衣",
    "message": "「那些被称为恶魔或神的存在又是什么？」",
    "len": 1
  },
  {
    "name": "結衣",
    "message": "「自古以来，人们就是这样认识他们的。「无处不在，却又无处可寻的存在」」",
    "len": 2
  },
  {
    "name": "結衣",
    "message": "「也就是说，只有它们的「意义」无处不在，而没有相应的「实体」」",
    "len": 2
  },
  {
    "name": "結衣",
    "message": "「对生活在现代的人来说，这样比喻可能更容易理解：他们就是「数据」」",
    "len": 2
  },
  {
    "name": "結衣",
    "message": "「假如此刻在这里的我，只是电脑上显示的一个图像数据，会怎样呢？」",
    "len": 2
  },
  {
    "name": "結衣",
    "message": "「我是一个拥有「结衣」这个「意义」的数据，而这个「实体」却不存在于任何地方」",
    "len": 2
  },
  {
    "name": "結衣",
    "message": "「但是，结衣的数据会通过网络，散布到世界的各个角落」",
    "len": 2
  },
  {
    "name": "結衣",
    "message": "「想要阻止这一点是不可能的。因为网络就是「世界」，而数据就是「语言」」",
    "len": 2
  },
  {
    "name": "結衣",
    "message": "「我是「无处不在，却又无处可寻的存在」」",
    "len": 1
  },
  {
    "name": "結衣",
    "message": "「我是名为结衣的图像数据，也是带有结衣这个意义的语言」",
    "len": 2
  },
  {
    "name": "結衣",
    "message": "「我是名为结衣的「概念」」",
    "len": 3
  },
  {
    "name": "結衣",
    "message": "「我就是结衣」",
    "len": 1
  },
  {
    "name": "結衣",
    "message": "「而且，我是个女孩子」",
    "len": 1
  },
  {
    "name": "結衣",
    "message": "「我是一个穿着偏黑色衣服、给人冷酷感觉的女孩子」",
    "len": 1
  },
  {
    "name": "結衣",
    "message": "「我是集合了所有这些意义的概念」",
    "len": 1
  },
  {
    "name": "結衣",
    "message": "「如果这个概念不存在的话，我就只是图像数据的一部分而已」",
    "len": 2
  },
  {
    "name": "結衣",
    "message": "「仅仅是一堆点的集合」",
    "len": 1
  },
  {
    "name": "結衣",
    "message": "「为什么，观察者会从这样一堆点的集合中感受到「灵魂的存在」呢？」",
    "len": 2
  },
  {
    "name": "結衣",
    "message": "「实际上，人类也是一样的。人类不过是肉和骨头的集合体」",
    "len": 2
  },
  {
    "name": "結衣",
    "message": "「为什么，观察者会从这样一堆肉中感受到「灵魂的存在」呢？」",
    "len": 2
  },
  {
    "name": "結衣",
    "message": "「图画、机器和人类都是一样的」",
    "len": 1
  },
  {
    "name": "結衣",
    "message": "「当单纯的物体被赋予「意义」时，这个原本只是粒子集合的宇宙才第一次成为「世界」」",
    "len": 2
  },
  {
    "name": "結衣",
    "message": "「所谓「太初有言」就是这个「意思」」",
    "len": 1
  },
  {
    "name": "結衣",
    "message": "「所谓只有人类才能「观察」世界就是这个意思」",
    "len": 1
  },
  {
    "name": "結衣",
    "message": "「对于那些赋予其意义的人来说，恶魔和神这样的「意义」就成为了世界中真实存在的事物」",
    "len": 2
  },
  {
    "name": "結衣",
    "message": "「因为他们就是在「观察」这样的世界」",
    "len": 1
  },
  {
    "name": "結衣",
    "message": "「我是绝对零度恶魔这个「概念」」",
    "len": 1
  },
  {
    "name": "結衣",
    "message": "「通过观测创造热量差，使熵无限接近于0的存在」",
    "len": 2
  },
  {
    "name": "結衣",
    "message": "「将有机物变成无机物，将柔软的东西变成坚硬的东西」",
    "len": 2
  },
  {
    "name": "結衣",
    "message": "「将有生命的东西变成无生命的东西。以永恒的「形态」为代价……」",
    "len": 2
  },
  {
    "name": "結衣",
    "message": "「直到这个宇宙迎来时间的终结……」",
    "len": 1
  },
  {
    "name": "結衣",
    "message": "「我诞生的理由？」",
    "len": 1
  },
  {
    "name": "結衣",
    "message": "「因为有人希望观察我啊」",
    "len": 1
  },
  {
    "name": "結衣",
    "message": "「你应该已经明白了吧？那是谁……」",
    "len": 2
  },
  {
    "name": "結衣",
    "message": "「——树？」",
    "len": 1
  },
  {
    "name": "結衣",
    "message": "「不，不是。树是观测我这个恶魔的人」",
    "len": 2
  },
  {
    "name": "結衣",
    "message": "「确实，三年前的树渴望永恒，并说出了口。那或许是一个契机」",
    "len": 2
  },
  {
    "name": "結衣",
    "message": "「但创造出作为「概念」的我的是另一个存在」",
    "len": 1
  },
  {
    "name": "結衣",
    "message": "「正是因为那家伙「看」了，我才被创造出来，并借助昨天为止的「扭曲」来到了这边」",
    "len": 2
  },
  {
    "name": "結衣",
    "message": "「没错……那个创造者就是现在正在「看」着结衣的「你」」",
    "len": 2
  },
  {
    "name": "結衣",
    "message": "「从世界的外侧观察着这个地方……」",
    "len": 1
  },
  {
    "name": "結衣",
    "message": "「是你给予了一堆普通粒子「购物中心前」这样的意义」",
    "len": 2
  },
  {
    "name": "結衣",
    "message": "「你和结衣的爸爸很像。你也有爸爸那种感觉」",
    "len": 2
  },
  {
    "name": "結衣",
    "message": "「但是，并不是完全一样……感觉有什么……各种各样的东西聚集在一起」",
    "len": 2
  },
  {
    "name": "結衣",
    "message": "「比结衣认识的爸爸要大得多、广阔得多、温暖得多……」",
    "len": 2
  },
  {
    "name": "結衣",
    "message": "「温柔地守护着结衣……」",
    "len": 1
  },
  {
    "name": "結衣",
    "message": "「……啊，原来如此」",
    "len": 1
  },
  {
    "name": "結衣",
    "message": "「……原来是这样啊」",
    "len": 1
  },
  {
    "name": "結衣",
    "message": "「我现在明白了。你从一开始就一直在看着大家」",
    "len": 2
  },
  {
    "name": "結衣",
    "message": "「偶尔会在琴子面前露面对吧？」",
    "len": 1
  },
  {
    "name": "結衣",
    "message": "「嗯，我明白的。毕竟我的基本素材也是你的女儿嘛」",
    "len": 2
  },
  {
    "name": "結衣",
    "message": "「我也明白你不能来到结衣面前的原因。是因为会在因果上产生矛盾吧？」",
    "len": 2
  },
  {
    "name": "結衣",
    "message": "「……嗯，好啦别担心了」",
    "len": 1
  },
  {
    "name": "結衣",
    "message": "「结衣……一定能好好组建家庭的……」",
    "len": 1
  },
  {
    "name": "結衣",
    "message": "「因为能够孕育出你……」",
    "len": 1
  },
  {
    "name": "樹",
    "message": "「哈啊啊啊～，睡得真香！」",
    "len": 1
  },
  {
    "name": "結衣",
    "message": "「……！？」",
    "len": 1
  },
  {
    "name": "樹",
    "message": "「嗯？结衣姐，谈完了吗？」",
    "len": 1
  },
  {
    "name": "結衣",
    "message": "「树～，你在结衣说话的时候……」",
    "len": 1
  },
  {
    "name": "樹",
    "message": "「啊……啊哈哈哈！对不起！这个长椅的睡眠效果太好了」",
    "len": 2
  },
  {
    "name": "結衣",
    "message": "「真是拿你没办法啊……。话说回来，你真的没问题吗？和结衣在一起？」",
    "len": 2
  },
  {
    "name": "樹",
    "message": "「完全OK！我已经决定要和姐姐在一起了」",
    "len": 2
  },
  {
    "name": "結衣",
    "message": "「我体内已经没有那个结衣了哦？这样也可以吗？」",
    "len": 2
  },
  {
    "name": "樹",
    "message": "「我喜欢的就是现在这个结衣姐」",
    "len": 1
  },
  {
    "name": "結衣",
    "message": "「嗯，我就知道你会这么说」",
    "len": 1
  },
  {
    "name": "樹",
    "message": "「那不是当然的吗」",
    "len": 1
  },
  {
    "name": "結衣",
    "message": "「呵呵，那我们回家吧」",
    "len": 1
  },
  {
    "name": "樹",
    "message": "「嗯，回去吧」",
    "len": 1
  },
  {
    "name": "結衣",
    "message": "「不再打盹了吗？这可是最后一次能在这里睡觉的机会哦」",
    "len": 2
  },
  {
    "name": "樹",
    "message": "「没事，无所谓」",
    "len": 1
  },
  {
    "name": "樹",
    "message": "「反正以后有的是时间，下次就和结衣姐一起睡吧」",
    "len": 2
  },
  {
    "name": "結衣",
    "message": "「是啊，就像小时候那样，蜷缩在一起睡觉吧」",
    "len": 2
  },
  {
    "name": "樹",
    "message": "「嗯，我也一直想这么做」",
    "len": 1
  },
  {
    "name": "結衣",
    "message": "「回家吧，树……和大家一起，永远在一起」",
    "len": 2
  },
  {
    "name": "樹",
    "message": "「嗯，走吧结衣姐……」",
    "len": 1
  },
  {
    "message": "也许，那一定在某处发生了。",
    "len": 1
  },
  {
    "message": "从我们所在的这里消失的热量，大概在某个其他世界被释放出来了吧。",
    "len": 2
  },
  {
    "message": "希望能以在我家所在地方开个大洞的规模就此结束。",
    "len": 2
  },
  {
    "message": "也许，被三座铁塔包围的整个区域，都作为『影子』被传送到了过去。",
    "len": 2
  },
  {
    "message": "无论如何，它都变成了破坏性的能量，分散在无数的可能性中。",
    "len": 2
  },
  {
    "message": "某处某人创造的，由奇点引起的空间『扭曲』——",
    "len": 2
  },
  {
    "message": "这座城市特殊的地层和三座铁塔形成的天然电磁场共振系统——",
    "len": 2
  },
  {
    "message": "条件都已经具备了。",
    "len": 1
  },
  {
    "message": "本不该存在的可能性，已经足以以实体形式出现了。",
    "len": 2
  },
  {
    "message": "剩下的就只需要观察这种可能性了。",
    "len": 1
  },
  {
    "message": "恶魔拥有分离分子的能力。",
    "len": 1
  },
  {
    "message": "它将活跃的分子和不太活跃的分子分类，分到两个地方。",
    "len": 2
  },
  {
    "message": "在我们所观察到的世界里，它留下了不太活跃的分子，而将活跃的分子送到了我们看不到的世界。",
    "len": 2
  },
  {
    "message": "在『我们』这个系统内部，热量逐渐消失，熵减少了。",
    "len": 2
  },
  {
    "message": "但根据宇宙的能量守恒定律，减少的熵必须在某处增加。",
    "len": 2
  },
  {
    "message": "在恶魔创造的这个系统中，增加的是恶魔自身的记忆。",
    "len": 2
  },
  {
    "message": "随着记忆这种信息的散逸，熵增大了，世界获得了稳定。",
    "len": 2
  },
  {
    "message": "我们获得了永恒的『形态』，作为交换，失去了流动的时间……",
    "len": 2
  },
  {
    "message": "也失去了彼此的记忆。",
    "len": 1
  },
  {
    "message": "但是，那个世界并没有想象中那么糟糕。",
    "len": 1
  },
  {
    "message": "我们不再需要知道对方是谁，在想什么。",
    "len": 2
  },
  {
    "message": "只是对方在那里，就能获得深深的满足感。",
    "len": 2
  },
  {
    "message": "就像和心爱的人拥抱，被温暖包围，聆听着心跳声的时候……",
    "len": 2
  },
  {
    "message": "过去的记忆究竟有多少意义呢？",
    "len": 1
  },
  {
    "message": "还有什么比此刻此地的安宁更加珍贵呢？",
    "len": 2
  },
  {
    "message": "就像婴儿在母亲怀中安详地睡去一样。",
    "len": 1
  },
  {
    "message": "即便记忆全部归零……",
    "len": 1
  },
  {
    "message": "我依然能感受到结衣姐。",
    "len": 1
  },
  {
    "message": "我能感受到所有家人。在我们内心深处，有某种东西能接收这种感觉。",
    "len": 2
  },
  {
    "message": "正因为有这种东西，我们才能看到『有意义的事物』。",
    "len": 1
  },
  {
    "message": "这里没有变化。",
    "len": 1
  },
  {
    "message": "这里也没有记忆。",
    "len": 1
  },
  {
    "message": "但是，我们共享着『意义』。",
    "len": 1
  },
  {
    "message": "此时此刻，我们在这份安宁中彼此相连。",
    "len": 1
  },
  {
    "message": "我们生活在珍爱且不愿分离的『思念』之中。",
    "len": 1
  },
  {
    "message": "我们化作一个『概念』，漂浮在无法用语言表达的信息海洋中……",
    "len": 4
  },
  {
    "message": "终将吞噬一切，创造出新的世界吧。",
    "len": 1
  },
  {
    "message": "也许那会是在宇宙迎来寿终正寝之后。",
    "len": 1
  },
  {
    "message": "也许那会是在最后一丝可能性消失之后。",
    "len": 1
  },
  {
    "message": "但是，我明白……",
    "len": 1
  },
  {
    "message": "我们已经成为了编织思念的存在。",
    "len": 1
  },
  {
    "message": "所以一定会说出最初的『话语』，再次创造出世界。",
    "len": 2
  },
  {
    "message": "『要有光』——如此说道。",
    "len": 1
  },
  {
    "message": "我们将再次诞生。",
    "len": 1
  },
  {
    "message": "为了观察世界——",
    "len": 1
  },
  {
    "message": "为了再次相遇——",
    "len": 1
  },
  {
    "name": "樹",
    "message": "「……雪，停了」",
    "len": 1
  },
  {
    "message": "从公园回家的路上，覆盖夜空的乌云散开了。",
    "len": 2
  },
  {
    "name": "樹",
    "message": "「除夕夜却在外面待了这么久啊……」",
    "len": 1
  },
  {
    "name": "樹",
    "message": "「大家，会不会担心呢……」",
    "len": 1
  },
  {
    "message": "明年除夕一定要多陪陪家人。",
    "len": 1
  },
  {
    "message": "不，不说那么远的事了，明天的初诣我也要和大家一起去。",
    "len": 2
  },
  {
    "message": "稍微大方一点，给琴子买个她喜欢的玩具吧。",
    "len": 1
  },
  {
    "message": "给姬子猫买点新年特制的猫罐头当礼物吧。",
    "len": 1
  },
  {
    "message": "明天从爸爸妈妈那里能收到不少压岁钱，所以没问题的。",
    "len": 2
  },
  {
    "message": "还有，要给结衣姐买一大堆约定好的棉花糖。",
    "len": 2
  },
  {
    "message": "她肯定会高兴得软绵绵的吧？难得一见的表情，要不要拍张照片留念呢。",
    "len": 2
  },
  {
    "message": "——好，那就回家吧！",
    "len": 1
  },
  {
    "name": "樹",
    "message": "「我回来啦——！」",
    "len": 1
  }
]