[
  {
    "name": "樹",
    "message": "「嗯？咦？」",
    "len": 1
  },
  {
    "name": "結衣",
    "message": "「终于回来了」",
    "len": 1
  },
  {
    "name": "樹",
    "message": "「怎么了，结衣姐？」",
    "len": 1
  },
  {
    "name": "結衣",
    "message": "「那个啊……我想问问你……」",
    "len": 1
  },
  {
    "name": "樹",
    "message": "「诶？可以啊，什么事？」",
    "len": 1
  },
  {
    "name": "結衣",
    "message": "「是猫」",
    "len": 1
  },
  {
    "name": "樹",
    "message": "「猫？」",
    "len": 1
  },
  {
    "name": "結衣",
    "message": "「猫的……那、那个，喜欢的东西是什么？」",
    "len": 1
  },
  {
    "name": "樹",
    "message": "「诶！？怎么突然问这个？」",
    "len": 3
  },
  {
    "name": "結衣",
    "message": "「吵死了，快告诉我」",
    "len": 1
  },
  {
    "name": "樹",
    "message": "「啊，难道说，你是想和姬子猫和好吗？」",
    "len": 1
  },
  {
    "name": "結衣",
    "message": "「才不要和好呢！」",
    "len": 1
  },
  {
    "name": "結衣",
    "message": "「……只是，那家伙从早上开始就一直没出来，我在想是不是出什么事了」",
    "len": 2
  },
  {
    "name": "樹",
    "message": "「没出来是指从储物间吗？」",
    "len": 1
  },
  {
    "name": "結衣",
    "message": "「对，连叫声都听不到」",
    "len": 1
  },
  {
    "name": "樹",
    "message": "「应该没什么大问题吧……」",
    "len": 1
  },
  {
    "message": "猫生气的时候，关上一整天都不是什么稀奇事。",
    "len": 1
  },
  {
    "message": "放着不管的话，等它饿了自然会慢悠悠地出来的。",
    "len": 2
  },
  {
    "name": "結衣",
    "message": "「可、可是，万一！它卡在什么出不来的地方……」",
    "len": 2
  },
  {
    "name": "結衣",
    "message": "「掉进花瓶里，掉进井里，或者被电线缠住了怎么办！？」",
    "len": 2
  },
  {
    "name": "樹",
    "message": "「不会吧，那也太夸张了……话说，结衣姐你是在担心姬子猫吗？」",
    "len": 2
  },
  {
    "name": "結衣",
    "message": "「才、才不是！要是那家伙不见了，你会难过的吧！」",
    "len": 1
  },
  {
    "name": "結衣",
    "message": "「结衣是为了你才担心的，我才不喜欢动物呢」",
    "len": 2
  },
  {
    "name": "樹",
    "message": "「哦？」",
    "len": 1
  },
  {
    "message": "嘴上说不喜欢，看起来也不像那么讨厌嘛……",
    "len": 1
  },
  {
    "name": "樹",
    "message": "「那么，结衣姐能不能去看看姬子猫的情况？」",
    "len": 1
  },
  {
    "name": "結衣",
    "message": "「结、结衣去看吗！？」",
    "len": 1
  },
  {
    "name": "樹",
    "message": "「刚才不是还在问姬子猫喜欢什么吗」",
    "len": 1
  },
  {
    "name": "結衣",
    "message": "「呃……是这样没错」",
    "len": 1
  },
  {
    "name": "樹",
    "message": "「一般来说，猫喜欢木天蓼，但那家伙最受用的是薄荷」",
    "len": 2
  },
  {
    "name": "樹",
    "message": "「式子桑种了薄荷，你去找她要几片叶子过来吧？」",
    "len": 2
  },
  {
    "name": "結衣",
    "message": "「这样啊，明白了。是让猫闻叶子对吧？」",
    "len": 2
  },
  {
    "name": "結衣",
    "message": "「好，我这就去！」",
    "len": 1
  },
  {
    "message": "希望她能和姬子猫好好相处……",
    "len": 1
  },
  {
    "name": "結衣",
    "message": "「这可是为了你啊！」",
    "len": 1
  },
  {
    "name": "樹",
    "message": "「哇！吓我一跳！」",
    "len": 1
  },
  {
    "name": "結衣",
    "message": "「哼」",
    "len": 1
  },
  {
    "name": "樹",
    "message": "「呼……这次她应该真的去了吧？」",
    "len": 1
  },
  {
    "message": "结衣姐要是别那么固执，正常地摸摸姬子猫的头就好了。",
    "len": 2
  },
  {
    "message": "只要这样，感情应该就能传达到了……",
    "len": 1
  },
  {
    "name": "ギズモ",
    "message": "「木瓜～，芒果，土芋～～～！」",
    "len": 1
  },
  {
    "name": "ギズモ",
    "message": "「哈哈哈哈哈哈！嗝！」",
    "len": 1
  },
  {
    "name": "結衣",
    "message": "「呜呜……」",
    "len": 1
  },
  {
    "name": "樹",
    "message": "「……所以，你就这么喂到它变成这样了？」",
    "len": 1
  },
  {
    "name": "結衣",
    "message": "「抱歉，它吃得太香了，一不小心就……」",
    "len": 1
  },
  {
    "name": "樹",
    "message": "「本来只要让它闻闻就行了，结果你直接让它吃了叶子，当然会变成这样啊！」",
    "len": 2
  },
  {
    "name": "結衣",
    "message": "「没想到它真的会醉成这样」",
    "len": 1
  },
  {
    "name": "電卓",
    "message": "「果然，叶子是很危险的啊」",
    "len": 1
  },
  {
    "name": "樹",
    "message": "「住口！你这么说一点都不像在开玩笑」",
    "len": 1
  },
  {
    "name": "式子",
    "message": "「对了～！我们泡点茶给它醒醒酒吧！」",
    "len": 1
  },
  {
    "name": "樹",
    "message": "「等等，式子桑！不能用花草茶啊！」",
    "len": 2
  },
  {
    "name": "琴子",
    "message": "「这大概是安慰剂效应吧」",
    "len": 1
  },
  {
    "name": "樹",
    "message": "「啊？安慰……？」",
    "len": 1
  },
  {
    "name": "琴子",
    "message": "「猫咪的大脑已经是人类的了，所以我觉得草药成分不太可能对它产生实际影响」",
    "len": 2
  },
  {
    "name": "樹",
    "message": "「也就是说，这是怎么回事？」",
    "len": 1
  },
  {
    "name": "琴子",
    "message": "「意思是，即使只是以为自己醉了，也能真的醉」",
    "len": 1
  },
  {
    "name": "結衣",
    "message": "「没错！我又不是给它喂毒。结衣没做错什么」",
    "len": 2
  },
  {
    "name": "電卓",
    "message": "「那你也吃啊！来来来，薄荷叶！」",
    "len": 2
  },
  {
    "name": "結衣",
    "message": "「呜哇！？好辣啊啊啊啊啊！！！」",
    "len": 1
  },
  {
    "name": "電卓",
    "message": "「哇哈哈哈哈，效果相当不错嘛！不愧是带着芥末名字的东西！」",
    "len": 2
  },
  {
    "name": "結衣",
    "message": "「呜啊啊啊！快把我变成石头吧！！」",
    "len": 1
  },
  {
    "name": "式子",
    "message": "「哎呀呀，太惨了～！结衣酱的嘴唇变成鲜红的明太鱼子了～！」",
    "len": 2
  },
  {
    "name": "結衣",
    "message": "「水！给我水啊啊啊！！！」",
    "len": 1
  },
  {
    "name": "琴子",
    "message": "「唔呜，真是乱成一团了……」",
    "len": 1
  },
  {
    "message": "等平常的闹剧平息下来后，我回到了房间。",
    "len": 1
  },
  {
    "message": "结衣姐姐和姬子猫看来也和好了，这下应该不用再担心了。",
    "len": 2
  },
  {
    "name": "樹",
    "message": "「哈～，不过真是玩得开心啊～」",
    "len": 1
  },
  {
    "message": "要是能一直这样，大家一起笑啊闹啊，热热闹闹地生活下去的话……",
    "len": 2
  },
  {
    "message": "每天都像过节一样，快快乐乐地度过就好了。",
    "len": 2
  },
  {
    "name": "樹",
    "message": "「真希望能一直这样下去啊……」",
    "len": 1
  },
  {
    "name": "樹",
    "message": "「就这样，一直……」",
    "len": 1
  },
  {
    "name": "樹",
    "message": "「永远，一直……」",
    "len": 1
  },
  {
    "message": "「终有结束的一天」",
    "len": 1
  },
  {
    "message": "——是啊，这我知道。",
    "len": 1
  },
  {
    "message": "「无论多么快乐，终究会消逝」",
    "len": 1
  },
  {
    "message": "——嗯，这我也知道。",
    "len": 1
  },
  {
    "message": "「无论多么希望时间停驻，世界依然在变化」",
    "len": 1
  },
  {
    "message": "「美好的事物也好，丑陋的东西也罢，终将破碎，变得毫无意义」",
    "len": 2
  },
  {
    "message": "「因为，时间之箭只指向崩坏的方向……」",
    "len": 2
  },
  {
    "message": "——真的无法阻止吗？无论如何都不行？",
    "len": 1
  },
  {
    "message": "「如果是熵为零的世界，时间也会停止流动吧」",
    "len": 2
  },
  {
    "message": "「但是，你知道那会是怎样的世界吗？」",
    "len": 1
  },
  {
    "message": "——我想……我明白。",
    "len": 1
  },
  {
    "message": "「即便如此，你还是要去看那个人的「世界」吗？」",
    "len": 1
  },
  {
    "message": "——即便如此，我也……",
    "len": 1
  },
  {
    "message": "我憎恨世界有『终结』这回事。",
    "len": 1
  }
]