[
  {
    "name": "樹",
    "message": "「…………」",
    "len": 1
  },
  {
    "name": "樹",
    "message": "「早晨……还是来了啊……」",
    "len": 1
  },
  {
    "name": "樹",
    "message": "「为什么时间不能停止呢」",
    "len": 1
  },
  {
    "message": "昨晚结衣姐的话，还留在脑海里。",
    "len": 1
  },
  {
    "message": "多亏了这个，我一直在思考『什么是时间』这种不习惯的问题，结果睡得不太好。",
    "len": 2
  },
  {
    "message": "最后明白的是，无论多么睡不着，早晨还是会毫不留情地到来。",
    "len": 2
  },
  {
    "message": "而且，我的肚子也会饿。",
    "len": 1
  },
  {
    "name": "樹",
    "message": "「不动的话就只会腐烂啊……」",
    "len": 1
  },
  {
    "message": "时间流逝，东西就会腐烂。",
    "len": 1
  },
  {
    "message": "时间朝着东西腐烂的方向不断前进。",
    "len": 1
  },
  {
    "message": "……这么说来。",
    "len": 1
  },
  {
    "name": "樹",
    "message": "「如果时间方向反过来的话，不动反而更有利吧？」",
    "len": 2
  },
  {
    "name": "樹",
    "message": "「只要不动，东西就会变得越来越新」",
    "len": 1
  },
  {
    "name": "樹",
    "message": "「对啊对啊！只要把时间颠倒过来就行了！这样一来不工作的人反而最了不起！」",
    "len": 2
  },
  {
    "message": "我该不会是，不小心做出了一个惊天动地的发现……吧！",
    "len": 2
  },
  {
    "name": "結衣",
    "message": "「树，已经起床了吗？」",
    "len": 1
  },
  {
    "name": "樹",
    "message": "「啊，结衣姐！你听我说！」",
    "len": 1
  },
  {
    "name": "結衣",
    "message": "「怎么了怎么了？一大早情绪就这么高涨」",
    "len": 1
  },
  {
    "name": "樹",
    "message": "「那个啊，结衣姐能把时间倒转吗？」",
    "len": 1
  },
  {
    "name": "結衣",
    "message": "「啊？」",
    "len": 1
  },
  {
    "name": "樹",
    "message": "「如果时间倒转了，我就不用工作了！」",
    "len": 2
  },
  {
    "name": "結衣",
    "message": "「哦？详细解释一下是怎么回事」",
    "len": 1
  },
  {
    "name": "樹",
    "message": "「嗯，是这样的……」",
    "len": 1
  },
  {
    "message": "我花了一整晚的时间，仔细地向她解释了我自创的时间理论。",
    "len": 2
  },
  {
    "name": "樹",
    "message": "「怎么样？很有创意吧！」",
    "len": 1
  },
  {
    "name": "結衣",
    "message": "「嗯，我大概明白你想说什么了」",
    "len": 1
  },
  {
    "name": "結衣",
    "message": "「简单来说，你是想表达如果时间之箭指向熵减少的方向，那么光是活着就能赚大钱，对吧」",
    "len": 2
  },
  {
    "name": "樹",
    "message": "「虽然不太懂，但是很棒不是吗？」",
    "len": 1
  },
  {
    "name": "結衣",
    "message": "「笨蛋，人类光是活着就已经在亏本了！」",
    "len": 1
  },
  {
    "name": "樹",
    "message": "「呃！？」",
    "len": 1
  },
  {
    "name": "結衣",
    "message": "「那种倒放胶片根本毫无意义。倒放的时间只是在正常流逝罢了，懂吗？」",
    "len": 2
  },
  {
    "name": "樹",
    "message": "「不是，但是……坏掉的东西自己修好不是很有意思吗」",
    "len": 2
  },
  {
    "name": "結衣",
    "message": "「与其这样，不如让它不会坏掉」",
    "len": 1
  },
  {
    "name": "樹",
    "message": "「怎么做呢？」",
    "len": 1
  },
  {
    "name": "結衣",
    "message": "「就是让时间之箭不再是「箭」」",
    "len": 1
  },
  {
    "name": "樹",
    "message": "「啊？？？」",
    "len": 1
  },
  {
    "name": "結衣",
    "message": "「只要还是「箭」，它的方向就无法改变。时间必定朝着熵增大的方向前进」",
    "len": 2
  },
  {
    "name": "樹",
    "message": "「熵是什么？」",
    "len": 1
  },
  {
    "name": "結衣",
    "message": "「我不知道，但好像是有这么个东西」",
    "len": 1
  },
  {
    "message": "你居然不知道……",
    "len": 1
  },
  {
    "name": "結衣",
    "message": "「结衣是这样记得的……」",
    "len": 1
  },
  {
    "name": "樹",
    "message": "「等等……你干什么呢！？」",
    "len": 1
  },
  {
    "message": "结衣姐姐推倒了堆放着的纸箱中的一个，使其掉落在地板上。",
    "len": 2
  },
  {
    "message": "不再使用的学习用品和小时候的玩具散落一地。",
    "len": 2
  },
  {
    "name": "結衣",
    "message": "「这就是熵增」",
    "len": 1
  },
  {
    "name": "樹",
    "message": "「完全听不懂啊！」",
    "len": 1
  },
  {
    "name": "結衣",
    "message": "「如果你把这些收拾好，那就是熵减」",
    "len": 2
  },
  {
    "message": "凭什么要我来收拾啊！？",
    "len": 1
  },
  {
    "name": "結衣",
    "message": "「也就是说，这个宇宙中的一切，都会随着时间的流逝而崩坏」",
    "len": 2
  },
  {
    "name": "結衣",
    "message": "「结衣推倒纸箱，只不过是稍微加速了这个崩坏过程而已」",
    "len": 2
  },
  {
    "name": "結衣",
    "message": "「即使什么都不做，纸箱最终也会腐烂破损，里面的东西会散落在地板上，然后这些东西也会腐烂消失」",
    "len": 2
  },
  {
    "name": "結衣",
    "message": "「就是这样，时间之箭指向物品和信息崩坏的方向……」",
    "len": 2
  },
  {
    "name": "樹",
    "message": "「这个过程不能逆转吗？」",
    "len": 1
  },
  {
    "name": "結衣",
    "message": "「洒出去的水能回到杯子里吗？」",
    "len": 1
  },
  {
    "name": "樹",
    "message": "「是回不去的」",
    "len": 1
  },
  {
    "name": "結衣",
    "message": "「你刚才的想法，关于物品崩坏和时间的关系还算不错……」",
    "len": 2
  },
  {
    "name": "結衣",
    "message": "「但思考方式反了。不是时间导致熵增」",
    "len": 2
  },
  {
    "name": "結衣",
    "message": "「而是要把时间这个参数，看作是存在于熵增减系统中的」",
    "len": 2
  },
  {
    "name": "樹",
    "message": "「唔～嗯……」",
    "len": 1
  },
  {
    "message": "我开始有点搞不明白了。",
    "len": 1
  },
  {
    "message": "那么『时间』到底是什么？",
    "len": 1
  },
  {
    "name": "結衣",
    "message": "「对了！难得有这机会，要不要陪结衣一起？反正你也闲着吧？」",
    "len": 2
  },
  {
    "name": "樹",
    "message": "「要干嘛？」",
    "len": 1
  },
  {
    "name": "結衣",
    "message": "「去减少熵」",
    "len": 1
  },
  {
    "name": "樹",
    "message": "「啊？」",
    "len": 1
  },
  {
    "name": "結衣",
    "message": "「你几乎整天都在闲逛。这样下去熵只会不断增加哦？」",
    "len": 2
  },
  {
    "name": "結衣",
    "message": "「简单来说，就是人会腐烂」",
    "len": 1
  },
  {
    "name": "樹",
    "message": "「切，早知道就不提时间的事了」",
    "len": 1
  },
  {
    "name": "結衣",
    "message": "「呵呵，结衣在房间等你。尽快来哦」",
    "len": 2
  },
  {
    "name": "樹",
    "message": "「让我尽快来也……」",
    "len": 1
  },
  {
    "message": "我环顾了一下自己的房间。",
    "len": 1
  },
  {
    "name": "樹",
    "message": "「这房间里没有时钟啊」",
    "len": 1
  },
  {
    "message": "给琴子和姬子猫准备饭菜，打扫房间，洗衣服……",
    "len": 2
  },
  {
    "message": "结果，和结衣姐出门的时候已经快中午了。",
    "len": 1
  },
  {
    "message": "没想到我还挺勤快的嘛？",
    "len": 1
  },
  {
    "name": "結衣",
    "message": "「那是当然的」",
    "len": 1
  },
  {
    "name": "結衣",
    "message": "「散乱的东西，如果没人收拾的话，是不会自己回到原位的」",
    "len": 2
  },
  {
    "name": "樹",
    "message": "「啊，我已经减少了熵值。顺便把垃圾也扔掉了」",
    "len": 2
  },
  {
    "name": "結衣",
    "message": "「也就是说，你把增加的熵以垃圾的形式排出，保持了屋内的低熵状态啊」",
    "len": 2
  },
  {
    "name": "樹",
    "message": "「话说回来，结衣姐，你懂得的东西意外地多啊」",
    "len": 2
  },
  {
    "name": "結衣",
    "message": "「是吗？」",
    "len": 1
  },
  {
    "name": "樹",
    "message": "「而且，到现在为止我都没和姐姐聊过这种话题」",
    "len": 2
  },
  {
    "name": "結衣",
    "message": "「我也不是特意去记这些的」",
    "len": 1
  },
  {
    "name": "樹",
    "message": "「那么，为什么呢？」",
    "len": 1
  },
  {
    "name": "結衣",
    "message": "「都是爸爸的错……全都怪那家伙」",
    "len": 1
  },
  {
    "name": "結衣",
    "message": "「结衣小时候，代替绘本，总是被逼着读那些难懂的书」",
    "len": 2
  },
  {
    "name": "樹",
    "message": "「诶！？我从没听说过这事！」",
    "len": 1
  },
  {
    "name": "結衣",
    "message": "「是吧，因为结衣闹腾过，他们就吸取教训了」",
    "len": 1
  },
  {
    "name": "結衣",
    "message": "「朋友们都在看漫画玩游戏，只有结衣在读那些奇怪的书！就是这样」",
    "len": 2
  },
  {
    "name": "結衣",
    "message": "「于是，我终于忍无可忍，把爸爸珍藏的书全都扔到河边去了」",
    "len": 2
  },
  {
    "name": "樹",
    "message": "「呃，还有这种事……」",
    "len": 1
  },
  {
    "name": "結衣",
    "message": "「从那以后，就再也没人对结衣说什么了……」",
    "len": 1
  },
  {
    "name": "結衣",
    "message": "「树，他们肯定让你想做什么就做什么吧」",
    "len": 1
  },
  {
    "name": "樹",
    "message": "「哇……真是太过分了……」",
    "len": 1
  },
  {
    "name": "結衣",
    "message": "「不过，后来琴子变成那样，主动想要读书的孩子」",
    "len": 2
  },
  {
    "name": "結衣",
    "message": "「爸爸高兴坏了，就只顾着琴子了」",
    "len": 2
  },
  {
    "name": "樹",
    "message": "「这真是让人大吃一惊的新发现啊……」",
    "len": 1
  },
  {
    "name": "結衣",
    "message": "「这边的结衣相当自卑，所以才没跟你说」",
    "len": 2
  },
  {
    "message": "我又了解到了一个我不知道的姐姐。",
    "len": 2
  },
  {
    "message": "感觉有点奇怪……",
    "len": 1
  },
  {
    "name": "結衣",
    "message": "「好啦，闲聊到此为止，我们进去吧。今天我有想做的事」",
    "len": 2
  },
  {
    "name": "樹",
    "message": "「啊，嗯……那我们走吧」",
    "len": 1
  },
  {
    "name": "結衣",
    "message": "「嗯，不愧是圣诞节啊。人多得不得了」",
    "len": 2
  },
  {
    "name": "結衣",
    "message": "「树，不牵着结衣的手的话会走丢的哦？」",
    "len": 1
  },
  {
    "name": "樹",
    "message": "「不会走丢的。话说回来，又怎么了？又要购物？」",
    "len": 2
  },
  {
    "name": "結衣",
    "message": "「嗯，购物」",
    "len": 1
  },
  {
    "name": "樹",
    "message": "「真是的，你可真喜欢购物啊」",
    "len": 1
  },
  {
    "name": "結衣",
    "message": "「不，今天要购物的不是结衣」",
    "len": 1
  },
  {
    "name": "樹",
    "message": "「诶？」",
    "len": 1
  },
  {
    "name": "結衣",
    "message": "「…………（盯——）」",
    "len": 1
  },
  {
    "message": "这、这是什么眼神？",
    "len": 1
  },
  {
    "message": "好像是充满期待的眼神？",
    "len": 1
  },
  {
    "name": "結衣",
    "message": "「当然，你想要什么就买什么」",
    "len": 1
  },
  {
    "name": "樹",
    "message": "「我的？」",
    "len": 1
  },
  {
    "name": "結衣",
    "message": "「买你最想要的东西。然后，把它作为礼物送给结衣」",
    "len": 2
  },
  {
    "name": "樹",
    "message": "「啊，哦……是圣诞礼物啊」",
    "len": 1
  },
  {
    "name": "結衣",
    "message": "「也可以这么说」",
    "len": 1
  },
  {
    "name": "樹",
    "message": "「但是，我想要的东西真的可以吗？」",
    "len": 1
  },
  {
    "name": "結衣",
    "message": "「那样最好。我想留住树想要的东西」",
    "len": 2
  },
  {
    "name": "結衣",
    "message": "「让它成为永恒的形式……」",
    "len": 1
  },
  {
    "message": "我隐约明白了结衣姐想说的话。",
    "len": 1
  },
  {
    "message": "脑海中浮现出姐姐站在雪中的身影。",
    "len": 1
  },
  {
    "name": "樹",
    "message": "「我想要的东西……」",
    "len": 1
  },
  {
    "message": "从刚才在这里被这么问起后，我一直在思考。",
    "len": 1
  },
  {
    "message": "大概是……",
    "len": 1
  },
  {
    "name": "樹",
    "message": "「那个，我们换个地方好吗？」",
    "len": 1
  },
  {
    "name": "結衣",
    "message": "「嗯？不在这里吗？」",
    "len": 1
  },
  {
    "name": "樹",
    "message": "「我觉得在二楼……」",
    "len": 1
  },
  {
    "name": "結衣",
    "message": "「什么！？你刚才说什么？」",
    "len": 1
  },
  {
    "name": "樹",
    "message": "「啊？二楼……」",
    "len": 1
  },
  {
    "name": "結衣",
    "message": "「二楼！？那个树居然要去时尚服装和高级饰品云集的二楼！？」",
    "len": 2
  },
  {
    "name": "樹",
    "message": "「我可不会给你买哦？」",
    "len": 1
  },
  {
    "name": "結衣",
    "message": "「等等，忘掉我刚才的反应。趁我还没改变主意，赶紧走吧」",
    "len": 2
  },
  {
    "name": "樹",
    "message": "「嗯～该怎么办呢～」",
    "len": 1
  },
  {
    "name": "結衣",
    "message": "「树～～呜呜～～」",
    "len": 1
  },
  {
    "name": "樹",
    "message": "「噗噗，知道了结衣姐，现在就去买吧！」",
    "len": 2
  },
  {
    "name": "結衣",
    "message": "「嗯，这才是结衣可爱的弟弟嘛！」",
    "len": 1
  },
  {
    "message": "老实说，效果比我想象的还要好。",
    "len": 1
  },
  {
    "name": "結衣",
    "message": "「哦，哦，不错！这个不错！这个形状简直太棒了！我喜欢！」",
    "len": 2
  },
  {
    "message": "哎呀，像个孩子一样兴奋得不得了……",
    "len": 1
  },
  {
    "name": "結衣",
    "message": "「这个红色的是石榴石吗？石头的寓意是什么来着？树，你知道吗？」",
    "len": 2
  },
  {
    "name": "樹",
    "message": "「嗯，石榴石的话……上面写着忠诚、贞洁、永恒的爱情」",
    "len": 2
  },
  {
    "message": "我一边读着展示柜的说明一边回答道。",
    "len": 1
  },
  {
    "name": "結衣",
    "message": "「嗯，就是这个！就选它吧！树，可以吧？」",
    "len": 2
  },
  {
    "name": "樹",
    "message": "「可以是可以……」",
    "len": 1
  },
  {
    "name": "結衣",
    "message": "「谢谢你，树。这是我过得最开心的圣诞节」",
    "len": 2
  },
  {
    "name": "樹",
    "message": "「嗯，结衣姐喜欢的话，那就选这个吧」",
    "len": 1
  },
  {
    "message": "虽然只是便宜的心形吊坠，但只要她喜欢就好……",
    "len": 2
  },
  {
    "name": "結衣",
    "message": "「可是树，你最想要的真的是这个吗？」",
    "len": 1
  },
  {
    "name": "樹",
    "message": "「嗯，大概就是这种感觉吧」",
    "len": 1
  },
  {
    "name": "結衣",
    "message": "「大概？」",
    "len": 1
  },
  {
    "name": "樹",
    "message": "「我想要的，不是有形的东西」",
    "len": 1
  },
  {
    "name": "樹",
    "message": "「如果要把它画出来或者想象出来的话，大概就是那种形状吧……」",
    "len": 2
  },
  {
    "name": "結衣",
    "message": "「原来如此，是这么回事啊」",
    "len": 1
  },
  {
    "name": "樹",
    "message": "「结衣姐能做到吗……」",
    "len": 1
  },
  {
    "message": "那无形的东西——。",
    "len": 1
  },
  {
    "name": "結衣",
    "message": "「你还是老样子啊」",
    "len": 1
  },
  {
    "message": "让它永恒——。",
    "len": 1
  },
  {
    "name": "結衣",
    "message": "「这样就好，结衣也一样」",
    "len": 1
  },
  {
    "message": "凝视着红色的敞开的心形吊坠……。",
    "len": 1
  },
  {
    "name": "結衣",
    "message": "「我放心了」",
    "len": 1
  },
  {
    "message": "结衣姐姐轻声低语道。",
    "len": 1
  },
  {
    "name": "結衣",
    "message": "「那么，回去吧」",
    "len": 1
  },
  {
    "name": "樹",
    "message": "「今晚你会在家吗？」",
    "len": 1
  },
  {
    "name": "結衣",
    "message": "「我可不会每晚都出去闲逛啊」",
    "len": 1
  },
  {
    "name": "結衣",
    "message": "「而且今天已经发生了足够好的事情了」",
    "len": 1
  },
  {
    "name": "樹",
    "message": "「哈哈，那真是太好了」",
    "len": 1
  },
  {
    "name": "結衣",
    "message": "「怎么样？要不要牵着手回去？」",
    "len": 1
  },
  {
    "name": "樹",
    "message": "「诶诶！？不，那个！」",
    "len": 1
  },
  {
    "name": "結衣",
    "message": "「呵呵，开玩笑的」",
    "len": 1
  },
  {
    "message": "呼……吓死我了！",
    "len": 1
  },
  {
    "message": "我想要的，不是有形的东西。",
    "len": 1
  },
  {
    "message": "话说回来，也不是爱情或温柔之类的模板化东西。",
    "len": 2
  },
  {
    "message": "我只是想要那时候的……那种感觉。",
    "len": 1
  },
  {
    "message": "有结衣姐姐在，有琴子在，爸爸妈妈也在一起……",
    "len": 2
  },
  {
    "message": "大家普普通通一起生活的那个时候——",
    "len": 1
  },
  {
    "message": "大概每个人都有一两个『想回去的时间』——",
    "len": 2
  },
  {
    "message": "当回想起那段时光时，那种在胸中蔓延开来的感觉。",
    "len": 1
  },
  {
    "message": "……该怎么形容那种感觉呢？",
    "len": 1
  },
  {
    "message": "我只能想到用『颜色』来比喻。",
    "len": 1
  },
  {
    "message": "用颜色来表达某人的形象，或者用颜色来描述某物的印象。",
    "len": 2
  },
  {
    "message": "奇怪的是，『时间』也可以用颜色来比喻。就像说『褐色的回忆』那样。",
    "len": 2
  },
  {
    "message": "我想，那是因为我们会把那个时间里曾经存在的『世界』的印象，以颜色的形式回忆起来。",
    "len": 2
  },
  {
    "message": "我想要的，就是那种『颜色』。",
    "len": 1
  },
  {
    "message": "如果可能的话，我想再次回到那时的『颜色』中……",
    "len": 1
  },
  {
    "message": "但是，逝去的时光是无法回头的。",
    "len": 1
  },
  {
    "message": "就像白天的太阳落山后必然会变成夜晚一样，世界在不断地变化着。",
    "len": 2
  },
  {
    "message": "正因为深知这一点，人们才会在永恒不变的事物中寻求永恒……",
    "len": 2
  },
  {
    "message": "人们将思念寄托在宝石之中。",
    "len": 1
  },
  {
    "message": "我想了很多，但最后发现自己也只能想到和大家一样的事情。",
    "len": 2
  },
  {
    "message": "如果真的能够将无形之物赋予形态的话……",
    "len": 2
  },
  {
    "message": "我那段『时光』，会变成什么样的形态呢……",
    "len": 1
  },
  {
    "name": "樹",
    "message": "「意外地找到了不少东西啊……」",
    "len": 1
  },
  {
    "message": "桌上摆放着五颜六色的小石头——",
    "len": 1
  },
  {
    "message": "这是小时候结衣姐给我的。",
    "len": 1
  },
  {
    "message": "不知怎的想起来了，就在纸箱里翻找，结果找出了不少。",
    "len": 2
  },
  {
    "name": "樹",
    "message": "「啊，说起来这个扁平的，是当作弹珠的替代品收到的那个」",
    "len": 2
  },
  {
    "message": "是用我那颗漂亮的弹珠和结衣姐换来的石头……",
    "len": 2
  },
  {
    "message": "像蒙上一层雾的玻璃，朦胧地透着白光。大概是水晶融化后的产物吧。在这个陨石较多的地方，经常能找到这种石头。",
    "len": 3
  },
  {
    "message": "还有红的黄的带点蓝的……每一块石头上，都留存着一段回忆。",
    "len": 2
  },
  {
    "message": "即使我已经忘记了，但在收到这些石头时，肯定发生过什么。",
    "len": 2
  },
  {
    "message": "这些石头是否还记得那些事呢？",
    "len": 1
  },
  {
    "message": "那时我和结衣姐桑在野外四处玩耍的日子……",
    "len": 2
  },
  {
    "message": "将那些时光化作石头的形态，永远地——",
    "len": 1
  },
  {
    "message": "我凝视着被切割下来的时间。",
    "len": 1
  },
  {
    "message": "我注视着如同箱庭一般被封闭起来的世界。",
    "len": 1
  },
  {
    "message": "在我的手掌中，无数个世界滚动着，发出咔嗒咔嗒的声响……",
    "len": 2
  }
]