[
  {
    "name": "結衣",
    "message": "「你为什么会这么想？」",
    "len": 1
  },
  {
    "name": "電卓",
    "message": "「……我无法原谅」",
    "len": 1
  },
  {
    "name": "電卓",
    "message": "「这不是该对孩子说的事，但是结衣，你是个聪明的孩子……」",
    "len": 2
  },
  {
    "name": "電卓",
    "message": "「我想你能理解我说的话」",
    "len": 1
  },
  {
    "name": "結衣",
    "message": "「即使理解，我可能也无法感同身受」",
    "len": 1
  },
  {
    "name": "電卓",
    "message": "「那也没关系，只要你愿意听，我就感到欣慰」",
    "len": 1
  },
  {
    "name": "結衣",
    "message": "「那么，说给我听听？」",
    "len": 1
  },
  {
    "name": "電卓",
    "message": "「……抱歉。我再说一遍，我无法原谅未来的自己」",
    "len": 2
  },
  {
    "name": "電卓",
    "message": "「那时，和彗星一起看到的『我将要做的事』，我怎么也无法接受」",
    "len": 2
  },
  {
    "name": "結衣",
    "message": "「那么讨厌吗？」",
    "len": 1
  },
  {
    "name": "電卓",
    "message": "「说是为了玩弄家族命运而进行的实验……听起来倒是挺好听」",
    "len": 2
  },
  {
    "name": "電卓",
    "message": "「老实说，那时的自己真是太难看了。做那种事的自己」",
    "len": 2
  },
  {
    "name": "結衣",
    "message": "「就像看到自己出现在视频里的感觉？」",
    "len": 1
  },
  {
    "name": "電卓",
    "message": "「哈哈，对对，就是这样。看到自己是最难受的」",
    "len": 2
  },
  {
    "name": "電卓",
    "message": "「然后呢，我就开始思考各种问题。比如说，是否该继续追逐梦想之类的……」",
    "len": 2
  },
  {
    "name": "電卓",
    "message": "「你知道尼古拉·特斯拉这个科学家吗？」",
    "len": 1
  },
  {
    "name": "結衣",
    "message": "「爸爸给我的书里写过」",
    "len": 1
  },
  {
    "name": "電卓",
    "message": "「他是想用电磁波从虚无中提取不存在的能量的人」",
    "len": 2
  },
  {
    "name": "電卓",
    "message": "「他一生都在追逐这个梦想。他的对手爱迪生晚年也差不多」",
    "len": 2
  },
  {
    "name": "電卓",
    "message": "「想要制造一台能与彼世亡灵通信的机器。这两个都是痴人说梦罢了」",
    "len": 2
  },
  {
    "name": "電卓",
    "message": "「我也差点变成和他们一样。如果那时没有看到未来的话……」",
    "len": 2
  },
  {
    "name": "結衣",
    "message": "「爸爸放弃梦想了吗？」",
    "len": 1
  },
  {
    "name": "電卓",
    "message": "「我决定脚踏实地地生活。说得好听点就是这样」",
    "len": 2
  },
  {
    "name": "電卓",
    "message": "「我想在普通的公司工作，普通地结婚，组建一个普通幸福的家庭」",
    "len": 2
  },
  {
    "name": "電卓",
    "message": "「一个不会被任何人觉得奇怪的家庭……」",
    "len": 1
  },
  {
    "name": "結衣",
    "message": "「那成功了吗？」",
    "len": 1
  },
  {
    "name": "電卓",
    "message": "「为了这个，我和你妈妈都很努力。我改掉了挑食的习惯，你妈妈学会了做饭」",
    "len": 2
  },
  {
    "name": "電卓",
    "message": "「我们也全力以赴地养育孩子。结衣，你和我一样也很挑食……」",
    "len": 2
  },
  {
    "name": "電卓",
    "message": "「我们强迫你吃不喜欢的东西，总算是让你不再挑食了」",
    "len": 2
  },
  {
    "name": "結衣",
    "message": "「记得，结衣那时总是哭」",
    "len": 1
  },
  {
    "name": "電卓",
    "message": "「我想建立一个体面的家庭。我以为我做到了……」",
    "len": 2
  },
  {
    "name": "結衣",
    "message": "「但是，没成功吗？」",
    "len": 1
  },
  {
    "name": "電卓",
    "message": "「我得告诉你，结衣。琴子活不长了」",
    "len": 2
  },
  {
    "name": "結衣",
    "message": "「…………」",
    "len": 1
  },
  {
    "name": "電卓",
    "message": "「医生说她还有5到6年，最多7年的寿命」",
    "len": 1
  },
  {
    "name": "結衣",
    "message": "「嗯……」",
    "len": 1
  },
  {
    "name": "電卓",
    "message": "「趁琴子还活着的时候，请你好好疼爱她……」",
    "len": 2
  },
  {
    "name": "結衣",
    "message": "「没事的，还有树呢」",
    "len": 1
  },
  {
    "name": "電卓",
    "message": "「是啊，你们关系那么好，我就放心了」",
    "len": 1
  },
  {
    "name": "結衣",
    "message": "「那爸爸呢？」",
    "len": 1
  },
  {
    "name": "電卓",
    "message": "「我也想尽可能地陪在琴子身边，但是……」",
    "len": 1
  },
  {
    "name": "結衣",
    "message": "「因为公司？」",
    "len": 1
  },
  {
    "name": "電卓",
    "message": "「对不起，我很难请到假」",
    "len": 1
  },
  {
    "name": "結衣",
    "message": "「工作比较重要啊」",
    "len": 1
  },
  {
    "name": "電卓",
    "message": "「公司一直在照顾我们……现在也没办法」",
    "len": 2
  },
  {
    "name": "結衣",
    "message": "「这样啊……」",
    "len": 1
  },
  {
    "name": "電卓",
    "message": "「忍耐一下吧。这就是'普通'的生活」",
    "len": 2
  },
  {
    "name": "結衣",
    "message": "「…………」",
    "len": 1
  },
  {
    "name": "樹",
    "message": "「妈的，这帮混蛋！」",
    "len": 1
  },
  {
    "name": "樹",
    "message": "「结果还不是轻易就被裁员了。真他妈绝望！」",
    "len": 2
  },
  {
    "name": "樹",
    "message": "「妈的，妈的，蠢老爹！」",
    "len": 1
  },
  {
    "name": "樹",
    "message": "「如果这种家庭算是「普通」，那普通就去他妈的吧！」",
    "len": 2
  },
  {
    "name": "樹",
    "message": "「呼～～～，做了个糟糕的梦！」",
    "len": 1
  },
  {
    "message": "……那是什么？结衣姐？",
    "len": 1
  },
  {
    "message": "好像一直在看着类似结衣姐记忆中的景象，那样的梦。",
    "len": 2
  },
  {
    "message": "感觉很奇怪。仿佛自己的身体消失了，飘飘悠悠地浮在空中。",
    "len": 2
  },
  {
    "name": "樹",
    "message": "「算了，肚子里塞点东西应该就能恢复正常了」",
    "len": 1
  },
  {
    "name": "樹",
    "message": "「总之起床出门吧！」",
    "len": 1
  },
  {
    "name": "樹",
    "message": "「哼，今天也还是老样子啊……」",
    "len": 1
  },
  {
    "message": "嘛，无所谓了。只要钱放在那里就行，其他的我不在乎。",
    "len": 2
  },
  {
    "name": "樹",
    "message": "「又是一千日元啊……」",
    "len": 1
  },
  {
    "message": "我随手拿起桌上的钞票。",
    "len": 1
  },
  {
    "message": "这钱刚好够买平常吃的汉堡。",
    "len": 1
  },
  {
    "message": "吃完就去公园睡觉。",
    "len": 1
  },
  {
    "message": "冷了就去Quare的游戏厅玩。",
    "len": 1
  },
  {
    "message": "然后回家。",
    "len": 1
  },
  {
    "message": "从现在到一天结束，我都能轻易想象出来。",
    "len": 1
  },
  {
    "message": "而且，事实上也确实会这样发生。",
    "len": 1
  },
  {
    "message": "这种生活会一直持续下去。",
    "len": 1
  },
  {
    "message": "这种重复，会一直……",
    "len": 1
  },
  {
    "message": "因为这一千日元永远不会用完。",
    "len": 1
  },
  {
    "message": "只是在无限重复着一个连日期都不太清楚的冬日罢了。",
    "len": 2
  },
  {
    "message": "桌上放着一份被雪弄脏的报纸。",
    "len": 1
  },
  {
    "message": "这是我在公园遇到蜜柑桑时捡到的。",
    "len": 1
  },
  {
    "message": "虽然不太清楚是什么原理，但在这个循环往复的世界里……",
    "len": 2
  },
  {
    "message": "偶尔会有一些外界的东西混进来。",
    "len": 1
  },
  {
    "message": "报纸头版刊登着一张大照片。",
    "len": 1
  },
  {
    "message": "在本应是我家所在的地方，出现了一个巨大的黑洞。",
    "len": 1
  },
  {
    "name": "樹",
    "message": "「要石市局部地震……一家四口下落不明……」",
    "len": 1
  },
  {
    "message": "这篇报道我已经反复读了好多遍。",
    "len": 1
  },
  {
    "message": "虽然通过这个几乎没有了解到什么……",
    "len": 1
  },
  {
    "message": "但我很清楚为什么『扭曲』只发生在我家，而隔壁柚的家却什么事都没有。",
    "len": 2
  },
  {
    "message": "正如照片所示，消失的只有我家。",
    "len": 1
  },
  {
    "message": "我家可能被传送到了某个地方，所以现在才会变成这样吧。",
    "len": 2
  },
  {
    "message": "不过，对我来说无论发生什么都无所谓。",
    "len": 1
  },
  {
    "message": "无论是待在家里还是出门，反正也没什么事可做。",
    "len": 1
  },
  {
    "message": "家人们还是老样子，不知道是在还是不在。只能朦胧地看到他们像影子一样。",
    "len": 2
  },
  {
    "message": "他们也是一样。对我来说都无关紧要。",
    "len": 2
  },
  {
    "name": "樹",
    "message": "「那么，出门吧……」",
    "len": 1
  },
  {
    "message": "『世界』一直停留在黄昏时分。",
    "len": 1
  },
  {
    "message": "没有手表的我无法知道准确的时间。",
    "len": 1
  },
  {
    "message": "只是每当我观察这个世界，它总是被染成了红色。",
    "len": 1
  },
  {
    "message": "不知不觉间，除了红色以外的颜色都消失了。",
    "len": 1
  },
  {
    "message": "那是光即将融入黑暗前，昏暗而朦胧的红色。",
    "len": 1
  }
]