[
  {
    "message": "我憎恨着。",
    "len": 1
  },
  {
    "message": "憎恨这世界存在着『终结』。",
    "len": 1
  },
  {
    "message": "——明明她一直都在这里。",
    "len": 1
  },
  {
    "message": "——明明我一直能听到她的声音。",
    "len": 1
  },
  {
    "message": "——明明我还抚摸过她那小小的头。",
    "len": 1
  },
  {
    "name": "結衣",
    "message": "「却消失不见了」",
    "len": 1
  },
  {
    "message": "——为什么啊！",
    "len": 1
  },
  {
    "message": "——为什么会消失啊！？",
    "len": 1
  },
  {
    "name": "結衣",
    "message": "「结束了，树……」",
    "len": 1
  },
  {
    "name": "結衣",
    "message": "「总有一天会迎来终结……，你应该明白的吧？」",
    "len": 2
  },
  {
    "message": "——不要。",
    "len": 1
  },
  {
    "message": "——我不要这样。",
    "len": 1
  },
  {
    "message": "——要是没有结束该多好。",
    "len": 1
  },
  {
    "message": "——要是能一直保持那样该多好。",
    "len": 1
  },
  {
    "name": "結衣",
    "message": "「…………」",
    "len": 1
  },
  {
    "message": "——要是什么……都不会改变该多好……",
    "len": 1
  },
  {
    "name": "結衣",
    "message": "「那么，我们去那样的地方吧？」",
    "len": 1
  },
  {
    "message": "——可以吗？结衣姐姐？",
    "len": 1
  },
  {
    "name": "結衣",
    "message": "「和你在一起的话就可以」",
    "len": 1
  },
  {
    "name": "結衣",
    "message": "「而且，结衣也想去看看」",
    "len": 1
  },
  {
    "name": "結衣",
    "message": "「不，我一直在想着要是能一直那样该多好」",
    "len": 1
  },
  {
    "name": "結衣",
    "message": "「听了你的话我才下定决心的」",
    "len": 1
  },
  {
    "name": "結衣",
    "message": "「我们一起永远下去吧？在像琴子那样消失之前」",
    "len": 2
  },
  {
    "message": "——嗯，要是能那样该多好。",
    "len": 1
  },
  {
    "name": "結衣",
    "message": "「一定可以的，只要时间就这样停止」",
    "len": 1
  },
  {
    "message": "——只要我们两个一直这样在一起。",
    "len": 1
  },
  {
    "name": "結衣",
    "message": "「一定……能成为永恒……」",
    "len": 1
  },
  {
    "message": "一旦回想起来，接下来就简单了。",
    "len": 1
  },
  {
    "message": "我清清楚楚地记得那天晚上的事，连细节都记得很清楚。",
    "len": 2
  },
  {
    "message": "记忆真是奇妙啊。明明应该完全忘记了才对……",
    "len": 2
  },
  {
    "message": "事实上，就像录像带记录的那样，它仍然留存在我脑海的某个角落。",
    "len": 1
  },
  {
    "name": "樹",
    "message": "「结衣姐，看起来很幸福啊……」",
    "len": 1
  },
  {
    "message": "就像是终于得到了多年来一直渴求的东西一样。",
    "len": 2
  },
  {
    "message": "那时候，结衣姐是想去哪里呢？",
    "len": 1
  },
  {
    "message": "如果我们就那样一直在一起，是不是就能去到那个没有尽头的世界？",
    "len": 2
  },
  {
    "name": "樹",
    "message": "「怎么可能去得了……」",
    "len": 1
  },
  {
    "message": "在雪地里过了一夜还没死掉，已经算是幸运的了。",
    "len": 1
  },
  {
    "message": "差点就毫无意义地结束了一切。",
    "len": 1
  },
  {
    "message": "即便如此，那时的结衣姐，还是想要去往某个别的地方。",
    "len": 2
  },
  {
    "message": "她不是想要结束，而是想要成为永恒。",
    "len": 1
  },
  {
    "message": "我无法理解其中的区别。",
    "len": 1
  },
  {
    "message": "当时我以为自己明白了，但事后回想起来，却又变得不明白了。",
    "len": 2
  },
  {
    "message": "现在的结衣姐，是否还在试图抵达『永恒』呢？",
    "len": 2
  },
  {
    "message": "那时候，因为我希望如此……",
    "len": 1
  },
  {
    "name": "樹",
    "message": "「…………」",
    "len": 1
  },
  {
    "message": "不知为何，我想找结衣姐以外的人倾诉。",
    "len": 2
  },
  {
    "message": "但是，又不太好跟琴子说。因为不得不提到她葬礼那天的事。",
    "len": 2
  },
  {
    "message": "于是，我似乎一时糊涂了。",
    "len": 1
  },
  {
    "name": "樹",
    "message": "「喂，还活着吗？」",
    "len": 1
  },
  {
    "name": "電卓",
    "message": "「来了啊，树……」",
    "len": 1
  },
  {
    "name": "樹",
    "message": "「什么啊，你这样子简直像是在等我似的」",
    "len": 1
  },
  {
    "name": "電卓",
    "message": "「我确实在等你，因为收到了神谕」",
    "len": 1
  },
  {
    "name": "樹",
    "message": "「神谕？」",
    "len": 1
  },
  {
    "name": "電卓",
    "message": "「是宇宙之外那位大人的话语」",
    "len": 1
  },
  {
    "name": "樹",
    "message": "「这样啊，打扰你忙碌了！那我走了！」",
    "len": 2
  },
  {
    "name": "電卓",
    "message": "「等等！你是不是有什么烦恼？」",
    "len": 3
  },
  {
    "name": "樹",
    "message": "「是有，但我不想说了」",
    "len": 1
  },
  {
    "name": "電卓",
    "message": "「别这么说，说来听听。这种时候还是老年人的经验更管用」",
    "len": 2
  },
  {
    "message": "鱿鱼哪有甲壳啊……",
    "len": 1
  },
  {
    "name": "電卓",
    "message": "「八成是关于结衣的事吧？」",
    "len": 1
  },
  {
    "name": "樹",
    "message": "「你、你怎么知道的啊！」",
    "len": 1
  },
  {
    "name": "電卓",
    "message": "「目前为止，结衣对你的好感度是最高的。这点我一眼就看出来了」",
    "len": 2
  },
  {
    "name": "樹",
    "message": "「你是哪个情报贩子的同学啊」",
    "len": 1
  },
  {
    "name": "電卓",
    "message": "「我本以为你俩不合适，没想到会这样。那丫头性格可是挺刻薄的……」",
    "len": 2
  },
  {
    "name": "樹",
    "message": "「多管闲事」",
    "len": 1
  },
  {
    "name": "電卓",
    "message": "「虽然同名，但跟车站前的小结衣可大不相同」",
    "len": 1
  },
  {
    "message": "那又是谁啊！？",
    "len": 1
  },
  {
    "name": "電卓",
    "message": "「咱们出去走走？」",
    "len": 1
  },
  {
    "name": "樹",
    "message": "「啊？」",
    "len": 1
  },
  {
    "name": "電卓",
    "message": "「我来告诉你关于结衣的真相」",
    "len": 1
  },
  {
    "name": "電卓",
    "message": "「好，那我们走吧」",
    "len": 1
  },
  {
    "name": "樹",
    "message": "「喂，你要带我去哪啊？」",
    "len": 1
  },
  {
    "name": "電卓",
    "message": "「去世界扭曲开始的地方」",
    "len": 1
  },
  {
    "name": "樹",
    "message": "「……啊？」",
    "len": 1
  },
  {
    "message": "什么嘛，原来是平常来的公园啊。",
    "len": 1
  },
  {
    "name": "電卓",
    "message": "「你也知道，这里以前有个研究所」",
    "len": 1
  },
  {
    "name": "樹",
    "message": "「啊，那又怎样？」",
    "len": 1
  },
  {
    "name": "電卓",
    "message": "「从现在起大约60小时后，那个研究所将进行一项实验」",
    "len": 2
  },
  {
    "name": "電卓",
    "message": "「当然，不是在这个世界。是在研究所没有搬迁、一直存在于这个地方的那个世界」",
    "len": 2
  },
  {
    "name": "電卓",
    "message": "「那个实验是要在物理领域引入因果开放性……算了，细节无所谓」",
    "len": 2
  },
  {
    "name": "電卓",
    "message": "「总之结果很难预测。根据情况，世界可能会分裂成几个」",
    "len": 2
  },
  {
    "name": "樹",
    "message": "「呃……你在说什么？」",
    "len": 1
  },
  {
    "name": "電卓",
    "message": "「我在说结衣的事。你刚才有好好听吗？」",
    "len": 2
  },
  {
    "name": "樹",
    "message": "「可我觉得你根本没提到结衣姐啊！？」",
    "len": 1
  },
  {
    "name": "電卓",
    "message": "「别急，这就说到了」",
    "len": 1
  },
  {
    "message": "那就快点说吧……",
    "len": 1
  },
  {
    "name": "電卓",
    "message": "「那个实验的效果范围是电磁场共振系统的中心部分——也就是我们七枷家」",
    "len": 2
  },
  {
    "name": "電卓",
    "message": "「关于这点，你应该已经察觉到了吧？」",
    "len": 1
  },
  {
    "name": "樹",
    "message": "「啊？什么意思？」",
    "len": 1
  },
  {
    "name": "電卓",
    "message": "「不说三座电波塔你就不明白吗？」",
    "len": 1
  },
  {
    "name": "樹",
    "message": "「电波塔怎么突然冒出来了？」",
    "len": 1
  },
  {
    "name": "電卓",
    "message": "「在研究所还存在的世界里，三座电波塔也都完好无损。就是这么回事」",
    "len": 2
  },
  {
    "name": "樹",
    "message": "「什么叫就是这么回事啊？」",
    "len": 1
  },
  {
    "name": "電卓",
    "message": "「所以说啊，幽灵不是来了吗？就在三座电波塔的正中央」",
    "len": 2
  },
  {
    "name": "樹",
    "message": "「啊？」",
    "len": 1
  },
  {
    "name": "電卓",
    "message": "「从遥远的世界来到这个世界……」",
    "len": 1
  },
  {
    "name": "樹",
    "message": "「难道说，那就是结衣姐？」",
    "len": 1
  },
  {
    "name": "電卓",
    "message": "「答对啦！」",
    "len": 1
  },
  {
    "name": "樹",
    "message": "「别开玩笑了！」",
    "len": 1
  },
  {
    "name": "電卓",
    "message": "「嘛，不只是结衣，我们所有人其实都是幽灵啊～」",
    "len": 2
  },
  {
    "name": "樹",
    "message": "「这种说法有什么证据吗？」",
    "len": 1
  },
  {
    "name": "電卓",
    "message": "「没有证据，这是神谕」",
    "len": 1
  },
  {
    "name": "樹",
    "message": "「啊～是吗。抱歉，我先回去了！」",
    "len": 2
  },
  {
    "name": "電卓",
    "message": "「喂！话还没说完呢，树！」",
    "len": 1
  },
  {
    "message": "哼，管他呢！",
    "len": 1
  },
  {
    "name": "樹",
    "message": "「真是浪费了不少时间……」",
    "len": 1
  },
  {
    "name": "樹",
    "message": "「回房间好好睡个午觉吧」",
    "len": 1
  }
]