[
  {
    "name": "結衣",
    "message": "「红移？」",
    "len": 1
  },
  {
    "name": "？？？",
    "message": "「准确来说是引力红移。这是由于附近存在极其巨大的质量造成的。」",
    "len": 2
  },
  {
    "name": "？？？",
    "message": "「光被这个大质量体夺走能量，波长变长，导致「世界被染成红色」。」",
    "len": 2
  },
  {
    "name": "結衣",
    "message": "「实验成功了吗？」",
    "len": 1
  },
  {
    "name": "？？？",
    "message": "「从物理角度来说，应该取得了一定的成果。」",
    "len": 1
  },
  {
    "name": "？？？",
    "message": "「事实上，在接近史瓦西半径的世界里，已经出现了环形时间现象。」",
    "len": 2
  },
  {
    "name": "？？？",
    "message": "「那是永恒黄昏的世界……」",
    "len": 1
  },
  {
    "name": "結衣",
    "message": "「那么，他的愿望呢？」",
    "len": 1
  },
  {
    "name": "？？？",
    "message": "「这就不清楚了。」",
    "len": 1
  },
  {
    "name": "結衣",
    "message": "「他……对这个世界满意了吗？」",
    "len": 1
  },
  {
    "name": "？？？",
    "message": "「确认这一点是你们的任务」",
    "len": 1
  },
  {
    "name": "？？？",
    "message": "「我只是利用这个「扭曲」混入了一些可能性而已」",
    "len": 4
  },
  {
    "name": "？？？",
    "message": "「结衣，你也是这些可能性之一」",
    "len": 1
  },
  {
    "name": "結衣",
    "message": "「树会看到我吗？」",
    "len": 1
  },
  {
    "name": "？？？",
    "message": "「如果他觉得这个「世界」很美的话，或许……」",
    "len": 1
  },
  {
    "name": "結衣",
    "message": "「会想要让时间停止」",
    "len": 1
  },
  {
    "name": "結衣",
    "message": "「会……看到结衣吗？」",
    "len": 1
  },
  {
    "message": "在梦中做梦……",
    "len": 1
  },
  {
    "message": "以为醒来了，却又是一场梦。",
    "len": 1
  },
  {
    "message": "感觉自己身处一个如同无限镜像般的世界。",
    "len": 1
  },
  {
    "name": "樹",
    "message": "「是……早上吗？」",
    "len": 1
  },
  {
    "message": "世界被一片白蒙蒙的光笼罩着。",
    "len": 1
  },
  {
    "message": "感觉像是早晨，又好像是因为其他原因导致光线变白。",
    "len": 2
  },
  {
    "message": "比如说，下雪的时候，即使是白天光线也会像早晨一样白。",
    "len": 2
  },
  {
    "message": "我自己的时间感觉不太靠谱，房间里也没有时钟。",
    "len": 2
  },
  {
    "message": "现在没有任何证据能确定是早晨。",
    "len": 1
  },
  {
    "name": "樹",
    "message": "「对了，电脑……」",
    "len": 1
  },
  {
    "message": "这是连接这个房间和外界的唯一设备。",
    "len": 1
  },
  {
    "message": "如果没有这台机器，会怎么样呢？",
    "len": 1
  },
  {
    "message": "只能靠太阳的运动来感知世界吗？",
    "len": 1
  },
  {
    "message": "那么，如果没有窗户呢？",
    "len": 1
  },
  {
    "message": "如果这里是被墙壁包围的盒子里面呢？",
    "len": 1
  },
  {
    "message": "如果这是一个永远没有光的地方……",
    "len": 1
  },
  {
    "message": "我该怎么确认自己是活着还是死了呢？",
    "len": 2
  },
  {
    "message": "直到有人来『看』我为止。",
    "len": 1
  },
  {
    "message": "我哪里都不在。",
    "len": 1
  },
  {
    "message": "必须打开电脑，启动这个『世界』……",
    "len": 2
  },
  {
    "message": "我无法在任何地方存在。",
    "len": 1
  },
  {
    "message": "如果没有人『看』我，我就和不存在没什么区别。",
    "len": 1
  },
  {
    "message": "世界被红色的光笼罩着。",
    "len": 1
  },
  {
    "message": "感觉像是傍晚，又或者是因为别的什么原因，光线变成了红色。",
    "len": 2
  },
  {
    "message": "不过，这并不是什么大问题。",
    "len": 1
  },
  {
    "message": "重要的是，『看』着我的到底是哪个我——这才是关键。",
    "len": 2
  },
  {
    "message": "是我在做梦？还是『看』着我的我在做梦？",
    "len": 2
  },
  {
    "message": "又或者是——",
    "len": 1
  },
  {
    "message": "电脑屏幕上显示的是从人造卫星视角俯瞰这座城市的图像。",
    "len": 2
  },
  {
    "message": "西边是警察局，东北方向是公园，东南方向是购物中心。",
    "len": 1
  },
  {
    "message": "我家就位于连接这三个点的三角形中心。",
    "len": 1
  },
  {
    "message": "实际走一走的话，因为有的地方有路有的地方没路，所以每个地方的距离感都不太一样……",
    "len": 2
  },
  {
    "message": "但在地图上看，这三个地方离我家的距离几乎是相等的。",
    "len": 1
  },
  {
    "name": "樹",
    "message": "「也就是说，这意味着……」",
    "len": 1
  },
  {
    "name": "樹",
    "message": "「三座电波塔将我……围在墙内……像个盒子……」",
    "len": 1
  },
  {
    "name": "結衣",
    "message": "「你还在想这些吗」",
    "len": 1
  },
  {
    "name": "樹",
    "message": "「……！？」",
    "len": 1
  },
  {
    "name": "結衣",
    "message": "「道理什么的无所谓吧？知道不知道都一样」",
    "len": 2
  },
  {
    "name": "樹",
    "message": "「……结衣姐，你醒了啊」",
    "len": 1
  },
  {
    "name": "結衣",
    "message": "「嗯，醒了，已经中午了」",
    "len": 1
  },
  {
    "name": "樹",
    "message": "「中午？」",
    "len": 1
  },
  {
    "name": "結衣",
    "message": "「我饿了，一起吃点什么吧」",
    "len": 1
  },
  {
    "name": "樹",
    "message": "「好啊，我来做点东西。去客厅吧」",
    "len": 2
  },
  {
    "name": "結衣",
    "message": "「嗯，走吧」",
    "len": 1
  },
  {
    "message": "难得的是，从白天开始全家人就都聚在一起了。",
    "len": 1
  },
  {
    "message": "式子桑坐在沙发上漫不经心地晒着太阳。",
    "len": 1
  },
  {
    "message": "姬子猫在她脚边咕噜咕噜地打着呼。",
    "len": 1
  },
  {
    "message": "电卓脑袋一边看电视一边跟着偶像一起唱歌。",
    "len": 1
  },
  {
    "message": "琴子默默地在读书。",
    "len": 1
  },
  {
    "message": "从厨房出来的结衣姐姐，端着放有点心和饮料的托盘走了过来。",
    "len": 2
  },
  {
    "name": "結衣",
    "message": "「与其说是午餐，这倒更像是茶话会啊」",
    "len": 1
  },
  {
    "name": "式子",
    "message": "「偶尔偷个懒也不错吧～，对吧，爸爸？」",
    "len": 1
  },
  {
    "name": "電卓",
    "message": "「甜食的话也不是不能吃。不过，糖必须是和三盆，其他的我可不认」",
    "len": 2
  },
  {
    "name": "琴子",
    "message": "「不愧是老爸，真是个通人」",
    "len": 1
  },
  {
    "name": "結衣",
    "message": "「要不要给这个虫子人喂点甘蔗啊」",
    "len": 1
  },
  {
    "name": "ギズモ",
    "message": "「虫～！姬子也要吃虫～！」",
    "len": 1
  },
  {
    "name": "式子",
    "message": "「哎呀呀，小姬不行哦～女孩子是不能吃的～」",
    "len": 2
  },
  {
    "name": "結衣",
    "message": "「对对，吃虫子才是奇怪的呢」",
    "len": 1
  },
  {
    "name": "電卓",
    "message": "「哦哦，那么虫子的美味……」",
    "len": 1
  },
  {
    "name": "結衣",
    "message": "「呀！」",
    "len": 1
  },
  {
    "name": "電卓",
    "message": "「啧，让她跑了」",
    "len": 1
  },
  {
    "message": "老爸一边专注地看着电视一边说道。",
    "len": 1
  },
  {
    "name": "琴子",
    "message": "「姐姐，刚才那个瞬动！那就是瞬动啊！」",
    "len": 1
  },
  {
    "message": "妹一边说着，一边目不转睛地盯着书本。",
    "len": 1
  },
  {
    "name": "式子",
    "message": "「结衣酱真是太厉害啦～～～！」",
    "len": 1
  },
  {
    "message": "母亲一边呆呆地望着天空，一边说道。",
    "len": 1
  },
  {
    "name": "ギズモ",
    "message": "「喵～，虫～！虫～！」",
    "len": 1
  },
  {
    "message": "猫咪以四脚朝天的姿势躺在地板上说道。",
    "len": 1
  },
  {
    "message": "就这样，午后时光悄然流逝。",
    "len": 1
  },
  {
    "message": "很快，红色的黄昏时分来临……",
    "len": 1
  },
  {
    "message": "那之后的记忆就消失了。",
    "len": 1
  },
  {
    "message": "时间在那一刻停止了流动。",
    "len": 1
  },
  {
    "message": "在那如同石榴石般昏暗朦胧的红色『世界』里。",
    "len": 1
  },
  {
    "message": "我们——成为了永恒。",
    "len": 1
  },
  {
    "message": "只留下了一个问题。",
    "len": 1
  },
  {
    "message": "是啊，归根结底就是这个。",
    "len": 1
  },
  {
    "message": "在这里的我，到底是哪里的我……？",
    "len": 1
  },
  {
    "message": "为了从重叠的无数梦境中确定『世界』，我该做些什么？",
    "len": 2
  },
  {
    "name": "樹",
    "message": "「总之，先这样吧……」",
    "len": 1
  },
  {
    "message": "我关掉了电脑的电源。",
    "len": 1
  },
  {
    "message": "顷刻间『世界』就变成了夜晚。",
    "len": 1
  },
  {
    "message": "看来明天还会到来……",
    "len": 1
  },
  {
    "message": "不知是谁的安排。",
    "len": 1
  },
  {
    "message": "既然如此，那就睡觉吧……",
    "len": 1
  },
  {
    "message": "感觉仅仅今天一天，就像是度过了数不清的日子。",
    "len": 2
  },
  {
    "name": "樹",
    "message": "「累了……」",
    "len": 1
  },
  {
    "message": "睡吧，现在……",
    "len": 1
  }
]