[
  {
    "name": "柚",
    "message": "「唉……」",
    "len": 1
  },
  {
    "message": "我朝天空呼出的气息留下白色的痕迹，缓缓上升。",
    "len": 2
  },
  {
    "message": "在上升的过程中瞬间变得模糊，随即消散无踪。",
    "len": 1
  },
  {
    "name": "柚",
    "message": "「要是我的烦恼也能像这样解决就好了……」",
    "len": 2
  },
  {
    "message": "不过，准确来说这也不算是烦恼。",
    "len": 1
  },
  {
    "name": "柚",
    "message": "「呼……早上出门不是去跑步，感觉有点奇怪呢」",
    "len": 2
  },
  {
    "message": "一大早就悄悄地离开那个家，尽量不让任何人发现。",
    "len": 1
  },
  {
    "message": "我姑且留了张『我出门了』的便条，所以应该不会有达树来找我吧。",
    "len": 2
  },
  {
    "name": "柚",
    "message": "「虽然这样想着，心里还是有点寂寞……」",
    "len": 1
  },
  {
    "message": "话说回来，该是时候让我带上手机了吧。",
    "len": 1
  },
  {
    "message": "嘛，现在这样反而更轻松。我不是想被人找，而是想自己去寻找。",
    "len": 2
  },
  {
    "message": "不过，这也不是什么寻找自我之类的青春故事就是了。",
    "len": 2
  },
  {
    "name": "柚",
    "message": "「那个人，应该就是式子桑吧……」",
    "len": 1
  },
  {
    "message": "昨晚……也可能已经是今天了，在客厅里的那场对话。",
    "len": 2
  },
  {
    "message": "结衣桑、电卓大叔还有琴子酱，还有那只猫……肯定都是真实存在的吧。",
    "len": 2
  },
  {
    "message": "虽然不知道原因……但那都是真的。",
    "len": 1
  },
  {
    "name": "柚",
    "message": "「唉，就算你这么说……」",
    "len": 1
  },
  {
    "message": "那我该怎么办才好呢。",
    "len": 1
  },
  {
    "message": "如果所有人都是真实的话……",
    "len": 1
  },
  {
    "message": "我到底想要怎么做呢。",
    "len": 1
  },
  {
    "message": "边走边想，也完全想不出什么好主意。",
    "len": 2
  },
  {
    "name": "柚",
    "message": "「达树他们，看起来很开心呢……」",
    "len": 1
  },
  {
    "message": "这最主要的原因，应该是因为有琴子在吧。",
    "len": 1
  },
  {
    "message": "那个家庭渐渐变得奇怪的原因。",
    "len": 1
  },
  {
    "message": "消失的琴子，这次反而回来了。",
    "len": 2
  },
  {
    "message": "但是……这样真的对吗？",
    "len": 1
  },
  {
    "message": "是不是因为强行让事情倒转，才造成了现在这种奇怪的状况。",
    "len": 2
  },
  {
    "name": "柚",
    "message": "「可是……达树变得有精神，是因为琴子的影响吧……」",
    "len": 2
  },
  {
    "name": "柚",
    "message": "「如果琴子没有回来的话，现在恐怕还是会一直消沉着吧……」",
    "len": 2
  },
  {
    "name": "柚",
    "message": "「琴子啊，还有那只猫……式子桑、结衣桑、电卓大叔……」",
    "len": 2
  },
  {
    "message": "与三年前不同的那个家庭。",
    "len": 1
  },
  {
    "message": "在那件事发生之前，那里非常热闹，幸福得让人忘记了时间。",
    "len": 2
  },
  {
    "message": "那是个幸福的家庭，我也想融入其中。",
    "len": 1
  },
  {
    "message": "那是我理想中的家庭。",
    "len": 1
  },
  {
    "message": "有爸爸妈妈在家里等着的家。有兄妹在，可以聊各种各样的话题。",
    "len": 2
  },
  {
    "message": "虽然琴子的身体不好……不，虽然这么说有些失礼，但正因如此，才孕育出了这样一个温暖的家庭。",
    "len": 2
  },
  {
    "message": "那里从来没有吵架。达树和结衣桑都非常温柔。",
    "len": 2
  },
  {
    "message": "那里有着看似平凡的家庭，我也能真切地感受到自己被接纳其中。",
    "len": 2
  },
  {
    "message": "不是无人的房子，而是我可以回去的地方。",
    "len": 2
  },
  {
    "message": "一个能接纳我的地方。",
    "len": 1
  },
  {
    "name": "柚",
    "message": "「因为那个家庭崩塌了……，我是不是觉得寂寞了呢……」",
    "len": 2
  },
  {
    "message": "寂寞，悲伤……不愿承认。不愿相信那个家庭已经不复存在了。",
    "len": 2
  },
  {
    "message": "我相信还能重新开始。",
    "len": 1
  },
  {
    "name": "柚",
    "message": "「但是……那些人却想把它当做从未发生过」",
    "len": 2
  },
  {
    "message": "那三年的辛苦，努力。他们想轻易地把它们当做无用的东西丢弃。",
    "len": 2
  },
  {
    "name": "柚",
    "message": "「叔叔的辛劳，式子桑的苦恼……」",
    "len": 1
  },
  {
    "name": "柚",
    "message": "「达树度过的时光……，结衣桑的温柔……」",
    "len": 2
  },
  {
    "name": "柚",
    "message": "「他们想把这些全部都当做从未发生过……」",
    "len": 2
  },
  {
    "message": "所以我……",
    "len": 1
  },
  {
    "message": "无法原谅这一切。",
    "len": 1
  },
  {
    "message": "现在也许很快乐，但是……那样是不行的。那是懦弱的行为。",
    "len": 2
  },
  {
    "message": "不是要当作什么都没发生过重新开始。而是要从那里再次积累起来。",
    "len": 2
  },
  {
    "name": "柚",
    "message": "「……好」",
    "len": 1
  },
  {
    "message": "我的想法理清了。头脑也清晰了。",
    "len": 1
  },
  {
    "message": "我试着深深吸入这刺痛皮肤、让头脑清醒的空气，直到肺部充满。",
    "len": 2
  },
  {
    "name": "柚",
    "message": "「好！」",
    "len": 1
  },
  {
    "message": "我再次用力点头，仿佛在对自己说。",
    "len": 2
  },
  {
    "message": "要把达树拉回这边来。不能只沉浸在梦里，必须面对现实。",
    "len": 2
  },
  {
    "message": "必须让他意识到这三年的事情。",
    "len": 1
  },
  {
    "message": "为此该怎么做，今天一整天好好想想吧。",
    "len": 2
  },
  {
    "message": "我迈着变得坚定的步伐走了出去。",
    "len": 1
  }
]