[
  {
    "name": "樹",
    "message": "「嗯……是早上了啊。毫无疑问是早上了」",
    "len": 2
  },
  {
    "name": "樹",
    "message": "「真麻烦，外面的鸟儿还吵吵闹闹地叫个不停……」",
    "len": 2
  },
  {
    "name": "樹",
    "message": "「相比之下，那个柚……今早倒是没来叫我起床」",
    "len": 2
  },
  {
    "name": "樹",
    "message": "「虽说我也没拜托她就是了……」",
    "len": 1
  },
  {
    "message": "但是，还是有点在意啊……",
    "len": 1
  },
  {
    "message": "昨天晚上她也很消沉……是这样吗？或者说是害怕？",
    "len": 2
  },
  {
    "message": "烦恼，疑惑……可能有很多原因吧。总之，可能因为这些原因她没睡好。",
    "len": 2
  },
  {
    "message": "嗯……真让人担心啊。",
    "len": 1
  },
  {
    "message": "主要原因应该是式子桑，除此之外还有结衣姐和姬子猫的事。",
    "len": 2
  },
  {
    "message": "是环境变化造成的吗？虽然我既不能否定也不能肯定。",
    "len": 2
  },
  {
    "name": "樹",
    "message": "「不过，式子桑也不是有意的吧……」",
    "len": 2
  },
  {
    "message": "但就这么放着不管也不太好。",
    "len": 1
  },
  {
    "name": "樹",
    "message": "「……要不去看看情况吧」",
    "len": 1
  },
  {
    "name": "樹",
    "message": "「那么，柚醒了吗……？」",
    "len": 1
  },
  {
    "name": "柚",
    "message": "「…………」",
    "len": 1
  },
  {
    "message": "哦，已经好好醒了啊。",
    "len": 1
  },
  {
    "name": "樹",
    "message": "「虽然醒了……但正如预料的那样发呆呢」",
    "len": 2
  },
  {
    "message": "是困了，还是在思考什么呢。看样子……应该是后者吧。",
    "len": 2
  },
  {
    "message": "时而撅嘴，时而皱眉。光看着倒是挺有意思的……",
    "len": 2
  },
  {
    "name": "樹",
    "message": "「真是个奇怪的表情啊……」",
    "len": 1
  },
  {
    "name": "樹",
    "message": "「……啊，就这么放着不管也不太好」",
    "len": 1
  },
  {
    "message": "看来她确实在烦恼什么。我倒是希望她们能好好相处。",
    "len": 2
  },
  {
    "message": "就算需要时间也没关系。",
    "len": 1
  },
  {
    "name": "柚",
    "message": "「唔唔唔唔～」",
    "len": 1
  },
  {
    "name": "樹",
    "message": "「你在嘟囔什么呢」",
    "len": 1
  },
  {
    "name": "柚",
    "message": "「呀啊！？」",
    "len": 1
  },
  {
    "name": "樹",
    "message": "「……你发出什么声音啊」",
    "len": 1
  },
  {
    "name": "柚",
    "message": "「还不是树木吓我一跳！？」",
    "len": 1
  },
  {
    "name": "樹",
    "message": "「我不是很普通地跟你打招呼吗？反倒是我，总是被柚吓一跳」",
    "len": 2
  },
  {
    "name": "柚",
    "message": "「我可没那个意思。我也只是在普通地说话而已嘛」",
    "len": 2
  },
  {
    "name": "樹",
    "message": "「就算你没那个意思，但事实上还是吓到人了吧」",
    "len": 1
  },
  {
    "name": "柚",
    "message": "「……该不会是没事找事来吓我的吧？」",
    "len": 2
  },
  {
    "name": "樹",
    "message": "「怎么可能啊。我是有事才来的」",
    "len": 1
  },
  {
    "message": "我哪有那闲工夫专门来吓你。",
    "len": 1
  },
  {
    "name": "樹",
    "message": "「是关于昨天的事，我想说几句」",
    "len": 1
  },
  {
    "name": "柚",
    "message": "「…………」",
    "len": 1
  },
  {
    "message": "我能感觉到柚的身体变僵硬了。尽管如此，我还是继续说下去。",
    "len": 2
  },
  {
    "name": "樹",
    "message": "「那个，柚，和大家好好相处――」",
    "len": 1
  },
  {
    "name": "柚",
    "message": "「不可能」",
    "len": 1
  },
  {
    "name": "樹",
    "message": "「…………」",
    "len": 1
  },
  {
    "message": "一个生硬而简洁的声音突然插了进来。",
    "len": 1
  },
  {
    "name": "樹",
    "message": "「……真的不行吗？」",
    "len": 1
  },
  {
    "name": "柚",
    "message": "「真的不行」",
    "len": 1
  },
  {
    "name": "柚",
    "message": "「因为那根本就不是本人……吧」",
    "len": 1
  },
  {
    "name": "柚",
    "message": "「如果真是本人的话，那就更说不通了。为什么会变年轻呢」",
    "len": 2
  },
  {
    "name": "樹",
    "message": "「这个……是啊，但是」",
    "len": 1
  },
  {
    "name": "柚",
    "message": "「从猫变成人的原因也搞不明白」",
    "len": 1
  },
  {
    "name": "樹",
    "message": "「已经发生的事就没办法了，我不是说过很多次了吗」",
    "len": 2
  },
  {
    "name": "柚",
    "message": "「不管你说多少遍，不能接受的就是不能接受」",
    "len": 2
  },
  {
    "name": "樹",
    "message": "「……看来我们是谈不拢了啊」",
    "len": 1
  },
  {
    "name": "柚",
    "message": "「是啊。我可没法像树那样看得开」",
    "len": 1
  },
  {
    "name": "柚",
    "message": "「我也不是想吵架……」",
    "len": 2
  },
  {
    "name": "柚",
    "message": "「就算是假的也行。那真正的式子桑他们在哪里呢……」",
    "len": 2
  },
  {
    "name": "柚",
    "message": "「如果是真的，我想听听为什么会变成这样，好好解释一下情况」",
    "len": 2
  },
  {
    "name": "樹",
    "message": "「谁知道呢，看起来他们自己也不太明白」",
    "len": 2
  },
  {
    "message": "琴子……如果问她的话，会回答吗。",
    "len": 1
  },
  {
    "name": "柚",
    "message": "「那你是说让我们就这么一直不明不白下去吗？」",
    "len": 1
  },
  {
    "name": "樹",
    "message": "「一起生活的话总会有明白的一天吧。就算有点奇怪，也是家人啊」",
    "len": 2
  },
  {
    "name": "柚",
    "message": "「家人……哈。家人家人的……」",
    "len": 1
  },
  {
    "name": "樹",
    "message": "「……看起来你很不满啊」",
    "len": 1
  },
  {
    "name": "柚",
    "message": "「你刚才那番解释怎么可能让我不再不满」",
    "len": 1
  },
  {
    "name": "樹",
    "message": "「……如果待在这里很痛苦的话，你可以回家哦？」",
    "len": 2
  },
  {
    "name": "柚",
    "message": "「……不，也不是那么回事」",
    "len": 1
  },
  {
    "name": "樹",
    "message": "「哈……」",
    "len": 1
  },
  {
    "message": "烦恼……并没有消失啊。本来就不是能轻易解决的问题。",
    "len": 2
  },
  {
    "message": "但是啊……",
    "len": 1
  },
  {
    "name": "樹",
    "message": "「真不像柚啊……就不能更干脆一点，果断地转换心情吗？」",
    "len": 2
  },
  {
    "name": "柚",
    "message": "「喂喂……哪有那么简单啊？」",
    "len": 1
  },
  {
    "name": "樹",
    "message": "「是吗？我觉得柚你应该做得到」",
    "len": 1
  },
  {
    "name": "柚",
    "message": "「我也是……有些事情是无法割舍的啊」",
    "len": 2
  },
  {
    "name": "樹",
    "message": "「那么，不如换个心情怎么样？」",
    "len": 1
  },
  {
    "name": "柚",
    "message": "「……在这种情况下？」",
    "len": 1
  },
  {
    "name": "樹",
    "message": "「正因为这样，不是吗？据说暂时忘掉烦恼反而能让思路更清晰哦？」",
    "len": 2
  },
  {
    "name": "樹",
    "message": "「比如说……出去走走之类的」",
    "len": 1
  },
  {
    "name": "柚",
    "message": "「出去啊……比如说？」",
    "len": 1
  },
  {
    "name": "樹",
    "message": "「嗯～，去Quare怎么样？」",
    "len": 1
  },
  {
    "name": "柚",
    "message": "「老套……不如说，太单调了吧」",
    "len": 2
  },
  {
    "name": "樹",
    "message": "「没办法啊。这附近也没有其他可去的地方」",
    "len": 2
  },
  {
    "name": "樹",
    "message": "「嘛，如果你不喜欢的话就算了」",
    "len": 1
  },
  {
    "name": "柚",
    "message": "「嗯……你的意思是，树你要带我去？」",
    "len": 1
  },
  {
    "name": "樹",
    "message": "「反正也闲着，就陪你去吧」",
    "len": 1
  },
  {
    "name": "柚",
    "message": "「难道是约会？」",
    "len": 1
  },
  {
    "name": "樹",
    "message": "「怎么可能啊。只是单纯去购物散心而已」",
    "len": 2
  },
  {
    "name": "柚",
    "message": "「好好，就这样吧。哎……真是的，一点都不坦率」",
    "len": 2
  },
  {
    "message": "哇，她笑得可开心了。",
    "len": 1
  },
  {
    "message": "明显是误会了……不过算了。没必要特意否定，让她心情变差。",
    "len": 2
  },
  {
    "message": "今天的目的就是让柚的心情恢复嘛。",
    "len": 1
  },
  {
    "name": "柚",
    "message": "「那么，大概几点出发？」",
    "len": 1
  },
  {
    "name": "樹",
    "message": "「我随时都行。反正闲着也是闲着」",
    "len": 1
  },
  {
    "name": "柚",
    "message": "「那就上午……不，现在就出发吧」",
    "len": 1
  },
  {
    "name": "樹",
    "message": "「喂，你也太急了吧」",
    "len": 1
  },
  {
    "name": "柚",
    "message": "「怎么了，不是你邀请的吗？」",
    "len": 1
  },
  {
    "name": "樹",
    "message": "「是是是……唉，我知道了」",
    "len": 1
  },
  {
    "name": "柚",
    "message": "「嗯，那我也去准备一下」",
    "len": 1
  },
  {
    "name": "樹",
    "message": "「啊？不是马上就出发吗？」",
    "len": 1
  },
  {
    "name": "柚",
    "message": "「喂喂……女孩子是需要准备的好吗。这要花点时间的」",
    "len": 2
  },
  {
    "name": "樹",
    "message": "「现在还需要什么准备啊」",
    "len": 1
  },
  {
    "name": "柚",
    "message": "「啊——算了，反正有很多事要做啦」",
    "len": 2
  },
  {
    "name": "柚",
    "message": "「你就乖乖在这等着就行了！」",
    "len": 1
  },
  {
    "name": "樹",
    "message": "「是是是」",
    "len": 1
  },
  {
    "message": "不过，说到准备……原来女孩子都会这样啊。",
    "len": 1
  },
  {
    "message": "结衣姐就是穿着身上的衣服就出门了，姬子猫也是那副打扮。",
    "len": 2
  },
  {
    "message": "除了琴子，我家的女性们似乎对这种事情都不太在意。",
    "len": 2
  },
  {
    "name": "式子",
    "message": "「哎呀～，小树君，怎么了？」",
    "len": 1
  },
  {
    "name": "樹",
    "message": "「啊，式子桑。早上好。」",
    "len": 1
  },
  {
    "name": "式子",
    "message": "「呵呵，小树君，看起来很开心呢～」",
    "len": 2
  },
  {
    "name": "樹",
    "message": "「我看起来很开心吗？」",
    "len": 1
  },
  {
    "name": "式子",
    "message": "「嗯，感觉你好像很兴奋的样子。是要出门去哪里吗～？」",
    "len": 2
  },
  {
    "name": "樹",
    "message": "「……我真的看起来那么兴奋吗？」",
    "len": 1
  },
  {
    "name": "式子",
    "message": "「嗯～，妈妈是这么觉得的哦～？」",
    "len": 1
  },
  {
    "name": "樹",
    "message": "「是啊……也不是说麻烦。要说开心的话，我得想想」",
    "len": 2
  },
  {
    "name": "式子",
    "message": "「这样啊～。是和柚酱一起出门吧？」",
    "len": 2
  },
  {
    "name": "樹",
    "message": "「……你怎么知道的？」",
    "len": 1
  },
  {
    "name": "式子",
    "message": "「刚才听到柚酱的声音了呀～。看起来比树君还要兴奋呢」",
    "len": 2
  },
  {
    "name": "樹",
    "message": "「是这样啊……」",
    "len": 1
  },
  {
    "message": "感觉换换心情的目的已经达到了呢。",
    "len": 2
  },
  {
    "name": "樹",
    "message": "「那个，就是这样，我要和柚那家伙出去一会儿」",
    "len": 2
  },
  {
    "name": "式子",
    "message": "「就你们两个人去玩吗？」",
    "len": 1
  },
  {
    "name": "樹",
    "message": "「也不是说去玩，只是现在待在家里的话，感觉又会惹出麻烦」",
    "len": 2
  },
  {
    "name": "式子",
    "message": "「嘻嘻～，树君真是温柔呢～」",
    "len": 2
  },
  {
    "name": "樹",
    "message": "「我倒是没什么……」",
    "len": 1
  },
  {
    "name": "式子",
    "message": "「哎呀树君，不用害羞嘛」",
    "len": 1
  },
  {
    "name": "樹",
    "message": "「也不是那样的……就像和式子桑出门一样」",
    "len": 2
  },
  {
    "name": "式子",
    "message": "「那样的话，果然是关系很好呢～」",
    "len": 1
  },
  {
    "name": "樹",
    "message": "「哈……」",
    "len": 1
  },
  {
    "message": "真累人……虽然也不算说错。",
    "len": 1
  },
  {
    "name": "式子",
    "message": "「真好啊～，妈妈也想出去散步呢～」",
    "len": 1
  },
  {
    "name": "樹",
    "message": "「那个改天再说吧……」",
    "len": 1
  },
  {
    "name": "式子",
    "message": "「真的吗？约定好了哦？」",
    "len": 1
  },
  {
    "name": "樹",
    "message": "「嗯，下次有时间再一起去吧」",
    "len": 1
  },
  {
    "name": "式子",
    "message": "「嘿嘿～那么树君，今天别回来太晚哦」",
    "len": 2
  },
  {
    "name": "樹",
    "message": "「我想应该不会太晚的」",
    "len": 1
  },
  {
    "name": "式子",
    "message": "「还有，不要和柚酱吵架哦～？」",
    "len": 1
  },
  {
    "name": "樹",
    "message": "「这倒是我想对式子桑你们说的话……」",
    "len": 2
  },
  {
    "name": "式子",
    "message": "「诶～？」",
    "len": 1
  },
  {
    "message": "唉，式子桑她们都没有自觉。就算提醒也是徒劳吧。",
    "len": 2
  },
  {
    "name": "樹",
    "message": "「话说，其他人呢？」",
    "len": 1
  },
  {
    "name": "式子",
    "message": "「嗯～让我想想，基酱应该还在睡觉吧～」",
    "len": 1
  },
  {
    "name": "樹",
    "message": "「感觉除了吃饭和玩耍时间，基本上都在睡觉啊……」",
    "len": 1
  },
  {
    "name": "式子",
    "message": "「是啊～睡得可香了」",
    "len": 1
  },
  {
    "name": "樹",
    "message": "「这种情况是小孩子还是动物呢……」",
    "len": 1
  },
  {
    "name": "琴子",
    "message": "「这是好事啊。俗话说睡得多的孩子长得快」",
    "len": 2
  },
  {
    "name": "樹",
    "message": "「啊……琴子，早上好」",
    "len": 1
  },
  {
    "name": "琴子",
    "message": "「早上好。结衣姐姐和那孩子还在梦乡中呢」",
    "len": 2
  },
  {
    "name": "琴子",
    "message": "「结衣姐姐估计是不会再长高了，但那孩子还有很大的成长空间」",
    "len": 2
  },
  {
    "name": "琴子",
    "message": "「会变得更像人的」",
    "len": 1
  },
  {
    "name": "樹",
    "message": "「是啊……已经学会了一些难懂的词，最近似乎对电视也产生了兴趣」",
    "len": 2
  },
  {
    "name": "琴子",
    "message": "「嗯，心智在成长呢。照这样下去，终有一天……」",
    "len": 2
  },
  {
    "name": "柚",
    "message": "「树，让你久等了……咦」",
    "len": 1
  },
  {
    "name": "琴子",
    "message": "「早上好，柚桑。这么早就要出门吗？」",
    "len": 2
  },
  {
    "name": "柚",
    "message": "「嗯，嗯，和树……」",
    "len": 1
  },
  {
    "name": "琴子",
    "message": "「这样啊。祝你们玩得开心。不过请在天黑之前回来哦」",
    "len": 2
  },
  {
    "name": "柚",
    "message": "「那个……」",
    "len": 1
  },
  {
    "name": "樹",
    "message": "「我知道的。式子桑也这么说过」",
    "len": 1
  },
  {
    "name": "式子",
    "message": "「嗯嗯，天黑之前一定要回来哦～」",
    "len": 1
  },
  {
    "name": "樹",
    "message": "「这个季节那么早，感觉有点……」",
    "len": 1
  },
  {
    "name": "琴子",
    "message": "「家里的事就交给我吧。爸爸不在的时候，我会为大家做饭，照看结衣姐姐，防止发生警察上门的事，注意那孩子不做危险的事，洗衣服，打扫卫生」",
    "len": 5
  },
  {
    "name": "琴子",
    "message": "「所以，哥哥你就放心地去玩吧」",
    "len": 1
  },
  {
    "name": "樹",
    "message": "「……这样反而会让人更在意吧」",
    "len": 1
  },
  {
    "name": "琴子",
    "message": "「呵呵，开玩笑的。不过我确实不希望你们回来太晚」",
    "len": 2
  },
  {
    "name": "樹",
    "message": "「嗯，我会注意的」",
    "len": 1
  },
  {
    "name": "式子",
    "message": "「妈妈也会加油的哦～」",
    "len": 1
  },
  {
    "name": "樹",
    "message": "「…………」",
    "len": 1
  },
  {
    "message": "反而更让人担心了。不过，琴子应该能处理好吧。",
    "len": 2
  },
  {
    "name": "樹",
    "message": "「那么，我们走了」",
    "len": 1
  },
  {
    "name": "柚",
    "message": "「啊……那么，我也……」",
    "len": 1
  },
  {
    "name": "琴子",
    "message": "「好的，路上小心」",
    "len": 1
  },
  {
    "name": "柚",
    "message": "「呼……，好紧张啊……」",
    "len": 2
  },
  {
    "name": "樹",
    "message": "「紧张？为什么啊？」",
    "len": 1
  },
  {
    "name": "柚",
    "message": "「树……你没注意到吗」",
    "len": 1
  },
  {
    "name": "樹",
    "message": "「注意到什么？」",
    "len": 1
  },
  {
    "name": "柚",
    "message": "「嗯……没什么。来，快走吧」",
    "len": 2
  },
  {
    "name": "樹",
    "message": "「好好，我知道了」",
    "len": 1
  },
  {
    "message": "今天阳光明媚，暖洋洋的。",
    "len": 1
  },
  {
    "message": "是个适合外出散步的好天气。当然，也很适合午睡。",
    "len": 2
  },
  {
    "message": "不过，今天要陪柚到天黑。虽然感觉有点浪费……但偶尔这样也不错吧。",
    "len": 2
  },
  {
    "name": "樹",
    "message": "「那么，从哪里开始逛呢？时间足够我们逛完一圈」",
    "len": 2
  },
  {
    "name": "柚",
    "message": "「嗯～，该怎么办呢……」",
    "len": 1
  },
  {
    "name": "樹",
    "message": "「没有想去的地方吗？」",
    "len": 1
  },
  {
    "name": "柚",
    "message": "「因为你看，今天是树邀请我的嘛。所以没有特定的目的地」",
    "len": 2
  },
  {
    "name": "柚",
    "message": "「所以说，能不能由树来决定去哪里呢？」",
    "len": 2
  },
  {
    "name": "樹",
    "message": "「……既然这样，随便逛逛不就行了吗？」",
    "len": 2
  },
  {
    "name": "樹",
    "message": "「二楼应该有女装之类的，也可以看看饰品」",
    "len": 2
  },
  {
    "name": "柚",
    "message": "「…………」",
    "len": 1
  },
  {
    "name": "樹",
    "message": "「你不满意吗？」",
    "len": 1
  },
  {
    "name": "柚",
    "message": "「与其说不满意，不如说你好像很熟悉啊」",
    "len": 1
  },
  {
    "name": "柚",
    "message": "「以前你不是随便买衣服的吗。怎么现在……」",
    "len": 2
  },
  {
    "name": "樹",
    "message": "「那个嘛……最近来得比较多啦」",
    "len": 2
  },
  {
    "name": "柚",
    "message": "「之前不也经常来吗。但是，不都是去三楼那些奇怪的店吗？」",
    "len": 2
  },
  {
    "name": "樹",
    "message": "「那不是你吗？」",
    "len": 1
  },
  {
    "name": "柚",
    "message": "「我无所谓。总之，你不是总去些奇怪的地方吗」",
    "len": 2
  },
  {
    "name": "樹",
    "message": "「啊～，可能是因为买衣服时都被结衣姐拉着到处跑吧」",
    "len": 2
  },
  {
    "name": "樹",
    "message": "「话说回来，她大多数时候也只是看看而已」",
    "len": 2
  },
  {
    "message": "虽然也买了些饰品，但感觉主要买的都是些奇奇怪怪的东西。",
    "len": 2
  },
  {
    "message": "买就算了，还捡回来……等等？哪个更糟糕呢？",
    "len": 2
  },
  {
    "name": "柚",
    "message": "「嗯……关系很好嘛」",
    "len": 1
  },
  {
    "name": "樹",
    "message": "「那是……当然的，毕竟是家人」",
    "len": 1
  },
  {
    "name": "柚",
    "message": "「……这样啊」",
    "len": 1
  },
  {
    "name": "樹",
    "message": "「那么，逛逛衣服可以吗？」",
    "len": 1
  },
  {
    "name": "柚",
    "message": "「嗯，可以啊」",
    "len": 1
  },
  {
    "name": "樹",
    "message": "「不过啊，虽然这么说，但我对服装没什么品味哦？」",
    "len": 2
  },
  {
    "name": "柚",
    "message": "「我知道。我是那种只会随便买推荐商品的类型」",
    "len": 2
  },
  {
    "name": "樹",
    "message": "「这次先不说反对意见了，但让我这种人选女装，那是不可能的啊」",
    "len": 2
  },
  {
    "name": "柚",
    "message": "「哎呀，我又不是在说「仔细看看然后给出专业意见」之类的话」",
    "len": 2
  },
  {
    "name": "柚",
    "message": "「你只要按顺序快速看一遍，告诉我你喜欢哪件就行了」",
    "len": 2
  },
  {
    "name": "柚",
    "message": "「我打算至少把你当作OSUGI和PIKO那样的参考」",
    "len": 1
  },
  {
    "name": "樹",
    "message": "「就这样吗……」",
    "len": 1
  },
  {
    "name": "柚",
    "message": "「就是这样啦」",
    "len": 1
  },
  {
    "message": "我跟着点头的柚一起，在购物中心里走着。",
    "len": 2
  },
  {
    "name": "樹",
    "message": "「咦？刚才那家店不用看吗？」",
    "len": 1
  },
  {
    "name": "柚",
    "message": "「啊，算了算了，不是我的风格」",
    "len": 1
  },
  {
    "name": "樹",
    "message": "「是吗？我看里面有不少人啊」",
    "len": 1
  },
  {
    "name": "柚",
    "message": "「树，你觉得适合我吗？」",
    "len": 1
  },
  {
    "name": "樹",
    "message": "「嗯，这个嘛。大概是适合的吧？」",
    "len": 2
  },
  {
    "name": "柚",
    "message": "「啊～那就算了。下一家吧。你还有什么推荐的吗？」",
    "len": 2
  },
  {
    "name": "樹",
    "message": "「呃，那边怎么样？」",
    "len": 1
  },
  {
    "name": "柚",
    "message": "「那家……是不是有点特别？至少我觉得不太适合我」",
    "len": 2
  },
  {
    "name": "樹",
    "message": "「你这么一说确实是。倒是挺适合琴子的」",
    "len": 2
  },
  {
    "name": "柚",
    "message": "「行行，就是这样」",
    "len": 1
  },
  {
    "name": "樹",
    "message": "「那么……对面那家如何？你看，那种略显成熟的风格」",
    "len": 2
  },
  {
    "name": "柚",
    "message": "「那个反过来也不行啊。那种风格，不是结衣桑那样的人穿不来」",
    "len": 2
  },
  {
    "name": "樹",
    "message": "「啊，确实。结衣姐姐那样的人可能会喜欢」",
    "len": 2
  },
  {
    "name": "柚",
    "message": "「……树的标准，基本上都是以那些人为准的吧」",
    "len": 2
  },
  {
    "name": "樹",
    "message": "「那当然了。又没有其他可以作为标准的人」",
    "len": 2
  },
  {
    "name": "柚",
    "message": "「啊～是啊」",
    "len": 1
  },
  {
    "name": "樹",
    "message": "「那么……」",
    "len": 1
  },
  {
    "name": "柚",
    "message": "「算了算了，别再推荐了，我们把所有店都逛一遍吧」",
    "len": 2
  },
  {
    "name": "樹",
    "message": "「所有店？你是说二楼的？」",
    "len": 1
  },
  {
    "name": "柚",
    "message": "「不，是所有」",
    "len": 1
  },
  {
    "message": "也就是说……Quare里的所有店铺吗？",
    "len": 1
  },
  {
    "name": "柚",
    "message": "「反正我们有的是时间，喏，既然决定了就赶紧走吧」",
    "len": 2
  },
  {
    "name": "樹",
    "message": "「还没决定呢喂！？喂，别拉我！」",
    "len": 2
  },
  {
    "name": "柚",
    "message": "「要是不想被拉，就自己用脚走」",
    "len": 1
  },
  {
    "name": "樹",
    "message": "「那你就放开我的手啊！」",
    "len": 1
  },
  {
    "message": "我身边怎么尽是些喜欢强行拉着我走的家伙啊！？",
    "len": 2
  },
  {
    "name": "柚",
    "message": "「哈～看来我们把所有店都逛完了呢」",
    "len": 1
  },
  {
    "name": "樹",
    "message": "「呃啊……累、累死我了……」",
    "len": 1
  },
  {
    "name": "柚",
    "message": "「什么嘛，真没出息。树树，你体力也太差了点」",
    "len": 2
  },
  {
    "name": "樹",
    "message": "「这不是体力的问题吧……」",
    "len": 1
  },
  {
    "name": "柚",
    "message": "「那是什么问题？」",
    "len": 1
  },
  {
    "name": "樹",
    "message": "「不是来买东西的吗？为什么一直在走个不停啊！」",
    "len": 2
  },
  {
    "name": "柚",
    "message": "「就算你这么说，也没有找到想买的衣服啊，没办法嘛」",
    "len": 2
  },
  {
    "name": "樹",
    "message": "「……一件都没有？」",
    "len": 1
  },
  {
    "name": "柚",
    "message": "「嗯，一件都没。说实话，我本来也不是很想买衣服」",
    "len": 2
  },
  {
    "name": "樹",
    "message": "「……喂」",
    "len": 1
  },
  {
    "name": "柚",
    "message": "「手上戴一堆叮叮当当的饰品也不是我的风格」",
    "len": 1
  },
  {
    "name": "柚",
    "message": "「嗯～想买的书和CD也没有呢」",
    "len": 1
  },
  {
    "name": "樹",
    "message": "「那你干嘛要来Quare啊」",
    "len": 1
  },
  {
    "name": "柚",
    "message": "「为什么？不是你邀请我来的吗」",
    "len": 2
  },
  {
    "name": "樹",
    "message": "「这个……是没错啦，但如果你不想来的话，我们可以去别的地方……」",
    "len": 2
  },
  {
    "name": "柚",
    "message": "「那样的话就要跑很远了吧？」",
    "len": 1
  },
  {
    "name": "樹",
    "message": "「……是啊」",
    "len": 1
  },
  {
    "name": "柚",
    "message": "「而且呢，我平时也没什么机会看衣服」",
    "len": 1
  },
  {
    "name": "樹",
    "message": "「你不去那种店吗？」",
    "len": 1
  },
  {
    "name": "柚",
    "message": "「对啊。那种时间很少的」",
    "len": 1
  },
  {
    "name": "樹",
    "message": "「是这样吗？我还以为女生都整天泡在服装店里呢」",
    "len": 2
  },
  {
    "name": "柚",
    "message": "「哪有天天去啊。树，你到底是什么印象啊」",
    "len": 2
  },
  {
    "name": "樹",
    "message": "「因为你看，我身边没有普通的女生嘛」",
    "len": 2
  },
  {
    "name": "樹",
    "message": "「身边的话就只有结衣姐……还有柚」",
    "len": 1
  },
  {
    "name": "柚",
    "message": "「这么说的话，好像我不是普通人似的」",
    "len": 2
  },
  {
    "name": "樹",
    "message": "「这个话题看来要说很久，还是以后再说吧……现在我只想休息一下」",
    "len": 2
  },
  {
    "name": "柚",
    "message": "「嗯，是啊。我也肚子饿了……」",
    "len": 2
  },
  {
    "name": "柚",
    "message": "「好，那就这样吧树，我们走吧」",
    "len": 1
  },
  {
    "name": "樹",
    "message": "「我都说了多少遍了，我自己能走，别拽我！」",
    "len": 2
  },
  {
    "message": "而且她看起来精神得很……这家伙的体力到底是怎么回事？",
    "len": 2
  },
  {
    "name": "柚",
    "message": "「那么，我们开始吃吧」",
    "len": 1
  },
  {
    "name": "樹",
    "message": "「好啊……」",
    "len": 1
  },
  {
    "message": "吃东西……嗯，是要吃，但是……",
    "len": 1
  },
  {
    "name": "樹",
    "message": "「这么多量也太夸张了吧……」",
    "len": 1
  },
  {
    "message": "肚子饿了，所以去快餐店。好吧，这种程度我还能理解。",
    "len": 2
  },
  {
    "message": "但是，如果是男生之间出来玩倒还好说，男女一起的话……而且还是女生点这么多，我觉得有点不太合适啊。",
    "len": 2
  },
  {
    "message": "更何况薯条还要了大份……真的能吃完吗？",
    "len": 1
  },
  {
    "name": "柚",
    "message": "「嗯？怎么了？」",
    "len": 1
  },
  {
    "name": "樹",
    "message": "「我觉得有问题的是柚才对……」",
    "len": 1
  },
  {
    "name": "柚",
    "message": "「……什么意思？」",
    "len": 1
  },
  {
    "name": "樹",
    "message": "「总之……那个，张那么大嘴巴吃东西我觉得不太好」",
    "len": 2
  },
  {
    "name": "樹",
    "message": "「要是想展现男子气概的话倒是很成功」",
    "len": 1
  },
  {
    "name": "柚",
    "message": "「没、没办法嘛，不这样的话根本吃不了啊」",
    "len": 2
  },
  {
    "name": "樹",
    "message": "「那就别点这种东西啊」",
    "len": 1
  },
  {
    "name": "柚",
    "message": "「可是……看起来很好吃嘛」",
    "len": 2
  },
  {
    "message": "刚才看衣服的时候还只是用余光瞥一眼，看起来那么无趣，现在却……",
    "len": 2
  },
  {
    "name": "樹",
    "message": "「与其说是对美色感兴趣，倒不如说是对食物更感兴趣吧？」",
    "len": 1
  },
  {
    "name": "柚",
    "message": "「树你有资格说别人吗？」",
    "len": 1
  },
  {
    "name": "樹",
    "message": "「我无所谓啊。反正我也不在意」",
    "len": 1
  },
  {
    "name": "柚",
    "message": "「那我也不在意啊。反正看着的只有树而已」",
    "len": 3
  },
  {
    "name": "樹",
    "message": "「不会还有其他人在看吧？」",
    "len": 1
  },
  {
    "name": "柚",
    "message": "「……你的意思是说，要我注意其他男人的目光吗？」",
    "len": 2
  },
  {
    "name": "樹",
    "message": "「为什么只限定男人啊……这样听起来意思就不一样了吧？」",
    "len": 2
  },
  {
    "name": "柚",
    "message": "「随便你怎么理解好了」",
    "len": 1
  },
  {
    "name": "樹",
    "message": "「…………」",
    "len": 1
  },
  {
    "message": "真搞不懂柚的真心啊……",
    "len": 1
  },
  {
    "message": "虽然说的话听起来像那么回事，但言行举止却离恋爱八竿子打不着。",
    "len": 2
  },
  {
    "message": "总觉得有点不协调……让人放心不下啊。",
    "len": 1
  },
  {
    "name": "樹",
    "message": "「哈……今天真是累坏了……」",
    "len": 1
  },
  {
    "name": "樹",
    "message": "「从早上开始就一直在走来走去，现在腿都肿得跟馒头似的」",
    "len": 2
  },
  {
    "name": "樹",
    "message": "「不过嘛……还是挺开心的」",
    "len": 1
  },
  {
    "message": "虽然最后什么也没买，但原本的目的是让柚转换心情。",
    "len": 2
  },
  {
    "name": "樹",
    "message": "「从这个意义上来说，今天还算不错吧……」",
    "len": 2
  },
  {
    "name": "樹",
    "message": "「啊—想着想着就觉得累了……」",
    "len": 1
  },
  {
    "name": "樹",
    "message": "「算了，该睡觉了。那么晚安」",
    "len": 2
  },
  {
    "message": "拜托了，希望明天也是平静的一天。真的，我是认真的。",
    "len": 2
  },
  {
    "name": "柚",
    "message": "「唉……睡不着」",
    "len": 1
  },
  {
    "message": "并不是什么失眠症。身体也适度疲劳了。",
    "len": 2
  },
  {
    "message": "如果问我为什么的话，答案大概马上就能想到。",
    "len": 2
  },
  {
    "name": "柚",
    "message": "「傍晚……不，应该说是白天的事吧」",
    "len": 1
  },
  {
    "message": "还有，这个家的事。住在这个家里的人们的事。",
    "len": 2
  },
  {
    "message": "那些不知道是不是本人的奇怪人们。",
    "len": 2
  },
  {
    "message": "更重要的是，今天约会的事。",
    "len": 1
  },
  {
    "name": "柚",
    "message": "「约会……到底算不算呢」",
    "len": 1
  },
  {
    "name": "柚",
    "message": "「这方面还是很模糊啊……。虽然确实很开心」",
    "len": 2
  },
  {
    "message": "一方面我觉得现在这样就很好，另一方面又总是怀疑这样下去真的好吗。",
    "len": 2
  },
  {
    "name": "柚",
    "message": "「要是只有我一个人这么想的话，那也太寂寞了……」",
    "len": 1
  },
  {
    "message": "和辰己的关系是这样，这个环境也是如此。",
    "len": 1
  },
  {
    "message": "为了接近辰己，又为了疏远他。但最近，我已经分不清哪个才是首要目的了。",
    "len": 2
  },
  {
    "message": "这两者对我来说都是必要的。即便如此——",
    "len": 2
  },
  {
    "name": "式子",
    "message": "「哎呀～？」",
    "len": 1
  },
  {
    "name": "柚",
    "message": "「……啊！？式、式子……桑？」",
    "len": 2
  },
  {
    "name": "式子",
    "message": "「晚上好～。柚酱睡不着吗～？」",
    "len": 2
  },
  {
    "name": "柚",
    "message": "「是、是的……」",
    "len": 1
  },
  {
    "name": "式子",
    "message": "「嗯～，如果睡得不舒服的话，要不要到我那里睡？」",
    "len": 2
  },
  {
    "name": "柚",
    "message": "「不用了，谢谢！」",
    "len": 1
  },
  {
    "name": "式子",
    "message": "「是吗？如果睡不着的话，随时都可以来哦～」",
    "len": 2
  },
  {
    "name": "柚",
    "message": "「啊，啊哈哈……我会考虑的」",
    "len": 1
  },
  {
    "message": "怎么可能和那种植物一起睡觉嘛。",
    "len": 1
  },
  {
    "message": "要是睡着时被袭击了怎么办。说不定醒来时已经被消化掉了……",
    "len": 2
  },
  {
    "message": "这样的话，岂不是从睡眠变成永眠了。",
    "len": 2
  },
  {
    "name": "式子",
    "message": "「？？？」",
    "len": 1
  },
  {
    "name": "柚",
    "message": "「啊……那个，式子桑怎么在这儿？」",
    "len": 2
  },
  {
    "name": "式子",
    "message": "「我？我是来喝水的哦」",
    "len": 1
  },
  {
    "name": "式子",
    "message": "「然后看到灯亮着，就想柚酱是不是还没睡呢～」",
    "len": 2
  },
  {
    "name": "柚",
    "message": "「抱歉……让你费心了」",
    "len": 1
  },
  {
    "name": "式子",
    "message": "「没事的，别在意。那么，我可以一起吗？」",
    "len": 2
  },
  {
    "name": "柚",
    "message": "「一起……」",
    "len": 1
  },
  {
    "name": "式子",
    "message": "「我也来泡点花草茶吧～柚酱你就慢慢放松哦」",
    "len": 2
  },
  {
    "name": "柚",
    "message": "「呃……谢谢你」",
    "len": 1
  },
  {
    "message": "我本想说不用麻烦了，但她在我开口前就已经开始准备了。",
    "len": 2
  },
  {
    "message": "嗯，基本上是个不听人说话的人啊。",
    "len": 1
  },
  {
    "name": "式子",
    "message": "「来～请用」",
    "len": 1
  },
  {
    "name": "柚",
    "message": "「啊，谢谢……」",
    "len": 1
  },
  {
    "name": "式子",
    "message": "「那我就在你旁边坐下啦～」",
    "len": 1
  },
  {
    "name": "柚",
    "message": "「嗯……」",
    "len": 1
  },
  {
    "message": "安静的室内，沙发轻微的嘎吱声小小地回响着。",
    "len": 1
  },
  {
    "message": "好近……即使小声说话也足够的距离。",
    "len": 1
  },
  {
    "message": "虽然很近但是……",
    "len": 1
  },
  {
    "name": "柚",
    "message": "「…………」",
    "len": 1
  },
  {
    "message": "那么，该聊些什么呢。不好意思，我可没什么话题。",
    "len": 2
  },
  {
    "message": "话说回来，最开始搭话的是式子桑（？）那边吧。",
    "len": 2
  },
  {
    "message": "既然如此，应该是式子桑有事才对吧。",
    "len": 1
  },
  {
    "name": "式子",
    "message": "「啊～，真好喝啊～」",
    "len": 1
  },
  {
    "message": "本应如此，但式子桑只是一个劲儿地品尝着花草茶。",
    "len": 2
  },
  {
    "message": "她连搭话的意思都没有。自由过头了吧。",
    "len": 2
  },
  {
    "name": "柚",
    "message": "「唉……」",
    "len": 1
  },
  {
    "message": "沉默让我感到难受。无奈之下，我只好百无聊赖地倾斜杯子。",
    "len": 2
  },
  {
    "name": "柚",
    "message": "（啊……好好喝）",
    "len": 1
  },
  {
    "name": "式子",
    "message": "「哈～」",
    "len": 1
  },
  {
    "message": "没有交谈，只是并排坐着慢慢喝红茶。不对，是花草茶来着？",
    "len": 2
  },
  {
    "message": "虽然不太清楚，但确实很好喝。",
    "len": 1
  },
  {
    "name": "柚",
    "message": "（啊……喝完了）",
    "len": 1
  },
  {
    "message": "转眼间就喝光了。",
    "len": 1
  },
  {
    "message": "这说明很好喝吧，但这样一来又没事可做了。",
    "len": 2
  },
  {
    "message": "虽然想离开这里，但又无处可去。",
    "len": 2
  },
  {
    "message": "沉默很痛苦，可是继续对话会更加痛苦。",
    "len": 2
  },
  {
    "name": "柚",
    "message": "「…………」",
    "len": 1
  },
  {
    "message": "那么，该怎么办呢？",
    "len": 1
  },
  {
    "name": "式子",
    "message": "「嘿嘿，像这样聊天也好久没有了呢～」",
    "len": 2
  },
  {
    "name": "柚",
    "message": "「啊？好久是指……」",
    "len": 1
  },
  {
    "name": "式子",
    "message": "「柚酱来我家住的时候，我们不就是这样聊天的嘛」",
    "len": 2
  },
  {
    "name": "柚",
    "message": "「……是啊」",
    "len": 1
  },
  {
    "message": "这个人真的是……这样的吗？",
    "len": 1
  },
  {
    "name": "式子",
    "message": "「刚开始的时候，你还很怕生呢。只要太君一离开，你马上就坐立不安了」",
    "len": 2
  },
  {
    "name": "柚",
    "message": "「是这样吗……？」",
    "len": 1
  },
  {
    "message": "我不是在敷衍，而是真的记不太清了。大概那是在最开始的时候吧。",
    "len": 2
  },
  {
    "message": "不知不觉间，住在这个家里就变成理所当然的事了。",
    "len": 2
  },
  {
    "name": "式子",
    "message": "「嗯，是啊～ 那时候你一直都像现在这样坐立不安的」",
    "len": 2
  },
  {
    "name": "柚",
    "message": "「…………」",
    "len": 1
  },
  {
    "name": "式子",
    "message": "「不过，现在和那时候比起来，原因已经不一样了吧」",
    "len": 2
  },
  {
    "name": "柚",
    "message": "「那个是……」",
    "len": 1
  },
  {
    "name": "式子",
    "message": "「你害怕我吗？」",
    "len": 1
  },
  {
    "message": "为什么这个人总是这么直白地问呢。",
    "len": 1
  },
  {
    "message": "难道她真如外表看起来那样单纯？还是说，另有原因？",
    "len": 2
  },
  {
    "message": "她用圆溜溜的眼睛直直地看着我。",
    "len": 2
  },
  {
    "message": "单纯地只是想听我的回答。",
    "len": 1
  },
  {
    "message": "大概她并不打算根据我的回答做什么。",
    "len": 1
  },
  {
    "message": "既然如此——",
    "len": 1
  },
  {
    "name": "柚",
    "message": "「……嗯，我害怕」",
    "len": 1
  },
  {
    "message": "下定决心开口后，剩下的话就自然而然地接着说了出来。",
    "len": 2
  },
  {
    "name": "柚",
    "message": "「我不知道你是不是真正的式子桑」",
    "len": 1
  },
  {
    "name": "柚",
    "message": "「如果是假的，我完全不明白你是怎么伪造文件的，为什么能住在这里」",
    "len": 2
  },
  {
    "name": "柚",
    "message": "「如果是真的，我不明白为什么你的外表会不一样，那个植物又是什么。为什么……」",
    "len": 2
  },
  {
    "name": "柚",
    "message": "「为什么……琴子酱还活着」",
    "len": 2
  },
  {
    "name": "式子",
    "message": "「我就是我啊？虽然外表不同，但我还是太郎君的妈妈哦」",
    "len": 2
  },
  {
    "name": "柚",
    "message": "「不是的。因为，式子桑她……」",
    "len": 1
  },
  {
    "name": "柚",
    "message": "「我认识的式子桑，不是这样的。我一直，都在看着……」",
    "len": 2
  },
  {
    "name": "柚",
    "message": "「从三年前那时起，无论是什么情况……我都全部看在眼里」",
    "len": 2
  },
  {
    "name": "式子",
    "message": "「……是吗」",
    "len": 1
  },
  {
    "name": "柚",
    "message": "「式子桑有多么努力……多么拼命地想要维系家庭……」",
    "len": 2
  },
  {
    "name": "柚",
    "message": "「即便如此还是做不到，很痛苦……这些我都看到了啊」",
    "len": 2
  },
  {
    "message": "可是，这个人却——",
    "len": 1
  },
  {
    "name": "式子",
    "message": "「嗯，是啊……柚酱一直都在看着我们呢」",
    "len": 2
  },
  {
    "name": "柚",
    "message": "「诶……」",
    "len": 1
  },
  {
    "name": "式子",
    "message": "「不仅是我，还有树、结衣，还有那个人……」",
    "len": 2
  },
  {
    "name": "式子",
    "message": "「即使树不再关注我们……柚酱你一直都在看着我们呢」",
    "len": 2
  },
  {
    "message": "这种氛围……真的是式子桑吗？",
    "len": 1
  },
  {
    "name": "式子",
    "message": "「嗯，是的。从一开始我就是我自己」",
    "len": 2
  },
  {
    "name": "柚",
    "message": "「可、可是，那样的话……诶，咦？」",
    "len": 1
  },
  {
    "name": "式子",
    "message": "「你不相信也没关系。因为柚酱一直都很珍惜我们」",
    "len": 3
  },
  {
    "name": "式子",
    "message": "「所以，你才无法接受改变后的我们，对吧？」",
    "len": 2
  },
  {
    "name": "柚",
    "message": "「…………」",
    "len": 1
  },
  {
    "name": "式子",
    "message": "「我们现在也在这里。所以，接下来就交给柚酱你了」",
    "len": 2
  },
  {
    "name": "式子",
    "message": "「无论你选择接受还是拒绝我们，都无所谓」",
    "len": 2
  },
  {
    "name": "柚",
    "message": "「我……」",
    "len": 1
  },
  {
    "message": "或许我内心深处一直都知道。正因如此，我才不愿接受。",
    "len": 2
  },
  {
    "name": "式子",
    "message": "「柚酱……谢谢你一直陪在树身边」",
    "len": 1
  },
  {
    "name": "柚",
    "message": "「我什么都没做……」",
    "len": 1
  },
  {
    "message": "只是，我想待在这个家里。",
    "len": 1
  },
  {
    "message": "不是那个空无一人、听不到任何人声的家。",
    "len": 1
  },
  {
    "message": "而是从小就和树一起创造了珍贵回忆的，有着我最爱的人们的这个家，我想一直待在这里。",
    "len": 2
  },
  {
    "message": "每一天都是那么快乐……真的，是个温暖的地方。",
    "len": 2
  },
  {
    "message": "我曾憧憬着，这就是真正的家人啊。",
    "len": 1
  },
  {
    "name": "式子",
    "message": "「不，即便如此。有柚酱在，我真的很开心」",
    "len": 2
  },
  {
    "name": "式子",
    "message": "「从以前开始就一直感觉家里的孩子越来越多了呢……」",
    "len": 1
  },
  {
    "name": "式子",
    "message": "「还记得吗？和树还有结衣一起堆雪人的事」",
    "len": 1
  },
  {
    "name": "柚",
    "message": "「……嗯。我们堆过好多次」",
    "len": 1
  },
  {
    "name": "式子",
    "message": "「是啊。琴子虽然只是在一旁看着……但大家看起来都很开心呢」",
    "len": 2
  },
  {
    "name": "柚",
    "message": "「我们还打过雪仗……」",
    "len": 1
  },
  {
    "name": "式子",
    "message": "「还有新年、赏花、夏日祭、海滩。我们一起做过很多事呢」",
    "len": 2
  },
  {
    "name": "柚",
    "message": "「……嗯」",
    "len": 1
  },
  {
    "message": "每一天都那么快乐，感觉时间永远都不够用，想做的事情太多了，反而不知道该先做什么好。",
    "len": 2
  },
  {
    "message": "一些小事都觉得很有趣，和大家一起出门就像是在冒险一样。",
    "len": 2
  },
  {
    "message": "可是……",
    "len": 1
  },
  {
    "name": "柚",
    "message": "「但是……三年前，琴子她……」",
    "len": 1
  },
  {
    "name": "式子",
    "message": "「是啊……从那以后，一切都变了」",
    "len": 2
  },
  {
    "name": "式子",
    "message": "「就像拼图散开一样，一切都哗啦啦地崩塌了……」",
    "len": 2
  },
  {
    "name": "式子",
    "message": "「每次想要重新拼起来都会崩塌，越是慌乱就越是散落得更厉害」",
    "len": 2
  },
  {
    "message": "我知道……因为我一直在看着。只能看着，什么也做不了。",
    "len": 2
  },
  {
    "name": "式子",
    "message": "「树一直在责备自己，认为琴子的事是他的错」",
    "len": 2
  },
  {
    "name": "柚",
    "message": "「嗯……我记得」",
    "len": 1
  },
  {
    "name": "式子",
    "message": "「他和结衣一起去了公园，整晚都没回来……」",
    "len": 2
  },
  {
    "name": "式子",
    "message": "「不只是琴子，我担心可能两个人都出事了……结果却责骂了彼此……」",
    "len": 2
  },
  {
    "name": "柚",
    "message": "「彼此两个都去医院了，对吧……？」",
    "len": 1
  },
  {
    "name": "式子",
    "message": "「是啊，两个人都平安无事……但正因如此，我和结衣的关系就变得不好了……」",
    "len": 2
  },
  {
    "name": "式子",
    "message": "「父亲的工作也泡汤了……」",
    "len": 1
  },
  {
    "name": "式子",
    "message": "「一旦有一件事出了问题，后面就再也无法挽回了……」",
    "len": 2
  },
  {
    "name": "柚",
    "message": "「但是……式子桑一直在努力啊」",
    "len": 1
  },
  {
    "name": "柚",
    "message": "「无论是为了树，还是为了结衣桑……您一直在努力守护这个家」",
    "len": 2
  },
  {
    "name": "式子",
    "message": "「…………」",
    "len": 1
  },
  {
    "name": "柚",
    "message": "「我觉得……谁都没有错……」",
    "len": 1
  },
  {
    "name": "式子",
    "message": "「……不知不觉聊了这么久呢」",
    "len": 1
  },
  {
    "name": "柚",
    "message": "「啊……」",
    "len": 1
  },
  {
    "name": "式子",
    "message": "「杯子就放在那里吧，不用收拾」",
    "len": 1
  },
  {
    "name": "式子",
    "message": "「那么柚酱，晚安」",
    "len": 1
  },
  {
    "name": "柚",
    "message": "「……嗯」",
    "len": 1
  },
  {
    "message": "我简短地回应了静静离开房间的背影。",
    "len": 2
  },
  {
    "message": "那个人……我想就是式子桑了。刚才的对话让我确信了这一点。",
    "len": 2
  },
  {
    "name": "柚",
    "message": "「但是……」",
    "len": 1
  },
  {
    "message": "我还是无法理解现在的状况。",
    "len": 1
  },
  {
    "message": "我还不明白其中的原因。",
    "len": 1
  },
  {
    "message": "而且——",
    "len": 1
  },
  {
    "name": "柚",
    "message": "「唉……」",
    "len": 1
  },
  {
    "message": "我准备好被褥躺了下来。",
    "len": 1
  },
  {
    "message": "闭上眼睛，我能感觉到头脑中思绪在不停地打转。",
    "len": 2
  },
  {
    "message": "式子桑想要创造的家庭。即将开始的新家庭。",
    "len": 2
  },
  {
    "message": "她想要珍惜现在重生后的家庭形式。",
    "len": 1
  },
  {
    "message": "这到底对不对，我也不知道。",
    "len": 2
  },
  {
    "name": "柚",
    "message": "「虽然不知道……」",
    "len": 1
  },
  {
    "message": "但是……总觉得很讨厌。",
    "len": 1
  }
]