[
  {
    "message": "睁开眼睛，理所当然地迎来了早晨。",
    "len": 1
  },
  {
    "message": "和平、安宁，甚至比这更加热闹的早晨。",
    "len": 1
  },
  {
    "message": "琴子存在的这个世界。仿佛三年前那一天从未发生过一样。",
    "len": 2
  },
  {
    "message": "姬子猫能够交谈的世界。她学会了语言，作为人类而存在。",
    "len": 2
  },
  {
    "message": "式子桑……还有电卓脑袋也在。虽然有点违和感，但父母也在。",
    "len": 2
  },
  {
    "message": "再也没有什么可以奢求的了，这是一个令人满意的世界。",
    "len": 2
  },
  {
    "message": "我希望这个世界，这段时光，能够永远持续下去。",
    "len": 2
  },
  {
    "message": "这样一个如梦似幻的世界……",
    "len": 1
  },
  {
    "name": "樹",
    "message": "「是……梦吗？」",
    "len": 1
  },
  {
    "message": "我所看到的这个世界，难道是幻觉吗？",
    "len": 1
  },
  {
    "message": "我到底在看着怎样的世界呢？",
    "len": 1
  },
  {
    "message": "即便不是这样，也只是一时的梦境……终究会醒来吧。",
    "len": 2
  },
  {
    "name": "樹",
    "message": "「真是，愚蠢的想法啊……」",
    "len": 1
  },
  {
    "message": "我在这里，看着大家。",
    "len": 1
  },
  {
    "name": "樹",
    "message": "「大家……都在这里。这就是'现实'」",
    "len": 2
  },
  {
    "message": "这才是正确的。",
    "len": 1
  },
  {
    "name": "樹",
    "message": "「……为什么我还是和往常一样行动呢？」",
    "len": 2
  },
  {
    "message": "明明家人都回来了，我做的事却和家里没人时一模一样。",
    "len": 3
  },
  {
    "name": "樹",
    "message": "「变化的是……大概只有做饭吧？」",
    "len": 1
  },
  {
    "name": "樹",
    "message": "「话说回来……就连那个也只是被柚催促着做的，而且也只是因为没有其他人做罢了……」",
    "len": 3
  },
  {
    "message": "我并不是主动去做的。只是被他人影响…随波逐流罢了。",
    "len": 2
  },
  {
    "name": "樹",
    "message": "「按理说，我应该多花些时间和琴子在一起的…」",
    "len": 2
  },
  {
    "message": "不知为何，和琴子交谈时总会莫名紧张。",
    "len": 2
  },
  {
    "message": "当然不是说讨厌。只是…",
    "len": 2
  },
  {
    "name": "樹",
    "message": "「…会想起来吗」",
    "len": 1
  },
  {
    "message": "抬头望去，却看不到流星。",
    "len": 1
  },
  {
    "message": "那种事应该不会再发生了。",
    "len": 1
  },
  {
    "name": "樹",
    "message": "「…」",
    "len": 1
  },
  {
    "message": "…即便这么想着，内心某处还是在恐惧着。",
    "len": 2
  },
  {
    "message": "害怕她又会在我眼前倒下…",
    "len": 2
  },
  {
    "name": "樹",
    "message": "「……不是那样的。这不是逃避」",
    "len": 2
  },
  {
    "name": "樹",
    "message": "「如果真的担心琴子的话，应该一天到晚都和她在一起才对吧」",
    "len": 2
  },
  {
    "message": "不可能会有不想待在家里的想法。",
    "len": 1
  },
  {
    "name": "樹",
    "message": "「好了，买完东西了……今天做什么好呢」",
    "len": 1
  },
  {
    "name": "樹",
    "message": "「多亏式子桑种了蔬菜，帮了我不少忙」",
    "len": 2
  },
  {
    "name": "樹",
    "message": "「要是能种些普通的蔬菜就好了……」",
    "len": 1
  },
  {
    "name": "樹",
    "message": "「结衣姐只会说要肉，随便买点就行了」",
    "len": 2
  },
  {
    "name": "樹",
    "message": "「琴子嘛……嗯，得给她做些好吃的才行」",
    "len": 2
  },
  {
    "message": "一边确认口袋里钱包的触感，一边加快了原本放松的脚步。",
    "len": 2
  },
  {
    "name": "樹",
    "message": "「嗯……？」",
    "len": 1
  },
  {
    "message": "背后传来越来越近的脚步声。",
    "len": 1
  },
  {
    "message": "应该只是普通市民（跑步者）吧。在跑马拉松吗？真是辛苦啊。",
    "len": 2
  },
  {
    "name": "声",
    "message": "「哟吼，树树～」",
    "len": 1
  },
  {
    "name": "樹",
    "message": "「唔～～～！？」",
    "len": 1
  },
  {
    "message": "难道真的是杀手吗！？",
    "len": 1
  },
  {
    "name": "樹",
    "message": "「没那么容易就能——」",
    "len": 1
  },
  {
    "name": "柚",
    "message": "「啊哈哈，早上好啊，树」",
    "len": 1
  },
  {
    "message": "警惕地转身一看，一个熟悉的家伙穿着不常见的打扮，脸上挂着十分舒畅的笑容站在那里。",
    "len": 3
  },
  {
    "name": "樹",
    "message": "「……柚？」",
    "len": 1
  },
  {
    "name": "柚",
    "message": "「你在这儿傻愣愣地走什么呢。又要去打盹了吗？」",
    "len": 2
  },
  {
    "name": "樹",
    "message": "「……不是」",
    "len": 1
  },
  {
    "message": "我强忍住内心涌起的各种情绪。毕竟我也是个成年人了。",
    "len": 2
  },
  {
    "name": "樹",
    "message": "「是去买东西。中午和晚上的份」",
    "len": 1
  },
  {
    "name": "柚",
    "message": "「哦，真的诶。里面确实装着食材」",
    "len": 2
  },
  {
    "name": "樹",
    "message": "「那不是理所当然的吗。喂，别随便偷看啊」",
    "len": 2
  },
  {
    "name": "柚",
    "message": "「没关系没关系，我有义务确认树树是否好好生活呢」",
    "len": 3
  },
  {
    "name": "樹",
    "message": "「哪来的义务啊。至少说成权利吧」",
    "len": 2
  },
  {
    "name": "柚",
    "message": "「如果是权利的话就可以吗？」",
    "len": 1
  },
  {
    "name": "樹",
    "message": "「怎么可能行啊。这是隐私和体贴的问题」",
    "len": 2
  },
  {
    "name": "柚",
    "message": "「啊——好啦好啦，不用老是用洋词啦」",
    "len": 2
  },
  {
    "name": "樹",
    "message": "「别说得像个老太太似的……」",
    "len": 1
  },
  {
    "name": "柚",
    "message": "「嘛，那个先不说」",
    "len": 1
  },
  {
    "name": "柚",
    "message": "「树树，你真的在努力呢。看起来还会这样去买东西」",
    "len": 2
  },
  {
    "name": "樹",
    "message": "「努力，吗……我自己倒是不太清楚」",
    "len": 2
  },
  {
    "name": "柚",
    "message": "「没事的，我可以为你作保哦」",
    "len": 1
  },
  {
    "name": "樹",
    "message": "「这下更让人担心了……」",
    "len": 1
  },
  {
    "name": "柚",
    "message": "「什么嘛，真没礼貌。老老实实高兴一下不行吗」",
    "len": 2
  },
  {
    "name": "樹",
    "message": "「我倒是希望能换个人来……」",
    "len": 2
  },
  {
    "name": "柚",
    "message": "「换人？是说做饭吗？」",
    "len": 1
  },
  {
    "name": "樹",
    "message": "「毕竟要一直住在一起嘛，我觉得稍微分担一下家务也不错」",
    "len": 2
  },
  {
    "name": "樹",
    "message": "「嗯，虽然不知道什么时候能实现」",
    "len": 1
  },
  {
    "name": "柚",
    "message": "「哼嗯……」",
    "len": 1
  },
  {
    "name": "樹",
    "message": "「说起来，柚你在做什么呢？」",
    "len": 1
  },
  {
    "name": "柚",
    "message": "「我？我正如你所见在参加社团活动啊」",
    "len": 2
  },
  {
    "name": "柚",
    "message": "「不过现在是自主练习时间」",
    "len": 1
  },
  {
    "name": "樹",
    "message": "「哦……」",
    "len": 1
  },
  {
    "message": "说起来，我还不知道柚是哪个社团的呢。",
    "len": 1
  },
  {
    "message": "虽然她经常来我家，但我对柚的事情其实不太了解。",
    "len": 2
  },
  {
    "message": "当然，我知道她是个什么样的人，但对她在外面的生活却不太清楚。",
    "len": 2
  },
  {
    "message": "我知道她早上会跑步，但除了田径类的社团，其他社团也有跑步的。",
    "len": 2
  },
  {
    "name": "柚",
    "message": "「……怎么了？你一直盯着看……」",
    "len": 2
  },
  {
    "name": "樹",
    "message": "「没什么大不了的」",
    "len": 1
  },
  {
    "message": "要是说想更多地了解柚的事——这种话肯定会被误会的。",
    "len": 3
  },
  {
    "name": "樹",
    "message": "「只是……」",
    "len": 1
  },
  {
    "message": "在操场上倒也罢了，在这种地方穿运动服……确实有点奇怪啊。",
    "len": 2
  },
  {
    "message": "小时候上下学穿也无所谓，但这个年纪就有点……",
    "len": 2
  },
  {
    "name": "柚",
    "message": "「……果然还是在盯着看」",
    "len": 1
  },
  {
    "name": "樹",
    "message": "「这次是出于别的原因」",
    "len": 1
  },
  {
    "name": "柚",
    "message": "「哦，别的原因」",
    "len": 1
  },
  {
    "name": "樹",
    "message": "「对、别的原因。就是重新想了想，你穿的是运动服啊」",
    "len": 2
  },
  {
    "name": "柚",
    "message": "「树……原来你喜欢这种啊」",
    "len": 1
  },
  {
    "name": "樹",
    "message": "「别胡思乱想了！我不是那个意思！」",
    "len": 2
  },
  {
    "name": "柚",
    "message": "「可是啊，你眯着眼睛若有所思地说「是体操服啊……」之类的」",
    "len": 3
  },
  {
    "name": "樹",
    "message": "「要是在国外，这种话可能会被告诽谤」",
    "len": 1
  },
  {
    "message": "就算在这个国家，如果操作得当的话也能定罪。",
    "len": 1
  },
  {
    "name": "樹",
    "message": "「我不是那个意思，只是觉得有点少见而已」",
    "len": 2
  },
  {
    "name": "柚",
    "message": "「啊，这么说也是。我在树面前几乎没穿过这个」",
    "len": 2
  },
  {
    "name": "柚",
    "message": "「……回学校的话，你想看多久就看多久哦？」",
    "len": 2
  },
  {
    "name": "樹",
    "message": "「要是我在这点头的话，就明显成体操服控了吧」",
    "len": 2
  },
  {
    "name": "柚",
    "message": "「可是，明明是冬天却穿这么少哦？」",
    "len": 1
  },
  {
    "name": "樹",
    "message": "「当然不会穿得太厚去运动啊」",
    "len": 1
  },
  {
    "name": "柚",
    "message": "「嗯，胸部……也看得很清楚哦？」",
    "len": 1
  },
  {
    "name": "樹",
    "message": "「嗯嗯」",
    "len": 1
  },
  {
    "message": "啧，既然会害羞就别说这种话啊……",
    "len": 1
  },
  {
    "message": "等等，该不会因为汗水把内衣……弄透了吧？",
    "len": 2
  },
  {
    "name": "柚",
    "message": "「？？？」",
    "len": 1
  },
  {
    "message": "而且柚这家伙，好像还没注意到……？",
    "len": 1
  },
  {
    "message": "真是毫无防备……不，应该说是太不在意了。是不是该多注意一点？",
    "len": 2
  },
  {
    "message": "在外面也是这样吗？那也太危险了吧……",
    "len": 2
  },
  {
    "message": "不对，课程是男女分开的吧。",
    "len": 1
  },
  {
    "message": "话说回来……她真的成长了啊。",
    "len": 1
  },
  {
    "message": "不仅是尺寸，连内衣也……",
    "len": 2
  },
  {
    "message": "以前明明那么孩子气，时间真的在流逝啊。",
    "len": 2
  },
  {
    "name": "樹",
    "message": "「…………」",
    "len": 1
  },
  {
    "message": "一个男人盯着青梅竹马的内衣看个不停。",
    "len": 1
  },
  {
    "message": "嗯……简直就是个变态。这算什么确认方式啊……",
    "len": 2
  },
  {
    "name": "柚",
    "message": "「喂，树木，你从刚才开始怎么了？」",
    "len": 1
  },
  {
    "name": "樹",
    "message": "「不，那个嘛……」",
    "len": 1
  },
  {
    "name": "柚",
    "message": "「唔……又在盯着看」",
    "len": 1
  },
  {
    "name": "樹",
    "message": "「怎么可能啊！」",
    "len": 1
  },
  {
    "name": "柚",
    "message": "「但是树木，你对我的胸部很感兴趣吧？」",
    "len": 2
  },
  {
    "name": "樹",
    "message": "「那是因为柚的内衣透了，我只是在犹豫该怎么告诉你」",
    "len": 2
  },
  {
    "name": "柚",
    "message": "「啊……什么！？」",
    "len": 1
  },
  {
    "name": "柚",
    "message": "「啊呜，呜呜，呜啊啊啊呜啊呜」",
    "len": 1
  },
  {
    "name": "柚",
    "message": "「树、树木……你、你一直在盯着看……？」",
    "len": 1
  },
  {
    "name": "樹",
    "message": "「内衣的话洗衣服的时候早就看习惯了，也没什么大不了的」",
    "len": 2
  },
  {
    "name": "柚",
    "message": "「呜啊……啊？」",
    "len": 1
  },
  {
    "name": "樹",
    "message": "「再说胸的大小的话，结衣姐姐和姬子猫都比你大吧」",
    "len": 2
  },
  {
    "name": "柚",
    "message": "「…………」",
    "len": 1
  },
  {
    "name": "樹",
    "message": "「所以说，我对柚的内衣没什么特别的感觉」",
    "len": 2
  },
  {
    "name": "柚",
    "message": "「啊，这样啊……」",
    "len": 1
  },
  {
    "message": "……咦？回想一下刚才说的话，好像说了相当不得了的事情啊。",
    "len": 2
  },
  {
    "name": "樹",
    "message": "「嗯～～～」",
    "len": 1
  },
  {
    "message": "算了，无所谓了。反正我也没说谎。",
    "len": 1
  },
  {
    "name": "柚",
    "message": "「树、树木……你、你对胸部感兴趣吗？」",
    "len": 1
  },
  {
    "name": "樹",
    "message": "「呃……我该怎么回答才好呢？」",
    "len": 1
  },
  {
    "message": "无论怎么回答都不行吧。谁能告诉我正确答案啊……",
    "len": 2
  },
  {
    "name": "柚",
    "message": "「难道说，你和那些人……做过那种事吗？」",
    "len": 2
  },
  {
    "name": "樹",
    "message": "「喂……怎么可能啊。她们可是我的家人啊」",
    "len": 2
  },
  {
    "name": "柚",
    "message": "「家人……是吗」",
    "len": 1
  },
  {
    "name": "樹",
    "message": "「刚才那只是个比喻而已。别深究了」",
    "len": 2
  },
  {
    "name": "柚",
    "message": "「但还是很可疑」",
    "len": 1
  },
  {
    "name": "樹",
    "message": "「一点都不可疑」",
    "len": 1
  },
  {
    "name": "柚",
    "message": "「……真的？」",
    "len": 1
  },
  {
    "name": "樹",
    "message": "「真的真的。我以琴子的名义发誓，绝对没做过」",
    "len": 2
  },
  {
    "name": "柚",
    "message": "「嗯……」",
    "len": 1
  },
  {
    "message": "唉，别说些奇怪的话啊。",
    "len": 1
  },
  {
    "name": "樹",
    "message": "「话说回来，你没问题吗？」",
    "len": 1
  },
  {
    "name": "柚",
    "message": "「什么没问题？」",
    "len": 1
  },
  {
    "name": "樹",
    "message": "「你不是正在自主练习吗？」",
    "len": 1
  },
  {
    "name": "柚",
    "message": "「啊～对哦」",
    "len": 1
  },
  {
    "name": "樹",
    "message": "「而且你还出了汗，快点换衣服吧，不然会感冒的」",
    "len": 2
  },
  {
    "name": "柚",
    "message": "「啊……嗯」",
    "len": 1
  },
  {
    "name": "樹",
    "message": "「快点回去吧。我也想把这个放进冰箱里」",
    "len": 2
  },
  {
    "name": "柚",
    "message": "「……是啊」",
    "len": 1
  },
  {
    "name": "樹",
    "message": "「那就再见啦，加油练习哦」",
    "len": 2
  },
  {
    "name": "柚",
    "message": "「嗯，谢谢」",
    "len": 1
  },
  {
    "message": "好了，得赶紧回去了。不看着他们的话，说不定会吃些奇怪的东西。",
    "len": 2
  },
  {
    "name": "柚",
    "message": "「…………」",
    "len": 1
  },
  {
    "name": "柚",
    "message": "「树……看起来很开心呢。他说那是……家人……」",
    "len": 2
  },
  {
    "name": "柚",
    "message": "「但是……果然，这样下去不行啊……」",
    "len": 1
  },
  {
    "name": "柚",
    "message": "「嗯，我得想办法才行……」",
    "len": 1
  },
  {
    "name": "樹",
    "message": "「我回来啦～」",
    "len": 1
  },
  {
    "name": "式子",
    "message": "「树君，欢迎回来～」",
    "len": 1
  },
  {
    "name": "ギズモ",
    "message": "「喵，欢迎回来啊」",
    "len": 1
  },
  {
    "name": "結衣",
    "message": "「好了树，快点做饭吧」",
    "len": 1
  },
  {
    "name": "樹",
    "message": "「啊——好好，稍等一下……」",
    "len": 2
  },
  {
    "message": "感觉就像在照顾幼儿园的小朋友一样。",
    "len": 1
  },
  {
    "name": "樹",
    "message": "「…………」",
    "len": 1
  },
  {
    "message": "不过……外表看起来可不一样啊。除了式子桑以外。",
    "len": 2
  },
  {
    "message": "果然还是……啊？",
    "len": 1
  },
  {
    "name": "樹",
    "message": "「喂，又不是初中生了……」",
    "len": 1
  },
  {
    "message": "光盯着胸看有什么用啊。唉……真是蠢死了。",
    "len": 2
  },
  {
    "name": "結衣",
    "message": "「树，胸部想看多少我都给你看，快点做饭」",
    "len": 2
  },
  {
    "name": "樹",
    "message": "「……我才没看呢？」",
    "len": 1
  },
  {
    "name": "式子",
    "message": "「哎呀，树君啊，原来已经到这个年纪了呢～」",
    "len": 2
  },
  {
    "name": "樹",
    "message": "「不是，我真没看啊」",
    "len": 1
  },
  {
    "name": "式子",
    "message": "「哎呀～跟对结衣酱时的反应不一样呢～～」",
    "len": 1
  },
  {
    "name": "樹",
    "message": "「好啦好啦，该做饭了」",
    "len": 1
  },
  {
    "name": "ギズモ",
    "message": "「喵？」",
    "len": 1
  },
  {
    "message": "能这样聊天，大概是因为我已经习惯了现在的状况吧。",
    "len": 2
  },
  {
    "message": "他们虽然会突然消失，但不知不觉间又会回来。",
    "len": 2
  },
  {
    "message": "即使他们不在也不会担心，或许是因为我确信他们一定会回到这里。",
    "len": 2
  },
  {
    "message": "这里有一种他们理所当然会在的安心感。",
    "len": 2
  },
  {
    "message": "虽然也有因为太在意他们的动向会很累，所以决定适当放手不管的原因。",
    "len": 2
  },
  {
    "message": "这就是所谓的家人吧。",
    "len": 1
  },
  {
    "name": "結衣",
    "message": "「……嗯？有股香味啊」",
    "len": 2
  },
  {
    "name": "樹",
    "message": "「那是饭后才有的。乖乖坐着等着吧」",
    "len": 2
  },
  {
    "name": "結衣",
    "message": "「那就快点做啊」",
    "len": 1
  },
  {
    "name": "樹",
    "message": "「……催也不会做得更快的」",
    "len": 1
  },
  {
    "name": "結衣",
    "message": "「哎呀哎呀，没办法啊」",
    "len": 1
  },
  {
    "name": "ギズモ",
    "message": "「喵～」",
    "len": 1
  },
  {
    "name": "式子",
    "message": "「慢慢等吧～」",
    "len": 1
  },
  {
    "name": "樹",
    "message": "「哎呀哎呀……」",
    "len": 1
  },
  {
    "message": "大家都很自我，或者说随心所欲。",
    "len": 1
  },
  {
    "message": "就像猫一样，走自己想走的路。",
    "len": 1
  },
  {
    "message": "尽管如此……他们还是会好好地回来。",
    "len": 1
  },
  {
    "message": "这种感觉，真好啊……",
    "len": 1
  },
  {
    "message": "一边漫不经心地看着电视，一边度过饭后悠闲的时光。",
    "len": 2
  },
  {
    "message": "姬子猫蜷缩成一团睡着了，结衣姐姐则一脸认真地看着电视。",
    "len": 2
  },
  {
    "message": "……虽然我希望她也能对其他事情认真一点。",
    "len": 1
  },
  {
    "message": "能度过这样的时光，真有种我们不是外人的感觉啊……",
    "len": 2
  },
  {
    "name": "樹",
    "message": "「客人吗……？」",
    "len": 1
  },
  {
    "message": "这个时间来访可真少见。",
    "len": 1
  },
  {
    "message": "话说回来，竟然没人有反应啊……",
    "len": 1
  },
  {
    "message": "琴子和式子桑都待在自己房间里，姬子猫正舒服地睡着觉。",
    "len": 2
  },
  {
    "message": "结衣姐姐虽然在看电视，但平时也是毫无反应。",
    "len": 2
  },
  {
    "name": "樹",
    "message": "「来啦来啦」",
    "len": 1
  },
  {
    "message": "真是的，真是个急性子的客人啊。",
    "len": 1
  },
  {
    "name": "樹",
    "message": "「请问您是——」",
    "len": 1
  },
  {
    "name": "柚",
    "message": "「是我啦——。打扰啦」",
    "len": 2
  },
  {
    "name": "樹",
    "message": "「啊？等等……」",
    "len": 1
  },
  {
    "name": "柚",
    "message": "「嘿咻……啊，这个拜托你了」",
    "len": 1
  },
  {
    "message": "她不由分说（虽然勉强算打过招呼）就闯了进来，径直朝客厅走去。",
    "len": 2
  },
  {
    "message": "留下的只有柚带来的大包裹。看起来能轻松装下一个人那么大。",
    "len": 2
  },
  {
    "name": "樹",
    "message": "「拜托是……难道要我搬吗？」",
    "len": 1
  },
  {
    "message": "放下的时候，发出了『咚』的一声……",
    "len": 2
  },
  {
    "message": "我好不容易才没有拖着地搬运包裹，而包裹的主人则无所适从地杵在客厅入口。",
    "len": 3
  },
  {
    "name": "樹",
    "message": "「……你站在那里我很为难啊」",
    "len": 1
  },
  {
    "name": "柚",
    "message": "「啊，对不起……」",
    "len": 1
  },
  {
    "message": "她慌忙让到一边，不过……这种反应也是情有可原的吧。",
    "len": 2
  },
  {
    "message": "即便有客人来访，姬子猫还是在睡觉。结衣姐也没从电视上移开视线。",
    "len": 2
  },
  {
    "message": "……虽说这也是常见的景象就是了。",
    "len": 1
  },
  {
    "name": "樹",
    "message": "「话说，柚你这是怎么了？这个时间，还带着这么大的行李」",
    "len": 2
  },
  {
    "name": "柚",
    "message": "「啊……那个，那个，没事的话……不行吗？」",
    "len": 2
  },
  {
    "name": "柚",
    "message": "「以前只要有空我就会来的……」",
    "len": 1
  },
  {
    "name": "樹",
    "message": "「倒也不是不行，但没理由会带这么大的行李来吧？」",
    "len": 2
  },
  {
    "name": "柚",
    "message": "「……嗯，说得也是呢。当然是有原因的啦」",
    "len": 2
  },
  {
    "name": "樹",
    "message": "「所以，到底是为什么——」",
    "len": 1
  },
  {
    "name": "式子",
    "message": "「啊～，是柚酱啊～」",
    "len": 1
  },
  {
    "name": "柚",
    "message": "「呃啊？啊，你好……」",
    "len": 2
  },
  {
    "name": "結衣",
    "message": "「嗯？哦，是个见过的家伙啊」",
    "len": 1
  },
  {
    "name": "ギズモ",
    "message": "「喵～？」",
    "len": 1
  },
  {
    "name": "樹",
    "message": "「结衣姐，你之前没注意到吗……」",
    "len": 1
  },
  {
    "name": "結衣",
    "message": "「啊，我刚才在专心看电视呢」",
    "len": 1
  },
  {
    "name": "樹",
    "message": "「原来是这种程度啊……」",
    "len": 1
  },
  {
    "name": "式子",
    "message": "「诶诶，柚酱怎么了～」",
    "len": 1
  },
  {
    "name": "ギズモ",
    "message": "「喵呜～……」",
    "len": 1
  },
  {
    "name": "柚",
    "message": "「呜呜……被，被包围了……」",
    "len": 1
  },
  {
    "name": "樹",
    "message": "「柚？你怎么了？」",
    "len": 1
  },
  {
    "name": "柚",
    "message": "「可、可是，我来之前就知道会变成这种情况的……」",
    "len": 2
  },
  {
    "name": "柚",
    "message": "「对啊。虽然突然发生所以有点慌乱，但我已经模拟过好几次了」",
    "len": 2
  },
  {
    "name": "柚",
    "message": "「要记住来这里的意义。虎穴……总之，我是知道危险的」",
    "len": 2
  },
  {
    "name": "樹",
    "message": "「柚……终于疯了吗」",
    "len": 1
  },
  {
    "name": "柚",
    "message": "「我才没疯呢，我很正常」",
    "len": 1
  },
  {
    "name": "樹",
    "message": "「可你刚才自言自语说了一大堆啊？」",
    "len": 1
  },
  {
    "name": "柚",
    "message": "「总、总之我没事的。再说了，不是说要整理思路的话，把想法说出来比较好嘛」",
    "len": 3
  },
  {
    "name": "樹",
    "message": "「那倒是没问题……不过，刚才那些自言自语是什么意思？」",
    "len": 2
  },
  {
    "name": "柚",
    "message": "「呃……」",
    "len": 1
  },
  {
    "name": "結衣",
    "message": "「喂树，要是闲着的话，不如给结衣拿点喝的来吧」",
    "len": 1
  },
  {
    "name": "樹",
    "message": "「你突然就转移话题了啊……」",
    "len": 1
  },
  {
    "name": "結衣",
    "message": "「我口渴了没办法嘛」",
    "len": 1
  },
  {
    "name": "式子",
    "message": "「嗯～该怎么办呢～。要是蔬菜汁的话我倒是可以准备～」",
    "len": 2
  },
  {
    "name": "結衣",
    "message": "「不正常的蔬菜就免了」",
    "len": 1
  },
  {
    "name": "ギズモ",
    "message": "「饿死啦～」",
    "len": 1
  },
  {
    "name": "樹",
    "message": "「诶……连姬子猫也？」",
    "len": 1
  },
  {
    "name": "結衣",
    "message": "「树，这可是大问题啊。我都没法专心看电视了」",
    "len": 2
  },
  {
    "name": "樹",
    "message": "「不不，你不是一直看得很专心吗？」",
    "len": 1
  },
  {
    "name": "結衣",
    "message": "「这样下去的话，深夜看电视的时候不就得中途出去买东西了吗！」",
    "len": 2
  },
  {
    "name": "樹",
    "message": "「……深夜动画？」",
    "len": 1
  },
  {
    "name": "結衣",
    "message": "「为什么结衣非得看那种东西啊？」",
    "len": 2
  },
  {
    "name": "樹",
    "message": "「但是，深夜看的话……」",
    "len": 1
  },
  {
    "name": "結衣",
    "message": "「别擅自断定是动画片啊」",
    "len": 1
  },
  {
    "name": "式子",
    "message": "「不是动画片是电影吧～」",
    "len": 1
  },
  {
    "name": "樹",
    "message": "「电影？」",
    "len": 1
  },
  {
    "name": "結衣",
    "message": "「啊，今天租来的。喏，你看，是外国电影哦」",
    "len": 2
  },
  {
    "name": "樹",
    "message": "「啊，真的……那个……《滑垒手》？」",
    "len": 2
  },
  {
    "message": "我勉强把不祥的预感推到一边，翻过包装盒看了看背面。",
    "len": 2
  },
  {
    "name": "テレビの音声",
    "message": "——被关在监狱里的史蒂文。原本只是在度过刑期的他，某天邂逅了棒球。",
    "len": 3
  },
  {
    "name": "テレビの音声",
    "message": "只需要球和球棒的简单运动。休息时间进行的一点小娱乐。",
    "len": 2
  },
  {
    "name": "テレビの音声",
    "message": "然而，他很快就被这项运动深深吸引住了。",
    "len": 1
  },
  {
    "name": "テレビの音声",
    "message": "他浑身是汗，追逐着沾满泥土的棕色球。",
    "len": 1
  },
  {
    "name": "テレビの音声",
    "message": "他被分配的位置是投手，也就是所谓的明星位置。",
    "len": 2
  },
  {
    "name": "テレビの音声",
    "message": "他日复一日地练习，直到吐血。",
    "len": 2
  },
  {
    "name": "テレビの音声",
    "message": "虽然偶尔因为偷懒而被骂，但他依然坚持练习。",
    "len": 2
  },
  {
    "name": "テレビの音声",
    "message": "就这样不断练习，他成为了监狱里无人能敌的王牌投手。",
    "len": 2
  },
  {
    "name": "テレビの音声",
    "message": "有个人一直在关注着他。没错，那个人就是因偷窃而入狱的前大联盟球探。",
    "len": 3
  },
  {
    "name": "テレビの音声",
    "message": "这就是史蒂文和球探——汉森命运般的相遇。",
    "len": 2
  },
  {
    "name": "テレビの音声",
    "message": "汉森给史蒂文留下一张便条：『投球要像刺入一样』。",
    "len": 2
  },
  {
    "name": "テレビの音声",
    "message": "史蒂文看着这张便条，继续练习着某种特殊的球种。",
    "len": 2
  },
  {
    "name": "テレビの音声",
    "message": "监狱里没人能接住他的变化球。不知不觉中，他有了个绰号：滑球侠。",
    "len": 2
  },
  {
    "name": "テレビの音声",
    "message": "于是他们开始朝着大联盟的目标前进。",
    "len": 1
  },
  {
    "name": "テレビの音声",
    "message": "经过艰苦的训练，他终于成功登上了大联盟的舞台。",
    "len": 2
  },
  {
    "name": "テレビの音声",
    "message": "在接下来的十年里，他一直活跃在一线。他遇到了妻子，有了孩子，度过了幸福的时光。",
    "len": 2
  },
  {
    "name": "テレビの音声",
    "message": "和最爱的儿子玩接球时，他回想起那个引导他的相遇。",
    "len": 2
  },
  {
    "name": "テレビの音声",
    "message": "还有他第一次教儿子的变化球。",
    "len": 1
  },
  {
    "name": "テレビの音声",
    "message": "那是让整个大联盟为之震撼的他的制胜球……",
    "len": 1
  },
  {
    "name": "テレビの音声",
    "message": "没错，那是叉指球——",
    "len": 1
  },
  {
    "name": "樹",
    "message": "「啊？不是滑球吗！？」",
    "len": 1
  },
  {
    "name": "柚",
    "message": "「哇！吓、吓我一跳……」",
    "len": 4
  },
  {
    "name": "式子",
    "message": "「呼啊～耳朵嗡嗡响呢～」",
    "len": 1
  },
  {
    "name": "樹",
    "message": "「不不不，吐槽点也太多了吧！！」",
    "len": 1
  },
  {
    "name": "樹",
    "message": "「多到不行了，都不知道该从哪里开始吐槽了！」",
    "len": 2
  },
  {
    "name": "ギズモ",
    "message": "「呼喵……」",
    "len": 1
  },
  {
    "name": "樹",
    "message": "「啊——首先！包装背面的介绍根本不是介绍！简直就是剧透！连结局都知道了吧！」",
    "len": 3
  },
  {
    "name": "樹",
    "message": "「然后是！接触棒球也太晚了！史蒂文到底多大了啊！？」",
    "len": 2
  },
  {
    "name": "樹",
    "message": "「还有别说什么棕色球！这种时候就算脏了也该叫白球啊！」",
    "len": 2
  },
  {
    "name": "樹",
    "message": "「大联盟的前球探！怎么能去偷东西啊！太小气了，太小气了！」",
    "len": 3
  },
  {
    "name": "樹",
    "message": "「什么狠狠地教导之类的也太勉强了！而且为什么是写备忘录！？好好指导他不行吗！」",
    "len": 2
  },
  {
    "name": "樹",
    "message": "「话说回来，滑球侠这称呼，就没有更有品位的叫法吗！？」",
    "len": 2
  },
  {
    "name": "樹",
    "message": "「重要的大联盟描写都没有！虽说正片里有就好，但这样的话真让人提不起期待啊！」",
    "len": 3
  },
  {
    "name": "樹",
    "message": "「最后！至少教教滑球啊喂！！」",
    "len": 1
  },
  {
    "message": "他说完了，彻底说完了……我燃尽了……连渣都不剩。",
    "len": 2
  },
  {
    "name": "結衣",
    "message": "「嗯，辛苦了」",
    "len": 1
  },
  {
    "name": "樹",
    "message": "「呼、呼、呼……」",
    "len": 1
  },
  {
    "name": "式子",
    "message": "「呼～树君，真厉害呢～」",
    "len": 1
  },
  {
    "name": "樹",
    "message": "「呼、呼、呼……」",
    "len": 1
  },
  {
    "name": "式子",
    "message": "「那个……你看，累的时候就该喝这个哦～」",
    "len": 2
  },
  {
    "name": "樹",
    "message": "「唔！？」",
    "len": 1
  },
  {
    "name": "式子",
    "message": "「来～咕噜咕噜地喝吧～」",
    "len": 1
  },
  {
    "name": "樹",
    "message": "「咕、咕……噗哇哈！？」",
    "len": 3
  },
  {
    "name": "ギズモ",
    "message": "「呜喵啊！？」",
    "len": 1
  },
  {
    "name": "柚",
    "message": "「哇，喷泉！？」",
    "len": 1
  },
  {
    "name": "結衣",
    "message": "「哈哈哈，真有意思。树，再来一次」",
    "len": 2
  },
  {
    "name": "樹",
    "message": "「不、不行……」",
    "len": 1
  },
  {
    "name": "柚",
    "message": "「那个……」",
    "len": 1
  },
  {
    "name": "結衣",
    "message": "「还有树，我还借了其他的，要看看吗？」",
    "len": 2
  },
  {
    "name": "樹",
    "message": "「恕我谢绝」",
    "len": 1
  },
  {
    "name": "結衣",
    "message": "「但是这可麻烦了，树这个样子的话，饮料和食物都没法上来了啊」",
    "len": 2
  },
  {
    "message": "我已经无力吐槽了……",
    "len": 1
  },
  {
    "name": "柚",
    "message": "「啊……那样的话，要不我来做点夜宵吧？」",
    "len": 2
  },
  {
    "name": "結衣",
    "message": "「你来做吗？」",
    "len": 1
  },
  {
    "name": "柚",
    "message": "「嗯，嗯……」",
    "len": 1
  },
  {
    "name": "結衣",
    "message": "「嗯～～～」",
    "len": 1
  },
  {
    "name": "樹",
    "message": "「喂，喂，结衣姐姐……别、别那样盯着人家看嘛……」",
    "len": 2
  },
  {
    "name": "結衣",
    "message": "「真失礼，我才没有盯着看呢」",
    "len": 1
  },
  {
    "name": "結衣",
    "message": "「结衣只是在仔细观察这家伙是否真的会做饭而已」",
    "len": 2
  },
  {
    "name": "樹",
    "message": "「看起来完全不像是那么回事啊……」",
    "len": 1
  },
  {
    "message": "呼，总算恢复到能正常对话的程度了。",
    "len": 2
  },
  {
    "message": "那果汁里到底加了什么啊，味道简直离谱。",
    "len": 1
  },
  {
    "name": "式子",
    "message": "「嘿嘿～小树君恢复精神了真是太好了呢～」",
    "len": 2
  },
  {
    "name": "樹",
    "message": "「是啊……」",
    "len": 1
  },
  {
    "message": "还是别问那果汁里到底加了什么了。",
    "len": 1
  },
  {
    "name": "ギズモ",
    "message": "「喵，肚子咕咕叫」",
    "len": 1
  },
  {
    "name": "結衣",
    "message": "「对啊，说到吃的」",
    "len": 1
  },
  {
    "name": "樹",
    "message": "「我想休息一会儿……」",
    "len": 1
  },
  {
    "name": "結衣",
    "message": "「那么，就让这家伙来做饭？」",
    "len": 1
  },
  {
    "name": "式子",
    "message": "「小柚会做饭的吧～」",
    "len": 1
  },
  {
    "name": "柚",
    "message": "「是啊，至少比小树强」",
    "len": 1
  },
  {
    "name": "結衣",
    "message": "「嗯？是这样吗？」",
    "len": 1
  },
  {
    "name": "樹",
    "message": "「是啊。教我做菜的就是柚」",
    "len": 1
  },
  {
    "name": "樹",
    "message": "「而且你看，之前还给我们带来了重箱便当……」",
    "len": 2
  },
  {
    "name": "樹",
    "message": "「难道结衣姐你不记得了吗？」",
    "len": 1
  },
  {
    "name": "結衣",
    "message": "「我记得吃过那个便当。嗯，是这样没错，大概就是那种感觉吧」",
    "len": 2
  },
  {
    "name": "柚",
    "message": "「这、这种……」",
    "len": 1
  },
  {
    "name": "樹",
    "message": "「……你最好别在意。结衣姐对不感兴趣的事情根本不记得」",
    "len": 2
  },
  {
    "name": "柚",
    "message": "「喂，这可算不上是在帮我圆场啊」",
    "len": 1
  },
  {
    "name": "樹",
    "message": "「嗯？是这样吗？」",
    "len": 1
  },
  {
    "name": "柚",
    "message": "「……算了。那么，我来麻利地——」",
    "len": 2
  },
  {
    "name": "琴子",
    "message": "「哎呀，这里真热闹呢」",
    "len": 1
  },
  {
    "name": "柚",
    "message": "「啊……」",
    "len": 1
  },
  {
    "name": "樹",
    "message": "「抱歉，是不是打扰到你看书了？」",
    "len": 1
  },
  {
    "name": "琴子",
    "message": "「不，没有的事。我只是在稍作休息。还有……」",
    "len": 2
  },
  {
    "name": "琴子",
    "message": "「晚上好，柚桑」",
    "len": 1
  },
  {
    "name": "柚",
    "message": "「嗯，嗯。晚上好……」",
    "len": 1
  },
  {
    "name": "琴子",
    "message": "「看起来……你不是来玩的呢。毕竟带着那么大的行李」",
    "len": 2
  },
  {
    "name": "柚",
    "message": "「确实是这样，不过……」",
    "len": 1
  },
  {
    "name": "琴子",
    "message": "「还有，柚桑」",
    "len": 1
  },
  {
    "name": "柚",
    "message": "「诶？啊，嗯……」",
    "len": 1
  },
  {
    "name": "琴子",
    "message": "「你的行李，正被人翻着呢」",
    "len": 1
  },
  {
    "name": "柚",
    "message": "「被翻……？」",
    "len": 1
  },
  {
    "name": "ギズモ",
    "message": "「喵？」",
    "len": 1
  },
  {
    "name": "結衣",
    "message": "「啊，全是衣服嘛。没什么有趣的东西」",
    "len": 2
  },
  {
    "name": "式子",
    "message": "「别、别擅自打开啊～」",
    "len": 1
  },
  {
    "name": "柚",
    "message": "「喂，你们在干什么啊！？」",
    "len": 1
  },
  {
    "name": "樹",
    "message": "「喂喂……」",
    "len": 1
  },
  {
    "message": "那一瞥看到的小面积布料就当没看见吧。",
    "len": 2
  },
  {
    "name": "琴子",
    "message": "「行李真多呢。不只是能去旅行……感觉都能直接住下了」",
    "len": 2
  },
  {
    "name": "柚",
    "message": "「那个是……」",
    "len": 1
  },
  {
    "name": "結衣",
    "message": "「嗯？你不是来做饭的吗？」",
    "len": 1
  },
  {
    "name": "ギズモ",
    "message": "「不是来做饭的吗？」",
    "len": 1
  },
  {
    "name": "柚",
    "message": "「做饭也是，但……还有其他原因」",
    "len": 1
  },
  {
    "name": "式子",
    "message": "「其他原因是指打扫之类的～？」",
    "len": 1
  },
  {
    "name": "柚",
    "message": "「差不多吧。只让树一个人打理我还是有点担心……」",
    "len": 2
  },
  {
    "name": "樹",
    "message": "「抱歉啊……」",
    "len": 1
  },
  {
    "name": "柚",
    "message": "「啊哈哈，不是说树你有错啦」",
    "len": 1
  },
  {
    "name": "琴子",
    "message": "「不过，特意从隔壁过来做家务也挺麻烦的吧」",
    "len": 1
  },
  {
    "name": "樹",
    "message": "「是啊，很辛苦吧？」",
    "len": 1
  },
  {
    "name": "柚",
    "message": "「所以呢，那个……为了减少麻烦，我在想要不要也住在这里……」",
    "len": 2
  },
  {
    "name": "樹",
    "message": "「住在这里，你是说这儿？」",
    "len": 1
  },
  {
    "name": "柚",
    "message": "「嗯，就在这里」",
    "len": 1
  },
  {
    "name": "樹",
    "message": "「不行…那样不行吧」",
    "len": 1
  },
  {
    "name": "柚",
    "message": "「为什么？做饭洗衣，我什么都比树做得好」",
    "len": 2
  },
  {
    "name": "柚",
    "message": "「睡觉的地方，在这里也没问题」",
    "len": 1
  },
  {
    "name": "式子",
    "message": "「这里，是指客厅吗？」",
    "len": 1
  },
  {
    "name": "柚",
    "message": "「我已经把被子也带来了」",
    "len": 1
  },
  {
    "name": "樹",
    "message": "「可是，蜜柑桑…」",
    "len": 1
  },
  {
    "name": "柚",
    "message": "「我已经得到许可了哦」",
    "len": 1
  },
  {
    "name": "柚",
    "message": "「而且你看，以前不也住过嘛。树的负担也会减轻不是吗」",
    "len": 2
  },
  {
    "name": "樹",
    "message": "「这倒是没错，但是…」",
    "len": 1
  },
  {
    "name": "柚",
    "message": "「那么——」",
    "len": 1
  },
  {
    "name": "樹",
    "message": "「至少，得听听大家的意见才行……」",
    "len": 1
  },
  {
    "name": "琴子",
    "message": "「我倒是无所谓」",
    "len": 1
  },
  {
    "name": "樹",
    "message": "「那就算是赞成了。结衣姐你呢？」",
    "len": 2
  },
  {
    "name": "結衣",
    "message": "「只要有饭吃就行」",
    "len": 1
  },
  {
    "name": "柚",
    "message": "「这一点您尽管放心」",
    "len": 1
  },
  {
    "name": "結衣",
    "message": "「那我就无所谓了」",
    "len": 1
  },
  {
    "name": "樹",
    "message": "「结衣姐也……算是赞成吧」",
    "len": 1
  },
  {
    "name": "式子",
    "message": "「妈妈也非常欢迎柚酱哦～」",
    "len": 1
  },
  {
    "name": "柚",
    "message": "「啊，啊哈哈，谢谢您」",
    "len": 2
  },
  {
    "name": "ギズモ",
    "message": "「喵……」",
    "len": 1
  },
  {
    "name": "樹",
    "message": "「嗯？姬子猫是反对吗？」",
    "len": 1
  },
  {
    "name": "柚",
    "message": "「都已经多数决定了啊」",
    "len": 1
  },
  {
    "name": "樹",
    "message": "「要一起住的话，哪怕只有一个人反对也不行吧」",
    "len": 1
  },
  {
    "name": "琴子",
    "message": "「确实如此，为了不留下日后的遗憾，最好是全票通过」",
    "len": 2
  },
  {
    "name": "結衣",
    "message": "「那些先不管了，快点做点吃的吧」",
    "len": 1
  },
  {
    "name": "式子",
    "message": "「茶的话马上就好哦～」",
    "len": 1
  },
  {
    "name": "結衣",
    "message": "「唔……」",
    "len": 1
  },
  {
    "name": "樹",
    "message": "「结衣姐，再稍微等一下。如果你能忍耐的话，待会儿我会做很多好吃的」",
    "len": 2
  },
  {
    "name": "琴子",
    "message": "「那么，继续刚才的讨论」",
    "len": 1
  },
  {
    "name": "樹",
    "message": "「姬子猫是害怕柚吧」",
    "len": 1
  },
  {
    "name": "柚",
    "message": "「为什么我会让它害怕啊」",
    "len": 1
  },
  {
    "name": "ギズモ",
    "message": "「喵呜～ 喵喵喵～」",
    "len": 2
  },
  {
    "name": "樹",
    "message": "「看，你把它吓到了吧」",
    "len": 1
  },
  {
    "name": "柚",
    "message": "「明明是你自己在瞎猜好不好！」",
    "len": 1
  },
  {
    "name": "樹",
    "message": "「姬子猫害怕你是事实吧。而且柚，你不是一直在欺负姬子猫吗」",
    "len": 2
  },
  {
    "name": "柚",
    "message": "「我才没有欺负它呢」",
    "len": 1
  },
  {
    "name": "樹",
    "message": "「……不管柚你怎么想，如果你要和姬子猫吵架的话，我也反对你住进来」",
    "len": 2
  },
  {
    "name": "柚",
    "message": "「啊，为什么……」",
    "len": 1
  },
  {
    "name": "樹",
    "message": "「二选一。要么你保证不欺负姬子猫，要么现在就回家去」",
    "len": 3
  },
  {
    "name": "柚",
    "message": "「呃……」",
    "len": 1
  },
  {
    "name": "樹",
    "message": "「你打算怎么办？」",
    "len": 1
  },
  {
    "name": "柚",
    "message": "（要和这种来历不明的生物搞好关系什么的……）",
    "len": 1
  },
  {
    "name": "柚",
    "message": "（但如果不这样做的话，就没法住在这里了……）",
    "len": 1
  },
  {
    "name": "柚",
    "message": "（……对啊，我不是已经决定要忍耐一切了吗）",
    "len": 1
  },
  {
    "name": "柚",
    "message": "（这种程度，根本不算什么）",
    "len": 1
  },
  {
    "name": "樹",
    "message": "「……柚？」",
    "len": 1
  },
  {
    "name": "柚",
    "message": "「我、我知道了……不会吵架的」",
    "len": 1
  },
  {
    "name": "樹",
    "message": "「真的吗？」",
    "len": 1
  },
  {
    "name": "柚",
    "message": "「……嗯，我保证」",
    "len": 1
  },
  {
    "name": "樹",
    "message": "「那么首先，向姬子猫道歉并和解吧，为了之前发生的事」",
    "len": 2
  },
  {
    "name": "柚",
    "message": "「啊？」",
    "len": 1
  },
  {
    "name": "樹",
    "message": "「你不是多次欺负姬子猫吗？最好为此道个歉」",
    "len": 2
  },
  {
    "name": "柚",
    "message": "「呃……对、对不起……」",
    "len": 1
  },
  {
    "name": "樹",
    "message": "「请让我们和解」",
    "len": 1
  },
  {
    "name": "柚",
    "message": "「请、请让我们……和、和解……」",
    "len": 2
  },
  {
    "name": "琴子",
    "message": "「……」",
    "len": 1
  },
  {
    "name": "ギズモ",
    "message": "「喵？」",
    "len": 1
  },
  {
    "name": "樹",
    "message": "「就是这样，柚已经道歉了……姬子猫，可以一起生活吗？」",
    "len": 2
  },
  {
    "name": "ギズモ",
    "message": "「喵？树树，一起住高兴吗？」",
    "len": 1
  },
  {
    "name": "ギズモ",
    "message": "「树树，开心。姬子猫，开心」",
    "len": 1
  },
  {
    "name": "樹",
    "message": "「原来是看我的意思啊……」",
    "len": 1
  },
  {
    "name": "柚",
    "message": "「那不是已经定下来了嘛。毕竟一开始就给了许可」",
    "len": 2
  },
  {
    "name": "琴子",
    "message": "「那么，剩下的就是爸爸了……」",
    "len": 1
  },
  {
    "name": "樹",
    "message": "「问那家伙也没用。再说，他又不在家」",
    "len": 2
  },
  {
    "name": "琴子",
    "message": "「……说得对」",
    "len": 1
  },
  {
    "name": "柚",
    "message": "「那就这么定了」",
    "len": 1
  },
  {
    "name": "結衣",
    "message": "「既然决定了就赶紧做饭吧。我已经厌倦那些搞不清楚的蔬菜了」",
    "len": 2
  },
  {
    "name": "式子",
    "message": "「明明都有好好地取名字啊～」",
    "len": 1
  },
  {
    "name": "樹",
    "message": "「唉……」",
    "len": 1
  },
  {
    "message": "姬子猫和柚能和好是件好事，但是……",
    "len": 1
  },
  {
    "message": "没想到柚居然会住下来……虽然我不知道蜜柑桑是否真的同意了。",
    "len": 2
  },
  {
    "message": "明天会是个令人期待的早晨吗……",
    "len": 1
  }
]