[
  {
    "message": "早晨——又是新的一天开始了。",
    "len": 1
  },
  {
    "message": "房间里寂静无声，没有人回应我的问候。",
    "len": 2
  },
  {
    "message": "当然，电脑显示器上也什么都没有显示。",
    "len": 1
  },
  {
    "message": "这就是平常的我的世界。",
    "len": 1
  },
  {
    "message": "应有的日常。我们生存的世界就是这样。",
    "len": 2
  },
  {
    "name": "樹",
    "message": "「……好」",
    "len": 1
  },
  {
    "message": "我振作精神，离开了房间。",
    "len": 1
  },
  {
    "message": "走廊里静悄悄的。没有人的气息。",
    "len": 1
  },
  {
    "message": "房间里既没有人闹腾的声音，也没有搬动物品的声音。",
    "len": 2
  },
  {
    "message": "这里只有我一个人。",
    "len": 1
  },
  {
    "name": "樹",
    "message": "「…………」",
    "len": 1
  },
  {
    "message": "正准备下楼梯时，我的脚步停住了。",
    "len": 1
  },
  {
    "message": "在一片寂静、无人居住的房间前。",
    "len": 1
  },
  {
    "name": "樹",
    "message": "「……我进来了」",
    "len": 1
  },
  {
    "message": "确认没有回应后，我缓缓打开了门。",
    "len": 2
  },
  {
    "name": "樹",
    "message": "「果然……不在啊」",
    "len": 1
  },
  {
    "message": "不只是这里。结衣姐的房间，姬子猫的房间也是。大家，都不在吧。",
    "len": 3
  },
  {
    "name": "樹",
    "message": "「是被丢下了吗……」",
    "len": 1
  },
  {
    "message": "不在这里的大家。我的家人。",
    "len": 2
  },
  {
    "message": "但是，并不是他们离开了。实际上――",
    "len": 2
  },
  {
    "name": "柚",
    "message": "「喂，树树」",
    "len": 1
  },
  {
    "name": "樹",
    "message": "「…………」",
    "len": 1
  },
  {
    "message": "不……还是别想了。毕竟有人在等着我呢。",
    "len": 2
  },
  {
    "name": "樹",
    "message": "「……那就再见了。我该走了」",
    "len": 1
  },
  {
    "message": "我再次将视线投向房间，缓缓关上了门。",
    "len": 2
  },
  {
    "name": "柚",
    "message": "「哈……虽然有点冷，但是天晴了真好呢」",
    "len": 1
  },
  {
    "name": "樹",
    "message": "「是啊……不过晚上好像要下雪」",
    "len": 1
  },
  {
    "name": "柚",
    "message": "「下雪啊……那也不错呢」",
    "len": 1
  },
  {
    "name": "樹",
    "message": "「喂喂，你到底喜欢哪个啊……」",
    "len": 1
  },
  {
    "name": "柚",
    "message": "「这还用说，当然两个都喜欢啊？晴天也好，下雨也罢，阴天和下雪，每种天气都有它的好处啊」",
    "len": 3
  },
  {
    "name": "樹",
    "message": "「原来是这样啊……」",
    "len": 1
  },
  {
    "name": "柚",
    "message": "「就是这样。好坏都取决于心情嘛」",
    "len": 2
  },
  {
    "name": "柚",
    "message": "「喂，快点走吧」",
    "len": 1
  },
  {
    "name": "樹",
    "message": "「……嗯，是啊」",
    "len": 1
  },
  {
    "message": "我慢慢地和柚一起迈开了脚步。",
    "len": 1
  },
  {
    "message": "没有明确的计划。只是悠闲地四处看看这个小镇。",
    "len": 2
  },
  {
    "message": "我们居住的这个小镇。环绕在我身边的这个世界。",
    "len": 2
  },
  {
    "message": "明明应该就在身边，但这几年我却一直没去看它。",
    "len": 2
  },
  {
    "message": "不仅是某个地方，还有那蔚蓝清澈的天空，成排的树木。",
    "len": 2
  },
  {
    "message": "那些随处可见的风景，我一直把它们当作稀松平常的景色忽视了。",
    "len": 2
  },
  {
    "message": "明明只要稍微留意一下就好了。",
    "len": 1
  },
  {
    "message": "三年间改变的风景。我们一一仔细地观察着，像是在确认什么。",
    "len": 2
  },
  {
    "message": "要说的话，这就像是在做康复训练吧。",
    "len": 1
  },
  {
    "name": "柚",
    "message": "「喂树，下一个是那边哦」",
    "len": 1
  },
  {
    "name": "樹",
    "message": "「好好」",
    "len": 1
  },
  {
    "message": "像这样被柚牵着手走路，从某种角度来看，也像是在练习走路。",
    "len": 2
  },
  {
    "message": "大概是在练习如何在这个世界上行走吧。",
    "len": 1
  },
  {
    "name": "柚",
    "message": "「树，你总是在那边的长椅上发呆呢」",
    "len": 2
  },
  {
    "name": "樹",
    "message": "「别把我说得像个被裁员的上班族」",
    "len": 1
  },
  {
    "name": "柚",
    "message": "「是吗？在我看来就是这样啊？」",
    "len": 1
  },
  {
    "name": "樹",
    "message": "「每次都来看这个的柚，某种意义上也是个闲人啊」",
    "len": 2
  },
  {
    "name": "柚",
    "message": "「什么啊，我可是在担心树呢」",
    "len": 2
  },
  {
    "name": "樹",
    "message": "「嗯，也可以这么看吧」",
    "len": 1
  },
  {
    "message": "我们牵着手走路，一起回顾着过去。",
    "len": 2
  },
  {
    "message": "不知道在其他人眼里，我们看起来是什么样子。",
    "len": 1
  },
  {
    "message": "恋人？朋友？家人？",
    "len": 3
  },
  {
    "message": "或者是，其他什么关系？",
    "len": 1
  },
  {
    "message": "仅仅是看法的不同，认知的差异，就能改变我们之间的关系。",
    "len": 2
  },
  {
    "message": "世界会随着每个人想看到的样子而改变。",
    "len": 1
  },
  {
    "message": "如何看待这种状况，如何理解当前的情况。",
    "len": 2
  },
  {
    "message": "一切都取决于那家伙吧。",
    "len": 1
  },
  {
    "message": "对其他人来说，可能什么都没有改变。",
    "len": 2
  },
  {
    "message": "只是我的家人不在了而已。",
    "len": 1
  },
  {
    "name": "柚",
    "message": "「树，要不要在哪里休息一下？」",
    "len": 1
  },
  {
    "name": "樹",
    "message": "「喂，我们才走了一小会儿吧？我还没那么虚弱呢」",
    "len": 2
  },
  {
    "name": "柚",
    "message": "「是吗？以前你连三分钟都走不了吧？」",
    "len": 2
  },
  {
    "name": "樹",
    "message": "「我有那么弱不禁风吗……各种意义上都很糟糕啊」",
    "len": 2
  },
  {
    "name": "柚",
    "message": "「我是说那种印象啦。不过，现在已经大不相同了呢」",
    "len": 2
  },
  {
    "name": "樹",
    "message": "「……那么，说明康复训练很顺利啊」",
    "len": 1
  },
  {
    "name": "柚",
    "message": "「嗯……是啊」",
    "len": 1
  },
  {
    "message": "因为围绕在我身边的人们，创造了我的世界。",
    "len": 1
  },
  {
    "message": "他们不在了，世界看起来就变了。",
    "len": 1
  },
  {
    "message": "我能做的，至少是决定如何对待我的世界。就是如何看待此时此刻。",
    "len": 2
  },
  {
    "name": "柚",
    "message": "「那么，我们就不客气地到处看看吧」",
    "len": 1
  },
  {
    "name": "樹",
    "message": "「……嗯」",
    "len": 1
  },
  {
    "message": "大家都不在了。结衣姐姐、式子桑、姬子猫，还有那个电卓脑袋的混蛋。",
    "len": 2
  },
  {
    "message": "还有……琴子。",
    "len": 1
  },
  {
    "message": "这或许是悲伤的。现在还没有真实感，甚至不知道是不是现实。",
    "len": 2
  },
  {
    "message": "即便如此，现在柚在我身边。这……是幸福的事。",
    "len": 2
  },
  {
    "name": "樹",
    "message": "「哈…哈…哈……」",
    "len": 1
  },
  {
    "name": "柚",
    "message": "「我还以为你变了呢……果然树还是那么没体力啊」",
    "len": 2
  },
  {
    "name": "樹",
    "message": "「这个，应该不是体力……的问题吧」",
    "len": 1
  },
  {
    "name": "樹",
    "message": "「为什么，这里坡这么多啊……」",
    "len": 1
  },
  {
    "name": "柚",
    "message": "「没办法啊。我们不是要去上面的高台嘛」",
    "len": 1
  },
  {
    "name": "柚",
    "message": "「不是你说的吗？今天要到处看看」",
    "len": 2
  },
  {
    "name": "樹",
    "message": "「是说了，但我可没想过要去那种地方啊……」",
    "len": 1
  },
  {
    "name": "柚",
    "message": "「嗯，也是呢。树应该没去过吧」",
    "len": 2
  },
  {
    "name": "柚",
    "message": "「但是啊，正因为这样才值得去看看。那里对你来说是未知的地方，不是吗？」",
    "len": 2
  },
  {
    "name": "樹",
    "message": "「说的……也是」",
    "len": 1
  },
  {
    "message": "也就是说，那是我从未涉足的世界。只有柚才知道的世界。",
    "len": 2
  },
  {
    "name": "柚",
    "message": "「加油，努力啊」",
    "len": 1
  },
  {
    "name": "樹",
    "message": "「……嗯」",
    "len": 1
  },
  {
    "message": "我用力迈步，再次开始爬坡。为了连接柚的世界和我的世界。",
    "len": 2
  },
  {
    "message": "——即便如此，该累的还是会累。",
    "len": 1
  },
  {
    "name": "柚",
    "message": "「喂～，到了哦」",
    "len": 1
  },
  {
    "message": "头顶上传来明朗的声音，但我连好好看她一眼的余力都没有。",
    "len": 2
  },
  {
    "name": "柚",
    "message": "「喂，快点过来啊」",
    "len": 1
  },
  {
    "name": "樹",
    "message": "「知道了，再等我一下……」",
    "len": 1
  },
  {
    "message": "我调整呼吸，好不容易能够回应了，这才抬起头。",
    "len": 3
  },
  {
    "name": "樹",
    "message": "「啊……」",
    "len": 1
  },
  {
    "message": "眼前，一个全新的世界展现开来。",
    "len": 1
  },
  {
    "message": "一切都闪耀得令人目眩。",
    "len": 1
  },
  {
    "message": "金光闪闪的街景。在黄昏中如同燃烧一般，深深地烙印在我的眼中。",
    "len": 3
  },
  {
    "message": "我说不出话来。无法用言语形容。",
    "len": 2
  },
  {
    "message": "面对这无声的冲击，这直击本源的强大力量。我只能完全被震撼住了。",
    "len": 2
  },
  {
    "name": "柚",
    "message": "「怎么样，很厉害吧？」",
    "len": 1
  },
  {
    "name": "樹",
    "message": "「啊啊……」",
    "len": 1
  },
  {
    "message": "我像个傻瓜一样张大嘴巴，只能呆呆地被眼前的景象吸引。",
    "len": 2
  },
  {
    "name": "柚",
    "message": "「这里是我的秘密基地。一直以来，我都想和树树一起来这里」",
    "len": 2
  },
  {
    "name": "樹",
    "message": "「没想到还有这种地方啊……」",
    "len": 1
  },
  {
    "name": "柚",
    "message": "「嗯，这大概是只有我知道的地方哦」",
    "len": 1
  },
  {
    "name": "樹",
    "message": "「确实啊……看起来好像没人打理过」",
    "len": 1
  },
  {
    "message": "正因如此，才让人心生触动。",
    "len": 1
  },
  {
    "message": "原始的自然，世界最本真的模样。",
    "len": 2
  },
  {
    "name": "樹",
    "message": "「你是怎么发现这里的啊……」",
    "len": 1
  },
  {
    "name": "柚",
    "message": "「我也是偶然发现的啦。因为发生了很多事情……」",
    "len": 2
  },
  {
    "name": "柚",
    "message": "「从这里可以看到整个小镇吧？所以我觉得在这里慢慢思考很不错」",
    "len": 2
  },
  {
    "name": "樹",
    "message": "「原来如此……这就是柚的内心世界啊」",
    "len": 1
  },
  {
    "message": "就像我的那个公园一样……不是孤单一人，而是能独处的地方。",
    "len": 2
  },
  {
    "message": "一个能让心灵平静下来的地方。",
    "len": 1
  },
  {
    "name": "樹",
    "message": "「原来小镇……是这样的景色啊」",
    "len": 1
  },
  {
    "name": "柚",
    "message": "「你从来没有好好看过吧？」",
    "len": 1
  },
  {
    "name": "樹",
    "message": "「是啊……」",
    "len": 1
  },
  {
    "message": "重新审视自己所处的地方，会有与平常生活时不同的感受。",
    "len": 2
  },
  {
    "message": "这个世界是多么美好的地方……我似乎稍微有点明白了。",
    "len": 2
  },
  {
    "name": "樹",
    "message": "「果然，柚你观察得更仔细啊……」",
    "len": 1
  },
  {
    "name": "柚",
    "message": "「如果我和树树的立场互换，我想肯定是树树先发现这里的」",
    "len": 2
  },
  {
    "name": "柚",
    "message": "「我只是因为和妈妈吵架就跑出来了」",
    "len": 1
  },
  {
    "name": "樹",
    "message": "「是啊……感觉柚你总是在和蜜柑桑吵架」",
    "len": 2
  },
  {
    "name": "柚",
    "message": "「我也有很多烦恼的。……虽然没有树树那么多啦」",
    "len": 2
  },
  {
    "name": "柚",
    "message": "「妈妈和爸爸都不在家，所以我也能……稍微理解树树的心情」",
    "len": 2
  },
  {
    "name": "柚",
    "message": "「在家里感到寂寞，所以才会跑到外面来吧」",
    "len": 1
  },
  {
    "name": "樹",
    "message": "「是啊……确实有过这种事」",
    "len": 1
  },
  {
    "name": "柚",
    "message": "「嗯，最近我也经常和树树在一起呢」",
    "len": 1
  },
  {
    "name": "柚",
    "message": "「但是……即使分开，即使吵架，我们终究还是家人啊」",
    "len": 2
  },
  {
    "name": "柚",
    "message": "「虽然那个家里现在没有人，但我们依然是家人吧」",
    "len": 2
  },
  {
    "name": "樹",
    "message": "「嗯，我明白……」",
    "len": 1
  },
  {
    "message": "现在的我，终于能够深刻地理解了。",
    "len": 1
  },
  {
    "name": "柚",
    "message": "「树树你们也曾是一家人吧」",
    "len": 1
  },
  {
    "name": "樹",
    "message": "「是啊……有时会改变，有时又会回到从前……」",
    "len": 2
  },
  {
    "name": "樹",
    "message": "「虽然发生了很多难以置信的事，但我可以肯定地说，我们确实是家人」",
    "len": 2
  },
  {
    "name": "柚",
    "message": "「可是，大家都不在了……好寂寞啊」",
    "len": 1
  },
  {
    "name": "樹",
    "message": "「……嗯，是啊」",
    "len": 1
  },
  {
    "name": "樹",
    "message": "「我……是感到寂寞了啊」",
    "len": 1
  },
  {
    "message": "家变大了，世界却似乎变小了，无比……乏味的时光在蔓延。",
    "len": 2
  },
  {
    "name": "樹",
    "message": "「大家都莫名其妙的，不正常，任性得很，有时候真让人烦躁……」",
    "len": 2
  },
  {
    "name": "樹",
    "message": "「即便如此，当他们不在的时候……还是会感到寂寞啊」",
    "len": 1
  },
  {
    "name": "柚",
    "message": "「嗯，是啊……。所以，这就是家人啊」",
    "len": 2
  },
  {
    "name": "柚",
    "message": "「这样的家人，树树你们的家人……是我的理想」",
    "len": 2
  },
  {
    "name": "柚",
    "message": "「和树树的家人在一起的时候，我每天都很开心。很高兴」",
    "len": 1
  },
  {
    "name": "柚",
    "message": "「我也想成为树树的家人。想加入大家的圈子」",
    "len": 2
  },
  {
    "name": "樹",
    "message": "「现在……你已经加入了吧？」",
    "len": 1
  },
  {
    "name": "柚",
    "message": "「……嗯，终于加入了。虽然直到前不久，我还完全没有意识到」",
    "len": 2
  },
  {
    "name": "柚",
    "message": "「我啊，一直以来只是从对自己有利的角度看待树树他们」",
    "len": 2
  },
  {
    "name": "柚",
    "message": "「所以，在琴子不在之后，我不知道该如何与变得阴郁的大家相处」",
    "len": 2
  },
  {
    "name": "樹",
    "message": "「那也是没办法的事吧……」",
    "len": 1
  },
  {
    "name": "柚",
    "message": "「……也许是吧。但即便如此，我也不该逃避」",
    "len": 2
  },
  {
    "name": "柚",
    "message": "「如果想成为家人的话，光是看着是不行的」",
    "len": 1
  },
  {
    "name": "柚",
    "message": "「要是能早点意识到就好了」",
    "len": 1
  },
  {
    "name": "樹",
    "message": "「那也是……没办法的事。那时候，我讨厌整个世界」",
    "len": 2
  },
  {
    "name": "樹",
    "message": "「来看我的柚，我也觉得很烦人」",
    "len": 2
  },
  {
    "name": "樹",
    "message": "「在家里一直没有像样的对话，最多也就是和姬子猫，或者结衣姐姐说说话」",
    "len": 2
  },
  {
    "name": "柚",
    "message": "「虽然是这样，但我们还是家人啊」",
    "len": 1
  },
  {
    "name": "柚",
    "message": "「正因为彼此都在担心对方，所以相处起来才会不顺畅，我们就是这样一个笨拙的家庭」",
    "len": 2
  },
  {
    "name": "樹",
    "message": "「是……这样吗？」",
    "len": 1
  },
  {
    "name": "柚",
    "message": "「嗯，我可以向你保证」",
    "len": 1
  },
  {
    "name": "樹",
    "message": "「这样啊……」",
    "len": 1
  },
  {
    "name": "柚",
    "message": "「树树他们是一家人，我的父母也是一家人……不只是我们，那里有每个人的家」",
    "len": 2
  },
  {
    "name": "柚",
    "message": "「有家人在，每个人都有自己的世界」",
    "len": 1
  },
  {
    "name": "柚",
    "message": "「我终于意识到，家庭可以有很多种形式」",
    "len": 2
  },
  {
    "name": "柚",
    "message": "「亲生父母、兄弟姐妹，这些血缘关系」",
    "len": 1
  },
  {
    "name": "柚",
    "message": "「除了我一直相信的这些……虽然说'除了'可能不太恰当」",
    "len": 2
  },
  {
    "name": "柚",
    "message": "「大家……都和家人在一起呢」",
    "len": 1
  },
  {
    "name": "樹",
    "message": "「嗯，可能是这样吧……」",
    "len": 1
  },
  {
    "message": "而我的家人是——",
    "len": 1
  },
  {
    "name": "柚",
    "message": "「啊……」",
    "len": 1
  },
  {
    "message": "轻轻飘落，沾湿了脸颊。",
    "len": 1
  },
  {
    "name": "樹",
    "message": "「下雪了吗……」",
    "len": 1
  },
  {
    "message": "我擦了擦眼角，凝视着飘落的雪花。",
    "len": 1
  },
  {
    "message": "它们从遥远的天空缓缓洒落。",
    "len": 1
  },
  {
    "name": "柚",
    "message": "「以前咱们一起堆过雪人呢」",
    "len": 1
  },
  {
    "name": "樹",
    "message": "「……我最近也堆过」",
    "len": 1
  },
  {
    "name": "柚",
    "message": "「嗯，这样啊……」",
    "len": 1
  },
  {
    "message": "我轻轻地伸手去碰那洁白的雪花。",
    "len": 1
  },
  {
    "message": "然而它却从指缝间溜走了。",
    "len": 1
  },
  {
    "message": "仿佛有自己的意志一般，在我眼前消失不见。",
    "len": 1
  },
  {
    "message": "以为抓住了，却又在手心里转瞬即逝。",
    "len": 1
  },
  {
    "message": "慢慢地，不知是冰凉还是温暖。",
    "len": 1
  },
  {
    "name": "柚",
    "message": "「抓不住呢……」",
    "len": 1
  },
  {
    "name": "樹",
    "message": "「是啊……」",
    "len": 1
  },
  {
    "name": "樹",
    "message": "「冷漠而又有形，能用言语表达出来……」",
    "len": 2
  },
  {
    "name": "樹",
    "message": "「肉眼可见，明明知道就在那里……」",
    "len": 1
  },
  {
    "name": "柚",
    "message": "「但是……抓不住。除非堆积在一起……」",
    "len": 2
  },
  {
    "name": "樹",
    "message": "「喂……你知道吗？雪花的结晶，每一片都是不同的形状哦」",
    "len": 2
  },
  {
    "name": "柚",
    "message": "「嗯……我也听说过」",
    "len": 1
  },
  {
    "name": "柚",
    "message": "「每一片都不一样，形状各不相同」",
    "len": 1
  },
  {
    "name": "柚",
    "message": "「有的很漂亮，有的有点歪，不仔细看的话根本分辨不出来」",
    "len": 2
  },
  {
    "name": "樹",
    "message": "「而且……冰的结晶也是。对它说话的话，形成的形状也会改变」",
    "len": 2
  },
  {
    "name": "樹",
    "message": "「不过要一直盯着看，才能发现这些变化」",
    "len": 1
  },
  {
    "name": "柚",
    "message": "「原来如此……感觉，有点像呢」",
    "len": 2
  },
  {
    "name": "柚",
    "message": "「这雪啊，太暖和的话就会融化，渗透进去，一个人的话……不知不觉就会消失」",
    "len": 2
  },
  {
    "name": "柚",
    "message": "「如果堆积起来就会变大，大家聚在一起的话……」",
    "len": 2
  },
  {
    "name": "樹",
    "message": "「就像我们一样，对吧」",
    "len": 1
  },
  {
    "name": "柚",
    "message": "「嗯……」",
    "len": 1
  },
  {
    "name": "柚",
    "message": "「边界还很模糊，我现在还看不太清楚……」",
    "len": 2
  },
  {
    "name": "柚",
    "message": "「即便如此，我还是想有朝一日能看清。以后也想一直看下去」",
    "len": 2
  },
  {
    "name": "柚",
    "message": "「收集许多小碎片，在每一片上创造回忆……」",
    "len": 2
  },
  {
    "name": "柚",
    "message": "「虽然用这双手抓住很难，但是，如果和树君在一起的话……」",
    "len": 2
  },
  {
    "name": "柚",
    "message": "「我，想和你在一起」",
    "len": 1
  }
]