[
  {
    "name": "柚",
    "message": "「喂，树，快点出门吧」",
    "len": 1
  },
  {
    "name": "樹",
    "message": "「快什么啊，又没什么安排吧？」",
    "len": 1
  },
  {
    "name": "柚",
    "message": "「你在说什么呀。有时间当然是约会啊？」",
    "len": 1
  },
  {
    "name": "樹",
    "message": "「这我还是第一次听说……不是每天都在约会吗？」",
    "len": 2
  },
  {
    "name": "柚",
    "message": "「每天约会也不会腻啊，对吧？嗯，就当是日课吧」",
    "len": 2
  },
  {
    "name": "樹",
    "message": "「这又不是清晨跑步。偶尔也做点别的事情如何？」",
    "len": 2
  },
  {
    "name": "柚",
    "message": "「什么叫偶尔，我们不是也在做其他事情吗」",
    "len": 1
  },
  {
    "name": "樹",
    "message": "「是吗……？柚你提议的事情，大多都很累人啊」",
    "len": 2
  },
  {
    "name": "柚",
    "message": "「那是因为你太弱不禁风了」",
    "len": 1
  },
  {
    "name": "柚",
    "message": "「你不是总是在房间里懒洋洋地躺着吗。除了玩电脑也该有点其他爱好吧」",
    "len": 2
  },
  {
    "name": "樹",
    "message": "「我有爱好啊？最近在看书呢」",
    "len": 1
  },
  {
    "name": "樹",
    "message": "「琴子房间里也放了不少书。……虽然好像原本是爸爸的」",
    "len": 2
  },
  {
    "name": "柚",
    "message": "「这样啊……树木看书什么的」",
    "len": 1
  },
  {
    "name": "樹",
    "message": "「你不知道而已，我以前就经常看书了。虽然不像琴子那样看专业书」",
    "len": 2
  },
  {
    "name": "樹",
    "message": "「倒是你，几乎不看书吧？」",
    "len": 1
  },
  {
    "name": "柚",
    "message": "「哎，我、我也会看书的好吗……」",
    "len": 1
  },
  {
    "name": "樹",
    "message": "「那大部分都是漫画吧？剩下的就是教科书之类的」",
    "len": 2
  },
  {
    "name": "柚",
    "message": "「才不只是那些呢……」",
    "len": 1
  },
  {
    "name": "樹",
    "message": "「那么……剩下的就是占卜书之类的吧？记得之前女生们聊过这个」",
    "len": 2
  },
  {
    "name": "柚",
    "message": "「啊……说起来是这样呢。好像班上也在讨论这个」",
    "len": 2
  },
  {
    "name": "樹",
    "message": "「感觉是这样吗，柚你不是这样的？」",
    "len": 1
  },
  {
    "name": "柚",
    "message": "「嗯，怎么说呢。虽然我也试过……」",
    "len": 1
  },
  {
    "name": "柚",
    "message": "「但是啊，那个不是挺随意的吗？血型什么的也是一样」",
    "len": 2
  },
  {
    "name": "樹",
    "message": "「信不信那些东西，是个人自由吧」",
    "len": 1
  },
  {
    "name": "樹",
    "message": "「不过也有一些号称很准的……虽然不知道能不能说是真的，但确实有很灵验的传闻」",
    "len": 2
  },
  {
    "name": "樹",
    "message": "「虽然有点老旧了，但这家里也有姓名判断的书什么的」",
    "len": 2
  },
  {
    "name": "柚",
    "message": "「那是……式子阿姨和电卓叔叔的书？」",
    "len": 1
  },
  {
    "name": "樹",
    "message": "「……应该是吧。各个地方都留下了细致的笔记」",
    "len": 2
  },
  {
    "name": "柚",
    "message": "「他们是不是看了那个来考虑名字的呢……」",
    "len": 1
  },
  {
    "name": "樹",
    "message": "「我觉得是。看起来用得很多」",
    "len": 1
  },
  {
    "name": "樹",
    "message": "「笔画数啊，字的意思啊。不是说名字体现一个人的本质嘛……」",
    "len": 2
  },
  {
    "name": "柚",
    "message": "「我倒是没听说过我名字的由来，大概很简单吧……应该就是橘子和柚子的联系」",
    "len": 2
  },
  {
    "name": "樹",
    "message": "「这不挺好的吗？这也是很正经的联系啊」",
    "len": 2
  },
  {
    "name": "樹",
    "message": "「我的情况大概也是，妈妈希望我能这样成长吧」",
    "len": 2
  },
  {
    "name": "柚",
    "message": "「是吗……确实是这样呢」",
    "len": 1
  },
  {
    "name": "柚",
    "message": "这种小小的联系，也会成为重要的家庭纽带吧",
    "len": 2
  },
  {
    "name": "柚",
    "message": "人一出生就有了家人。在我被认识为『我』的同时",
    "len": 2
  },
  {
    "name": "柚",
    "message": "在我成为『柚』之前，就已经成为妈妈和爸爸的家人了",
    "len": 2
  },
  {
    "name": "柚",
    "message": "从出生的那一刻起，家人就一直存在",
    "len": 1
  },
  {
    "name": "柚",
    "message": "是啊，即使死去也会继续存在",
    "len": 1
  },
  {
    "name": "柚",
    "message": "家人是不会消失的。那份思念会一直延续下去",
    "len": 2
  },
  {
    "name": "柚",
    "message": "所以……我很庆幸我们不是家人",
    "len": 1
  },
  {
    "name": "柚",
    "message": "我很庆幸我们有着像家人一样的亲密关系",
    "len": 1
  },
  {
    "name": "柚",
    "message": "我们不是从一开始就在家人之中，而是可以从现在开始创造属于我们的家庭",
    "len": 2
  },
  {
    "name": "柚",
    "message": "因为我们有各种各样的可能性",
    "len": 1
  },
  {
    "name": "柚",
    "message": "「呐……达树」",
    "len": 1
  },
  {
    "name": "樹",
    "message": "「嗯，怎么了？柚也对书感兴趣了吗？」",
    "len": 1
  },
  {
    "name": "柚",
    "message": "「我们的孩子，取什么名字好呢」",
    "len": 1
  },
  {
    "name": "樹",
    "message": "「……你想得太远了」",
    "len": 1
  },
  {
    "name": "柚",
    "message": "「那意思是，总有一天会有的，对吧？」",
    "len": 1
  },
  {
    "name": "樹",
    "message": "「嗯……可能会那样吧。未来的事情谁也说不准，我不能断言……」",
    "len": 2
  },
  {
    "name": "柚",
    "message": "「但是？」",
    "len": 1
  },
  {
    "name": "樹",
    "message": "「……希望能变成那样」",
    "len": 1
  },
  {
    "name": "柚",
    "message": "「……嗯，是啊」",
    "len": 1
  },
  {
    "name": "柚",
    "message": "「好嘞，那今天我们也出门吧」",
    "len": 1
  },
  {
    "name": "樹",
    "message": "「这话题怎么就转到这儿了……？你还是一如既往地强硬啊」",
    "len": 2
  },
  {
    "name": "柚",
    "message": "「这不是老样子嘛。你应该已经习惯了吧？」",
    "len": 2
  },
  {
    "name": "樹",
    "message": "「也是啊……把我拉出门，一直都是柚的任务呢」",
    "len": 2
  },
  {
    "name": "柚",
    "message": "「就是这样」",
    "len": 1
  },
  {
    "name": "柚",
    "message": "「呐，树树毕业后打算怎么办？」",
    "len": 1
  },
  {
    "name": "樹",
    "message": "「又说这么远的事……不过也不算太远了」",
    "len": 1
  },
  {
    "name": "柚",
    "message": "「是啊。时间过得很快的。如果现在不做些决定的话」",
    "len": 2
  },
  {
    "name": "柚",
    "message": "「你打算工作吗？」",
    "len": 1
  },
  {
    "name": "樹",
    "message": "「嗯……虽然还没完全决定，但暂时还想再学习一段时间」",
    "len": 2
  },
  {
    "name": "柚",
    "message": "「不是因为不想工作吧？」",
    "len": 1
  },
  {
    "name": "樹",
    "message": "「嗯，是的。我是想找到自己能做的事」",
    "len": 2
  },
  {
    "name": "樹",
    "message": "「唉，这理由听起来也不像个理由」",
    "len": 1
  },
  {
    "name": "柚",
    "message": "「但是，我能感觉到你变得积极了」",
    "len": 1
  },
  {
    "name": "樹",
    "message": "「啊……终于啊」",
    "len": 1
  },
  {
    "name": "柚",
    "message": "「嗯，很好很好。那我也会帮忙树树找到自己的方向的哦」",
    "len": 3
  },
  {
    "name": "樹",
    "message": "「啊，那就拜托你了」",
    "len": 1
  },
  {
    "name": "柚",
    "message": "「包在我身上」",
    "len": 1
  },
  {
    "name": "柚",
    "message": "这个世界总是充满了令人讨厌的可能性",
    "len": 1
  },
  {
    "name": "柚",
    "message": "不知道会变成什么样，现在这种……什么都可能发生的状况，或许是被理想化装饰过的世界吧",
    "len": 2
  },
  {
    "name": "柚",
    "message": "之所以能这么相信，是因为有你在我身边",
    "len": 1
  },
  {
    "name": "樹",
    "message": "「这里还是一如既往地冷清啊」",
    "len": 1
  },
  {
    "name": "柚",
    "message": "「没办法啊。又不是有什么特别的东西」",
    "len": 1
  },
  {
    "name": "樹",
    "message": "「但也不能说什么都没有吧。那边不是掉了些不明物体吗」",
    "len": 2
  },
  {
    "name": "柚",
    "message": "「不能直接说是垃圾的地方就更有意思了」",
    "len": 1
  },
  {
    "name": "樹",
    "message": "「好像还有人会小心翼翼地把它们带回家呢」",
    "len": 1
  },
  {
    "name": "柚",
    "message": "「这样的话，家里人会很头疼吧」",
    "len": 1
  },
  {
    "name": "樹",
    "message": "「啊，确实如此」",
    "len": 1
  },
  {
    "name": "柚",
    "message": "「不过，那东西对那个人来说重不重要，只有那个人自己才知道吧……」",
    "len": 2
  },
  {
    "name": "樹",
    "message": "「虽然他们可能希望别人能理解」",
    "len": 1
  },
  {
    "name": "柚",
    "message": "「嗯……」",
    "len": 1
  },
  {
    "name": "柚",
    "message": "那种心情是什么样的，不说出来的话就无法理解。即使说出来了，也有很多无法理解的事情",
    "len": 2
  },
  {
    "name": "柚",
    "message": "未来和感情，不会只朝着一个方向发展",
    "len": 1
  },
  {
    "name": "柚",
    "message": "有各种各样的可能性，可以朝任何方向改变",
    "len": 1
  },
  {
    "name": "柚",
    "message": "也有一些模糊的东西。无法用言语表达的心情，柔软的感觉",
    "len": 2
  },
  {
    "name": "柚",
    "message": "能够以模糊的状态传达模糊的东西。这就是我们",
    "len": 2
  },
  {
    "name": "柚",
    "message": "「春天的脚步声已经能听到了呢。暖洋洋的，很舒服」",
    "len": 2
  },
  {
    "name": "樹",
    "message": "「啊……看来能睡个好觉了」",
    "len": 1
  },
  {
    "name": "柚",
    "message": "「哈……树树这方面还是老样子啊」",
    "len": 2
  },
  {
    "name": "樹",
    "message": "「那当然了。人又不是那么容易就能改变的」",
    "len": 2
  },
  {
    "name": "柚",
    "message": "「虽然是这样……但这种话不该自己说出口啊」",
    "len": 1
  },
  {
    "name": "樹",
    "message": "「这些也是我的一部分啊」",
    "len": 1
  },
  {
    "name": "樹",
    "message": "「……不过多亏了柚，我也在慢慢改变」",
    "len": 1
  },
  {
    "name": "柚",
    "message": "「嗯……是啊」",
    "len": 1
  },
  {
    "name": "柚",
    "message": "无论好坏，人都是难以改变的",
    "len": 1
  },
  {
    "name": "柚",
    "message": "就像季节轮回，岁月流逝那样。一点一点地，会看到不同的东西",
    "len": 2
  },
  {
    "name": "柚",
    "message": "一遍又一遍地积累，看起来似乎一样……",
    "len": 2
  },
  {
    "name": "樹",
    "message": "「虽然天气一如既往地好……但这附近也在慢慢变化啊」",
    "len": 2
  },
  {
    "name": "樹",
    "message": "「对面的森林也在逐渐减少」",
    "len": 1
  },
  {
    "name": "柚",
    "message": "「是啊……虽然是为了让这里更宜居。但从长远来看会怎样呢……」",
    "len": 2
  },
  {
    "name": "樹",
    "message": "「如果只看当下这一刻，或许会觉得这也是件好事吧」",
    "len": 2
  },
  {
    "name": "柚",
    "message": "「但也不能因此就断定它是坏事啊」",
    "len": 1
  },
  {
    "name": "柚",
    "message": "「这里以前是研究所，警察局所在的地方曾经是片草地」",
    "len": 2
  },
  {
    "name": "樹",
    "message": "「回忆消失了，又增加了……。很难简单地判断变化是好是坏啊」",
    "len": 2
  },
  {
    "name": "柚",
    "message": "「嗯，但是……」",
    "len": 1
  },
  {
    "name": "柚",
    "message": "接受这一切，恐怕也是必要的吧",
    "len": 1
  },
  {
    "name": "柚",
    "message": "无论是改变的回忆，还是消失的回忆，这一切都将成为新的回忆",
    "len": 2
  },
  {
    "name": "柚",
    "message": "与家人一起，继续注视着那些不断变化的回忆",
    "len": 1
  },
  {
    "name": "柚",
    "message": "我想，能够包容这一切的力量，能够一直注视着不断变化的家人的力量，一定就是爱情吧",
    "len": 3
  },
  {
    "name": "柚",
    "message": "「此时此刻，我和你的回忆也在不断增加」",
    "len": 1
  },
  {
    "name": "樹",
    "message": "「……是啊。即使风景改变了，那时的回忆也不会改变」",
    "len": 2
  },
  {
    "name": "樹",
    "message": "「新的回忆和旧的回忆一起，随时都能想起来」",
    "len": 1
  },
  {
    "name": "樹",
    "message": "「那里也还留着和姬子猫的回忆」",
    "len": 1
  },
  {
    "name": "柚",
    "message": "「是在这个公园里捡到的吧……」",
    "len": 1
  },
  {
    "name": "樹",
    "message": "「一开始是在寻找琴子的转世。所以，在那里找到的姬子猫成了我的倾诉对象」",
    "len": 2
  },
  {
    "name": "樹",
    "message": "「……多亏如此，我才没有变得孤单。才没有放弃与这个世界的联系」",
    "len": 2
  },
  {
    "name": "樹",
    "message": "「继续维系家庭，重新开始，然后又遇到了大家……」",
    "len": 2
  },
  {
    "name": "柚",
    "message": "「那孩子一直坚持说家人应该在一起呢」",
    "len": 2
  },
  {
    "name": "樹",
    "message": "「那其实是我过去的愿望，是我告诉姬子猫的……」",
    "len": 2
  },
  {
    "name": "樹",
    "message": "「它记住了我说的话。它就像是反映我的一面镜子」",
    "len": 2
  },
  {
    "name": "樹",
    "message": "「但不知不觉中，我自己却忘记了这一点……」",
    "len": 1
  },
  {
    "name": "柚",
    "message": "「是那孩子帮你找回了这份记忆啊」",
    "len": 1
  },
  {
    "name": "柚",
    "message": "那孩子希望家人能成为一体。但是，这个'一体'到底是什么呢",
    "len": 2
  },
  {
    "name": "柚",
    "message": "至少我觉得，家人是不可能真正成为一体的",
    "len": 2
  },
  {
    "name": "柚",
    "message": "即使有联系，毕竟还是陌生人聚在一起。不同的人聚到一起，才形成了家庭",
    "len": 2
  },
  {
    "name": "柚",
    "message": "我们不可能完全理解彼此。即使用语言交流，也无法真正成为一体",
    "len": 2
  },
  {
    "name": "柚",
    "message": "但是……正因如此，我们才能成为家人",
    "len": 1
  },
  {
    "name": "柚",
    "message": "正是因为我们努力去融为一体，努力去互相理解，这种行为本身就是在朝着'家人'的方向前进",
    "len": 2
  },
  {
    "name": "柚",
    "message": "慢慢地互相理解，同时也增加了共同的回忆",
    "len": 2
  },
  {
    "name": "柚",
    "message": "因为，如果完全理解了彼此，那就只剩下一个人了",
    "len": 2
  },
  {
    "name": "柚",
    "message": "如果一切都融为一体，反而会变得孤独。只能自己注视自己",
    "len": 2
  },
  {
    "name": "柚",
    "message": "有些事只有两个人才能做到。有些东西只有大家在一起才能诞生",
    "len": 2
  },
  {
    "name": "柚",
    "message": "虽然不全是好事，但我们以为自己了解了对方，然后变得不安，发现了对方的另一面",
    "len": 2
  },
  {
    "name": "柚",
    "message": "因为不知道对方的真心，所以会感到害怕。无法完全信任，犹豫不决，伤害对方，感到悲伤——",
    "len": 2
  },
  {
    "name": "柚",
    "message": "正因如此，喜悦才会诞生",
    "len": 1
  },
  {
    "name": "柚",
    "message": "平坦无奇的世界。每天都静悄悄的，像是阳光晒的地方……那样只会让人昏昏欲睡",
    "len": 2
  },
  {
    "name": "柚",
    "message": "什么都没有，谁都不在。大家都一样，只是存在着，那样是不行的",
    "len": 2
  },
  {
    "name": "柚",
    "message": "在这种不安中寻求某人……试图去了解彼此，这样才终于能诞生幸福",
    "len": 2
  },
  {
    "name": "柚",
    "message": "家人才能诞生",
    "len": 1
  },
  {
    "name": "柚",
    "message": "虽然，这全都是我的一厢情愿",
    "len": 1
  },
  {
    "name": "柚",
    "message": "无论是否正确。重要的是要有自己的观点并相信它",
    "len": 2
  },
  {
    "name": "柚",
    "message": "倾听他人的话语，然后改变自己也是",
    "len": 2
  },
  {
    "name": "柚",
    "message": "「能做的事，想做的事，得一点一点去发现啊」",
    "len": 2
  },
  {
    "name": "樹",
    "message": "「意外地，觉得不适合自己的事情，说不定会与未来有关呢」",
    "len": 2
  },
  {
    "name": "柚",
    "message": "「以为自己知道，其实完全不知道的事情也有……」",
    "len": 1
  },
  {
    "name": "柚",
    "message": "「从这里能看到的地方，声音能传达的范围都是有限的呢」",
    "len": 2
  },
  {
    "name": "樹",
    "message": "「如果想看不同的风景，就得走到那里去」",
    "len": 2
  },
  {
    "name": "柚",
    "message": "「我希望你即使不被我拉出去，也能自己稍微出去走走啊」",
    "len": 2
  },
  {
    "name": "樹",
    "message": "「是啊。从窗户看到的风景，也只是方方正正截取的一个世界」",
    "len": 2
  },
  {
    "name": "樹",
    "message": "「虽然有点懒得动，但偶尔还是得出去看看啊」",
    "len": 1
  },
  {
    "name": "柚",
    "message": "「出去走走就知道了。不过树你总是喜欢走些奇怪的路」",
    "len": 2
  },
  {
    "name": "樹",
    "message": "「那也算是一种道路吧。反正前进的方向是自由的」",
    "len": 2
  },
  {
    "name": "柚",
    "message": "「嗯，是啊。我觉得走大路会更容易些」",
    "len": 2
  },
  {
    "name": "柚",
    "message": "「但是，除此之外还有很多可以走的路，而且还有路标呢……」",
    "len": 2
  },
  {
    "name": "樹",
    "message": "「低头看路的话，反而容易忽视很多东西。地图也只是个大概」",
    "len": 2
  },
  {
    "name": "柚",
    "message": "「那就自己走走看，亲自确认一下嘛。古人不也是这样制作地图的嘛」",
    "len": 2
  },
  {
    "name": "柚",
    "message": "「难得有机会到处看看，不去看太可惜了」",
    "len": 1
  },
  {
    "name": "柚",
    "message": "「不是别人告诉你的，而是要自己亲眼去看」",
    "len": 2
  },
  {
    "name": "柚",
    "message": "「我的是我自己发现的……然后和大家的对比一下，再分享出来」",
    "len": 2
  },
  {
    "name": "樹",
    "message": "「就是这样发现，然后慢慢培养起来啊」",
    "len": 1
  },
  {
    "name": "柚",
    "message": "「嗯，这才有意思呢。可以靠自己改变自己」",
    "len": 2
  },
  {
    "name": "樹",
    "message": "「虽然听起来很难……说实话，现在我还是有点害怕」",
    "len": 1
  },
  {
    "name": "柚",
    "message": "「我知道啊。所以我才在这儿啊」",
    "len": 2
  },
  {
    "name": "樹",
    "message": "「是啊……」",
    "len": 1
  },
  {
    "name": "柚",
    "message": "「有自由是件幸福的事，但太自由反而会让人害怕」",
    "len": 2
  },
  {
    "name": "樹",
    "message": "「在那其中，应该有我们想要的东西吧……」",
    "len": 1
  },
  {
    "name": "柚",
    "message": "用语言来切割世界，然后给它添加意义和表达，创造出概念",
    "len": 2
  },
  {
    "name": "柚",
    "message": "在这个过程中，我们本可以用自己的双手去获得些什么",
    "len": 2
  },
  {
    "name": "樹",
    "message": "「经过艰辛努力获得后，才终于意识到」",
    "len": 1
  },
  {
    "name": "柚",
    "message": "「其实这只是一件小事呢」",
    "len": 1
  },
  {
    "name": "柚",
    "message": "「如果能意识到这一点，一定就能向前迈进」",
    "len": 1
  },
  {
    "name": "樹",
    "message": "「无论去哪里，都能找到」",
    "len": 1
  },
  {
    "name": "柚",
    "message": "「嗯，就是这样」",
    "len": 1
  },
  {
    "name": "柚",
    "message": "这里虽然只是个普通的公园",
    "len": 3
  },
  {
    "name": "柚",
    "message": "但我们此刻正站在压倒性的现实面前",
    "len": 1
  },
  {
    "name": "柚",
    "message": "「那么，今天我要和你做些什么呢」",
    "len": 1
  }
]