[
  {
    "name": "樹",
    "message": "「嗯……」",
    "len": 1
  },
  {
    "name": "樹",
    "message": "「已经早上了吗……时间过得真快啊」",
    "len": 1
  },
  {
    "name": "樹",
    "message": "「好，再睡一会儿……不行啊。琴子昨天才刚说过我」",
    "len": 2
  },
  {
    "name": "樹",
    "message": "「外面阳光明媚，看起来很舒服」",
    "len": 1
  },
  {
    "name": "樹",
    "message": "「早上好，世界！」",
    "len": 1
  },
  {
    "name": "樹",
    "message": "「……嘛，没人回应也是理所当然的」",
    "len": 1
  },
  {
    "message": "好，起床吧。今天也要过得充实才行。",
    "len": 2
  },
  {
    "name": "樹",
    "message": "「咦……电脑怎么开着的？」",
    "len": 1
  },
  {
    "message": "睡觉前没开啊。",
    "len": 1
  },
  {
    "name": "樹",
    "message": "「难道是电卓那家伙回来用过……不，这种可能性不大」",
    "len": 2
  },
  {
    "message": "如果他真回来了，肯定也会对我做些什么的。",
    "len": 1
  },
  {
    "name": "樹",
    "message": "「显示器也还亮着……嗯？」",
    "len": 1
  },
  {
    "name": "樹",
    "message": "「这是什么字……」",
    "len": 1
  },
  {
    "message": "『Ｇｏｏｄｂｙｅ　ｔｏ　ｙｏｕ，　ａｎｄ　ｙｏｕｒ　ｗｏｒｌｄ』",
    "len": 1
  },
  {
    "name": "樹",
    "message": "「谁留下的这种文字……」",
    "len": 1
  },
  {
    "name": "樹",
    "message": "「再见是什么意思啊？」",
    "len": 1
  },
  {
    "message": "啊——刚起床脑子还转不过来。嗯，先下楼吧。",
    "len": 2
  },
  {
    "message": "先吃早饭，然后再慢慢想。",
    "len": 1
  },
  {
    "name": "樹",
    "message": "「一个人都没有……还在睡觉吗？」",
    "len": 1
  },
  {
    "name": "樹",
    "message": "「柚不在是……在跑她的日常步吗？她之前说过经常跑步来着」",
    "len": 2
  },
  {
    "message": "如果不经常做的话，那就不能算是日常习惯了。",
    "len": 1
  },
  {
    "name": "樹",
    "message": "「其他人嘛……过一会儿应该就会起床了吧」",
    "len": 1
  },
  {
    "message": "结衣姐姐是不是……又在晚上出去闲逛了？式子桑性格悠闲，姬子猫又喜欢随性而为。",
    "len": 2
  },
  {
    "name": "樹",
    "message": "「没办法，只好自己做点吃的了」",
    "len": 1
  },
  {
    "name": "樹",
    "message": "「嗯～已经过了不少时间了，式子桑还没起床，这可真少见啊……」",
    "len": 2
  },
  {
    "name": "樹",
    "message": "「姬子猫在睡觉倒是正常，但琴子一直待在房间里也是……」",
    "len": 2
  },
  {
    "message": "简直就像那时候一样——",
    "len": 1
  },
  {
    "name": "樹",
    "message": "「……那个电卓脑袋的混蛋不在倒是件好事，但是其他人要不要去叫醒呢？」",
    "len": 2
  },
  {
    "name": "樹",
    "message": "「因为之前的事，我有点不好意思进式子桑的房间……」",
    "len": 2
  },
  {
    "name": "樹",
    "message": "「……没办法，还是去叫醒他们吧」",
    "len": 1
  },
  {
    "name": "樹",
    "message": "「式子桑～，你醒了吗～？」",
    "len": 1
  },
  {
    "name": "樹",
    "message": "「…………」",
    "len": 1
  },
  {
    "name": "樹",
    "message": "「喂喂，式子桑？」",
    "len": 1
  },
  {
    "name": "樹",
    "message": "「没有回应……」",
    "len": 1
  },
  {
    "message": "应该不会只是什么都没了吧。",
    "len": 1
  },
  {
    "name": "樹",
    "message": "「嗯，应该只是在睡觉吧。也没什么特别的事……如果累了的话就让她继续睡吧」",
    "len": 3
  },
  {
    "message": "好，去下一个吧。",
    "len": 1
  },
  {
    "message": "接下来是姬子猫的房间。",
    "len": 1
  },
  {
    "name": "樹",
    "message": "「姬子猫～，醒了吗～？」",
    "len": 1
  },
  {
    "name": "樹",
    "message": "「…………」",
    "len": 1
  },
  {
    "name": "樹",
    "message": "「姬子猫也没有回应吗……」",
    "len": 1
  },
  {
    "message": "嘛，进姬子猫的房间应该没问题吧。",
    "len": 1
  },
  {
    "name": "樹",
    "message": "「姬子猫～，我要进来了哦～」",
    "len": 1
  },
  {
    "message": "唔～，还是这么乱的房间啊。和结衣姐不相上下。",
    "len": 2
  },
  {
    "name": "樹",
    "message": "「那么……姬子猫～，在吗～？」",
    "len": 1
  },
  {
    "name": "樹",
    "message": "「果然还是没回应……」",
    "len": 1
  },
  {
    "message": "该不会被这堆东西压在下面了吧——",
    "len": 1
  },
  {
    "name": "樹",
    "message": "「……不可能吧。挪开也很麻烦」",
    "len": 2
  },
  {
    "name": "樹",
    "message": "「要是在的话，至少会回个声吧」",
    "len": 1
  },
  {
    "message": "毕竟本来是只猫，说不定跑出去溜达了。",
    "len": 1
  },
  {
    "message": "嘛，饿了的话应该会回来的吧。",
    "len": 1
  },
  {
    "name": "樹",
    "message": "「那么，接下来是结衣姐……」",
    "len": 1
  },
  {
    "message": "既然说过可以随意进入，那就不客气地进去吧。",
    "len": 2
  },
  {
    "name": "樹",
    "message": "「结衣姐，我进来了」",
    "len": 1
  },
  {
    "name": "樹",
    "message": "「咦，不在啊……」",
    "len": 1
  },
  {
    "message": "式子桑、姬子猫，现在连结衣姐也……",
    "len": 1
  },
  {
    "name": "樹",
    "message": "「…………」",
    "len": 1
  },
  {
    "message": "怎么回事……有种不好的预感。",
    "len": 1
  },
  {
    "message": "虽然她们偶尔会突然消失，但这次感觉不太一样。",
    "len": 2
  },
  {
    "message": "一股令人不安的感觉，从脚底慢慢蔓延到背部。",
    "len": 2
  },
  {
    "message": "感觉好像有什么……",
    "len": 1
  },
  {
    "name": "樹",
    "message": "「琴子……应该在吧」",
    "len": 1
  },
  {
    "message": "用裤子擦了擦汗湿的手掌，然后伸手去碰门把手。",
    "len": 2
  },
  {
    "message": "胸口深处感到压抑……可能是呼吸变浅了。",
    "len": 1
  },
  {
    "message": "明明很冷，却冒出了令人不快的汗水……",
    "len": 1
  },
  {
    "name": "樹",
    "message": "「那、琴子，我进来了……」",
    "len": 1
  },
  {
    "message": "没有回应。等了几秒，等了几十秒也没有。",
    "len": 2
  },
  {
    "message": "犹豫着伸出的手指轻轻触碰到门把手。",
    "len": 2
  },
  {
    "name": "樹",
    "message": "「……嘶」",
    "len": 1
  },
  {
    "message": "就像被静电击中一样，反射性地缩回了手。",
    "len": 2
  },
  {
    "message": "但是，事实并非如此。这一定是……",
    "len": 2
  },
  {
    "name": "樹",
    "message": "「呼……」",
    "len": 1
  },
  {
    "message": "调整呼吸。暂且忽略吵闹的心跳声。",
    "len": 2
  },
  {
    "message": "缓缓转动门把手，推开吱呀作响的门。",
    "len": 2
  },
  {
    "name": "樹",
    "message": "「——啊！？」",
    "len": 1
  },
  {
    "message": "琴子——",
    "len": 1
  },
  {
    "name": "樹",
    "message": "「诶……刚才那是……」",
    "len": 1
  },
  {
    "message": "房间里空无一人。当然，琴子也不在。",
    "len": 2
  },
  {
    "message": "那么，刚才那是……看错了吗？",
    "len": 1
  },
  {
    "name": "樹",
    "message": "「是啊，没错……。那种事情，不可能再发生了吧……」",
    "len": 2
  },
  {
    "name": "樹",
    "message": "「……不过这样的话，琴子去哪里了呢……？」",
    "len": 2
  },
  {
    "message": "不只是琴子。结衣姐姐、姬子猫、式子桑……还有柚。",
    "len": 2
  },
  {
    "message": "大家……都不在。",
    "len": 1
  },
  {
    "message": "为什么谁都不在呢？这样的话，简直就像……琴子回来之前的样子。",
    "len": 2
  },
  {
    "message": "连姬子猫都不在的那个时候。",
    "len": 1
  },
  {
    "message": "所有人都出门了……这么想是不是太牵强了？",
    "len": 1
  },
  {
    "message": "不，既然不在家里，除此之外也想不到别的了。",
    "len": 1
  },
  {
    "message": "只是，我觉得不太可能所有人一起出去。结衣姐姐看起来不喜欢那样。",
    "len": 2
  },
  {
    "name": "樹",
    "message": "「话说回来，她们真的出门了吗……？」",
    "len": 1
  },
  {
    "message": "说不定，其实还在家里——",
    "len": 1
  },
  {
    "name": "樹",
    "message": "「对了，看看大家的鞋子就知道了……」",
    "len": 1
  },
  {
    "name": "樹",
    "message": "「没有啊……」",
    "len": 1
  },
  {
    "message": "果然不在家吗……？",
    "len": 1
  },
  {
    "name": "樹",
    "message": "「但是，如果要出门的话，不应该留下什么消息吗？」",
    "len": 2
  },
  {
    "message": "结衣姐姐和姬子猫先不说，式子桑……至少琴子应该会说点什么吧。",
    "len": 2
  },
  {
    "message": "或者，会邀请我一起去……",
    "len": 1
  },
  {
    "name": "樹",
    "message": "「这么说，是有什么理由没这么做吗……」",
    "len": 1
  },
  {
    "name": "樹",
    "message": "「也有可能是没法邀请我……因为我在睡觉？但那样的话，应该会留言吧」",
    "len": 2
  },
  {
    "name": "樹",
    "message": "「那么，是想给我一个惊喜？」",
    "len": 1
  },
  {
    "message": "话说回来，也没什么特别的日子……既不是生日也不是纪念日。",
    "len": 2
  },
  {
    "name": "樹",
    "message": "「这种时候要是有手机的话就能联系上了吧……」",
    "len": 2
  },
  {
    "name": "樹",
    "message": "「早知道就听柚的话了」",
    "len": 1
  },
  {
    "message": "现在后悔也没用了。问题是接下来该怎么办。",
    "len": 2
  },
  {
    "name": "樹",
    "message": "「如果是自愿的还好说，要是卷入什么麻烦事的话就得报警了……」",
    "len": 2
  },
  {
    "name": "樹",
    "message": "「认为她们很快就会回来……这想法是不是太乐观了？」",
    "len": 2
  },
  {
    "message": "以前也有过几次家里没人的情况。……不过大多数时候是我不在家。",
    "len": 2
  },
  {
    "name": "樹",
    "message": "「……真的一个人都没有吗？难道说，是在躲着我……」",
    "len": 2
  },
  {
    "name": "樹",
    "message": "「可恶，你们到底去哪儿了啊……」",
    "len": 1
  },
  {
    "message": "我把每个角落都仔细找过了，可哪里都没有人。连阁楼都翻遍了。",
    "len": 2
  },
  {
    "name": "樹",
    "message": "「…………」",
    "len": 1
  },
  {
    "message": "感觉很不舒服……焦虑感越来越强烈。",
    "len": 2
  },
  {
    "name": "樹",
    "message": "「……声音回响得好厉害啊」",
    "len": 1
  },
  {
    "message": "脚步声听起来特别大。这房子，以前有这么安静吗……？",
    "len": 2
  },
  {
    "message": "是因为没人在，所以才听起来这样吗？",
    "len": 1
  },
  {
    "name": "樹",
    "message": "「与其说是不在……」",
    "len": 1
  },
  {
    "message": "用消失了来形容似乎更准确。而且，连征兆都没有。",
    "len": 2
  },
  {
    "name": "樹",
    "message": "「征兆……？」",
    "len": 1
  },
  {
    "message": "说起来，房间里的电脑上……",
    "len": 1
  },
  {
    "message": "没错……对了，上面写着英文。",
    "len": 1
  },
  {
    "name": "樹",
    "message": "「再见……？」",
    "len": 1
  },
  {
    "message": "等等等等，那个不是那种意思吧……",
    "len": 1
  },
  {
    "name": "樹",
    "message": "「……呃，还有没有，有没有写别的什么？」",
    "len": 1
  },
  {
    "name": "樹",
    "message": "「为什么……什么都没显示出来？」",
    "len": 1
  },
  {
    "name": "樹",
    "message": "「电源，一直是开着的吧……？怎么会关掉了……」",
    "len": 2
  },
  {
    "message": "难道是我看错了吗……？",
    "len": 1
  },
  {
    "name": "樹",
    "message": "「……不，确实写着的。不是看错了」",
    "len": 2
  },
  {
    "name": "樹",
    "message": "「但是，如果是这样的话……」",
    "len": 1
  },
  {
    "message": "再见是什么意思？对这个世界说再见――",
    "len": 2
  },
  {
    "name": "琴子",
    "message": "「比家人还要……比我们还要在意吗？」",
    "len": 1
  },
  {
    "message": "诶……等一下啊。",
    "len": 1
  },
  {
    "name": "琴子",
    "message": "「你比我们更想见柚桑吗？」",
    "len": 1
  },
  {
    "message": "那个……是这个意思吗？",
    "len": 1
  },
  {
    "name": "樹",
    "message": "「是因为……我选择了柚？所以，她才消失了吗……？」",
    "len": 2
  },
  {
    "name": "樹",
    "message": "「……呃，不对。不是这样的。我是想，大家……」",
    "len": 2
  },
  {
    "name": "樹",
    "message": "「我根本没想过要让谁消失……」",
    "len": 1
  },
  {
    "message": "对了，还不能确定她真的消失了。说不定过段时间就会像什么都没发生过一样回来……",
    "len": 2
  },
  {
    "name": "樹",
    "message": "「……不，不能光是等待。我们去找吧」",
    "len": 2
  },
  {
    "message": "找到她，一起回来。",
    "len": 1
  },
  {
    "message": "之前不是也有过大家一起突然不见了的情况吗？",
    "len": 2
  },
  {
    "message": "在附近转转，应该很快就能找到的。",
    "len": 1
  },
  {
    "message": "结衣姐、式子桑和姬子猫肯定会毫不在意地回来，让我们担心一场。",
    "len": 2
  },
  {
    "name": "蜜柑",
    "message": "「不，她们没来我们这里。也没有任何人看到她们的消息……」",
    "len": 2
  },
  {
    "name": "樹",
    "message": "「是吗……」",
    "len": 1
  },
  {
    "message": "我还以为她们最有可能是被警察抓住了呢……",
    "len": 2
  },
  {
    "message": "算了，还有几个地方她们可能会去。我们挨个找找应该就能找到了。",
    "len": 2
  },
  {
    "name": "蜜柑",
    "message": "「喂，树君，发生什么事了吗？」",
    "len": 1
  },
  {
    "name": "樹",
    "message": "「唉，谁知道呢……正因为不知道，我们才在这里找啊。」",
    "len": 2
  },
  {
    "name": "蜜柑",
    "message": "「因为不知道……是吗。」",
    "len": 1
  },
  {
    "message": "既然蜜柑桑也不知道，那在这里也没什么意义了。",
    "len": 1
  },
  {
    "name": "樹",
    "message": "「那么，我先去下一个地方了。」",
    "len": 1
  },
  {
    "name": "蜜柑",
    "message": "「那个，我想问一下，柚不是和你在一起吗？」",
    "len": 2
  },
  {
    "name": "樹",
    "message": "「……不，不是」",
    "len": 1
  },
  {
    "message": "不只是琴子，连柚也不在了。",
    "len": 1
  },
  {
    "message": "是只有我一个人被抛下了吗……？",
    "len": 1
  },
  {
    "message": "在这个世界上，一个谁都不在的世界……",
    "len": 1
  },
  {
    "message": "柚是和琴子她们在一起，还是分开了呢……",
    "len": 2
  },
  {
    "message": "妈的，一堆搞不明白的事。",
    "len": 1
  },
  {
    "name": "蜜柑",
    "message": "「树君，你没事吧……？」",
    "len": 1
  },
  {
    "name": "樹",
    "message": "「……嗯，我没事」",
    "len": 1
  },
  {
    "name": "蜜柑",
    "message": "「你摆着那副表情说这话，一点说服力都没有哦？」",
    "len": 1
  },
  {
    "name": "樹",
    "message": "「即便如此，我也没事的」",
    "len": 1
  },
  {
    "message": "因为我必须去寻找她们。",
    "len": 1
  },
  {
    "message": "柚、琴子、结衣姐、式子桑、姬子猫。我必须找到所有人……",
    "len": 2
  },
  {
    "name": "樹",
    "message": "「又不是在屋子里，彻底搜索是不太可能的啊……」",
    "len": 2
  },
  {
    "name": "樹",
    "message": "「再说，也不能保证她们还在这个镇上……」",
    "len": 1
  },
  {
    "name": "樹",
    "message": "「我是没有车，但……她们有可能坐火车离开吗？」",
    "len": 1
  },
  {
    "name": "樹",
    "message": "「……式子桑和结衣姐倒是可疑，不过只要有琴子在，好像什么都能做到啊」",
    "len": 2
  },
  {
    "message": "这样的话就更难找了……",
    "len": 1
  },
  {
    "message": "如果人真的想躲起来，凭一个人的力量是不可能找到的。",
    "len": 2
  },
  {
    "name": "樹",
    "message": "「躲起来……这是不是意味着她们不想见我？」",
    "len": 1
  },
  {
    "message": "如果真是这样的话，我所做的一切……岂不是毫无意义？",
    "len": 1
  },
  {
    "name": "樹",
    "message": "「……啧，该死」",
    "len": 1
  },
  {
    "message": "我用力踢了一下地面，从原地跑了出去。",
    "len": 1
  },
  {
    "message": "一思考就会不由自主地想到些令人不快的事。",
    "len": 1
  },
  {
    "message": "让身体动起来，尽量不去想任何事情。",
    "len": 1
  },
  {
    "message": "但是……内心深处其实已经明白了。正因如此，才想要将这种想法驱逐出去。",
    "len": 2
  },
  {
    "message": "不在——",
    "len": 1
  },
  {
    "message": "这里也——",
    "len": 1
  },
  {
    "message": "这里也不在。",
    "len": 1
  },
  {
    "message": "结衣姐的身影并不在这里。我还以为她会在这里的……",
    "len": 2
  },
  {
    "name": "樹",
    "message": "「……唔」",
    "len": 1
  },
  {
    "message": "我双手撑在膝盖上，调整呼吸。",
    "len": 1
  },
  {
    "message": "我已经把大家可能去的地方都找遍了。连不太可能去的地方也都看过了。",
    "len": 2
  },
  {
    "message": "但是，还是找不到。",
    "len": 1
  },
  {
    "message": "谁都不在。",
    "len": 1
  },
  {
    "message": "大家，都从我面前消失了。",
    "len": 1
  },
  {
    "message": "明明我根本没想过希望他们消失。",
    "len": 1
  },
  {
    "message": "明明我一直想和他们在一起的。",
    "len": 1
  },
  {
    "message": "难道，我又要一个人了吗……？",
    "len": 1
  },
  {
    "message": "大家，都从我面前不见了。",
    "len": 1
  },
  {
    "message": "虽然一直在寻找，却连一丝痕迹都找不到。",
    "len": 1
  },
  {
    "message": "难道，只能放弃了吗——",
    "len": 1
  },
  {
    "name": "樹",
    "message": "「——唔！？」",
    "len": 1
  },
  {
    "message": "那个身影是——",
    "len": 1
  },
  {
    "name": "樹",
    "message": "「柚！」",
    "len": 1
  },
  {
    "message": "毫无疑问，是柚。",
    "len": 1
  },
  {
    "message": "各种情感从身体深处涌上来。",
    "len": 1
  },
  {
    "message": "高兴得急忙跑过去。",
    "len": 1
  },
  {
    "message": "可是——",
    "len": 1
  },
  {
    "name": "柚",
    "message": "「…………」",
    "len": 1
  },
  {
    "message": "为什么柚的表情这么阴沉……？",
    "len": 1
  },
  {
    "message": "难道是不想见我吗……，我不禁这样想着。",
    "len": 2
  },
  {
    "name": "柚",
    "message": "「树……怎么了？」",
    "len": 1
  },
  {
    "name": "樹",
    "message": "「怎么了……这话该我问你才对吧？你从早上起就去哪儿了？」",
    "len": 2
  },
  {
    "name": "柚",
    "message": "「啊，是吗……」",
    "len": 1
  },
  {
    "name": "樹",
    "message": "「不只是你，大家都不见了……对了，你知道他们都去哪儿了吗？」",
    "len": 2
  },
  {
    "name": "樹",
    "message": "「房间里留下了奇怪的信息，写着再见之类的……让人不安的话」",
    "len": 2
  },
  {
    "name": "樹",
    "message": "「昨天和琴子聊天时，她说了些意味深长的话……」",
    "len": 2
  },
  {
    "name": "樹",
    "message": "「你也和大家聊过吧？有没有听说什么相关的事？」",
    "len": 2
  },
  {
    "name": "樹",
    "message": "「早上起来就……抱歉。我有点乱了……」",
    "len": 2
  },
  {
    "name": "柚",
    "message": "「嗯……没事。我都明白的。早上起来，大家都不见了，对吧？」",
    "len": 2
  },
  {
    "name": "樹",
    "message": "「啊，是啊……」",
    "len": 1
  },
  {
    "message": "柚这家伙，出奇地冷静啊……",
    "len": 1
  },
  {
    "message": "难道是比我先醒，所以听说了什么吗？",
    "len": 2
  },
  {
    "name": "樹",
    "message": "「柚……你知道大家都去哪儿了吗？」",
    "len": 1
  },
  {
    "name": "柚",
    "message": "「唔……我不知道他们去了哪里」",
    "len": 1
  },
  {
    "name": "樹",
    "message": "「去了哪里……那你到底知道什么？」",
    "len": 1
  },
  {
    "name": "柚",
    "message": "「与其说是知道，不如说是听说的……昨天晚上，和琴子聊了聊……」",
    "len": 2
  },
  {
    "name": "柚",
    "message": "「大家都不见了，可能是我的错……」",
    "len": 2
  },
  {
    "name": "樹",
    "message": "「你的错……？」",
    "len": 1
  },
  {
    "name": "柚",
    "message": "「因为……我说了……」",
    "len": 1
  },
  {
    "message": "她低着头，颤抖着说道。",
    "len": 1
  },
  {
    "message": "仿佛在流着看不见的眼泪，勉强挤出声音。",
    "len": 2
  },
  {
    "name": "樹",
    "message": "「……先回家吧。在这里没法好好谈。」",
    "len": 2
  },
  {
    "name": "柚",
    "message": "「……嗯」",
    "len": 1
  },
  {
    "message": "她微微低头，轻轻地点了点头。",
    "len": 2
  },
  {
    "message": "虽然她这不太像平常的举动让我在意，但还是先回到安全的地方吧。",
    "len": 2
  },
  {
    "message": "走着走着，她似乎渐渐平静下来了，断断续续地讲述起发生的事情。",
    "len": 2
  },
  {
    "name": "柚",
    "message": "「昨天晚上……我们聊了聊」",
    "len": 1
  },
  {
    "name": "柚",
    "message": "「中午的时候，也和大家说了……」",
    "len": 1
  },
  {
    "name": "樹",
    "message": "「是在我和琴子出去的时候吧？」",
    "len": 1
  },
  {
    "name": "柚",
    "message": "「嗯……是的」",
    "len": 1
  },
  {
    "name": "樹",
    "message": "「你们看起来相处得很好啊」",
    "len": 1
  },
  {
    "name": "柚",
    "message": "「嗯……因为稍微了解了大家。了解之后，就能靠近了……」",
    "len": 2
  },
  {
    "name": "柚",
    "message": "「……不，是因为我不再疏远他们了……」",
    "len": 2
  },
  {
    "name": "樹",
    "message": "「这样啊……」",
    "len": 1
  },
  {
    "name": "柚",
    "message": "「虽然有很多无法接受的事，但我多少还是理解了……」",
    "len": 2
  },
  {
    "name": "柚",
    "message": "「如果我能早点坦率一些的话，是不是会更开心呢……」",
    "len": 2
  },
  {
    "name": "樹",
    "message": "「……现在还不晚吧？」",
    "len": 1
  },
  {
    "name": "柚",
    "message": "「……我后悔了，不只是树，和大家在一起也变得开心了……」",
    "len": 2
  },
  {
    "name": "樹",
    "message": "「…………」",
    "len": 1
  },
  {
    "name": "柚",
    "message": "「然后，晚上我还和琴子聊了聊……」",
    "len": 1
  },
  {
    "name": "樹",
    "message": "「是这样啊……那，你们聊了些什么？」",
    "len": 2
  },
  {
    "name": "柚",
    "message": "「嗯……怎么说呢……」",
    "len": 1
  },
  {
    "name": "柚",
    "message": "「我也说不太清楚。因为并不是什么特定的话题……」",
    "len": 2
  },
  {
    "name": "樹",
    "message": "「这样啊……」",
    "len": 1
  },
  {
    "name": "柚",
    "message": "「不过呢，我记得我们聊了很多……大概……最多的是关于未来的事吧」",
    "len": 2
  },
  {
    "name": "柚",
    "message": "「我们也聊了不少关于树你的事哦」",
    "len": 1
  },
  {
    "name": "樹",
    "message": "「……没说什么奇怪的话吧」",
    "len": 1
  },
  {
    "name": "柚",
    "message": "「……嗯。不过呢……」",
    "len": 1
  },
  {
    "name": "樹",
    "message": "「……柚？」",
    "len": 1
  },
  {
    "message": "柚突然停下了脚步。两人之间顿时产生了几步的距离。",
    "len": 2
  },
  {
    "message": "我甚至来不及对此感到疑惑。",
    "len": 1
  },
  {
    "message": "更别说回头了。",
    "len": 1
  },
  {
    "name": "樹",
    "message": "「诶……」",
    "len": 1
  },
  {
    "message": "背上感受到微弱的冲击，以及柔软之下的温暖。",
    "len": 2
  },
  {
    "name": "柚",
    "message": "「对不起……」",
    "len": 1
  },
  {
    "message": "然后，是柚的声音。",
    "len": 1
  },
  {
    "name": "樹",
    "message": "「对不起是……」",
    "len": 1
  },
  {
    "name": "柚",
    "message": "「我，做了很过分的事……对树也是，对大家也是……」",
    "len": 2
  },
  {
    "name": "樹",
    "message": "「……我没有被做什么啊？」",
    "len": 1
  },
  {
    "name": "柚",
    "message": "「不，做了的。我觉得会被树恨上……」",
    "len": 2
  },
  {
    "name": "柚",
    "message": "「所以……害怕见面……」",
    "len": 1
  },
  {
    "name": "樹",
    "message": "「…………」",
    "len": 1
  },
  {
    "name": "柚",
    "message": "「大家都不在了……都是我的错」",
    "len": 2
  },
  {
    "name": "柚",
    "message": "「因为是我把树带走的……」",
    "len": 2
  },
  {
    "name": "柚",
    "message": "「因为想和树在一起，所以挽留了树，把树从琴子她们身边带走了……」",
    "len": 2
  },
  {
    "name": "柚",
    "message": "「大家都变得和以前不一样了……即便如此，我也明白对树来说他们还是家人……」",
    "len": 3
  },
  {
    "name": "柚",
    "message": "「有式子桑、结衣桑、电卓叔叔，还有琴子……那个孩子也在」",
    "len": 2
  },
  {
    "name": "柚",
    "message": "「虽然感觉不太真实，也不知道是否正确」",
    "len": 2
  },
  {
    "name": "柚",
    "message": "「树看起来很幸福。说这样不对啊，不是这样的啊……这种事不该由我来决定」",
    "len": 3
  },
  {
    "name": "柚",
    "message": "「明明知道的……却还是被我给毁掉了」",
    "len": 2
  },
  {
    "name": "樹",
    "message": "「不是那样的……我也好，琴子也好……大家都因为有柚在而感到高兴」",
    "len": 2
  },
  {
    "name": "樹",
    "message": "「有柚在的生活，很快乐」",
    "len": 1
  },
  {
    "name": "柚",
    "message": "「可是……大家都消失了不是吗？都是因为我，才消失的……」",
    "len": 2
  },
  {
    "name": "柚",
    "message": "「是我说的哦……？说琴子已经死了……」",
    "len": 2
  },
  {
    "name": "樹",
    "message": "「…………」",
    "len": 1
  },
  {
    "name": "柚",
    "message": "「是我从大家那里抢走了树……」",
    "len": 2
  },
  {
    "name": "柚",
    "message": "「从树那里抢走了大家……」",
    "len": 1
  },
  {
    "name": "柚",
    "message": "「所以，被恨也是没办法的……」",
    "len": 1
  },
  {
    "name": "樹",
    "message": "「不是那样的。我，我们，并不恨柚」",
    "len": 2
  },
  {
    "name": "柚",
    "message": "「可是……」",
    "len": 1
  },
  {
    "name": "樹",
    "message": "「最后做出选择的是……我。是我选择了柚，而不是其他人」",
    "len": 2
  },
  {
    "name": "樹",
    "message": "「当柚向我告白的时候，我本可以拒绝的。但我无法忍受柚离开」",
    "len": 2
  },
  {
    "name": "樹",
    "message": "「我无法想象没有柚的生活……我只是想一直和你在一起」",
    "len": 2
  },
  {
    "name": "柚",
    "message": "「……唔」",
    "len": 1
  },
  {
    "name": "樹",
    "message": "「大家都变了，姬子猫变成了人类，琴子也回来了……」",
    "len": 3
  },
  {
    "name": "樹",
    "message": "「一开始我也觉得不真实。感觉像是在做梦一样」",
    "len": 2
  },
  {
    "name": "樹",
    "message": "「习惯之后，就像泡在温水里一样舒服」",
    "len": 1
  },
  {
    "name": "樹",
    "message": "「渐渐地我开始随波逐流，觉得这样也不错……是柚把我拉了回来」",
    "len": 2
  },
  {
    "name": "柚",
    "message": "「我……」",
    "len": 1
  },
  {
    "name": "樹",
    "message": "「那里到底是不是我该待的地方，是不是我可以待的地方……我不知道」",
    "len": 2
  },
  {
    "name": "樹",
    "message": "「但是，柚一直都在我身边。虽然不知道这是好是坏……」",
    "len": 2
  },
  {
    "name": "樹",
    "message": "「无论何时，柚都在我身边……所以，我想柚的身边……就是我该待的地方」",
    "len": 2
  },
  {
    "name": "柚",
    "message": "「我，我也是……想待在树木身边……」",
    "len": 2
  },
  {
    "name": "柚",
    "message": "「无论在哪里，我都想和树木在一起……」",
    "len": 1
  },
  {
    "name": "樹",
    "message": "「嗯……我也是」",
    "len": 1
  },
  {
    "message": "所以……让我们回去吧。",
    "len": 1
  },
  {
    "message": "回到我们应该在的地方。",
    "len": 1
  },
  {
    "name": "柚",
    "message": "「……嗯」",
    "len": 1
  },
  {
    "message": "回到那个能听到重要之人声音的地方。",
    "len": 1
  }
]