[
  {
    "name": "樹",
    "message": "「唔～嗯……今天身体怎么特别沉重啊……」",
    "len": 1
  },
  {
    "name": "樹",
    "message": "「也不像是感冒啊……头也不疼，也不咳嗽」",
    "len": 2
  },
  {
    "name": "樹",
    "message": "「……还是先跟式子桑商量一下吧」",
    "len": 1
  },
  {
    "message": "希望她别拿出什么奇怪的草药煎的药来。",
    "len": 1
  },
  {
    "name": "樹",
    "message": "「嘛，实在不行就去药店买点药吧」",
    "len": 1
  },
  {
    "name": "琴子",
    "message": "「早上好，哥哥」",
    "len": 1
  },
  {
    "name": "樹",
    "message": "「哟，早啊琴子。今天起得挺早啊」",
    "len": 2
  },
  {
    "name": "琴子",
    "message": "「呵呵，没想到会被哥哥这么说呢」",
    "len": 1
  },
  {
    "name": "琴子",
    "message": "「我一直都是这个时间起床的哦」",
    "len": 1
  },
  {
    "name": "樹",
    "message": "「呃……我也差不多这时候起床的吧？只是待在房间里而已……」",
    "len": 2
  },
  {
    "name": "琴子",
    "message": "「这样啊。天气这么冷，也没办法呢」",
    "len": 2
  },
  {
    "name": "琴子",
    "message": "「这个季节就会想念被窝呢」",
    "len": 1
  },
  {
    "message": "这个话题对我很不利啊……",
    "len": 1
  },
  {
    "name": "樹",
    "message": "「那个，话说琴子，其他人都不在吗？」",
    "len": 2
  },
  {
    "name": "琴子",
    "message": "「不，妈妈已经起床了。然后就是——」",
    "len": 2
  },
  {
    "name": "樹",
    "message": "「嗯？」",
    "len": 1
  },
  {
    "message": "顺着她意味深长的视线，我稍微探头看了看沙发后面。",
    "len": 2
  },
  {
    "name": "柚",
    "message": "「啊，啊哈哈……早上好」",
    "len": 1
  },
  {
    "name": "樹",
    "message": "「柚……？」",
    "len": 1
  },
  {
    "message": "正当我想问她在那里做什么的时候，终于想起了昨晚发生的事。",
    "len": 3
  },
  {
    "message": "不，也不是说忘记了，只是有点迷糊，就是那个……",
    "len": 2
  },
  {
    "name": "樹",
    "message": "「早、早上好……」",
    "len": 1
  },
  {
    "name": "柚",
    "message": "「嗯、嗯……」",
    "len": 1
  },
  {
    "message": "呜哇……糟了，没法直视她的脸……",
    "len": 2
  },
  {
    "message": "这是在……害羞吗？",
    "len": 1
  },
  {
    "name": "柚",
    "message": "「…………」",
    "len": 1
  },
  {
    "name": "樹",
    "message": "「啊——……」",
    "len": 1
  },
  {
    "message": "咦，平时是怎么聊天的来着……该说些什么好呢？完全想不出话题啊？",
    "len": 2
  },
  {
    "name": "柚",
    "message": "「那个……」",
    "len": 1
  },
  {
    "message": "聊、聊不下去了……",
    "len": 1
  },
  {
    "message": "平时明明能聊些无关紧要的话题，现在却连这些都想不出来。",
    "len": 2
  },
  {
    "message": "没话题就不说话……这种想法又让人觉得很为难。",
    "len": 2
  },
  {
    "name": "柚",
    "message": "「树……？」",
    "len": 1
  },
  {
    "message": "最麻烦的是……明明因为没话说而感到困扰，却又觉得这种氛围也不坏。",
    "len": 2
  },
  {
    "name": "樹",
    "message": "「那个，那……」",
    "len": 1
  },
  {
    "name": "式子",
    "message": "「哇～，你们俩感情真好呢～」",
    "len": 2
  },
  {
    "name": "柚",
    "message": "「呀啊啊！？」",
    "len": 1
  },
  {
    "name": "樹",
    "message": "「式、式子桑……？什么时候……」",
    "len": 2
  },
  {
    "name": "式子",
    "message": "「我一直都在哦～。树君啊，你完全没注意到我嘛」",
    "len": 2
  },
  {
    "name": "樹",
    "message": "「对、对不起……」",
    "len": 1
  },
  {
    "name": "式子",
    "message": "「不过没关系啦。因为树君看起来很高兴呢」",
    "len": 1
  },
  {
    "name": "樹",
    "message": "「……我看起来很高兴吗？」",
    "len": 1
  },
  {
    "name": "式子",
    "message": "「嗯，非～常高兴哦。是不是发生什么好事了～？」",
    "len": 2
  },
  {
    "name": "樹",
    "message": "「好事……」",
    "len": 1
  },
  {
    "message": "虽然说是好事没错，但又觉得不太好老实地说出来啊。",
    "len": 2
  },
  {
    "name": "結衣",
    "message": "「哼～，是好事啊」",
    "len": 1
  },
  {
    "name": "樹",
    "message": "「结衣姐……？」",
    "len": 1
  },
  {
    "name": "結衣",
    "message": "「…………」",
    "len": 1
  },
  {
    "name": "樹",
    "message": "「呃……」",
    "len": 1
  },
  {
    "message": "结衣姐盯着我，脸越凑越近。而且表情还有点严厉……吗？",
    "len": 2
  },
  {
    "message": "明明没做什么坏事，为什么却这么心虚呢。",
    "len": 2
  },
  {
    "name": "結衣",
    "message": "「…………」",
    "len": 1
  },
  {
    "name": "柚",
    "message": "「那、那个，我是不是做错什么了……？」",
    "len": 1
  },
  {
    "name": "結衣",
    "message": "「哼，反正跟结衣也没什么关系」",
    "len": 1
  },
  {
    "name": "琴子",
    "message": "「是啊，这也不是我们该多嘴的事情」",
    "len": 2
  },
  {
    "name": "式子",
    "message": "「呵呵～」",
    "len": 1
  },
  {
    "message": "她们应该不是失去了兴趣吧……",
    "len": 1
  },
  {
    "name": "樹",
    "message": "「哈啊……」",
    "len": 1
  },
  {
    "message": "从早上就开始累了……不过，应该不会一整天都这样吧。",
    "len": 2
  },
  {
    "name": "柚",
    "message": "「呜呜……」",
    "len": 1
  },
  {
    "name": "樹",
    "message": "「辛、辛苦了」",
    "len": 1
  },
  {
    "name": "柚",
    "message": "「嗯、嗯……」",
    "len": 1
  },
  {
    "message": "可能是因为被结衣姐默默地盯着看而感到不自在，她垂头丧气地耷拉着脑袋。",
    "len": 2
  },
  {
    "name": "樹",
    "message": "「别在意啦。又不是什么需要客气的事」",
    "len": 2
  },
  {
    "name": "柚",
    "message": "「嗯，是这样没错……」",
    "len": 1
  },
  {
    "name": "樹",
    "message": "「嗯？有什么不满吗？」",
    "len": 1
  },
  {
    "name": "柚",
    "message": "「不是这样的，正好相反」",
    "len": 1
  },
  {
    "name": "柚",
    "message": "「确实，我是真的累了……但我以为会被说得更多呢」",
    "len": 2
  },
  {
    "name": "樹",
    "message": "「被说？被谁说？」",
    "len": 1
  },
  {
    "name": "柚",
    "message": "「被大家。所以，感觉有点措手不及」",
    "len": 2
  },
  {
    "name": "樹",
    "message": "「……你是想被说得更多吗？」",
    "len": 1
  },
  {
    "message": "难道柚她是……",
    "len": 1
  },
  {
    "name": "柚",
    "message": "「啊！不是那个意思啦！」",
    "len": 1
  },
  {
    "name": "柚",
    "message": "「我只是在想，说不定现在只是让我放松警惕，之后会突然……」",
    "len": 2
  },
  {
    "name": "樹",
    "message": "「突然？」",
    "len": 1
  },
  {
    "name": "柚",
    "message": "「狠狠地教训我一顿……」",
    "len": 1
  },
  {
    "name": "樹",
    "message": "「那个……柚」",
    "len": 1
  },
  {
    "name": "柚",
    "message": "「干、干嘛」",
    "len": 1
  },
  {
    "name": "樹",
    "message": "「你想得太多了吧」",
    "len": 1
  },
  {
    "name": "柚",
    "message": "「我知道啦。只是稍微想象了一下而已」",
    "len": 2
  },
  {
    "name": "樹",
    "message": "「那就好……啊，还有。能的话就和大家好好相处吧」",
    "len": 2
  },
  {
    "name": "柚",
    "message": "「嗯，这个我也明白……诶！？」",
    "len": 1
  },
  {
    "name": "ギズモ",
    "message": "「喵？」",
    "len": 1
  },
  {
    "message": "这又是个绝妙的时机。",
    "len": 1
  },
  {
    "name": "柚",
    "message": "「呃……」",
    "len": 1
  },
  {
    "name": "ギズモ",
    "message": "「呜噜噜——」",
    "len": 1
  },
  {
    "name": "樹",
    "message": "「看啊柚，不是说要好好相处吗？」",
    "len": 1
  },
  {
    "name": "柚",
    "message": "「我、我知道啦……」",
    "len": 1
  },
  {
    "name": "樹",
    "message": "「摆出那副戒备的样子说这话可没什么说服力啊」",
    "len": 1
  },
  {
    "name": "柚",
    "message": "「都说了我知道了嘛……」",
    "len": 1
  },
  {
    "message": "唉，没办法啊……",
    "len": 1
  },
  {
    "name": "樹",
    "message": "「喂姬子猫，过来过来」",
    "len": 1
  },
  {
    "name": "柚",
    "message": "「等等！？我、我还没做好心理准备……」",
    "len": 2
  },
  {
    "name": "ギズモ",
    "message": "「喵？」",
    "len": 1
  },
  {
    "name": "樹",
    "message": "「柚说她想和姬子猫聊聊」",
    "len": 1
  },
  {
    "name": "ギズモ",
    "message": "「喵呜……」",
    "len": 1
  },
  {
    "name": "樹",
    "message": "「看啊柚，姬子猫来了」",
    "len": 1
  },
  {
    "name": "柚",
    "message": "「可、可是，该聊些什么呢……」",
    "len": 1
  },
  {
    "name": "樹",
    "message": "「你问我我也不知道啊。随便聊聊，和好不就行了吗？」",
    "len": 2
  },
  {
    "name": "柚",
    "message": "「问题就出在这个'随便'上啊」",
    "len": 1
  },
  {
    "name": "樹",
    "message": "「你这么说我也没办法啊……」",
    "len": 1
  },
  {
    "name": "ギズモ",
    "message": "「树，可以了吗？」",
    "len": 1
  },
  {
    "name": "樹",
    "message": "「抱歉，再陪她一会儿好吗」",
    "len": 1
  },
  {
    "name": "ギズモ",
    "message": "「知道了」",
    "len": 1
  },
  {
    "name": "樹",
    "message": "「其实呢，柚说她想摸摸姬子猫的头」",
    "len": 2
  },
  {
    "name": "ギズモ",
    "message": "「呜哇！？」",
    "len": 1
  },
  {
    "name": "柚",
    "message": "「啊……树，你这是什么意思啊！？」",
    "len": 2
  },
  {
    "name": "樹",
    "message": "「什么意思？你不是想和好吗？那从身体接触开始不就行了？」",
    "len": 2
  },
  {
    "name": "柚",
    "message": "「这跨度也太大了吧」",
    "len": 1
  },
  {
    "name": "樹",
    "message": "「那就当是捷径吧」",
    "len": 1
  },
  {
    "name": "柚",
    "message": "「这也太随便了……」",
    "len": 1
  },
  {
    "name": "ギズモ",
    "message": "「呜啊……」",
    "len": 1
  },
  {
    "name": "樹",
    "message": "「姬子猫，你也不用那么害怕的」",
    "len": 1
  },
  {
    "name": "柚",
    "message": "「啊，那要不改天再说……」",
    "len": 1
  },
  {
    "name": "樹",
    "message": "「…………」",
    "len": 1
  },
  {
    "name": "柚",
    "message": "「开、开玩笑的啦」",
    "len": 1
  },
  {
    "message": "怎么看都是想逃跑吧。",
    "len": 1
  },
  {
    "name": "樹",
    "message": "「那么，姬子猫你也没问题吧？」",
    "len": 1
  },
  {
    "name": "ギズモ",
    "message": "「不会蹦蹦跳跳吗？」",
    "len": 1
  },
  {
    "name": "樹",
    "message": "「嗯，不会让你蹦蹦跳跳的」",
    "len": 1
  },
  {
    "name": "柚",
    "message": "「喂，你们这是什么对话啊」",
    "len": 1
  },
  {
    "name": "ギズモ",
    "message": "「明白了吗……」",
    "len": 1
  },
  {
    "message": "我勉强……不如说是战战兢兢地、警惕地坐了下来。",
    "len": 2
  },
  {
    "name": "樹",
    "message": "「来，柚」",
    "len": 1
  },
  {
    "name": "柚",
    "message": "「我、我知道啦……」",
    "len": 1
  },
  {
    "name": "樹",
    "message": "「……你的声音，有点发颤啊」",
    "len": 1
  },
  {
    "name": "柚",
    "message": "「…………」",
    "len": 1
  },
  {
    "message": "我深呼吸了几次，试图放松因紧张而僵硬的面部。",
    "len": 2
  },
  {
    "name": "ギズモ",
    "message": "「呜……」",
    "len": 1
  },
  {
    "message": "看到这一幕的姬子猫也在发抖。……有必要紧张成这样吗？",
    "len": 2
  },
  {
    "name": "柚",
    "message": "「……唔」",
    "len": 1
  },
  {
    "message": "我下定决心，战战兢兢地伸出手掌，就像在拆除炸弹一样。",
    "len": 2
  },
  {
    "name": "ギズモ",
    "message": "「呼喵！？」",
    "len": 1
  },
  {
    "message": "姬子猫的身体剧烈地颤抖着。",
    "len": 1
  },
  {
    "name": "柚",
    "message": "「……唔，嘿！」",
    "len": 1
  },
  {
    "name": "ギズモ",
    "message": "「呼喵啊！？」",
    "len": 1
  },
  {
    "name": "樹",
    "message": "「…………」",
    "len": 1
  },
  {
    "message": "为了避免误会，我要说明一下。",
    "len": 1
  },
  {
    "message": "柚只是把手……准确地说，是指尖放到了姬子猫的头上而已。",
    "len": 2
  },
  {
    "name": "柚",
    "message": "「…………」",
    "len": 1
  },
  {
    "name": "ギズモ",
    "message": "「……喵？」",
    "len": 1
  },
  {
    "message": "我慢慢地抚摸着，仿佛在确认头部的形状。",
    "len": 2
  },
  {
    "message": "慢慢地，反复地。",
    "len": 1
  },
  {
    "message": "最初还有些生涩的动作，渐渐地感觉到力道放松了下来。",
    "len": 2
  },
  {
    "name": "ギズモ",
    "message": "「喵呜～」",
    "len": 1
  },
  {
    "name": "柚",
    "message": "「……嗯」",
    "len": 1
  },
  {
    "message": "虽然没有交谈，但比起之前已经进步了不少。",
    "len": 2
  },
  {
    "message": "照这样下去应该没问题吧……",
    "len": 1
  },
  {
    "name": "琴子",
    "message": "「大家关系真好呢」",
    "len": 1
  },
  {
    "name": "ギズモ",
    "message": "「喵？」",
    "len": 1
  },
  {
    "name": "柚",
    "message": "「啊……琴子酱」",
    "len": 1
  },
  {
    "name": "琴子",
    "message": "「哥哥和柚桑看起来都很开心呢。就像兄妹一样」",
    "len": 2
  },
  {
    "name": "樹",
    "message": "「是、是吗？」",
    "len": 1
  },
  {
    "name": "柚",
    "message": "「兄妹……」",
    "len": 1
  },
  {
    "name": "琴子",
    "message": "「柚桑看起来不太满意呢」",
    "len": 1
  },
  {
    "name": "柚",
    "message": "「啊，不，也不是那个意思……」",
    "len": 1
  },
  {
    "name": "琴子",
    "message": "「…………」",
    "len": 1
  },
  {
    "name": "柚",
    "message": "「唔……」",
    "len": 1
  },
  {
    "message": "琴子直勾勾地盯着柚，仿佛要看穿她的内心。",
    "len": 1
  },
  {
    "message": "然后又看向我。怎么回事，明明我们没做什么坏事……",
    "len": 2
  },
  {
    "name": "琴子",
    "message": "「……哥哥，能占用你一点时间吗？」",
    "len": 1
  },
  {
    "name": "樹",
    "message": "「啊？时间？」",
    "len": 1
  },
  {
    "name": "琴子",
    "message": "「嗯，我有些事情。柚桑，我能借用一下哥哥吗？」",
    "len": 2
  },
  {
    "name": "柚",
    "message": "「为、为什么要问我啊？」",
    "len": 1
  },
  {
    "name": "琴子",
    "message": "「没什么，只是你们正在聊天」",
    "len": 1
  },
  {
    "name": "柚",
    "message": "「啊……啊哈哈，原来是这样啊……」",
    "len": 1
  },
  {
    "name": "琴子",
    "message": "「而且，我想柚桑应该有事要和妈妈他们说吧」",
    "len": 2
  },
  {
    "name": "柚",
    "message": "「琴子酱……？」",
    "len": 1
  },
  {
    "name": "琴子",
    "message": "「所以哥哥，没问题吧？」",
    "len": 1
  },
  {
    "name": "樹",
    "message": "「嗯，我是无所谓啦……」",
    "len": 1
  },
  {
    "name": "柚",
    "message": "「嗯，那我就在家等着了」",
    "len": 1
  },
  {
    "name": "琴子",
    "message": "「那么哥哥，我们走吧」",
    "len": 1
  },
  {
    "name": "樹",
    "message": "「啊，好的」",
    "len": 1
  },
  {
    "message": "就这样被琴子带出来了……到底有什么事呢？",
    "len": 2
  },
  {
    "message": "不过，就算只是散步也无所谓。",
    "len": 1
  },
  {
    "name": "琴子",
    "message": "「像这样和哥哥两个人一起出门，已经很久没有过了呢」",
    "len": 2
  },
  {
    "name": "樹",
    "message": "「是啊，以前也没怎么在外面玩过……」",
    "len": 2
  },
  {
    "name": "琴子",
    "message": "「最近哥哥经常和柚桑在一起呢」",
    "len": 2
  },
  {
    "name": "樹",
    "message": "「这么一说……」",
    "len": 1
  },
  {
    "message": "我感觉最近和柚的关系变得更亲密了。",
    "len": 1
  },
  {
    "message": "我发现自己有一种想法，认为她应该理所当然地呆在家里，或者说应该在我身边。",
    "len": 2
  },
  {
    "message": "不像以前那样需要担心琴子的身体状况了。所以我也可以不用那么紧张了吧。",
    "len": 2
  },
  {
    "name": "樹",
    "message": "「感觉像是回到了从前啊……那时候柚也像现在这样寄宿在我家呢」",
    "len": 2
  },
  {
    "name": "琴子",
    "message": "「是啊。对哥哥来说，柚桑的存在就像家人一样吧」",
    "len": 2
  },
  {
    "name": "樹",
    "message": "「家人啊……柚也这么说过，但到底从什么时候开始算是家人呢」",
    "len": 2
  },
  {
    "name": "琴子",
    "message": "「家人的定义吗……」",
    "len": 1
  },
  {
    "name": "樹",
    "message": "「不用说得那么深奥啦」",
    "len": 1
  },
  {
    "name": "樹",
    "message": "「只是我有点疑惑而已。是一起生活就行了，还是要结婚才算……」",
    "len": 2
  },
  {
    "name": "樹",
    "message": "「是血缘关系吗……那收养的问题又该怎么算。也有人说共同拥有回忆就是家人」",
    "len": 2
  },
  {
    "name": "樹",
    "message": "「这样想来，还真不容易得出答案呢……」",
    "len": 1
  },
  {
    "name": "琴子",
    "message": "「……我心里有几个答案，但就算告诉哥哥也解决不了问题」",
    "len": 2
  },
  {
    "name": "琴子",
    "message": "「希望哥哥能自己找到答案并心服口服」",
    "len": 1
  },
  {
    "name": "樹",
    "message": "「真严格啊……」",
    "len": 1
  },
  {
    "name": "琴子",
    "message": "「正是因为在乎哥哥才这样」",
    "len": 1
  },
  {
    "message": "琴子笑着说，这是爱的鞭策呢。",
    "len": 1
  },
  {
    "name": "琴子",
    "message": "「不过，我和哥哥，还有大家本质上是不同的……即便如此，我们也是家人哦」",
    "len": 3
  },
  {
    "name": "樹",
    "message": "「……说得对」",
    "len": 1
  },
  {
    "message": "即使立场改变，这个事实也不会改变。正因为彼此都认为是家人。",
    "len": 2
  },
  {
    "message": "那么柚又是怎么回事呢……",
    "len": 1
  },
  {
    "name": "琴子",
    "message": "「我有个问题，哥哥想和柚桑成为家人吗？」",
    "len": 2
  },
  {
    "name": "琴子",
    "message": "「还是说——你想成为比家人更亲密的关系？」",
    "len": 1
  },
  {
    "name": "樹",
    "message": "「比家人更亲密……」",
    "len": 1
  },
  {
    "name": "琴子",
    "message": "「比家人更亲密……你对她的感情比对我们还深吗？」",
    "len": 1
  },
  {
    "name": "琴子",
    "message": "「你想看到的柚桑，比想看到我们还多吗？」",
    "len": 1
  },
  {
    "name": "琴子",
    "message": "「你是不是更想了解柚桑，更想和她在一起？」",
    "len": 2
  },
  {
    "name": "樹",
    "message": "「……我不能断言」",
    "len": 1
  },
  {
    "name": "琴子",
    "message": "「…………」",
    "len": 1
  },
  {
    "name": "樹",
    "message": "「但是……我确实想更多地了解柚，也想和她在一起」",
    "len": 2
  },
  {
    "name": "琴子",
    "message": "「这样啊」",
    "len": 1
  },
  {
    "message": "琴子脸上浮现出微笑。那笑容究竟意味着什么，我完全不明白。",
    "len": 2
  },
  {
    "message": "如果我和琴子的立场互换，她大概会立刻看穿我的心思吧。",
    "len": 2
  },
  {
    "name": "樹",
    "message": "「琴子你呢？柚住在家里，你觉得麻烦吗？」",
    "len": 2
  },
  {
    "name": "琴子",
    "message": "「我不觉得麻烦哦。因为有柚桑在，哥哥看起来很开心」",
    "len": 2
  },
  {
    "name": "琴子",
    "message": "「当然，我也很高兴。毕竟以前受过她的照顾」",
    "len": 2
  },
  {
    "name": "琴子",
    "message": "「虽然没有哥哥那么深，但我和柚桑也有一些回忆」",
    "len": 2
  },
  {
    "name": "樹",
    "message": "「是啊」",
    "len": 1
  },
  {
    "message": "太好了太好了，要是她说『我讨厌』之类的话，那可就麻烦大了。",
    "len": 2
  },
  {
    "message": "她说想单独谈谈，我还以为可能是那样呢。",
    "len": 2
  },
  {
    "name": "琴子",
    "message": "「不过，这样一来……」",
    "len": 1
  },
  {
    "name": "樹",
    "message": "「琴子……？」",
    "len": 1
  },
  {
    "name": "琴子",
    "message": "「我是不是应该叫柚桑『姐姐』呢？」",
    "len": 2
  },
  {
    "name": "樹",
    "message": "「……啊？琴子，你怎么突然说这个？」",
    "len": 2
  },
  {
    "name": "琴子",
    "message": "「哪里突然了，不是哥哥说的吗？说想和柚桑成为家人」",
    "len": 2
  },
  {
    "name": "樹",
    "message": "「那是……另一回事」",
    "len": 1
  },
  {
    "name": "琴子",
    "message": "「那么，哥哥和柚桑不是恋人关系吗？」",
    "len": 1
  },
  {
    "name": "樹",
    "message": "「呃……」",
    "len": 1
  },
  {
    "message": "到底是怎样呢……虽然没有明确说过。不过，嗯……我们做过那种事了，也互相传达了心意。",
    "len": 2
  },
  {
    "message": "这么想的话……",
    "len": 1
  },
  {
    "name": "樹",
    "message": "「应该……是吧」",
    "len": 1
  },
  {
    "name": "琴子",
    "message": "「不行啊，哥哥。你得好好传达自己的心意才行」",
    "len": 2
  },
  {
    "name": "琴子",
    "message": "「感情是很模糊的东西啊。如果不用语言表达出来，很快就会动摇的哦？」",
    "len": 2
  },
  {
    "name": "樹",
    "message": "「哦、哦」",
    "len": 1
  },
  {
    "name": "琴子",
    "message": "「而且，如果是恋人关系的话，也请为以后的事情考虑一下。要有足够的能力养家才行」",
    "len": 3
  },
  {
    "name": "樹",
    "message": "「是、是的……」",
    "len": 1
  },
  {
    "message": "有个男人被比自己年轻的女性，而且还是妹妹教育要有能力养家。……那个人就是我。",
    "len": 2
  },
  {
    "name": "琴子",
    "message": "「哥哥，一定要好好珍惜柚桑哦」",
    "len": 1
  },
  {
    "name": "樹",
    "message": "「……那是当然的」",
    "len": 1
  },
  {
    "name": "琴子",
    "message": "「嗯，回答得很好」",
    "len": 1
  },
  {
    "message": "总觉得……不管过多久，我好像都无法在琴子面前抬起头来。",
    "len": 2
  },
  {
    "message": "而且，觉得这样也不坏的自己。……我想，不感到危机感才是真正的危机。",
    "len": 2
  },
  {
    "name": "樹",
    "message": "「那、那个琴子，今天你要去哪里？」",
    "len": 2
  },
  {
    "name": "琴子",
    "message": "「没有，没什么特别的安排。只是想让你慢慢地跟我聊聊天」",
    "len": 2
  },
  {
    "name": "樹",
    "message": "「你是说，让我跟琴子你？」",
    "len": 1
  },
  {
    "name": "琴子",
    "message": "「呵呵，确实有这个意思呢」",
    "len": 1
  },
  {
    "message": "琴子意味深长地微笑着。看来是我无法理解的范畴啊。",
    "len": 2
  },
  {
    "message": "树和琴子离开家后，客厅里只剩下式子和猫……姬子猫。",
    "len": 2
  },
  {
    "message": "还有不知什么时候出现的结衣，她正看着莫名其妙的方向坐在沙发上。",
    "len": 3
  },
  {
    "message": "即便如此，我还是感觉到结衣的视线，难道这只是我的自作多情吗？",
    "len": 2
  },
  {
    "name": "式子",
    "message": "「来～柚酱。给你准备了花草茶哦～」",
    "len": 2
  },
  {
    "name": "柚",
    "message": "「啊，谢谢」",
    "len": 1
  },
  {
    "name": "式子",
    "message": "「结衣酱也请用～」",
    "len": 1
  },
  {
    "name": "結衣",
    "message": "「别给猫喝。会惹麻烦的」",
    "len": 1
  },
  {
    "name": "ギズモ",
    "message": "「喵～不喝」",
    "len": 1
  },
  {
    "name": "式子",
    "message": "「唔～抱歉啦～姬子酱的是薰衣草茶哦～」",
    "len": 2
  },
  {
    "name": "ギズモ",
    "message": "「喵～」",
    "len": 1
  },
  {
    "name": "柚",
    "message": "「…………」",
    "len": 1
  },
  {
    "message": "这是式子桑第二次为我泡茶。与第一次的情况不同。",
    "len": 2
  },
  {
    "message": "现在，我比那时更能冷静地看待一切。",
    "len": 1
  },
  {
    "name": "結衣",
    "message": "「……嗯？这是什么，味道怪怪的」",
    "len": 2
  },
  {
    "name": "式子",
    "message": "「那个啊～我把各种东西混在一起试试看～」",
    "len": 1
  },
  {
    "name": "結衣",
    "message": "「你没往里面掺什么奇怪的东西吧」",
    "len": 1
  },
  {
    "name": "式子",
    "message": "「哪有什么奇怪的东西啦～ 只是喝了会特别想睡而已」",
    "len": 2
  },
  {
    "name": "結衣",
    "message": "「那就没问题」",
    "len": 1
  },
  {
    "name": "ギズモ",
    "message": "「咕噜咕噜，呼喵～」",
    "len": 1
  },
  {
    "message": "虽然有些地方怪怪的，不太正常，但是…这样看起来，倒像是个『家庭』。",
    "len": 2
  },
  {
    "message": "这不是我所知道的七枷家。也不是我所知道的普通家庭。",
    "len": 2
  },
  {
    "message": "但是，现在我觉得，达树他们或许就是一家人吧。",
    "len": 2
  },
  {
    "name": "式子",
    "message": "「呐，柚酱」",
    "len": 1
  },
  {
    "name": "柚",
    "message": "「诶？啊，请问有什么事吗…？」",
    "len": 1
  },
  {
    "message": "糟了，刚才什么都没听到。",
    "len": 1
  },
  {
    "name": "式子",
    "message": "「嘿嘿～柚酱看起来也很开心呢～」",
    "len": 2
  },
  {
    "name": "柚",
    "message": "「看起来……开心吗？」",
    "len": 1
  },
  {
    "name": "式子",
    "message": "「嗯，是啊～现在也很悠闲呢～」",
    "len": 2
  },
  {
    "message": "被式子桑这么说感觉有点奇怪。",
    "len": 1
  },
  {
    "name": "式子",
    "message": "「而且柚酱和达君关系很好呢～」",
    "len": 2
  },
  {
    "name": "柚",
    "message": "「关系很好……」",
    "len": 1
  },
  {
    "message": "真是难以回答啊……首先，我都不知道式子桑所说的『关系很好』到底是指什么程度。",
    "len": 3
  },
  {
    "name": "式子",
    "message": "「诶～？不是吗？」",
    "len": 1
  },
  {
    "name": "柚",
    "message": "「不，倒也不是不是……」",
    "len": 1
  },
  {
    "message": "嗯，这倒是没错。",
    "len": 1
  },
  {
    "name": "結衣",
    "message": "「嗯……」",
    "len": 1
  },
  {
    "name": "柚",
    "message": "「诶？那个……」",
    "len": 1
  },
  {
    "name": "結衣",
    "message": "「你，能照顾好树吗？」",
    "len": 1
  },
  {
    "name": "柚",
    "message": "「照顾……是吗？」",
    "len": 1
  },
  {
    "name": "結衣",
    "message": "「你能一直保持不变吗？」",
    "len": 1
  },
  {
    "message": "虽然不知道这种表达是否恰当，但我大概能理解结衣桑想说的话。",
    "len": 2
  },
  {
    "name": "柚",
    "message": "「我……想和达树在一起。一辈子……直到死去」",
    "len": 2
  },
  {
    "name": "結衣",
    "message": "「那不只是现在的想法吗？'一辈子'这种话是很肤浅的哦」",
    "len": 2
  },
  {
    "name": "結衣",
    "message": "「人类很容易改变。心也好，言语也罢。拥有永不改变的心是不可能的」",
    "len": 2
  },
  {
    "name": "柚",
    "message": "「结衣桑说的话，很难懂我不是全都明白……」",
    "len": 2
  },
  {
    "name": "柚",
    "message": "「但是现在，我想和达树在一起的心情是真实的」",
    "len": 2
  },
  {
    "name": "柚",
    "message": "「确实无法预知未来，这份心情也可能会改变」",
    "len": 2
  },
  {
    "name": "柚",
    "message": "「即便如此，就算改变了，我想我也会以那种新的方式喜欢上达树」",
    "len": 2
  },
  {
    "name": "柚",
    "message": "「因为，没有什么是绝对的嘛……这份感情可能会变淡」",
    "len": 2
  },
  {
    "name": "柚",
    "message": "「但是，也有可能会比现在更加喜欢他啊」",
    "len": 2
  },
  {
    "name": "柚",
    "message": "「我想和达树一起成为那样。我想看到达树的各种样子，也希望他能看到我的各种样子」",
    "len": 2
  },
  {
    "name": "結衣",
    "message": "「……哼」",
    "len": 1
  },
  {
    "message": "诶……就这样？",
    "len": 1
  },
  {
    "name": "式子",
    "message": "「诶嘿嘿～，柚酱真的很喜欢达君呢～」",
    "len": 2
  },
  {
    "name": "柚",
    "message": "「诶？啊，那个……」",
    "len": 1
  },
  {
    "message": "糟糕……我可能说了非常羞耻的话。",
    "len": 2
  },
  {
    "message": "而且还是在达树的家人面前……",
    "len": 1
  },
  {
    "name": "式子",
    "message": "「没关系啦～。我也理解柚酱的心情」",
    "len": 2
  },
  {
    "name": "式子",
    "message": "「两个人一起变化，很美好呢～。这样的话，你们的关系就不会改变了」",
    "len": 2
  },
  {
    "name": "柚",
    "message": "「是这样吗？虽然这么说有点那个，但我不太有自信……」",
    "len": 2
  },
  {
    "name": "式子",
    "message": "「你是说对继续喜欢达君没有信心吗？」",
    "len": 2
  },
  {
    "name": "柚",
    "message": "「不，那倒是有的，但是……」",
    "len": 1
  },
  {
    "name": "式子",
    "message": "「那就没问题啦～。我会支持柚酱的心意的」",
    "len": 2
  },
  {
    "name": "ギズモ",
    "message": "「一起，和达树一起喵」",
    "len": 1
  },
  {
    "name": "結衣",
    "message": "「随你们便。我不管了」",
    "len": 1
  },
  {
    "name": "柚",
    "message": "「啊……」",
    "len": 1
  },
  {
    "message": "这是不是意味着……被认可了？",
    "len": 1
  },
  {
    "name": "柚",
    "message": "「那个，怎么说呢……谢谢你们……还有，对不起」",
    "len": 2
  },
  {
    "name": "式子",
    "message": "「诶～？为什么要道歉啊～？」",
    "len": 1
  },
  {
    "name": "柚",
    "message": "「因为很多原因。害怕啊，冷淡啊……」",
    "len": 2
  },
  {
    "name": "ギズモ",
    "message": "「喵？」",
    "len": 1
  },
  {
    "name": "式子",
    "message": "「？？？」",
    "len": 1
  },
  {
    "message": "她们肯定不明白我为什么要道歉。",
    "len": 1
  },
  {
    "message": "但是，这也是为了给自己一个交代。虽然有点自私，但还是希望你们能配合我。",
    "len": 3
  },
  {
    "name": "柚",
    "message": "「那个……我意识到自己一直以来都非常自私」",
    "len": 2
  },
  {
    "name": "柚",
    "message": "「我以前……很喜欢我在这里的时候的这个家」",
    "len": 2
  },
  {
    "name": "柚",
    "message": "「所以，我讨厌现在变了的样子，一直在强加自己的价值观……」",
    "len": 2
  },
  {
    "name": "柚",
    "message": "「来到这个家，看到达树他们……我终于明白了」",
    "len": 2
  },
  {
    "name": "式子",
    "message": "「是啊～柚酱对我们非常亲近呢」",
    "len": 2
  },
  {
    "name": "柚",
    "message": "「嗯……因为我的父母几乎不在家。所以，这里就是我的家……是我的家人」",
    "len": 2
  },
  {
    "name": "柚",
    "message": "「虽然现在变了……但是，结衣桑现在还是在担心达树。果然那一点并没有改变」",
    "len": 3
  },
  {
    "name": "結衣",
    "message": "「…………」",
    "len": 1
  },
  {
    "name": "柚",
    "message": "「式子桑也很珍惜这个家」",
    "len": 1
  },
  {
    "name": "式子",
    "message": "「是啊～不过，柚酱也是一样的吧？」",
    "len": 2
  },
  {
    "name": "柚",
    "message": "「是的，没错。而且，这孩子……姬子猫也是」",
    "len": 2
  },
  {
    "name": "ギズモ",
    "message": "「喵？」",
    "len": 1
  },
  {
    "name": "柚",
    "message": "「我还是不明白为什么要变成人类。但是，这孩子也是树的家人呢」",
    "len": 2
  },
  {
    "name": "結衣",
    "message": "「变成人类是因为树希望的吧」",
    "len": 1
  },
  {
    "name": "式子",
    "message": "「树君一直都是一个人……也许是我的错呢」",
    "len": 2
  },
  {
    "name": "柚",
    "message": "「我觉得不是这样的。不是谁的错……虽然他确实感到寂寞」",
    "len": 2
  },
  {
    "name": "柚",
    "message": "「所以我想是这孩子支持了树」",
    "len": 2
  },
  {
    "name": "柚",
    "message": "「因为有这孩子在，我们现在才能像这样在一起。……虽然我还是有点害怕」",
    "len": 3
  },
  {
    "name": "式子",
    "message": "「是这样吗～？它很可爱哦～」",
    "len": 1
  },
  {
    "name": "柚",
    "message": "「这点我还是不能老实地点头同意……」",
    "len": 1
  },
  {
    "name": "柚",
    "message": "「不过，我觉得除了自己的理想之外，家庭的形式也有很多种」",
    "len": 2
  },
  {
    "name": "柚",
    "message": "「每个人都有自己不同的追求……」",
    "len": 1
  },
  {
    "name": "柚",
    "message": "「啊，不过这并不意味着我就认同了大家的想法」",
    "len": 2
  },
  {
    "name": "柚",
    "message": "「我会朝着我喜欢的那种家庭的方向努力」",
    "len": 1
  },
  {
    "name": "結衣",
    "message": "「随你们便吧。跟结衣没关系」",
    "len": 1
  },
  {
    "name": "式子",
    "message": "「大家能和睦相处就好啦～」",
    "len": 1
  },
  {
    "name": "ギズモ",
    "message": "「不许和睦！」",
    "len": 1
  },
  {
    "name": "柚",
    "message": "「是啊。每个人都在追求自己的理想，即使意见不合也能在一起……」",
    "len": 2
  },
  {
    "message": "我觉得这才是家人的意义所在。",
    "len": 1
  },
  {
    "message": "有些事情只有从外面看是无法理解的，只有置身其中才能真正体会到。",
    "len": 2
  },
  {
    "message": "我想结衣桑和式子桑的房间里，也一定有我无法理解的心情吧。",
    "len": 2
  },
  {
    "message": "我希望有朝一日能够了解这些。",
    "len": 1
  },
  {
    "name": "樹",
    "message": "「咦……大家关系都很好啊，发生什么事了吗？」",
    "len": 2
  },
  {
    "name": "琴子",
    "message": "「呵呵，谁知道呢」",
    "len": 1
  },
  {
    "name": "樹",
    "message": "「琴子，你肯定知道吧？」",
    "len": 1
  },
  {
    "name": "琴子",
    "message": "「哎呀，我可什么都没做哦」",
    "len": 1
  },
  {
    "name": "樹",
    "message": "「柚她们自发地做了什么吗……」",
    "len": 1
  },
  {
    "name": "樹",
    "message": "「难道说琴子，你是为了这个才把我叫出来的？」",
    "len": 2
  },
  {
    "name": "琴子",
    "message": "「不是哦，我只是想和哥哥一起散步而已」",
    "len": 1
  },
  {
    "name": "樹",
    "message": "「……明白了，那我就相信你吧」",
    "len": 1
  },
  {
    "message": "我想，不管问多少次琴子也不会回答的。因为这就是琴子的温柔。",
    "len": 2
  },
  {
    "name": "樹",
    "message": "「那么，为了不打扰你们，我就上二楼去吧」",
    "len": 1
  },
  {
    "name": "琴子",
    "message": "「嗯，就这样吧」",
    "len": 1
  },
  {
    "name": "琴子",
    "message": "「…………」",
    "len": 1
  },
  {
    "name": "琴子",
    "message": "「好了……差不多是时候了」",
    "len": 1
  },
  {
    "name": "柚",
    "message": "「哈……怎么回事，还有点飘飘然的感觉……」",
    "len": 2
  },
  {
    "name": "柚",
    "message": "「难道是中午的余韵还没散去吗……」",
    "len": 1
  },
  {
    "name": "柚",
    "message": "「能和大家变得亲近，拉近了距离……嗯，我真的很开心……」",
    "len": 2
  },
  {
    "message": "琴子是不是早就知道了呢。现在的我已经有余力去倾听大家的话了。",
    "len": 2
  },
  {
    "name": "柚",
    "message": "「但是这份从容，是因为有树在身边……对吧」",
    "len": 2
  },
  {
    "message": "和树变得亲密了，向前迈进了，所以才有了这份从容吧。",
    "len": 2
  },
  {
    "message": "也就是说，那个……因为我离他最近，所以才有这种从容……",
    "len": 2
  },
  {
    "name": "柚",
    "message": "「呜哇……我，可能是个非常讨厌的人呢……」",
    "len": 2
  },
  {
    "name": "琴子",
    "message": "「是啊」",
    "len": 1
  },
  {
    "name": "柚",
    "message": "「呀啊哇啊！？」",
    "len": 1
  },
  {
    "name": "琴子",
    "message": "「柚桑，夜已经很深了请安静点」",
    "len": 1
  },
  {
    "name": "柚",
    "message": "「是、是谁吓我的啊……」",
    "len": 1
  },
  {
    "name": "琴子",
    "message": "「我只是普通地搭话而已」",
    "len": 1
  },
  {
    "name": "柚",
    "message": "「……是这样吗？我觉得是因为突然插入对话才被吓到的……」",
    "len": 2
  },
  {
    "name": "琴子",
    "message": "「刚才那样的柚桑，不管怎么打招呼都会被吓到吧？」",
    "len": 2
  },
  {
    "name": "柚",
    "message": "「唔……」",
    "len": 1
  },
  {
    "message": "无法否认这一点，这就更难办了……",
    "len": 1
  },
  {
    "name": "琴子",
    "message": "「这里，可以坐吗？」",
    "len": 1
  },
  {
    "name": "柚",
    "message": "「啊，嗯……请坐」",
    "len": 1
  },
  {
    "message": "琴子静静地在沙发上坐下，与我保持一个人的距离。",
    "len": 2
  },
  {
    "message": "虽然没必要挨得太近……但是，这种距离感和氛围是怎么回事呢。",
    "len": 2
  },
  {
    "name": "柚",
    "message": "「那个，那……琴子，这么晚了你怎么还在这儿？」",
    "len": 1
  },
  {
    "name": "琴子",
    "message": "「柚桑才是，这么晚了你在这里做什么呢？」",
    "len": 1
  },
  {
    "name": "柚",
    "message": "「诶？啊，我？」",
    "len": 1
  },
  {
    "name": "柚",
    "message": "「我是，那个……」",
    "len": 1
  },
  {
    "name": "琴子",
    "message": "「抱歉，原封不动地把问题抛回去是很无礼的」",
    "len": 1
  },
  {
    "name": "柚",
    "message": "「…………」",
    "len": 1
  },
  {
    "message": "难道说我是在被戏弄吗？",
    "len": 1
  },
  {
    "name": "琴子",
    "message": "「我是想着柚桑可能睡不着，所以来看看情况」",
    "len": 2
  },
  {
    "name": "柚",
    "message": "「啊？看我的情况？」",
    "len": 1
  },
  {
    "name": "琴子",
    "message": "「是的。我想你可能因为能和妈妈、结衣姐姐还有猫咪亲近而兴奋不已」",
    "len": 2
  },
  {
    "name": "柚",
    "message": "「……嗯，可能是这样」",
    "len": 1
  },
  {
    "name": "琴子",
    "message": "「或者，你在想着哥哥的事」",
    "len": 1
  },
  {
    "name": "柚",
    "message": "「诶，那个……琴子？」",
    "len": 1
  },
  {
    "name": "琴子",
    "message": "「你已经表达了自己的心意吧？说了喜欢他，想和他在一起」",
    "len": 2
  },
  {
    "name": "柚",
    "message": "「呃……嗯」",
    "len": 1
  },
  {
    "message": "果然，被发现了啊……。从以前开始就觉察力很敏锐，更何况是达树的事情。",
    "len": 2
  },
  {
    "message": "呜哇……脸，变热了……。这种事情，我最不擅长了……。",
    "len": 2
  },
  {
    "name": "柚",
    "message": "「那个啊，琴子。我——」",
    "len": 2
  },
  {
    "name": "琴子",
    "message": "「但是，柚桑是不能和哥哥在一起的哦」",
    "len": 1
  },
  {
    "name": "柚",
    "message": "「……诶？」",
    "len": 1
  },
  {
    "message": "变得炽热的空气，一瞬间冷却了下来。",
    "len": 1
  },
  {
    "name": "琴子",
    "message": "「哥哥是属于这边的人，所以不能待在柚桑身边」",
    "len": 2
  },
  {
    "message": "冷却了……不知怎的，有点疼。",
    "len": 1
  },
  {
    "name": "柚",
    "message": "「琴子……？那是什么……」",
    "len": 1
  },
  {
    "name": "琴子",
    "message": "「柚桑不是家人，所以和我们是不同的存在哦」",
    "len": 2
  },
  {
    "name": "琴子",
    "message": "「你是一个古老而被遗弃的存在。无法接受我们」",
    "len": 2
  },
  {
    "name": "琴子",
    "message": "「现在你只是和哥哥在一起，沉浸在优越感中。只是在想着'接纳'一个不同的存在而已」",
    "len": 2
  },
  {
    "name": "琴子",
    "message": "「那只是单纯的傲慢」",
    "len": 1
  },
  {
    "name": "柚",
    "message": "「…………」",
    "len": 1
  },
  {
    "message": "难道说，我……成为敌人了？",
    "len": 1
  },
  {
    "name": "琴子",
    "message": "「柚桑和我们是无法一起生活的」",
    "len": 1
  },
  {
    "name": "琴子",
    "message": "「当然，这也包括哥哥在内。哥哥和我们是一样的——与柚桑不同」",
    "len": 2
  },
  {
    "name": "琴子",
    "message": "「我们……家人是通过相互观测而活着的。但对柚桑来说，我们是不必要的存在」",
    "len": 2
  },
  {
    "name": "柚",
    "message": "「不必要？那……达树会怎么样？」",
    "len": 2
  },
  {
    "name": "琴子",
    "message": "「当然是我们带他走。柚桑大概再也见不到他了吧」",
    "len": 2
  },
  {
    "name": "柚",
    "message": "「……那个，达树是怎么说的？」",
    "len": 1
  },
  {
    "name": "琴子",
    "message": "「他当然会跟我们一起来」",
    "len": 1
  },
  {
    "name": "柚",
    "message": "「……不行啊，那样」",
    "len": 1
  },
  {
    "name": "琴子",
    "message": "「这不是柚桑能决定的。哥哥希望和我们一起来」",
    "len": 2
  },
  {
    "name": "柚",
    "message": "「即便如此……也要好好活在当下。虽然可能很舒服，但不能不从梦中醒来」",
    "len": 2
  },
  {
    "name": "琴子",
    "message": "「那是因为你是柚桑。我们要开始新的生活」",
    "len": 2
  },
  {
    "name": "柚",
    "message": "「不……那样是不行的。我无法……无法和琴子酱一起生活」",
    "len": 2
  },
  {
    "name": "柚",
    "message": "「不能去那边啊……」",
    "len": 1
  },
  {
    "name": "柚",
    "message": "「因为，琴子酱已经……」",
    "len": 1
  },
  {
    "name": "柚",
    "message": "「已经死了啊」",
    "len": 1
  },
  {
    "name": "琴子",
    "message": "「…………」",
    "len": 1
  },
  {
    "name": "柚",
    "message": "「达树必须活在当下……必须向前进」",
    "len": 2
  },
  {
    "name": "柚",
    "message": "「即使痛苦，也要咬紧牙关。即使模糊不清、充满不安、痛苦难耐，但我们还活着」",
    "len": 2
  },
  {
    "name": "柚",
    "message": "「我们必须活下去」",
    "len": 1
  },
  {
    "name": "柚",
    "message": "「活着，组建家庭……不，从一开始，从我们出生的那一刻起，家庭就一直存在」",
    "len": 2
  },
  {
    "name": "柚",
    "message": "「不是重新创造，也不是选择，而是要在慢慢改变形态的同时继续下去」",
    "len": 2
  },
  {
    "name": "琴子",
    "message": "「这就是……柚桑的选择吗」",
    "len": 1
  },
  {
    "name": "柚",
    "message": "「……嗯。对不起……」",
    "len": 1
  },
  {
    "name": "琴子",
    "message": "「为什么要向我道歉呢？」",
    "len": 1
  },
  {
    "name": "柚",
    "message": "「因为，在我要组建的家庭里……在我想和达树一起组建的家庭里，琴子酱是不存在的……」",
    "len": 3
  },
  {
    "name": "琴子",
    "message": "「这不是柚桑你说的吗？说我已经死了」",
    "len": 2
  },
  {
    "name": "柚",
    "message": "「即便如此……我还是把琴子酱说成了坏人。所以，对不起……」",
    "len": 2
  },
  {
    "name": "柚",
    "message": "「你给了我鼓励，还推了我一把……」",
    "len": 1
  },
  {
    "message": "明明自己最痛苦，却用这么小的手、这么小的身体……为了达树。",
    "len": 2
  },
  {
    "name": "柚",
    "message": "「真是让人敬佩啊……」",
    "len": 1
  },
  {
    "name": "琴子",
    "message": "「这话应该是我说才对，柚桑」",
    "len": 1
  },
  {
    "name": "柚",
    "message": "「……嗯」",
    "len": 1
  },
  {
    "name": "琴子",
    "message": "「好了，时间不早了……」",
    "len": 1
  },
  {
    "name": "琴子",
    "message": "「那么柚桑，祝你好梦」",
    "len": 1
  },
  {
    "name": "柚",
    "message": "「嗯……琴子酱也是」",
    "len": 1
  },
  {
    "message": "不知道从梦中醒来后会变成什么样。在我们面前，会展开怎样的世界呢。",
    "len": 2
  },
  {
    "message": "虽然不知道，虽然害怕……但是，我们只能接受它。",
    "len": 2
  },
  {
    "message": "必须接受它，然后一点一点地去改变。",
    "len": 1
  },
  {
    "message": "我所希望的，是幸福的日常。想和达树一起创造这样的日常。",
    "len": 2
  }
]