[
  {
    "name": "樹",
    "message": "「啊——好无聊……」",
    "len": 1
  },
  {
    "name": "樹",
    "message": "「天气阴沉的时候，总感觉连干劲都没了呢……」",
    "len": 2
  },
  {
    "name": "樹",
    "message": "「那边的云看起来像是要下雪了。阴天是从西向东移动的吧？」",
    "len": 2
  },
  {
    "name": "樹",
    "message": "「真没劲……要是晚了肯定会下雪的」",
    "len": 2
  },
  {
    "message": "我搓了搓冻僵的手掌，用叹息的热气温暖指尖。",
    "len": 2
  },
  {
    "name": "樹",
    "message": "「柚那家伙……居然让我在这鬼天气里等她……」",
    "len": 1
  },
  {
    "name": "樹",
    "message": "「话说回来，为什么非得在外面见面啊？」",
    "len": 1
  },
  {
    "name": "樹",
    "message": "「而且，明明说让我先出来，到底要让我等多久啊……这又不是巌流岛决斗！」",
    "len": 3
  },
  {
    "message": "我再次叹了口气，呼出的白气笼罩了视线。",
    "len": 2
  },
  {
    "name": "樹",
    "message": "「唉……要不要回去呢」",
    "len": 1
  },
  {
    "name": "柚",
    "message": "「久等啦～」",
    "len": 1
  },
  {
    "name": "樹",
    "message": "「唔咕咕！？」",
    "len": 1
  },
  {
    "name": "樹",
    "message": "（捂住嘴……眼球被戳了一下……）",
    "len": 1
  },
  {
    "name": "樹",
    "message": "（这家伙，有两下子……咚）",
    "len": 1
  },
  {
    "message": "……………………",
    "len": 1
  },
  {
    "message": "…………",
    "len": 1
  },
  {
    "message": "……",
    "len": 1
  },
  {
    "name": "柚",
    "message": "「哎呀，我不是已经道歉了嘛」",
    "len": 1
  },
  {
    "name": "樹",
    "message": "「光道歉可不够啊……你是哪家的杀手啊。下手也太利索了吧」",
    "len": 2
  },
  {
    "name": "柚",
    "message": "「是这样吗？」",
    "len": 1
  },
  {
    "name": "樹",
    "message": "「你也太熟练了吧。不仅没有杀气，连气息都察觉不到」",
    "len": 2
  },
  {
    "name": "柚",
    "message": "「那是因为是意外嘛。都怪树你乱动，对吧？」",
    "len": 2
  },
  {
    "name": "樹",
    "message": "「哇，这理由也太离谱了……道歉也不够诚恳啊」",
    "len": 2
  },
  {
    "name": "柚",
    "message": "「我不是说了对不起嘛」",
    "len": 1
  },
  {
    "name": "樹",
    "message": "「而且来得这么晚……天这么冷我都站不住了好吗？」",
    "len": 2
  },
  {
    "name": "柚",
    "message": "「啊哈哈……这个也对不起啦。准备花了点时间嘛」",
    "len": 2
  },
  {
    "name": "樹",
    "message": "「算了……就这样吧。话说回来，为什么非要在外面见面啊？」",
    "len": 2
  },
  {
    "name": "柚",
    "message": "「为什么？约会当然要这样啊，不是吗？」",
    "len": 1
  },
  {
    "name": "樹",
    "message": "「……啥？」",
    "len": 1
  },
  {
    "message": "柚这么理所当然地说出来也让人觉得有问题，不过在那之前我还有话想问。",
    "len": 2
  },
  {
    "name": "樹",
    "message": "「这算是约会吗？」",
    "len": 1
  },
  {
    "name": "柚",
    "message": "「啊？当然是约会啊？」",
    "len": 1
  },
  {
    "message": "柚一脸『你在说什么啊』的表情歪着头。……咦？我是不是被耍了？",
    "len": 2
  },
  {
    "name": "柚",
    "message": "「你在说什么呢，树树。从一开始不就是这个计划吗？」",
    "len": 2
  },
  {
    "name": "樹",
    "message": "「她居然真的这么说了……」",
    "len": 1
  },
  {
    "name": "柚",
    "message": "「这可是正式的约会，树树你也要拿出干劲来哦」",
    "len": 1
  },
  {
    "name": "樹",
    "message": "「约会是这样的吗……？」",
    "len": 1
  },
  {
    "name": "柚",
    "message": "「就是这样的。我可是认真的哦」",
    "len": 1
  },
  {
    "name": "樹",
    "message": "「认真啊……」",
    "len": 1
  },
  {
    "message": "虽然能感受到柚说的是认真的，但是……",
    "len": 1
  },
  {
    "name": "樹",
    "message": "「那么，这个认真的约会要去哪里呢？」",
    "len": 1
  },
  {
    "name": "柚",
    "message": "「树树想去哪里？」",
    "len": 1
  },
  {
    "name": "樹",
    "message": "「我倒是没什么特别想去的。只要是暖和的地方哪里都行」",
    "len": 1
  },
  {
    "name": "柚",
    "message": "「好好，我知道了。那我们马上出发吧」",
    "len": 2
  },
  {
    "name": "樹",
    "message": "「啊……喂」",
    "len": 1
  },
  {
    "message": "我的手腕自然而然地被抓住，就这样被带走了。还是一如既往地任性啊。",
    "len": 2
  },
  {
    "message": "……虽然我也不讨厌就是了。",
    "len": 1
  },
  {
    "name": "柚",
    "message": "「好啦，到了」",
    "len": 1
  },
  {
    "name": "樹",
    "message": "「到了是什么意思……这不就是普通的路吗？暖和的地方怎么说的？」",
    "len": 2
  },
  {
    "name": "樹",
    "message": "「明明特意在Quare前面约好见面，结果却来到这种什么都没有的地方……」",
    "len": 2
  },
  {
    "name": "柚",
    "message": "「这有什么，走着走着自然就暖和了嘛？」",
    "len": 1
  },
  {
    "name": "樹",
    "message": "「是暖和了……但为什么要来这里？」",
    "len": 1
  },
  {
    "name": "柚",
    "message": "「我想今天的约会就在镇上闲逛。想和树树一起看看各种地方」",
    "len": 2
  },
  {
    "name": "樹",
    "message": "「简单来说，就是散步呗？」",
    "len": 1
  },
  {
    "name": "柚",
    "message": "「你就不能说得浪漫点吗……虽然做的事确实一样啦」",
    "len": 2
  },
  {
    "name": "柚",
    "message": "「我只是想和树树一起，看看各种地方」",
    "len": 1
  },
  {
    "name": "樹",
    "message": "「嗯……那么，为什么是这里呢？你还是没回答我的问题」",
    "len": 2
  },
  {
    "name": "柚",
    "message": "「树树，你不记得了吗？这附近不是我们以前的上学路线吗？」",
    "len": 2
  },
  {
    "name": "樹",
    "message": "「啊……说起来，确实有那么一段时期」",
    "len": 1
  },
  {
    "name": "柚",
    "message": "「对啊。以前我们不是经常在这里聚集吗」",
    "len": 2
  },
  {
    "name": "樹",
    "message": "「真怀念啊……确实有过那样的时代呢」",
    "len": 1
  },
  {
    "message": "被提醒之前我完全忘记了。",
    "len": 1
  },
  {
    "name": "柚",
    "message": "「也不是那么久远的事吧。不过你那方面从以前就没变过呢」",
    "len": 2
  },
  {
    "name": "柚",
    "message": "「树树从以前就不擅长集体行动呢～。该说是我行我素吗」",
    "len": 2
  },
  {
    "name": "樹",
    "message": "「我不记得了……」",
    "len": 1
  },
  {
    "name": "柚",
    "message": "「我倒是记得。明明是集体上学，你却是那种迟到也好早到也罢，完全不在意的类型」",
    "len": 2
  },
  {
    "name": "樹",
    "message": "「你不也一样吗。总是说'快点走吧'，一直拉着我往前冲」",
    "len": 2
  },
  {
    "name": "柚",
    "message": "「那是……因为树树可能要迟到了吧」",
    "len": 1
  },
  {
    "name": "柚",
    "message": "「而且你从以前开始就不擅长早起嘛」",
    "len": 1
  },
  {
    "name": "樹",
    "message": "「但是，入学典礼那天反而是你差点迟到了吧？」",
    "len": 1
  },
  {
    "name": "柚",
    "message": "「没、没办法啊。我还不习惯穿制服嘛……」",
    "len": 2
  },
  {
    "name": "柚",
    "message": "「再说差点迟到也只是刚开始那会儿的事吧？」",
    "len": 1
  },
  {
    "name": "樹",
    "message": "「明明是这样，你还拉着我的胳膊催我快点……」",
    "len": 1
  },
  {
    "name": "柚",
    "message": "「那是因为我不想因为我的原因让你迟到，所以才努力不让你迟到的啊？」",
    "len": 2
  },
  {
    "name": "樹",
    "message": "「我倒是无所谓迟到不迟到的……」",
    "len": 1
  },
  {
    "name": "柚",
    "message": "「都怪我。因为这个才被说东说西的……」",
    "len": 2
  },
  {
    "name": "柚",
    "message": "「虽然我不讨厌，但总觉得有点多管闲事……」",
    "len": 2
  },
  {
    "name": "樹",
    "message": "「说起来，柚你从以前开始穿的，基本上都是制服吧」",
    "len": 2
  },
  {
    "name": "柚",
    "message": "「…………」",
    "len": 1
  },
  {
    "name": "樹",
    "message": "「嗯？我说错了吗？」",
    "len": 1
  },
  {
    "name": "柚",
    "message": "「虽然没错……唉，是啊。多亏如此我穿得也快了」",
    "len": 2
  },
  {
    "name": "柚",
    "message": "「这个设计也很可爱，我很喜欢，感觉平常穿也没问题呢」",
    "len": 2
  },
  {
    "name": "樹",
    "message": "「嗯……嘛，我已经习惯了，倒是没什么违和感」",
    "len": 2
  },
  {
    "name": "柚",
    "message": "「……比起运动服，你更喜欢制服？」",
    "len": 1
  },
  {
    "name": "樹",
    "message": "「这个梗就别提了」",
    "len": 1
  },
  {
    "name": "柚",
    "message": "「刚才是开玩笑的啦，不过……以后穿的机会也要变少了呢」",
    "len": 2
  },
  {
    "name": "樹",
    "message": "「……是啊」",
    "len": 1
  },
  {
    "name": "柚",
    "message": "「一直以为我们会穿着同样的制服，走在同样的路上，就这样一直下去……」",
    "len": 2
  },
  {
    "name": "柚",
    "message": "「但是树木不来了」",
    "len": 1
  },
  {
    "name": "樹",
    "message": "「嗯……」",
    "len": 1
  },
  {
    "name": "柚",
    "message": "「虽然我明白是怎么回事……但我只能担心」",
    "len": 2
  },
  {
    "name": "柚",
    "message": "「可是，仅仅待在同一个地方什么也做不到啊……？」",
    "len": 2
  },
  {
    "name": "柚",
    "message": "「而且马上就要毕业了……」",
    "len": 1
  },
  {
    "name": "樹",
    "message": "「……我没心情去学校。去了也觉得没意思吧」",
    "len": 2
  },
  {
    "name": "柚",
    "message": "「我觉得树木你应该能跟上课程的……」",
    "len": 1
  },
  {
    "name": "樹",
    "message": "「就算这样，也不是去的理由啊」",
    "len": 1
  },
  {
    "name": "柚",
    "message": "「虽然是这样……但你也不是绝对不想去吧？」",
    "len": 2
  },
  {
    "name": "樹",
    "message": "「……也许吧。虽然没心情去」",
    "len": 1
  },
  {
    "name": "柚",
    "message": "「嗯，那现在这样也行。你也开始出门了嘛」",
    "len": 2
  },
  {
    "name": "樹",
    "message": "「别把我说得像个宅男似的。我以前也出门的好吗」",
    "len": 2
  },
  {
    "name": "柚",
    "message": "「不过，你以前总是一副无精打采的样子。……现在已经不是那样了吧？」",
    "len": 2
  },
  {
    "name": "樹",
    "message": "「是吗？我自己倒是不太清楚」",
    "len": 1
  },
  {
    "name": "柚",
    "message": "「嗯，你现在说话的时候看起来很开心呢。……这果然是多亏了琴子吧？」",
    "len": 2
  },
  {
    "name": "樹",
    "message": "「……谁知道呢。我连琴子回来前后有什么区别都不清楚」",
    "len": 2
  },
  {
    "name": "樹",
    "message": "「不过，我以前就经常去公园」",
    "len": 1
  },
  {
    "message": "那几乎成了我的日课。也许是因为不想待在家里吧。",
    "len": 2
  },
  {
    "name": "柚",
    "message": "「……理由应该不是这个吧？」",
    "len": 1
  },
  {
    "name": "樹",
    "message": "「啊？什么意思？」",
    "len": 1
  },
  {
    "name": "柚",
    "message": "「没什么。那么，我们现在就去看看吧」",
    "len": 2
  },
  {
    "name": "樹",
    "message": "「我搞不懂你的思路……。去了也没什么可做的吧？」",
    "len": 2
  },
  {
    "name": "柚",
    "message": "「别管那么多了。快点，赶紧的」",
    "len": 1
  },
  {
    "name": "樹",
    "message": "「哎呀够了，我知道了别催我」",
    "len": 1
  },
  {
    "name": "柚",
    "message": "「哈～果然还是有点冷啊」",
    "len": 1
  },
  {
    "name": "樹",
    "message": "「你看吧，冷的东西果然就是冷」",
    "len": 1
  },
  {
    "name": "柚",
    "message": "「啊哈哈……不过呢，空气清新让人感觉很舒服呢」",
    "len": 2
  },
  {
    "name": "樹",
    "message": "「……这点我倒是同意」",
    "len": 1
  },
  {
    "name": "柚",
    "message": "「闭上眼睛的话，感觉要被天空吸进去了呢……」",
    "len": 1
  },
  {
    "name": "樹",
    "message": "「啊，感觉能舒舒服服地睡一觉」",
    "len": 1
  },
  {
    "name": "柚",
    "message": "「所以说叫你别睡啊！」",
    "len": 1
  },
  {
    "name": "柚",
    "message": "「约会中打盹什么的绝对不行，绝对不行吧！？」",
    "len": 2
  },
  {
    "name": "樹",
    "message": "「开玩笑的啦。现在我不困」",
    "len": 1
  },
  {
    "name": "柚",
    "message": "「这意思是，困了就睡觉咯？」",
    "len": 1
  },
  {
    "name": "樹",
    "message": "「那种情况我根本就不会来约会，放心吧」",
    "len": 1
  },
  {
    "name": "柚",
    "message": "「什么叫根本啊……这根本就没解决问题嘛」",
    "len": 1
  },
  {
    "name": "樹",
    "message": "「是吗？困了睡觉不是很自然吗？问题不就解决了吗？」",
    "len": 2
  },
  {
    "name": "柚",
    "message": "「唉，真拿你没办法啊，树」",
    "len": 1
  },
  {
    "name": "樹",
    "message": "「你是不是要拿出什么让人兴奋的秘密道具啊？」",
    "len": 1
  },
  {
    "name": "柚",
    "message": "「也不是没有啦……哒哒哒哒～热咖啡来啦」",
    "len": 2
  },
  {
    "name": "樹",
    "message": "「哦，不错嘛。话说，你什么时候买的？」",
    "len": 2
  },
  {
    "name": "柚",
    "message": "「我用体温暖着它呢」",
    "len": 1
  },
  {
    "name": "樹",
    "message": "「不不不，那不对吧。你只是用咖啡暖身子而已吧？」",
    "len": 2
  },
  {
    "name": "柚",
    "message": "「有什么关系嘛，反正是暖和的就行」",
    "len": 1
  },
  {
    "name": "柚",
    "message": "「而且，这可是带着我体温的哦？」",
    "len": 1
  },
  {
    "name": "樹",
    "message": "「我可不觉得高兴，给我普通买的就行」",
    "len": 1
  },
  {
    "name": "柚",
    "message": "「作为健全的青少年，你的反应是不是该更强烈点？」",
    "len": 1
  },
  {
    "name": "樹",
    "message": "「哇呜～柚的体温诶！」",
    "len": 1
  },
  {
    "name": "柚",
    "message": "「对不起……这反应也太过了」",
    "len": 1
  },
  {
    "name": "樹",
    "message": "「是吧？所以我刚才那样就够了」",
    "len": 1
  },
  {
    "name": "柚",
    "message": "「……真的那样就行？」",
    "len": 1
  },
  {
    "name": "樹",
    "message": "「又不会影响里面的东西，对吧？喏，我们坐那边吧」",
    "len": 2
  },
  {
    "name": "柚",
    "message": "「嗯，是啊」",
    "len": 1
  },
  {
    "message": "我手拿着罐装咖啡，和柚并排坐在长椅上。",
    "len": 2
  },
  {
    "message": "咔嚓一声打开拉环，然后就这样仰头喝起来。",
    "len": 2
  },
  {
    "name": "樹",
    "message": "「…………」",
    "len": 1
  },
  {
    "message": "我一边湿润干燥的喉咙，一边抬头仰望天空。",
    "len": 1
  },
  {
    "name": "柚",
    "message": "「嗯……」",
    "len": 1
  },
  {
    "name": "樹",
    "message": "「嗯？怎么了吗？」",
    "len": 1
  },
  {
    "name": "柚",
    "message": "「……我正想找出原因呢。只是在想，这就是树你看到的景色啊」",
    "len": 2
  },
  {
    "name": "樹",
    "message": "「那是什么意思？」",
    "len": 1
  },
  {
    "name": "柚",
    "message": "「就这样就行。只是大概的感觉而已」",
    "len": 2
  },
  {
    "message": "我带着苦笑，也像她一样小口小口地啜饮着咖啡。",
    "len": 2
  },
  {
    "message": "虽然从一开始就不太像约会的感觉，但这种让人心情平静的氛围很不错。",
    "len": 2
  },
  {
    "name": "柚",
    "message": "「那个，如果这里早点变成公园的话，我们大家是不是就能在这儿玩很多了呢？」",
    "len": 2
  },
  {
    "name": "樹",
    "message": "「大概吧。这里又宽敞，看起来也不会有人来打扰。」",
    "len": 1
  },
  {
    "name": "柚",
    "message": "「打雪仗啊，堆雪人啊，感觉能比在院子里堆得更大呢。」",
    "len": 2
  },
  {
    "name": "樹",
    "message": "「我倒是更喜欢雪屋。可以在里面慢慢休息。」",
    "len": 2
  },
  {
    "name": "樹",
    "message": "「你知道吗？那里面意外地很暖和哦？」",
    "len": 1
  },
  {
    "name": "柚",
    "message": "「树，你老是想着休息啊。」",
    "len": 1
  },
  {
    "name": "樹",
    "message": "「总比累着好吧？而且还很有冬天的韵味。」",
    "len": 2
  },
  {
    "name": "柚",
    "message": "「出汗也很舒服的哦？要是树你也参加社团活动的话，应该就能明白了吧。」",
    "len": 2
  },
  {
    "name": "樹",
    "message": "「免了。我不喜欢团体活动，更别说累人的了。」",
    "len": 2
  },
  {
    "name": "樹",
    "message": "「当然了，就算是个人活动我也会拒绝的。」",
    "len": 1
  },
  {
    "name": "柚",
    "message": "「真可惜啊。明明树你只要努力就能做得很好的。」",
    "len": 2
  },
  {
    "name": "樹",
    "message": "「就算做了也做不好，而且我也不想做。我只想慢慢悠悠地过日子。」",
    "len": 2
  },
  {
    "name": "柚",
    "message": "「没办法啊……今天就放弃吧。」",
    "len": 1
  },
  {
    "message": "说多少遍都是一样的。",
    "len": 1
  },
  {
    "name": "柚",
    "message": "「但是啊，要是这样的话，你打算一直保持现在这个状态吗？」",
    "len": 2
  },
  {
    "name": "柚",
    "message": "「不去学校，一直待在家里……。明明树你那么聪明，还有很多其他能做的事情。」",
    "len": 2
  },
  {
    "name": "樹",
    "message": "「学习好和去学校是两回事吧？」",
    "len": 2
  },
  {
    "name": "樹",
    "message": "「就算去学校除了柚也没人跟我说话，也没什么特别有意思的事情。」",
    "len": 2
  },
  {
    "name": "樹",
    "message": "「反而会浪费我自己的时间，只会增加无聊的事情而已。」",
    "len": 2
  },
  {
    "name": "柚",
    "message": "「那么……现在的时间呢？是无聊的、浪费的时间吗？」",
    "len": 2
  },
  {
    "name": "樹",
    "message": "「要是那样的话，我就不会在这里做这种事了。」",
    "len": 1
  },
  {
    "name": "柚",
    "message": "「……这样啊。」",
    "len": 1
  },
  {
    "name": "柚",
    "message": "「树你是不是没考虑过将来呢？毕竟在这里做这种事情。」",
    "len": 2
  },
  {
    "name": "樹",
    "message": "「今天不是你邀请的吗？」",
    "len": 1
  },
  {
    "name": "柚",
    "message": "「是这样没错，但我不是这个意思。不过，我觉得现在这样也挺好的。」",
    "len": 2
  },
  {
    "name": "柚",
    "message": "「嘿！」",
    "len": 1
  },
  {
    "message": "她像是要跳出去一样从长椅上站起来，然后就那样用下手投的方式扔出了罐子。",
    "len": 2
  },
  {
    "name": "樹",
    "message": "「……漂亮。」",
    "len": 1
  },
  {
    "name": "柚",
    "message": "「哎呀，多谢多谢」",
    "len": 1
  },
  {
    "name": "樹",
    "message": "「那么，差不多该回去了吧？」",
    "len": 1
  },
  {
    "name": "柚",
    "message": "「怎么可能啊。还有很多想去的地方呢」",
    "len": 2
  },
  {
    "name": "樹",
    "message": "「很多……」",
    "len": 1
  },
  {
    "message": "真是不祥的话语。",
    "len": 1
  },
  {
    "name": "柚",
    "message": "「当然，你得陪我去所有地方哦」",
    "len": 1
  },
  {
    "name": "樹",
    "message": "「不，我不知道有多少地方，但是所有地方……」",
    "len": 1
  },
  {
    "name": "柚",
    "message": "「咖啡钱哦」",
    "len": 1
  },
  {
    "name": "樹",
    "message": "「呃……」",
    "len": 1
  },
  {
    "message": "在手头没钱的时候做这种事，真是个可怕的家伙……",
    "len": 2
  },
  {
    "name": "柚",
    "message": "「那么，从哪里开始呢～」",
    "len": 1
  },
  {
    "message": "看来我是没有拒绝的权利了。",
    "len": 1
  },
  {
    "name": "樹",
    "message": "「唉……没办法。做好心理准备吧」",
    "len": 1
  },
  {
    "name": "柚",
    "message": "「心理准备？你有多不情愿啊」",
    "len": 1
  },
  {
    "name": "樹",
    "message": "「不情愿到忍不住叹气的程度吧」",
    "len": 1
  },
  {
    "message": "从嘴边溢出的叹息没有留恋，很快就融入了空气中。",
    "len": 2
  },
  {
    "name": "樹",
    "message": "「不过……」",
    "len": 1
  },
  {
    "message": "现在这样就很好……对吧。",
    "len": 1
  },
  {
    "message": "虽然我同意……但我们理解的意思恐怕不一样吧。",
    "len": 1
  },
  {
    "message": "说到河滩，首先想到的果然还是结衣姐的事啊。",
    "len": 2
  },
  {
    "message": "她在废料堆里翻找的身影，那种氛围。强烈地让我意识到她与我的不同。",
    "len": 2
  },
  {
    "message": "我记得当时感到寂寞，因为意识到自己与她不同。",
    "len": 2
  },
  {
    "name": "柚",
    "message": "「喂……树」",
    "len": 1
  },
  {
    "name": "樹",
    "message": "「什、什么事？」",
    "len": 1
  },
  {
    "message": "我坐在河边，目不转睛地盯着河水流动。",
    "len": 1
  },
  {
    "message": "看到她那认真的表情，我稍微有些畏缩。",
    "len": 1
  },
  {
    "name": "柚",
    "message": "「这条河，会结冰吗？」",
    "len": 1
  },
  {
    "name": "樹",
    "message": "「……不会吧。毕竟是流水，零下几度是不会结冰的」",
    "len": 2
  },
  {
    "name": "柚",
    "message": "「啊，真没意思」",
    "len": 1
  },
  {
    "message": "看来我以为她很认真是我的错觉。",
    "len": 1
  },
  {
    "name": "樹",
    "message": "「啊，不过冒出水蒸气的话应该是有的吧？」",
    "len": 1
  },
  {
    "name": "柚",
    "message": "「那是什么啊，听起来像温泉一样？」",
    "len": 1
  },
  {
    "name": "柚",
    "message": "「温泉……下次我们去看看吧」",
    "len": 1
  },
  {
    "name": "樹",
    "message": "「你每次都太突然了……不，就算不突然我也不会去的」",
    "len": 2
  },
  {
    "name": "樹",
    "message": "「姬子猫不喜欢洗澡之类的，就算去温泉也不会高兴的吧」",
    "len": 2
  },
  {
    "message": "听说环境的变化会造成压力。",
    "len": 1
  },
  {
    "name": "柚",
    "message": "「喂，为什么这里突然提到那只假猫了？」",
    "len": 1
  },
  {
    "name": "樹",
    "message": "「为什么？不是你先说想去温泉的吗？」",
    "len": 2
  },
  {
    "name": "柚",
    "message": "「呃，那个是……」",
    "len": 1
  },
  {
    "name": "樹",
    "message": "「啊，要去的话可以叫上式子桑、结衣姐姐，当然还有琴子……」",
    "len": 2
  },
  {
    "message": "先把电卓那个脑袋放到一边不管。",
    "len": 1
  },
  {
    "name": "樹",
    "message": "「虽说大家的时间应该都能凑得上，但是所有人都会去吗……」",
    "len": 2
  },
  {
    "name": "柚",
    "message": "「等一下。我问你，为什么你脑子里就没有我们两个人去的想法呢？」",
    "len": 2
  },
  {
    "name": "樹",
    "message": "「那是因为……不太妥当吧。监护人的事，还有其他的原因……」",
    "len": 2
  },
  {
    "name": "柚",
    "message": "「可是，我们从小就认识了，这种程度应该没问题吧？」",
    "len": 2
  },
  {
    "name": "樹",
    "message": "「不行啊，这不就是你平常总说的吗？正常想想就知道不行吧」",
    "len": 2
  },
  {
    "name": "柚",
    "message": "「…………」",
    "len": 1
  },
  {
    "message": "她似乎无法接受，带着复杂的表情瞪着虚空。",
    "len": 1
  },
  {
    "message": "看来，愉快的约会到此为止了。",
    "len": 1
  },
  {
    "name": "樹",
    "message": "「天都快黑了，差不多该回去了吧」",
    "len": 1
  },
  {
    "message": "站起身来，轻轻拍掉裤子上的灰尘。",
    "len": 1
  },
  {
    "name": "柚",
    "message": "「等等……再多待一会儿，不行吗？」",
    "len": 1
  },
  {
    "name": "樹",
    "message": "「可是，天黑之前得——」",
    "len": 1
  },
  {
    "name": "柚",
    "message": "「求你了。就再多一会儿……」",
    "len": 1
  },
  {
    "name": "樹",
    "message": "「……好吧」",
    "len": 1
  },
  {
    "message": "面对她与平常任性不同的样子，我根本无法摇头拒绝。",
    "len": 2
  },
  {
    "message": "并不是要去哪里特定的地方。",
    "len": 1
  },
  {
    "message": "没有确定的目的地，只是随着脚步欣赏着沿途的风景。",
    "len": 2
  },
  {
    "message": "像是在巡访记忆中的地方，像是在寻找回忆的场所。",
    "len": 2
  },
  {
    "message": "唤醒着回忆，与柚并肩站在一起，眺望着城镇的景色。",
    "len": 2
  },
  {
    "message": "从小就住在这里，到处都是留在记忆中的景象。",
    "len": 2
  },
  {
    "message": "只是，要在短时间内走遍所有地方是不可能的。",
    "len": 1
  },
  {
    "name": "樹",
    "message": "「喂柚，还要继续逛吗？」",
    "len": 1
  },
  {
    "name": "柚",
    "message": "「为什么这么问？」",
    "len": 1
  },
  {
    "name": "樹",
    "message": "「为什么？太阳都下山了啊。再不回去的话会让人担心的哦？」",
    "len": 2
  },
  {
    "name": "柚",
    "message": "「这种程度没问题啦。喂，接下来去高台那边吧」",
    "len": 2
  },
  {
    "name": "樹",
    "message": "「没问题吗……琴子、式子桑，还有结衣姐都在等着呢？」",
    "len": 2
  },
  {
    "name": "柚",
    "message": "「等着……」",
    "len": 1
  },
  {
    "name": "樹",
    "message": "「……喂柚，发生什么事了吗？」",
    "len": 1
  },
  {
    "name": "柚",
    "message": "「这种事……连我自己都不知道啊」",
    "len": 1
  },
  {
    "name": "柚",
    "message": "「我自己都一头雾水，还想让你来告诉我呢……」",
    "len": 2
  },
  {
    "message": "虽然她说得不太清楚，但我能感受到柚正在烦恼着什么。",
    "len": 2
  },
  {
    "name": "樹",
    "message": "「…………」",
    "len": 1
  },
  {
    "message": "我觉得应该说点什么。",
    "len": 1
  },
  {
    "message": "这么想着抬起头时，一股冰凉的触感落在了我的手背上。",
    "len": 2
  },
  {
    "name": "樹",
    "message": "「哇……下雨了啊」",
    "len": 1
  },
  {
    "message": "看这天气，一时半会儿是不会停了。",
    "len": 1
  },
  {
    "name": "樹",
    "message": "「柚，要是有什么要想的事，回家后再想比较好哦。一直待在这里的话会感冒的」",
    "len": 2
  },
  {
    "name": "柚",
    "message": "「不要……」",
    "len": 1
  },
  {
    "name": "樹",
    "message": "「就算你这么说，也不能不回去吧？」",
    "len": 2
  },
  {
    "name": "柚",
    "message": "「回家……？」",
    "len": 1
  },
  {
    "name": "樹",
    "message": "「那当然啦。大家都在等着呢」",
    "len": 1
  },
  {
    "name": "樹",
    "message": "「我还跟琴子约好了不会太晚回去，式子桑也会担心的哦？」",
    "len": 2
  },
  {
    "name": "柚",
    "message": "「回家……是因为琴子酱说的吗？」",
    "len": 1
  },
  {
    "name": "樹",
    "message": "「……这是什么意思？」",
    "len": 1
  },
  {
    "name": "柚",
    "message": "「是因为琴子酱在家，所以你想快点回去吗？」",
    "len": 1
  },
  {
    "name": "樹",
    "message": "「……嗯，也不算说错」",
    "len": 1
  },
  {
    "message": "如果没人等着的话，再多逛一会儿也没问题。",
    "len": 2
  },
  {
    "message": "但是，家里有人在等着我们。",
    "len": 1
  },
  {
    "name": "柚",
    "message": "「树……果然琴子酱对你来说很重要吧」",
    "len": 1
  },
  {
    "name": "樹",
    "message": "「那当然啦。她可是我妹妹啊？」",
    "len": 1
  },
  {
    "name": "柚",
    "message": "「……不是的」",
    "len": 1
  },
  {
    "name": "柚",
    "message": "「那些人，不是的……」",
    "len": 1
  },
  {
    "name": "樹",
    "message": "「不是什么啊，你到底想说什么」",
    "len": 1
  },
  {
    "name": "柚",
    "message": "「因为，那些人是以前的……不是一直以来和我们在一起的大家啊」",
    "len": 2
  },
  {
    "name": "柚",
    "message": "「现在在这里的，不是经历了三年痛苦……拼尽全力活到现在的大家……」",
    "len": 2
  },
  {
    "name": "柚",
    "message": "「我……我问过那个人，问过式子桑了……」",
    "len": 2
  },
  {
    "name": "樹",
    "message": "「……你到底在说什么啊。那个人，不就是式子桑吗？」",
    "len": 2
  },
  {
    "name": "柚",
    "message": "「是这样没错……但又不是」",
    "len": 1
  },
  {
    "name": "柚",
    "message": "「我啊，和式子桑聊过之后……想了想。想来想去……果然，现在的那些人，是不一样的」",
    "len": 2
  },
  {
    "name": "柚",
    "message": "「最重要的是，树……想要把这三年发生的一切都当做没发生过」",
    "len": 2
  },
  {
    "name": "樹",
    "message": "「……没有那回事」",
    "len": 1
  },
  {
    "name": "柚",
    "message": "「就是有！」",
    "len": 1
  },
  {
    "name": "柚",
    "message": "「这三年里，树一直不愿意正视大家……」",
    "len": 2
  },
  {
    "name": "柚",
    "message": "「不知道大家都在做什么，就想把一切都抹去……」",
    "len": 2
  },
  {
    "name": "樹",
    "message": "「……我知道的。大家都不在家，过着自己想过的生活吧」",
    "len": 2
  },
  {
    "name": "柚",
    "message": "「不是这样的，树。我一直在看着……」",
    "len": 2
  },
  {
    "name": "柚",
    "message": "「在变成那样之前的事，还有家里变得没有交流的原因」",
    "len": 2
  },
  {
    "name": "柚",
    "message": "「一开始……虽然是因为琴子的事，但式子桑还是在努力着」",
    "len": 2
  },
  {
    "name": "柚",
    "message": "「她想让全家一起努力。但是……打破这一切的人是树哦？」",
    "len": 3
  },
  {
    "name": "樹",
    "message": "「打破……是我？」",
    "len": 1
  },
  {
    "message": "不对吧。我根本没有改变。改变的是我周围的人吧？",
    "len": 2
  },
  {
    "name": "柚",
    "message": "「树只是没看到而已。你只是以为自己看到了大家的情况」",
    "len": 3
  },
  {
    "name": "柚",
    "message": "「你只是以为自己知道……多看看、多聊聊，了解大家的心情啊」",
    "len": 3
  },
  {
    "name": "柚",
    "message": "「结衣桑一直看着树消沉的样子哦？她一直在努力安慰你哦？」",
    "len": 3
  },
  {
    "name": "柚",
    "message": "「但是，树不愿意与自己以外的人接触，也不再和想要鼓励你的结衣桑说话了」",
    "len": 4
  },
  {
    "name": "柚",
    "message": "「因为这个，结衣桑开始责备自己，和式子桑吵架，在家里失去了容身之处」",
    "len": 3
  },
  {
    "name": "柚",
    "message": "「树，你不知道这些事吧？」",
    "len": 1
  },
  {
    "name": "樹",
    "message": "「…………」",
    "len": 1
  },
  {
    "name": "柚",
    "message": "「电卓叔叔一直在努力支撑这个家哦？」",
    "len": 2
  },
  {
    "name": "柚",
    "message": "「电卓叔叔为了让树他们能够生活下去，不停地工作，忍受着外面的辛苦和家庭的困难……」",
    "len": 3
  },
  {
    "name": "柚",
    "message": "「但是工作没了，虽然想帮助家人，却什么也做不了」",
    "len": 3
  },
  {
    "name": "柚",
    "message": "「他因此很痛苦，但树完全没有注意到吧」",
    "len": 2
  },
  {
    "name": "柚",
    "message": "「他想要维系正在分崩离析的家庭，但因为工作的原因什么也说不出口」",
    "len": 3
  },
  {
    "name": "柚",
    "message": "「式子桑就是在代替他，试图把家人团结在一起啊」",
    "len": 2
  },
  {
    "name": "樹",
    "message": "「怎么会……可是那个人，不是只留下一张千元纸币就离开家的人吗？」",
    "len": 2
  },
  {
    "name": "柚",
    "message": "「连这种事都不明白吗……？」",
    "len": 1
  },
  {
    "name": "柚",
    "message": "「做了饭，却因为树连见面都不愿意，也不好好吃饭，所以才那样的吧？」",
    "len": 4
  },
  {
    "name": "柚",
    "message": "「她担心不在家的家人，做家务，是为了让你们能好好生活啊？」",
    "len": 3
  },
  {
    "name": "柚",
    "message": "「她不在家，是因为出去做兼职工作啊？」",
    "len": 2
  },
  {
    "name": "樹",
    "message": "「怎么会……」",
    "len": 1
  },
  {
    "name": "柚",
    "message": "「就连吃饭的钱，她也是每天工作赚来的……除了买东西和工作，她根本没有其他外出机会啊？」",
    "len": 3
  },
  {
    "name": "柚",
    "message": "「连这种事你都不知道吗？」",
    "len": 2
  },
  {
    "name": "柚",
    "message": "「即便在你只看你想看的东西的时候，式子桑也一直在默默工作着啊？」",
    "len": 3
  },
  {
    "name": "柚",
    "message": "「但你却觉得这是理所当然的……不，因为你还是个孩子，所以这样也没关系」",
    "len": 2
  },
  {
    "name": "柚",
    "message": "「可是，我绝对不能原谅你做出浪费式子桑三年努力的行为……」",
    "len": 3
  },
  {
    "name": "柚",
    "message": "「只看到快乐的事，只想看到对自己有利的世界……」",
    "len": 2
  },
  {
    "name": "柚",
    "message": "「认为自己是对的，别人都是错的，这种想法是不行的……」",
    "len": 3
  },
  {
    "name": "樹",
    "message": "「那么……」",
    "len": 1
  },
  {
    "name": "樹",
    "message": "「你是要我再杀一次琴子吗！？」",
    "len": 1
  },
  {
    "name": "柚",
    "message": "「虽然可能很痛苦……但我们还是得活下去啊」",
    "len": 2
  },
  {
    "name": "柚",
    "message": "「重置然后重来什么的，是绝对不能做的哦」",
    "len": 2
  },
  {
    "name": "柚",
    "message": "「大家都在拼命地活着不是吗？忍受着痛苦，努力想要获得幸福」",
    "len": 2
  },
  {
    "name": "柚",
    "message": "「把这一切都改变了的话，就等同于抹杀了所有人啊」",
    "len": 2
  },
  {
    "name": "柚",
    "message": "「我……讨厌那样。树也是喜欢大家的，对吧？」",
    "len": 3
  },
  {
    "name": "樹",
    "message": "「……嗯」",
    "len": 1
  },
  {
    "name": "柚",
    "message": "「我能理解树想要否定这一切的心情。因为你比我更喜欢大家……」",
    "len": 3
  },
  {
    "name": "柚",
    "message": "「但是啊，过去是无法改变的哦？无论如何，已经死去的人都不可能复活的」",
    "len": 3
  },
  {
    "name": "柚",
    "message": "「虽然很痛苦，但我们必须就这样继续活下去啊」",
    "len": 2
  },
  {
    "name": "柚",
    "message": "「要努力，再次成为一家人，必须这样活下去才行……」",
    "len": 2
  },
  {
    "message": "柚说的话……一定是对的。",
    "len": 1
  },
  {
    "message": "这种事，我当然也明白。",
    "len": 1
  },
  {
    "name": "樹",
    "message": "「这种事……」",
    "len": 1
  },
  {
    "message": "正因为如此……即使那是正确的论点，情感上也无法接受。",
    "len": 2
  },
  {
    "name": "樹",
    "message": "「就算是这样，这跟柚也没关系吧」",
    "len": 1
  },
  {
    "name": "樹",
    "message": "「这是我们家人的事。请不要多管闲事」",
    "len": 2
  },
  {
    "name": "柚",
    "message": "「外人……」",
    "len": 1
  },
  {
    "name": "樹",
    "message": "「没错吧。不管你多了解我们，你也不是我和琴子、大家的家人」",
    "len": 2
  },
  {
    "name": "柚",
    "message": "「是外人的话……就不能关心吗？」",
    "len": 1
  },
  {
    "name": "樹",
    "message": "「那种事，不管不顾不就行了吗」",
    "len": 1
  },
  {
    "name": "柚",
    "message": "「怎么可能不管啊！」",
    "len": 1
  },
  {
    "name": "柚",
    "message": "「我一直和你在一起啊！？一直看着你，当然会喜欢上你啊！？」",
    "len": 3
  },
  {
    "name": "柚",
    "message": "「你完全不看我……即便如此，只要能和你在一起，我也忍耐着……可现在连这个愿望都实现不了了……」",
    "len": 3
  },
  {
    "name": "柚",
    "message": "「我也想让你看看我啊」",
    "len": 1
  },
  {
    "name": "樹",
    "message": "「…………」",
    "len": 1
  },
  {
    "message": "我说不出话来。",
    "len": 1
  },
  {
    "name": "柚",
    "message": "「求你了……回答我。不要再模棱两可了……我想让树树做出决定」",
    "len": 3
  },
  {
    "name": "柚",
    "message": "「我已经受够这样下去了……」",
    "len": 1
  },
  {
    "name": "柚",
    "message": "「像以前那样，一直在一起……像兄妹那样的关系也可以」",
    "len": 2
  },
  {
    "name": "柚",
    "message": "「但如果不是那样的话，我想再进一步……」",
    "len": 2
  },
  {
    "name": "柚",
    "message": "「但是，如果两种都不行的话……我以后就不会再出现在树面前了……」",
    "len": 2
  },
  {
    "name": "樹",
    "message": "「——」",
    "len": 1
  },
  {
    "message": "咚，感觉有什么东西猛地震动了一下。",
    "len": 2
  },
  {
    "message": "一想到柚会离开，我突然感到一阵强烈的不安。",
    "len": 2
  },
  {
    "name": "柚",
    "message": "「一直在一起的话我还能忍受……但现在连这都做不到了」",
    "len": 2
  },
  {
    "name": "柚",
    "message": "「保持现状的话，我已经，无法再忍受了……」",
    "len": 2
  },
  {
    "message": "仿佛脚下在不断下沉，眼前的世界越来越暗。",
    "len": 2
  },
  {
    "message": "我必须做出决定……不得不做出决定。否则，柚就会离开我。",
    "len": 2
  },
  {
    "message": "但是，如果我做出决定的话——",
    "len": 1
  },
  {
    "name": "柚",
    "message": "「树树……」",
    "len": 1
  },
  {
    "name": "樹",
    "message": "「……唔」",
    "len": 1
  },
  {
    "name": "柚",
    "message": "「你……下不了决心吗？」",
    "len": 1
  },
  {
    "name": "樹",
    "message": "「我……」",
    "len": 1
  },
  {
    "name": "柚",
    "message": "「果然……你还是回答不了啊。对不起，我说了奇怪的话」",
    "len": 2
  },
  {
    "name": "柚",
    "message": "「我，要回去了……」",
    "len": 1
  },
  {
    "message": "她收回了半步前倾的身体。",
    "len": 1
  },
  {
    "message": "那半步的距离，仿佛就是我和柚之间的距离，不知不觉间我开口了。",
    "len": 2
  },
  {
    "name": "樹",
    "message": "「我，我也……」",
    "len": 1
  },
  {
    "message": "我颤抖着干涩的喉咙，转身面对看起来困惑又快要哭出来的柚。",
    "len": 2
  },
  {
    "name": "柚",
    "message": "「树树……？」",
    "len": 1
  },
  {
    "name": "樹",
    "message": "「我也……大概，不讨厌你……」",
    "len": 1
  },
  {
    "name": "柚",
    "message": "「大概……？」",
    "len": 1
  },
  {
    "message": "她会离开，再也见不到了。明明是柚主动来见我的。",
    "len": 2
  },
  {
    "message": "想到这理所当然的事情将不复存在，柚的存在在我心中变得越来越重要。",
    "len": 2
  },
  {
    "name": "樹",
    "message": "「我不希望你离开，而且，我、我喜欢……你吧」",
    "len": 2
  },
  {
    "name": "柚",
    "message": "「吧……是什么意思？」",
    "len": 1
  },
  {
    "name": "樹",
    "message": "「我想……我是喜欢你的」",
    "len": 1
  },
  {
    "message": "说出口的瞬间，我感觉到之前对柚怀有的感情，正在凝聚成一个明确的形态。",
    "len": 2
  },
  {
    "name": "樹",
    "message": "「我也，喜欢柚」",
    "len": 1
  },
  {
    "name": "樹",
    "message": "「除了家人之外，你是我最亲近的人，是我希望一直在身边的存在。我想，这就是所谓的喜欢吧」",
    "len": 2
  },
  {
    "name": "樹",
    "message": "「我……喜欢柚」",
    "len": 1
  },
  {
    "name": "柚",
    "message": "「…………」",
    "len": 1
  },
  {
    "name": "樹",
    "message": "「这样的回答……不行吗？」",
    "len": 1
  },
  {
    "name": "柚",
    "message": "「……没关系，因为是树做出的决定」",
    "len": 1
  },
  {
    "name": "柚",
    "message": "「你说了想让我留在身边……」",
    "len": 1
  },
  {
    "name": "柚",
    "message": "「接受了我的心意……」",
    "len": 1
  },
  {
    "message": "我用颤抖的手紧紧抱住靠在身边的柚。",
    "len": 1
  },
  {
    "message": "这是我第一次能够自己做出决定的对象。",
    "len": 1
  },
  {
    "message": "也许，颤抖的不是我，而是柚。",
    "len": 1
  },
  {
    "name": "柚",
    "message": "「……好冷啊」",
    "len": 1
  },
  {
    "name": "樹",
    "message": "「啊，是啊……」",
    "len": 1
  },
  {
    "message": "我们紧紧相拥，融化着试图冻僵我们身体的寒意。",
    "len": 2
  },
  {
    "message": "这份感觉，一定不是谎言。",
    "len": 1
  },
  {
    "name": "樹",
    "message": "「我们进房间吧」",
    "len": 1
  },
  {
    "name": "柚",
    "message": "「嗯……」",
    "len": 1
  },
  {
    "message": "我们紧紧相拥，缓缓开始行走。",
    "len": 1
  },
  {
    "name": "柚",
    "message": "「树树…………」",
    "len": 1
  },
  {
    "message": "我听到了她那几乎要消失的声音。",
    "len": 1
  },
  {
    "name": "樹",
    "message": "「柚……」",
    "len": 1
  },
  {
    "name": "柚",
    "message": "「树……树……」",
    "len": 1
  },
  {
    "name": "樹",
    "message": "「……柚……！」",
    "len": 1
  },
  {
    "message": "她一边艰难地呼吸，一边露出略显勉强的笑容。",
    "len": 1
  },
  {
    "message": "我感到一阵怜爱涌上心头，轻轻将她汗湿的肩膀搂在怀里。",
    "len": 2
  },
  {
    "name": "柚",
    "message": "「……啊……」",
    "len": 1
  },
  {
    "name": "樹",
    "message": "「那么，现在轮到我来回报你了」",
    "len": 1
  },
  {
    "name": "柚",
    "message": "「诶」",
    "len": 1
  },
  {
    "name": "樹",
    "message": "「哈」",
    "len": 1
  },
  {
    "name": "柚",
    "message": "「呼……嗯……」",
    "len": 1
  },
  {
    "message": "我们相拥了多长时间呢。",
    "len": 1
  },
  {
    "message": "在床上，我们两个似乎都不知不觉睡着了。",
    "len": 1
  },
  {
    "message": "随着疲劳渐渐消退，我们依偎在一起，互相凝视着对方。这种令人害羞的气氛让我们越来越难以忍受。",
    "len": 2
  },
  {
    "name": "柚",
    "message": "「要再来杯茶吗？」",
    "len": 1
  },
  {
    "name": "樹",
    "message": "「我就不用了」",
    "len": 1
  },
  {
    "name": "柚",
    "message": "「……这样啊。我也不用了」",
    "len": 1
  },
  {
    "message": "于是我们只好匆匆穿上衣服，仿佛在说『喝点茶吧』『好啊』似的，来到客厅里悠闲地坐着。",
    "len": 3
  },
  {
    "name": "柚",
    "message": "「……感觉有点奇怪……」",
    "len": 1
  },
  {
    "name": "柚",
    "message": "「和树，那个……和树，变成了特别的关系……什么的」",
    "len": 2
  },
  {
    "name": "樹",
    "message": "「毕竟我们做朋友的时间很长啊」",
    "len": 1
  },
  {
    "name": "柚",
    "message": "「……然后，就像什么都没发生过一样，在客厅里喝茶聊天」",
    "len": 2
  },
  {
    "name": "柚",
    "message": "「一般来说，应该怎么做呢？是不是还应该在床上相拥，或者因为不敢对视而扭扭捏捏的？」",
    "len": 3
  },
  {
    "name": "樹",
    "message": "「是啊。要么还在腻歪，要么还在害羞……但是我们的话，就这样喝着茶」",
    "len": 2
  },
  {
    "name": "柚",
    "message": "「嗯……」",
    "len": 1
  },
  {
    "name": "樹",
    "message": "「说好听点像夫妻，说难听点就是老夫老妻了」",
    "len": 1
  },
  {
    "name": "柚",
    "message": "「喂……别说得那么难听嘛！！虽然这样，我还是很心跳加速的……就、就算是现在，也还在砰砰直跳呢……」",
    "len": 3
  },
  {
    "name": "柚",
    "message": "「树也许只是在咕噜咕噜地喝茶，但是我还在心跳加速呢！！」",
    "len": 2
  },
  {
    "name": "柚",
    "message": "「我可没有树那么冷静……刚才的事情，对我来说是人生大事啊，身体还飘飘然的，脑子也转不过来……」",
    "len": 3
  },
  {
    "name": "樹",
    "message": "「这个嘛，我也是啊」",
    "len": 1
  },
  {
    "name": "柚",
    "message": "「诶，树不是看起来很冷静吗。现在是这样，那个……做的、时候也完全没有慌乱……」",
    "len": 2
  },
  {
    "name": "樹",
    "message": "「只是看起来而已。如果我满脸通红慌慌张张的，不是很恶心吗？」",
    "len": 2
  },
  {
    "name": "樹",
    "message": "「如果我说'好紧张啊'然后抱着你不放，你会怎么办？」",
    "len": 1
  },
  {
    "name": "柚",
    "message": "「虽然不会觉得恶心，但可能会笑出来哦」",
    "len": 1
  },
  {
    "name": "柚",
    "message": "「噗……啊哈哈哈哈！！光是想象一下，就觉得好好笑」",
    "len": 2
  },
  {
    "name": "柚",
    "message": "「啊哈哈，呵呵，呵，啊哈哈，啊哈哈哈哈……说什么心跳加速啊……噗，咕，噗呵呵……」",
    "len": 2
  },
  {
    "name": "樹",
    "message": "「哼」",
    "len": 1
  },
  {
    "name": "柚",
    "message": "「呵呵。呵呵呵呵呵，呵呵呵……」",
    "len": 2
  },
  {
    "name": "樹",
    "message": "「哈哈……你笑得太过头了」",
    "len": 1
  },
  {
    "name": "柚",
    "message": "「啊哈哈……嗯，总觉得好好笑，呵呵……呵呵，……哈啊，，哈啊……啊，嗯，嗯……」",
    "len": 2
  },
  {
    "name": "柚",
    "message": "「嗯……」",
    "len": 1
  },
  {
    "name": "樹",
    "message": "「…………………………………………」",
    "len": 1
  },
  {
    "message": "柚软绵绵地倚靠了过来。",
    "len": 1
  },
  {
    "message": "柔软的头发轻轻飘动，散发出淡淡的香气。",
    "len": 1
  },
  {
    "name": "柚",
    "message": "「我绝对不会忘记今天发生的事」",
    "len": 1
  },
  {
    "name": "樹",
    "message": "「我可能会把年月日和具体时间都记一辈子」",
    "len": 1
  },
  {
    "name": "柚",
    "message": "「哎呀，你总是这么细心……」",
    "len": 1
  },
  {
    "name": "樹",
    "message": "「哈哈」",
    "len": 1
  },
  {
    "name": "柚",
    "message": "「嘻嘻，嘿嘿……」",
    "len": 1
  },
  {
    "message": "我们相视而笑，脸靠得越来越近，不知不觉间彼此的身体也紧紧相拥。",
    "len": 2
  }
]