%CG番号,%CG別名,%CGファイル名,%サムネイルファイル名,%CG説明
101,0101かなみを立たせたまま上着の胸をはだけさせブラの上から愛撫。Ａ,ev/c08ev001a.pgx,tn/c08ev001a.pgx,かなみを立たせたまま上着の胸をはだけさせブラの上から愛撫。（下から見上げる角度。前から愛撫なので隆行は描写しないで良いと思います）
102,0102かなみを立たせたまま上着の胸をはだけさせブラの上から愛撫。Ｂ,ev/c08ev001b.pgx,tn/c08ev001b.pgx,ブラを外して愛撫。表情喘ぎ。
103,0103かなみを立たせたまま上着の胸をはだけさせブラの上から愛撫。Ｃ,ev/c08ev001c.pgx,tn/c08ev001c.pgx,スカートも捲り上げさせて愛撫。
104,0104かなみを立たせたまま上着の胸をはだけさせブラの上から愛撫。Ｄ,ev/c08ev001d.pgx,tn/c08ev001d.pgx,ショーツ履いたまま放尿。
201,0201風呂椅子に座って隆行に身体を洗われているかなみ。Ａ,ev/c08ev002a.pgx,tn/c08ev002a.pgx,風呂椅子に座って隆行に身体を洗われているかなみ。泡まみれで表情は恥ずかしそう。
202,0202風呂椅子に座って隆行に身体を洗われているかなみ。Ｂ,ev/c08ev002b.pgx,tn/c08ev002b.pgx,おしっこがなかなか出なくて困った表情。
203,0203風呂椅子に座って隆行に身体を洗われているかなみ。Ｃ,ev/c08ev002c.pgx,tn/c08ev002c.pgx,隆行にクリトリスを触られて喘ぐ表情。（表情以外の隆行の手などの差分は無しで良い）　
204,0204風呂椅子に座って隆行に身体を洗われているかなみ。Ｄ,ev/c08ev002d.pgx,tn/c08ev002d.pgx,かなみイってしまい、放尿。
301,0301ベッドの端に座ってＭ字開脚。Ａ,ev/c08ev003a.pgx,tn/c08ev003a.pgx,ベッドの端に座ってＭ字開脚。（股間を覗き込むような体育すわりに近い感じ）できれば股間アップぎみで。
302,0302ベッドの端に座ってＭ字開脚。Ｂ,ev/c08ev003b.pgx,tn/c08ev003b.pgx,ショーツずらし、愛撫されて表情喘ぎ。
303,0303ベッドの端に座ってＭ字開脚。Ｃ,ev/c08ev003c.pgx,tn/c08ev003c.pgx,かなみ放尿。
401,0401ベッドの上にぺたんと座り込んだ状態。Ａ,ev/c08ev004a.pgx,tn/c08ev004a.pgx,ベッドの上にぺたんと座り込んだ状態。カメラはかなみの背後からおしりのアップで。はずかしそうに隆行を見ているかなみ。　
402,0402ベッドの上にぺたんと座り込んだ状態。Ｂ,ev/c08ev004b.pgx,tn/c08ev004b.pgx,アナルを刺激されて喘ぐかなみ。
501,0501かなみはパジャマ姿。ベッドの上、腹這いに寝かせてお尻を突き出させた姿勢。Ａ,ev/c08ev005a.pgx,tn/c08ev005a.pgx,かなみはパジャマ姿。ベッドの上、腹這いに寝かせてお尻を突き出させた姿勢。パジャマの下をずらしている。恥ずかしそうな表情。
502,0502かなみはパジャマ姿。ベッドの上、腹這いに寝かせてお尻を突き出させた姿勢。Ｂ,ev/c08ev005b.pgx,tn/c08ev005b.pgx,アナルに座薬を入れられそうになって恥ずかしそうに＆苦しそうな表情。
503,0503かなみはパジャマ姿。ベッドの上、腹這いに寝かせてお尻を突き出させた姿勢。Ｃ,ev/c08ev005c.pgx,tn/c08ev005c.pgx,かなみイってしまい、愛液飛び散り。
601,0601ベッドの上、隆行のペニスをフェラするかなみ。四つんばい。Ａ,ev/c08ev006a.pgx,tn/c08ev006a.pgx,ベッドの上、隆行のペニスをフェラするかなみ。四つんばい。　
602,0602ベッドの上、隆行のペニスをフェラするかなみ。四つんばい。Ｂ,ev/c08ev006b.pgx,tn/c08ev006b.pgx,かなみのアナルにリコーダー挿入。表情喘ぎ。
603,0603ベッドの上、隆行のペニスをフェラするかなみ。四つんばい。Ｃ,ev/c08ev006c.pgx,tn/c08ev006c.pgx,隆行射精。かなみの顔に放出。
701,0701前屈みになってお尻は隆行に向かって突き出したポーズ。Ａ,ev/c08ev007a.pgx,tn/c08ev007a.pgx,前屈みになって（立位体前屈のような）お尻は隆行に向かって突き出したポーズ。股の間からかなみの顔が見えるアングル（おしり側・やや下からのアングル）　
702,0702屈みになってお尻は隆行に向かって突き出したポーズ。Ｂ,ev/c08ev007b.pgx,tn/c08ev007b.pgx,スカートを捲り上げ、パンツなし。下半身にはバタフライ装着。足に愛液が伝っている。困って隆行に救いを求める表情。
703,0703前屈みになってお尻は隆行に向かって突き出したポーズ。Ｃ,ev/c08ev007c.pgx,tn/c08ev007c.pgx,アナルにペニス挿入。かなみの表情喘ぎ。
704,0704前屈みになってお尻は隆行に向かって突き出したポーズ。Ｄ,ev/c08ev007d.pgx,tn/c08ev007d.pgx,隆行射精。おしりに精液がかかる。　
801,0801ベッドの上に横たわるかなみ。膝を閉じたまま内股なかんじで立てた状態。Ａ,ev/c08ev008a.pgx,tn/c08ev008a.pgx,ベッドの上に横たわるかなみ。膝を閉じたまま内股なかんじで立てた状態。頬を染めて隆行とのえっちを期待している表情。　
802,0802ベッドの上に横たわるかなみ。膝を閉じたまま内股なかんじで立てた状態。Ｂ,ev/c08ev008b.pgx,tn/c08ev008b.pgx,下着ずらされ愛撫。表情喘ぎ。
803,0803ベッドの上に横たわるかなみ。膝を閉じたまま内股なかんじで立てた状態。Ｃ,ev/c08ev008c.pgx,tn/c08ev008c.pgx,かなみ放尿。
901,0901挿入（正常位）Ａ,ev/c08ev009a.pgx,tn/c08ev009a.pgx,挿入（正常位）
902,0902挿入（正常位）Ｂ,ev/c08ev009b.pgx,tn/c08ev009b.pgx,射精＆放尿／いってしまう。
1101,1101床に膝を立ててベッドのふちに腕をつき、おしりを突き出すともか。Ａ,ev/c08ev011a.pgx,tn/c08ev011a.pgx,床に膝を立ててベッドのふちに腕をつき、おしりを突き出すともか。恥ずかしそう。
1102,1102床に膝を立ててベッドのふちに腕をつき、おしりを突き出すともか。Ｂ,ev/c08ev011b.pgx,tn/c08ev011b.pgx,スパッツずらしてお尻が出ている。
1103,1103床に膝を立ててベッドのふちに腕をつき、おしりを突き出すともか。Ｃ,ev/c08ev011c.pgx,tn/c08ev011c.pgx,ともかの表情、喘ぎ。
1201,1201椅子に座ったまま、ブルマ姿のともかを膝の上に乗せる隆行。Ａ,ev/c08ev012a.pgx,tn/c08ev012a.pgx,椅子に座ったまま、ブルマ姿のともかを膝の上に乗せる隆行。（身長差を強調のこと）恥ずかしそう＆嬉しそうなともか。　
1202,1202椅子に座ったまま、ブルマ姿のともかを膝の上に乗せる隆行。Ｂ,ev/c08ev012b.pgx,tn/c08ev012b.pgx,ともかの股間から隆行のペニスの先が覗いている。ブルマで素また
1203,1203椅子に座ったまま、ブルマ姿のともかを膝の上に乗せる隆行。Ｃ,ev/c08ev012c.pgx,tn/c08ev012c.pgx,ともか喘ぎ。
1204,1204椅子に座ったまま、ブルマ姿のともかを膝の上に乗せる隆行。Ｄ,ev/c08ev012d.pgx,tn/c08ev012d.pgx,隆行射精。
1205,1205椅子に座ったまま、ブルマ姿のともかを膝の上に乗せる隆行。Ｅ,ev/c08ev012e.pgx,tn/c08ev012e.pgx,ブルマをずらして、ブルマと股間の間にペニスをいれて、素また。
1206,1206椅子に座ったまま、ブルマ姿のともかを膝の上に乗せる隆行。Ｆ,ev/c08ev012f.pgx,tn/c08ev012f.pgx,ともか喘ぎ（dと共用）
1207,1207椅子に座ったまま、ブルマ姿のともかを膝の上に乗せる隆行。Ｇ,ev/c08ev012g.pgx,tn/c08ev012g.pgx,ブルマと股間の間から射精。
1301,1301机の上に座らされるともか。胸を中心にメジャーでぐるぐる巻き。Ａ,ev/c08ev013a.pgx,tn/c08ev013a.pgx,机の上に座らされるともか。胸を中心にメジャーでぐるぐる巻き。
1302,1302机の上に座らされるともか。胸を中心にメジャーでぐるぐる巻き。Ｂ,ev/c08ev013b.pgx,tn/c08ev013b.pgx,下半身を裸にされ、はずかしそう。　
1303,1303机の上に座らされるともか。胸を中心にメジャーでぐるぐる巻き。Ｃ,ev/c08ev013c.pgx,tn/c08ev013c.pgx,イくともか。愛液飛び散り。
1401,1401スク水姿で浴槽に座り、シャワーをかけられているともか。Ａ,ev/c08ev014a.pgx,tn/c08ev014a.pgx,スク水姿で浴槽に座り、シャワーをかけられているともか。手は水から顔をかばうようなポーズ。　
1402,1402スク水姿で浴槽に座り、シャワーをかけられているともか。Ｂ,ev/c08ev014b.pgx,tn/c08ev014b.pgx,股間にシャワーの水流を当てられ喘いでいるともか。
1403,1403スク水姿で浴槽に座り、シャワーをかけられているともか。Ｃ,ev/c08ev014c.pgx,tn/c08ev014c.pgx,ともか放尿。（シャワーの水流はなし）
1501,1501ブルマ姿のともか。鉄棒にぶら下がり、膝を曲げた状態。Ａ,ev/c08ev015a.pgx,tn/c08ev015a.pgx,ブルマ姿のともか。鉄棒にぶら下がり、膝を曲げた状態。はだけた胸を隆行が背後から胸を触っている。（隆行の顔だけ見えないように）
1502,1502ブルマ姿のともか。鉄棒にぶら下がり、膝を曲げた状態。Ｂ,ev/c08ev015b.pgx,tn/c08ev015b.pgx,隆行のズボンからペニスを出し、ともかの股間にこすりつけている。
1503,1503ブルマ姿のともか。鉄棒にぶら下がり、膝を曲げた状態。Ｃ,ev/c08ev015c.pgx,tn/c08ev015c.pgx,ともかのブルマをずらし、挿入。ともか喘ぎ。
1504,1504ブルマ姿のともか。鉄棒にぶら下がり、膝を曲げた状態。Ｄ,ev/c08ev015d.pgx,tn/c08ev015d.pgx,隆行射精。
1601,1601座り込んでいるともか。おしりをこちらに向けた状態。Ａ,ev/c08ev016a.pgx,tn/c08ev016a.pgx,座り込んでいるともか。おしりをこちらに向けた状態。疲れきった表情。
1602,1602座り込んでいるともか。おしりをこちらに向けた状態。Ｂ,ev/c08ev016b.pgx,tn/c08ev016b.pgx,バンソウコウはりつけ
1603,1603座り込んでいるともか。おしりをこちらに向けた状態。Ｃ,ev/c08ev016c.pgx,tn/c08ev016c.pgx,隆行挿入。
1604,1604座り込んでいるともか。おしりをこちらに向けた状態。Ｄ,ev/c08ev016d.pgx,tn/c08ev016d.pgx,隆行放出。
1605,1604座り込んでいるともか。おしりをこちらに向けた状態。Ｅ,ev/c08ev016e.pgx,tn/c08ev016e.pgx,再びバンソウコウはりつけ
1701,1701ベッドの上でバックで挿入されているともか。Ａ,ev/c08ev017a.pgx,tn/c08ev017a.pgx,ベッドの上でバックで挿入されているともか。全裸。必死な表情のともか。画面手前にはストップウォッチを持っている隆行の手。　
1702,1702ベッドの上でバックで挿入されているともか。Ｂ,ev/c08ev017b.pgx,tn/c08ev017b.pgx,隆行放出。結合部から精液吹き出し。
1801,1801ベッドの上で騎乗位で腰を振るともか。Ａ,ev/c08ev018a.pgx,tn/c08ev018a.pgx,ベッドの上で騎乗位で腰を振るともか。頬を赤らめながら隆行の方をみている。
1802,1802ベッドの上で騎乗位で腰を振るともか。Ｂ,ev/c08ev018b.pgx,tn/c08ev018b.pgx,隆行射精。結合部から精液溢れ。
1901,1901正常位でともかを犯す。Ａ,ev/c08ev019a.pgx,tn/c08ev019a.pgx,018から体をおこして、正常位でともかを犯す。といってもサイズ差があるので腰をかかえあげる感じ。
1902,1902正常位でともかを犯す。Ｂ,ev/c08ev019b.pgx,tn/c08ev019b.pgx,隆行射精。中だし。
2101,2101椅子に浅く座って股を広げスカートをたくし上げるなつゆ。Ａ,ev/c08ev021a.pgx,tn/c08ev021a.pgx,椅子に浅く座って股を広げ（片足は椅子にあげてもよい）スカートをたくし上げるなつゆ。下から見上げたアングルで。すました表情。　
2102,2102椅子に浅く座って股を広げスカートをたくし上げるなつゆ。Ｂ,ev/c08ev021b.pgx,tn/c08ev021b.pgx,隆行がショーツの上から舐める。なつゆの頬に赤み。感じ始めている表情。　
2103,2103椅子に浅く座って股を広げスカートをたくし上げるなつゆ。Ｃ,ev/c08ev021c.pgx,tn/c08ev021c.pgx,ショーツをずらしてクンニ。なつゆの表情、目線は隆行を見たまま喘ぎ。
2201,2201床に倒れている隆行の股間を足でもてあそぶなつゆ。Ａ,ev/c08ev022a.pgx,tn/c08ev022a.pgx,床に倒れている隆行の股間を足（靴は脱いで、素足にストッキング）でもてあそぶなつゆ。すました表情だが、頬は上気している。　
2202,2202床に倒れている隆行の股間を足でもてあそぶなつゆ。Ｂ,ev/c08ev022b.pgx,tn/c08ev022b.pgx,ズボンのファスナーが開いて、勃起したペニスが出ている。そのペニスを足コキ。
2203,2203床に倒れている隆行の股間を足でもてあそぶなつゆ。Ｃ,ev/c08ev022c.pgx,tn/c08ev022c.pgx,隆行射精。
2301,2301マングリ返しの体勢で、恥ずかしい＆怒っている表情。Ａ,ev/c08ev023a.pgx,tn/c08ev023a.pgx,マングリ返しの体勢で、恥ずかしい＆怒っている表情。局部むき出し。
2302,2302マングリ返しの体勢で、恥ずかしい＆怒っている表情。Ｂ,ev/c08ev023b.pgx,tn/c08ev023b.pgx,感じているなつゆの表情。
2303,2303マングリ返しの体勢で、恥ずかしい＆怒っている表情。Ｃ,ev/c08ev023c.pgx,tn/c08ev023c.pgx,イってしまい、愛液飛び散り。
2401,2401机にうつぶせにつっぷした状態のなつゆ。後ろ手にされ縛られている。Ａ,ev/c08ev024a.pgx,tn/c08ev024a.pgx,机にうつぶせにつっぷした状態のなつゆ。後ろ手にされ、ストッキングで縛られている。目線は隆行の方。
2402,2402机にうつぶせにつっぷした状態のなつゆ。後ろ手にされ縛られている。Ｂ,ev/c08ev024b.pgx,tn/c08ev024b.pgx,ショーツをずらされ、お尻にスパンキングの跡。喘ぎ顔で頬は上気している。　
2403,2403机にうつぶせにつっぷした状態のなつゆ。後ろ手にされ縛られている。Ｃ,ev/c08ev024c.pgx,tn/c08ev024c.pgx,イってしまい、愛液飛び散り。
2501,2501椅子にロープで縛り付けられているなつゆ。表情困り＆怒り。Ａ,ev/c08ev025a.pgx,tn/c08ev025a.pgx,椅子にロープで縛り付けられているなつゆ。表情困り＆怒り。
2502,2502椅子にロープで縛り付けられているなつゆ。表情困り＆怒り。Ｂ,ev/c08ev025b.pgx,tn/c08ev025b.pgx,上着とスカートずらして乳首＆股間出し。表情喘ぎ。
2503,2503椅子にロープで縛り付けられているなつゆ。表情困り＆怒り。Ｃ,ev/c08ev025c.pgx,tn/c08ev025c.pgx,ペニス挿入（ペニス透明でいいです）
2504,2504椅子にロープで縛り付けられているなつゆ。表情困り＆怒り。Ｄ,ev/c08ev025d.pgx,tn/c08ev025d.pgx,隆行射精。
2601,2601手コキするなつゆ。Ａ,ev/c08ev026a.pgx,tn/c08ev026a.pgx,ベッドの端に座っている隆行のペニスに自分のショーツをかぶせ、手コキするなつゆ。ペニスをアップで見て困惑している＆恥ずかしい表情。
2602,2602手コキするなつゆ。Ｂ,ev/c08ev026b.pgx,tn/c08ev026b.pgx,隆行射精。ショーツの隙間から精子が飛び出す。
2701,2701裸に首輪、尻尾（アナルバイブ）だけの格好のなつゆ。Ａ,ev/c08ev027a.pgx,tn/c08ev027a.pgx,裸に首輪、尻尾（アナルバイブ）だけの格好のなつゆ。しゃがみ込んで犬の「ちんちん」のポーズ。かなり恥ずかしそう。
2702,2702裸に首輪、尻尾（アナルバイブ）だけの格好のなつゆ。Ｂ,ev/c08ev027b.pgx,tn/c08ev027b.pgx,そのままの体勢で目の前に立っている隆行のペニスをフェラ。
2703,2703裸に首輪、尻尾（アナルバイブ）だけの格好のなつゆ。Ｃ,ev/c08ev027c.pgx,tn/c08ev027c.pgx,隆行に顔射されると同時になつゆ放尿。なつゆの舌を出して犬っぽく。
2801,2801拘束具で手足を固定され、天井から吊り下げられるなつゆ。Ａ,ev/c08ev028a.pgx,tn/c08ev028a.pgx,拘束具で手足を固定され、天井から吊り下げられるなつゆ。頬赤く、切なそうな表情。アナルにはアナルバイブが刺さっている。　
2802,2802拘束具で手足を固定され、天井から吊り下げられるなつゆ。Ｂ,ev/c08ev028b.pgx,tn/c08ev028b.pgx,■差分①：フェラチオ
2803,2803拘束具で手足を固定され、天井から吊り下げられるなつゆ。Ｃ,ev/c08ev028c.pgx,tn/c08ev028c.pgx,■差分②：顔射　
2901,2901挿入Ａ,ev/c08ev029a.pgx,tn/c08ev029a.pgx,挿入
2902,2902挿入Ｂ,ev/c08ev029b.pgx,tn/c08ev029b.pgx,■差分：中だし
3101,3101フェラするりおん。Ａ,ev/c08ev031a.pgx,tn/c08ev031a.pgx,フェラするりおん。（頭の位置は変えずに、隆行のペニスの角度を変えることで差分が楽になると思います）　
3102,3102フェラするりおん。Ｂ,ev/c08ev031b.pgx,tn/c08ev031b.pgx,隆行、りおんの口内に射精。りおんの口元から精液が流れる。
3201,3201アナルを舐めなているりおん。Ａ,ev/c08ev032a.pgx,tn/c08ev032a.pgx,メイド服姿。四つんばいで、お尻をあげた状態の隆行のズボンを下ろし、アナルを舐めなているりおん。ペニスも手コキ。（※できるだけ隆行を画面から外してください）
3202,3202アナルを舐めなているりおん。Ｂ,ev/c08ev032b.pgx,tn/c08ev032b.pgx,隆行射精。
3301,3301騎乗位のりおん。Ａ,ev/c08ev033a.pgx,tn/c08ev033a.pgx,メイド服姿。床の上。騎乗位のりおん。スカートをたくし上げて結合部が見える状態で。りおんの表情は嬉しそう。
3302,3302騎乗位のりおん。Ｂ,ev/c08ev033b.pgx,tn/c08ev033b.pgx,りおん喘ぎ。
3303,3303騎乗位のりおん。Ｃ,ev/c08ev033c.pgx,tn/c08ev033c.pgx,隆行射精。結合部から精液が溢れる感じ。
3401,3401ベッドの上に仰向けのりおん。Ａ,ev/c08ev034a.pgx,tn/c08ev034a.pgx,メイド服姿。ベッドの上に仰向けのりおん。（片膝立てて絵に変化をつけてください）恥ずかしそうに顔を手で覆っている描写が本文にありますが、絵では顔は見えるように手を添える程度で。目線は隆行へ。　
3402,3403ベッドの上に仰向けのりおん。B,ev/c08ev034b.pgx,tn/c08ev034b.pgx,ショーツをずらされ、クンニされる。隆行の頭は省略でも可。　
3403,3404ベッドの上に仰向けのりおん。C,ev/c08ev034c.pgx,tn/c08ev034c.pgx,イってしまったりおん、放尿。隆行の頭はなしで。
3501,3501脚立にのってハタキで高窓を掃除しているりおん。Ａ,ev/c08ev035a.pgx,tn/c08ev035a.pgx,メイド服姿。脚立にのってハタキで高窓を掃除しているりおん。おしりをカメラ側につきだしている格好。目線はカメラ側で。
3502,3502脚立にのってハタキで高窓を掃除しているりおん。B,ev/c08ev035b.pgx,tn/c08ev035b.pgx,スカートまくられ、モップの柄で股間を刺激されている。表情困りつつ照れ。　
3503,3503脚立にのってハタキで高窓を掃除しているりおん。C,ev/c08ev035c.pgx,tn/c08ev035c.pgx,喘ぎ。
3601,3601メイド服姿。立ったまま身体を曲げてお尻をつきだすりおん。A,ev/c08ev036a.pgx,tn/c08ev036a.pgx,メイド服姿。立ったまま身体を曲げてお尻をつきだすりおん。スカートはめくられショーツがむき出し。目線は背後にいる隆行に。頬赤らめて切なそうな表情。
3602,3602メイド服姿。立ったまま身体を曲げてお尻をつきだすりおん。B,ev/c08ev036b.pgx,tn/c08ev036b.pgx,ショーツをずらして愛撫。表情喘ぎ。
3701,3701メイド服姿。ベッドの上に上半身を伏せた感じでバックの体勢。A,ev/c08ev037a.pgx,tn/c08ev037a.pgx,メイド服姿。ベッドの上に上半身を伏せた感じでバックの体勢。
3702,3702メイド服姿。ベッドの上に上半身を伏せた感じでバックの体勢。B,ev/c08ev037b.pgx,tn/c08ev037b.pgx,ペニス挿入。
3703,3703メイド服姿。ベッドの上に上半身を伏せた感じでバックの体勢。C,ev/c08ev037c.pgx,tn/c08ev037c.pgx,隆行射精。結合部から精液溢れ。
3801,3801学校の制服姿（なつゆと同型）のりおん。A,ev/c08ev038a.pgx,tn/c08ev038a.pgx,学校の制服姿（なつゆと同型）のりおん。ベッドに横たわって隆行を潤んだ目で見ている。　
3802,3802学校の制服姿（なつゆと同型）のりおん。B,ev/c08ev038b.pgx,tn/c08ev038b.pgx,スカートをめくられ、胸ははだけられ。表情喘ぎ。
3901,3901ペニス挿入。A,ev/c08ev039a.pgx,tn/c08ev039a.pgx,ペニス挿入。（体位は同じようなものなので、アングル等をかえる）
3902,3902ペニス挿入。B,ev/c08ev039b.pgx,tn/c08ev039b.pgx,隆行射精。結合部から精液溢れ。
4101,4101椅子に座ったままＨマンガを読むはるか。A,ev/c08ev041a.pgx,tn/c08ev041a.pgx,椅子に座ったままＨマンガを読むはるか。手は股間。（股間が見えるアングルで）恥ずかしそう。
4102,4102椅子に座ったままＨマンガを読むはるか。B,ev/c08ev041b.pgx,tn/c08ev041b.pgx,はるか喘ぎ。
4201,4201床にぺたんとしゃがみこんで隆行のペニスをフェラ。A,ev/c08ev042a.pgx,tn/c08ev042a.pgx,床にぺたんとしゃがみこんで隆行のペニスをフェラ。顔赤らみ。
4202,4202床にぺたんとしゃがみこんで隆行のペニスをフェラ。B,ev/c08ev042b.pgx,tn/c08ev042b.pgx,隆行射精。顔射で眼鏡の上にも精液がかかる。目は開けたまま。
4301,4301猫耳のコスプレ。A,ev/c08ev043a.pgx,tn/c08ev043a.pgx,猫耳のコスプレ。（何かのアニメの衣装という設定なのでそれっぽく）の公園の木に手を付き、お尻を突き出したポーズ。膝は閉じている。恥ずかしそうに背後の隆行を見ている。
4302,4302猫耳のコスプレ。B,ev/c08ev043b.pgx,tn/c08ev043b.pgx,隆行のペニスを素股。喘いでいるはるか。
4303,4303猫耳のコスプレ。C,ev/c08ev043c.pgx,tn/c08ev043c.pgx,隆行射精。お尻に精液かかる。
4401,4401ノーマル服。直立で、恥ずかしそうにうつむいたはるか。A,ev/c08ev044a.pgx,tn/c08ev044a.pgx,ノーマル服。直立で、恥ずかしそうにうつむいたはるか。下はショーツのみ。
4402,4402ノーマル服。直立で、恥ずかしそうにうつむいたはるか。B,ev/c08ev044b.pgx,tn/c08ev044b.pgx,上着の裾をくわえ、ペンを持った隆行の手で身体に落書きをされるはるか。　
4403,4403ノーマル服。直立で、恥ずかしそうにうつむいたはるか。C,ev/c08ev044c.pgx,tn/c08ev044c.pgx,股間にペンやマーカーを差し込まれてるはるか。表情喘ぎ。
4501,4501ベッドに横たわっている巫女装束姿のはるか。A,ev/c08ev045a.pgx,tn/c08ev045a.pgx,ベッドに横たわっている巫女装束姿のはるか。
4502,4502ベッドに横たわっている巫女装束姿のはるか。B,ev/c08ev045b.pgx,tn/c08ev045b.pgx,袴を捲り上げられている。下着はなし。表情はずかしそう。
4503,4503ベッドに横たわっている巫女装束姿のはるか。C,ev/c08ev045c.pgx,tn/c08ev045c.pgx,隆行のペニス挿入。表情喘ぎ。
4504,4504ベッドに横たわっている巫女装束姿のはるか。D,ev/c08ev045d.pgx,tn/c08ev045d.pgx,隆行射精。精液が巫女装束にかかる。
4601,4601ベッドの上。マングリ返しの体勢のはるか。Ａ,ev/c08ev046a.pgx,tn/c08ev046a.pgx,ベッドの上。マングリ返しの体勢のはるか。ショーツの上から愛撫されるはるか。喘ぐ。　
4602,4602ベッドの上。マングリ返しの体勢のはるか。Ｂ,ev/c08ev046b.pgx,tn/c08ev046b.pgx,ショーツずらされローターでクリトリスを責められるはるか。
4603,4603ベッドの上。マングリ返しの体勢のはるか。Ｃ,ev/c08ev046c.pgx,tn/c08ev046c.pgx,バイブをヴァギナに挿入。　
4604,4604ベッドの上。マングリ返しの体勢のはるか。Ｄ,ev/c08ev046d.pgx,tn/c08ev046d.pgx,イってしまうはるか。愛液飛び散り。
4701,4701ベッドの上、正常位で挿入されているはるか。Ａ,ev/c08ev047a.pgx,tn/c08ev047a.pgx,ベッドの上、正常位で挿入されているはるか。恥ずかしそうに手で顔を隠そうとしている感じ（隠そうと手をそえている感じだけで、実際には顔は隠さないでください。）手前にデジカメのファインダーがあり、その中に写っているはるか。
4702,4702ベッドの上、正常位で挿入されているはるか。Ｂ,ev/c08ev047b.pgx,tn/c08ev047b.pgx,隆行射精。はるかのお腹に精液がかかる。（デジカメのファインダーの中も）
4801,4801メイド服をきて、恥ずかしそうなはるか。Ａ,ev/c08ev048a.pgx,tn/c08ev048a.pgx,メイド服（りおんのものとは別タイプ）をきて、恥ずかしそうなはるか。
4802,4802メイド服をきて、恥ずかしそうなはるか。Ｂ,ev/c08ev048b.pgx,tn/c08ev048b.pgx,胸をはだけ、スカートを捲られて愛撫されるはるか。
4901,4901イド服で騎乗位。Ａ,ev/c08ev049a.pgx,tn/c08ev049a.pgx,メイド服（りおんのものとは別タイプ）で騎乗位。顔をあかめつつ腰を振っているはるか。目は閉じず、目線は隆行に。
4902,4902メイド服で騎乗位。Ｂ,ev/c08ev049b.pgx,tn/c08ev049b.pgx,隆行放出。実際はペニスは抜いていないが、結合部分から液が飛び散っている感じで。
5101,5101勉強机の角に股をこすりつけてオナニーするけいと。Ａ,ev/c08ev051a.pgx,tn/c08ev051a.pgx,女物のショーツを付けたまま勉強机の角に股をこすりつけてオナニーするけいと。顔は上気している。
5102,5102勉強机の角に股をこすりつけてオナニーするけいと。Ｂ,ev/c08ev051b.pgx,tn/c08ev051b.pgx,ショーツの上端からけいとのペニスの先が出てくる。（勃起したため）
5103,5103勉強机の角に股をこすりつけてオナニーするけいと。Ｃ,ev/c08ev051c.pgx,tn/c08ev051c.pgx,射精するけいと。
5201,5201女装のけいと。椅子に座っている隆行をフェラ。Ａ,ev/c08ev052a.pgx,tn/c08ev052a.pgx,女装のけいと。椅子に座っている隆行をフェラ。けいとの股間がみえるような感じで。
5202,5202女装のけいと。椅子に座っている隆行をフェラ。Ｂ,ev/c08ev052b.pgx,tn/c08ev052b.pgx,けいとのスカートの股間の部分がテント状態。
5203,5203女装のけいと。椅子に座っている隆行をフェラ。Ｃ,ev/c08ev052c.pgx,tn/c08ev052c.pgx,けいとのテントを足で刺激する隆行。
5204,5204女装のけいと。椅子に座っている隆行をフェラ。Ｄ,ev/c08ev052d.pgx,tn/c08ev052d.pgx,隆行射精。けいとの口からあふれる精液、服にもいっぱいかかる。けいともスカートの内側に射精。
5301,5301女物の下着の上下。Ａ,ev/c08ev053a.pgx,tn/c08ev053a.pgx,女物の下着の上下。机の上に後ろ手に手を付き、腰を突き出すような姿勢のけいと。すでに勃起状態でペニスの先が見えている。
5302,5302女物の下着の上下。Ｂ,ev/c08ev053b.pgx,tn/c08ev053b.pgx,下着をずらし、ペニスにリボンを結ばれる。苦しそうに喘ぐけいと。　
5303,5303女物の下着の上下。Ｃ,ev/c08ev053c.pgx,tn/c08ev053c.pgx,リボンをほどかれ、射精するけいと。勢いよく飛び散る精子。
5401,5401スク水姿のけいと。Ａ,ev/c08ev054a.pgx,tn/c08ev054a.pgx,スク水姿のけいと。風呂場で立った姿勢のけいと。恥ずかしそう。シャワーの水がかかり、勃起したペニスの形が浮き上がる。（シャワーの水滴と塗れた水着の効果）
5402,5402スク水姿のけいと。Ｂ,ev/c08ev054b.pgx,tn/c08ev054b.pgx,水着の乳首の部分と股間が勃起した状態。ちょっとずらして乳首片方とか、ちんことか見えてもよいかも。
5403,5403スク水姿のけいと。Ｃ,ev/c08ev054c.pgx,tn/c08ev054c.pgx,けいと射精　※隆行の手は描かない方向で。
5501,5501女装。上着のすそをくわえて胸を露出している。Ａ,ev/c08ev055a.pgx,tn/c08ev055a.pgx,女装。上着のすそをくわえて胸を露出している。ブラはずらしている。両手は後ろ手にしばられている。
5502,5502女装。上着のすそをくわえて胸を露出している。Ｂ,ev/c08ev055b.pgx,tn/c08ev055b.pgx,。スカートをまくられ、露出したペニスにローターをテープで巻き付けられている。両乳首にもローター。表情喘ぎ。
5503,5503女装。上着のすそをくわえて胸を露出している。Ｃ,ev/c08ev055c.pgx,tn/c08ev055c.pgx,けいと射精。
5601,5601ブルマ姿。ベンチの上で四つんばいのけいと。Ａ,ev/c08ev056a.pgx,tn/c08ev056a.pgx,ブルマ姿。ベンチの上で四つんばいのけいと。恥ずかしそう。ブルマとけいとの下半身の隙間に勃起したペニスがちょっとだけみえたり。
5602,5602ブルマ姿。ベンチの上で四つんばいのけいと。Ｂ,ev/c08ev056b.pgx,tn/c08ev056b.pgx,ブルマと下着をずらされ、アナルをむき出しにされるけいと。（テキスト的にはアナルをいじられている）
5603,5603ブルマ姿。ベンチの上で四つんばいのけいと。Ｃ,ev/c08ev056c.pgx,tn/c08ev056c.pgx,けいとブルマの中に射精。
5701,5701女装で隆行は椅子に座ったまま、けいとを向かい合わせに座らせる。Ａ,ev/c08ev057a.pgx,tn/c08ev057a.pgx,スカートをめくって咥えるけいと。けいとのペニスはパンティの中で硬くなっている。隆行のは露出している。
5702,5702女装で隆行は椅子に座ったまま、けいとを向かい合わせに座らせる。Ｂ,ev/c08ev057b.pgx,tn/c08ev057b.pgx,パンティから顔をだす、けいとのペニス。快楽の表情。
5703,5703女装で隆行は椅子に座ったまま、けいとを向かい合わせに座らせる。Ｃ,ev/c08ev057c.pgx,tn/c08ev057c.pgx,２人とも射精。
5801,5801ベッドの上。後ろから抱きかかえられるけいと。Ａ,ev/c08ev058a.pgx,tn/c08ev058a.pgx,ベッドの上。後ろから抱きかかえられるけいと。（背面座位）ひざを立て、足は内股で女の子っぽく。その股間、パンティの上に隆行の勃起したペニスがこすりつけられている。
5802,5802ベッドの上。後ろから抱きかかえられるけいと。Ｂ,ev/c08ev058b.pgx,tn/c08ev058b.pgx,パンティをすこし下げられ、そのまま挿入されるけいと。表情喘ぎ。
5803,5803ベッドの上。後ろから抱きかかえられるけいと。Ｃ,ev/c08ev058c.pgx,tn/c08ev058c.pgx,けいと射精／隆行もアナルに中だし。
5901,5901正常位でスカートを捲られ挿入されている。Ａ,ev/c08ev059a.pgx,tn/c08ev059a.pgx,正常位でスカートを捲られ（服はみだれきっている・半裸）挿入されている。
5902,5902正常位でスカートを捲られ挿入されている。Ｂ,ev/c08ev059b.pgx,tn/c08ev059b.pgx,アナル中だし/同時にけいと射精。
6101,6101パジャマ姿。ベッドの上で後ろから抱きかかえられるゆず。Ａ,ev/c08ev061a.pgx,tn/c08ev061a.pgx,パジャマ姿。ベッドの上で後ろから抱きかかえられるゆず。頬赤く、ちょっと苦しそう。
6102,6102パジャマ姿。ベッドの上で後ろから抱きかかえられるゆず。Ｂ,ev/c08ev061b.pgx,tn/c08ev061b.pgx,ゆずのパジャマの胸はだけ、愛撫する隆行。ゆずの表情は喘ぎ。
6103,6103パジャマ姿。ベッドの上で後ろから抱きかかえられるゆず。Ｃ,ev/c08ev061c.pgx,tn/c08ev061c.pgx,いってしまうゆず。股間のあたりが濡れている（精液）…主人公は気付かない
6201,6201床に跪き、パジャマの胸をはだけているゆずのペニスを乳首にこすりつけている。Ａ,ev/c08ev062a.pgx,tn/c08ev062a.pgx,床に跪き、パジャマの胸をはだけているゆずのペニスを乳首にこすりつけている隆行。頬をそめつつ隆行のペニスをみているゆず。　
6202,6202床に跪き、パジャマの胸をはだけているゆずのペニスを乳首にこすりつけている。Ｂ,ev/c08ev062b.pgx,tn/c08ev062b.pgx,ゆず、昂奮してくる（表情差分）
6203,6203床に跪き、パジャマの胸をはだけているゆずのペニスを乳首にこすりつけている。Ｃ,ev/c08ev062c.pgx,tn/c08ev062c.pgx,射精。開いた口のあたりから胸まで飛び散る精液。
6301,6301パジャマ姿。ベッドに仰向けに押し倒された隆行に覆い被さるゆず。Ａ,ev/c08ev063a.pgx,tn/c08ev063a.pgx,パジャマ姿。ベッドに仰向けに押し倒された隆行に覆い被さるゆず。手は盛り上がった隆行のズボンの股間を触っている。手コキ。
6302,6302パジャマ姿。ベッドに仰向けに押し倒された隆行に覆い被さるゆず。Ｃ,ev/c08ev063b.pgx,tn/c08ev063b.pgx,隆行射精。
6303,6303パジャマ姿。ベッドに仰向けに押し倒された隆行に覆い被さるゆず。Ｄ,ev/c08ev063c.pgx,tn/c08ev063c.pgx,精液を口に運ぶゆず（差分処理できなければ省略）
6401,6401ベッドで６９。Ａ,ev/c08ev064a.pgx,tn/c08ev064a.pgx,ベッドで６９。
6402,6402ベッドで６９。Ｂ,ev/c08ev064b.pgx,tn/c08ev064b.pgx,ペニスだし
6403,6402ベッドで６９。Ｃ,ev/c08ev064c.pgx,tn/c08ev064c.pgx,隆行、ゆず共に射精
6501,6501壁に背中をもたれた状態のゆず。Ａ,ev/c08ev065a.pgx,tn/c08ev065a.pgx,壁に背中をもたれた状態のゆず。
6502,6502壁に背中をもたれた状態のゆず。Ｂ,ev/c08ev065b.pgx,tn/c08ev065b.pgx,パジャマのズボンがずらされ、ペニスが勃起している。
6503,6503壁に背中をもたれた状態のゆず。Ｃ,ev/c08ev065c.pgx,tn/c08ev065c.pgx,ペニスを触られ喘ぎ。
6504,6504壁に背中をもたれた状態のゆず。Ｄ,ev/c08ev065d.pgx,tn/c08ev065d.pgx,ゆず射精。
6601,6601立ったまま、パジャマを胸のまえで女の子っぽく握りしめてめくっている。Ａ,ev/c08ev066a.pgx,tn/c08ev066a.pgx,立ったまま、パジャマを胸のまえで女の子っぽく握りしめてめくっている。カメラアングルはゆずの股下から見上げる感じ。恥ずかしそう。
6602,6602立ったまま、パジャマを胸のまえで女の子っぽく握りしめてめくっている。Ｂ,ev/c08ev066b.pgx,tn/c08ev066b.pgx,隆行にアナルを刺激されて喘ぐゆず。
6603,6603立ったまま、パジャマを胸のまえで女の子っぽく握りしめてめくっている。Ｃ,ev/c08ev066c.pgx,tn/c08ev066c.pgx,ゆず射精。
6604,6604立ったまま、パジャマを胸のまえで女の子っぽく握りしめてめくっている。Ｄ,ev/c08ev066d.pgx,tn/c08ev066d.pgx,恥ずかしがりながら放尿。
6701,6701Ｍ字開脚の姿勢で抱きかかえられているゆず。Ａ,ev/c08ev067a.pgx,tn/c08ev067a.pgx,パジャマ姿。ベッドの上、膝は閉じ、Ｍ字開脚の姿勢で抱きかかえられているゆず。下半身は裸。
6702,6702Ｍ字開脚の姿勢で抱きかかえられているゆず。Ｂ,ev/c08ev067b.pgx,tn/c08ev067b.pgx,自分のペニスを握ってオナニーするゆず。表情喘ぎ。
6703,6703Ｍ字開脚の姿勢で抱きかかえられているゆず。Ｃ,ev/c08ev067c.pgx,tn/c08ev067c.pgx,隆行にペニスを挿入されるゆず。　
6704,6704Ｍ字開脚の姿勢で抱きかかえられているゆず。Ｄ,ev/c08ev067d.pgx,tn/c08ev067d.pgx,ゆず射精
6801,6801女子制服姿。お尻を突き出したポーズ。Ａ,ev/c08ev068a.pgx,tn/c08ev068a.pgx,女子制服姿。ベッドにうつぶせのゆず。お尻を突き出したポーズ。
6802,6802女子制服姿。お尻を突き出したポーズ。Ｂ,ev/c08ev068b.pgx,tn/c08ev068b.pgx,スカートをまくられ、愛撫され喘ぐ。
6803,6803女子制服姿。お尻を突き出したポーズ。Ｃ,ev/c08ev068c.pgx,tn/c08ev068c.pgx,泣きそうな表情（ペニスをゴムで縛られた）　
6901,6901隆行のペニス挿入。Ａ,ev/c08ev069a.pgx,tn/c08ev069a.pgx,隆行のペニス挿入。
6902,6902隆行のペニス挿入。Ｂ,ev/c08ev069b.pgx,tn/c08ev069b.pgx,隆行射精。
6903,6903隆行のペニス挿入。Ｃ,ev/c08ev069c.pgx,tn/c08ev069c.pgx,隆行射精後に連続してゆず射精。
7101,かなみED,ev/c08ed1.pgx,tn/c08ed1.pgx,かなみED
7201,ともかED,ev/c08ed2.pgx,tn/c08ed2.pgx,ともかED
7301,なつゆED,ev/c08ed3.pgx,tn/c08ed3.pgx,なつゆED
7401,りおんED,ev/c08ed4.pgx,tn/c08ed4.pgx,りおんED
7501,はるかED,ev/c08ed5.pgx,tn/c08ed5.pgx,はるかED
7601,けいとED,ev/c08ed6.pgx,tn/c08ed6.pgx,けいとED
7701,ゆずED,ev/c08ed7.pgx,tn/c08ed7.pgx,ゆずED

,,,,

