%エフェクト番号,%エフェクト内容
post_select,"<s_effect 0,0>"
pre_ev1,"<win_hide 10,800><s_effect 10,1600>"
pre_ev2,"<wait 1600><win_show 10,1600>"
ef_timepass,"<s_redraw><s_effect_p bg/b.pgx,1000,1000,400>"
ef_daypass,"<s_redraw><s_effect_p bg/b.pgx,500,2500,2500><m_fade 2000,2000><win_hide 10,1000><wait 2000>"
ef_move,"<s_redraw><s_effect 4,1000>"
ef_scenechange,"<s_redraw><s_effect_p bg/b.pgx,4000,2000><m_fade 500,3000>"
ef_chaptor_end,"<m_fade 0,2000><win_hide 10,1000><s_effect 10,2500>"
ef_chaptor_begin,"<s_redraw><wait 1000><s_effect 10,2500>"
pre_select,"<m_fade 500,3000>"
ef_dreamin,"<s_redraw><s_effect 30,1600>"
ef_dreamout,"<s_redraw><s_effect 30,3200>"
"<shake SC, 20, 5, 800, 800",
"<m_fade 0,700",
ef_scenein,"<s_redraw><s_effect_p bg/w.pgx,200,800>"
ef_sceneout,"<s_redraw><s_effect_p bg/w.pgx,800,1600,250>"
ef_flash,"<s_redraw><s_effect_p bg/w.pgx,200,800>"
ef_lightning,"<s_redraw><s_effect_p bg/w.pgx,50,400>"
ef_shasei,"<s_redraw><s_effect_p bg/w.pgx,100,2000>"
ef_ending_timepass,"<m_fade 0,5000><win_hide><s_effect 30,5000>"
ef_ending_fade,"<m_fade 0,5000><win_hide 10,1000><s_effect 10,5000>"
se_chime_int,<se chime_int.wav>
se_chime_ext,<se chime_ext.wav>
se_tackle,<se tackle.wav>
se_fall,<se fall.wav>
se_spanking,<se spanking.wav>
se_chain,<se chain.wav>
se_door_room,<se door_room.wav>
se_door_room_open,<se door_room_open.wav>
se_door_room_close,<se door_room_close.wav>
se_door_room_open_hard,<se door_room_open_hard.wav>
se_door_home,<se door_home.wav>
se_door_home_open,<se door_home_open.wav>
se_door_home_close,<se door_home_close.wav>
se_natsuyu_door,<se natsuyu_door.wav>
se_natsuyu_door_open,<se natsuyu_door_open.wav>
se_natsuyu_door_close,<se natsuyu_door_close.wav>
se_natsuyu_chime,<se natsuyu_chime.wav>
se_limousine_come,<se limousine_come.wav>
se_door_limousine_open,<se door_limousine_open.wav>
se_door_limousine_close,<se door_limousine_close.wav>
se_whistle,<se whistle.wav>
se_phon_down,<se phone_down.wav>
se_pika,<se pika.wav>
se_simeru,<se simeru.wav>
"<1,kaisou",
<1,
"<2,bgm_volume -1500,1000,1000",
<2,
"<1,yugami",
<1,

