#”Ô†,ƒ‰ƒxƒ‹,ƒTƒ€ƒlƒCƒ‹‚b‚f”Ô†
1,01kan010h,101
2,01kan020h,201
3,01kan030h,301
4,01kan040h,401
5,01kan050h,501
6,01kan060h,601
7,01kan070h,701
8,01kan080h,801
9,01kan080h.01kan090ed,7101
10,02tom010h,1101
11,02tom020h,1201
12,02tom030h,1301
13,02tom040h,1401
14,02tom050h,1501
15,02tom055h,1601
16,02tom060h,1701
17,02tom070h,1801
18,02tom070h.02tom080ed,7201
19,03nat010h,2101
20,03nat020h,2201
21,03nat030h,2301
22,03nat040h,2401
23,03nat050h,2501
24,03nat060h,2601
25,03nat070h,2701
26,03nat080h,2801
27,03nat080h.03nat090ed,7301
28,04rio010h,3101
29,04rio020h,3201
30,04rio030h,3301
31,04rio040h,3401
32,04rio050h,3501
33,04rio060h,3601
34,04rio070h,3701
35,04rio080h,3801
36,04rio080h.04rio090ed,7401
37,05har010h,4101
38,05har020h,4201
39,05har030h,4301
40,05har040h,4401
41,05har050h,4501
42,05har060h,4601
43,05har070h,4701
44,05har080h,4801
45,05har080h.05har090ed,7501
46,06kei010h,5101
47,06kei020h,5201
48,06kei030h,5301
49,06kei040h,5401
50,06kei050h,5501
51,06kei060h,5601
52,06kei070h,5701
53,06kei080h,5801
54,06kei080h.06kei090ed,7601
55,07yuz010h,6101
56,07yuz020h,6201
57,07yuz030h,6301
58,07yuz040h,6501
59,07yuz050h,6601
60,07yuz060h,6401
61,07yuz070h,6701
62,07yuz080h,6801
63,07yuz080h.07yuz090ed,7701

