%BGM番号,%BGM別名,%BGMファイル名,%BGMＣＤトラック番号,%BGM説明,
1,通常曲,bgm_01.wav,,朝の日差しに照らされて,
2,かなみ,bgm_02.wav,,窓辺に集う小鳥たち,
3,ともか,bgm_03.wav,,はるかな空を見つめては,
4,はるか,bgm_04.wav,,やさしく奏でる恋の唄,
5,けいと,bgm_05.wav,,秘めた想いは告げぬまま,
6,なつゆ,bgm_06.wav,,ツンと澄まして知らぬ顔,
7,りおん,bgm_07.wav,,けれど鼓動は鳴り響く,
8,ゆず,bgm_08.wav,,あなたがそばに近づいてくる,
9,勉強中,bgm_09.wav,,駄目よ駄目駄目それ以上はもう,
10,えっち１,bgm_10.wav,,わたしふにゃふにゃになっちゃう,
11,えっち２,bgm_11.wav,,気づけばあなたの腕の中,
12,ハッピーエンド,bgm_12.wav,,二人で紡ぐ愛の唄,
90,ましゅまろ,bgm_90.wav,,ましゅまろ,
91,ましゅまろ（カラオケver）,bgm_91.wav,,ましゅまろ（カラオケver）,
4294967295,BGM停止,,,BGM停止,

