%ST番号,%ST別名,%STファイル名,%ST説明
10101,かなみ通常＠通常,st/base01_01.pgx;st/face01_01.pgx,かなみ通常＠通常
10102,かなみ通常＠にっこり,st/base01_01.pgx;st/face01_02.pgx,かなみ通常＠にっこり
10103,かなみ通常＠笑,st/base01_01.pgx;st/face01_03.pgx,かなみ通常＠笑
10105,かなみ通常＠悲しい,st/base01_01.pgx;st/face01_05.pgx,かなみ通常＠悲しい
10106,かなみ通常＠すがる・怯え,st/base01_01.pgx;st/face01_06.pgx,かなみ通常＠すがる・怯え
10107,かなみ通常＠すねる,st/base01_01.pgx;st/face01_07.pgx,かなみ通常＠すねる
10108,かなみ通常＠がっくりする,st/base01_01.pgx;st/face01_08.pgx,かなみ通常＠がっくりする
10113,かなみ通常＠目そらす,st/base01_01.pgx;st/face01_13.pgx,かなみ通常＠目そらす
10114,かなみ通常＠きょとん,st/base01_01.pgx;st/face01_14.pgx,かなみ通常＠きょとん
10115,かなみ通常＠照れ,st/base01_01.pgx;st/face01_15.pgx,かなみ通常＠照れ
10116,かなみ通常＠照れ笑,st/base01_01.pgx;st/face01_16.pgx,かなみ通常＠照れ笑
10118,かなみ通常＠驚く,st/base01_01.pgx;st/face01_18.pgx,かなみ通常＠驚く
10119,かなみ通常＠慌てる,st/base01_01.pgx;st/face01_19.pgx,かなみ通常＠慌てる
10120,かなみ通常＠苦笑,st/base01_01.pgx;st/face01_20.pgx,かなみ通常＠苦笑
10121,かなみ通常＠怪訝,st/base01_01.pgx;st/face01_21.pgx,かなみ通常＠怪訝
10122,かなみ通常＠困る,st/base01_01.pgx;st/face01_22.pgx,かなみ通常＠困る
10127,かなみ通常＠不機嫌,st/base01_01.pgx;st/face01_27.pgx,かなみ通常＠不機嫌
10128,かなみ通常＠快感に浸る,st/base01_01.pgx;st/face01_28.pgx,かなみ通常＠快感に浸る
10129,かなみ通常＠快感を堪える,st/base01_01.pgx;st/face01_29.pgx,かなみ通常＠快感を堪える
10130,かなみ通常＠快感にびくっとする,st/base01_01.pgx;st/face01_30.pgx,かなみ通常＠快感にびくっとする
10201,かなみ裸＠通常,st/base01_02.pgx;st/face01_01.pgx,かなみ裸＠通常
10202,かなみ裸＠にっこり,st/base01_02.pgx;st/face01_02.pgx,かなみ裸＠にっこり
10203,かなみ裸＠笑,st/base01_02.pgx;st/face01_03.pgx,かなみ裸＠笑
10205,かなみ裸＠悲しい,st/base01_02.pgx;st/face01_05.pgx,かなみ裸＠悲しい
10206,かなみ裸＠すがる・怯え,st/base01_02.pgx;st/face01_06.pgx,かなみ裸＠すがる・怯え
10207,かなみ裸＠すねる,st/base01_02.pgx;st/face01_07.pgx,かなみ裸＠すねる
10208,かなみ裸＠がっくりする,st/base01_02.pgx;st/face01_08.pgx,かなみ裸＠がっくりする
10213,かなみ裸＠目そらす,st/base01_02.pgx;st/face01_13.pgx,かなみ裸＠目そらす
10214,かなみ裸＠きょとん,st/base01_02.pgx;st/face01_14.pgx,かなみ裸＠きょとん
10215,かなみ裸＠照れ,st/base01_02.pgx;st/face01_15.pgx,かなみ裸＠照れ
10216,かなみ裸＠照れ笑,st/base01_02.pgx;st/face01_16.pgx,かなみ裸＠照れ笑
10218,かなみ裸＠驚く,st/base01_02.pgx;st/face01_18.pgx,かなみ裸＠驚く
10219,かなみ裸＠慌てる,st/base01_02.pgx;st/face01_19.pgx,かなみ裸＠慌てる
10220,かなみ裸＠苦笑,st/base01_02.pgx;st/face01_20.pgx,かなみ裸＠苦笑
10221,かなみ裸＠怪訝,st/base01_02.pgx;st/face01_21.pgx,かなみ裸＠怪訝
10222,かなみ裸＠困る,st/base01_02.pgx;st/face01_22.pgx,かなみ裸＠困る
10227,かなみ裸＠不機嫌,st/base01_02.pgx;st/face01_27.pgx,かなみ裸＠不機嫌
10228,かなみ裸＠快感に浸る,st/base01_02.pgx;st/face01_28.pgx,かなみ裸＠快感に浸る
10229,かなみ裸＠快感を堪える,st/base01_02.pgx;st/face01_29.pgx,かなみ裸＠快感を堪える
10230,かなみ裸＠快感にびくっとする,st/base01_02.pgx;st/face01_30.pgx,かなみ裸＠快感にびくっとする
20101,ともか通常＠通常,st/base02_01.pgx;st/face02_01.pgx,ともか通常＠通常
20102,ともか通常＠にっこり,st/base02_01.pgx;st/face02_02.pgx,ともか通常＠にっこり
20103,ともか通常＠笑,st/base02_01.pgx;st/face02_03.pgx,ともか通常＠笑
20105,ともか通常＠悲しい,st/base02_01.pgx;st/face02_05.pgx,ともか通常＠悲しい
20107,ともか通常＠すねる,st/base02_01.pgx;st/face02_07.pgx,ともか通常＠すねる
20113,ともか通常＠目そらす,st/base02_01.pgx;st/face02_13.pgx,ともか通常＠目そらす
20114,ともか通常＠きょとん,st/base02_01.pgx;st/face02_14.pgx,ともか通常＠きょとん
20115,ともか通常＠照れ,st/base02_01.pgx;st/face02_15.pgx,ともか通常＠照れ
20116,ともか通常＠照れ笑,st/base02_01.pgx;st/face02_16.pgx,ともか通常＠照れ笑
20118,ともか通常＠驚く,st/base02_01.pgx;st/face02_18.pgx,ともか通常＠驚く
20119,ともか通常＠慌てる,st/base02_01.pgx;st/face02_19.pgx,ともか通常＠慌てる
20120,ともか通常＠苦笑,st/base02_01.pgx;st/face02_20.pgx,ともか通常＠苦笑
20121,ともか通常＠怪訝,st/base02_01.pgx;st/face02_21.pgx,ともか通常＠怪訝
20122,ともか通常＠困る,st/base02_01.pgx;st/face02_22.pgx,ともか通常＠困る
20128,ともか通常＠快感に浸る,st/base02_01.pgx;st/face02_28.pgx,ともか通常＠快感に浸る
20129,ともか通常＠快感を堪える,st/base02_01.pgx;st/face02_29.pgx,ともか通常＠快感を堪える
20130,ともか通常＠快感にびくっとする,st/base02_01.pgx;st/face02_30.pgx,ともか通常＠快感にびくっとする
20131,ともか通常＠気合いを入れる,st/base02_01.pgx;st/face02_31.pgx,ともか通常＠気合いを入れる
20201,ともか裸＠通常,st/base02_02.pgx;st/face02_01.pgx,ともか裸＠通常
20202,ともか裸＠にっこり,st/base02_02.pgx;st/face02_02.pgx,ともか裸＠にっこり
20203,ともか裸＠笑,st/base02_02.pgx;st/face02_03.pgx,ともか裸＠笑
20205,ともか裸＠悲しい,st/base02_02.pgx;st/face02_05.pgx,ともか裸＠悲しい
20207,ともか裸＠すねる,st/base02_02.pgx;st/face02_07.pgx,ともか裸＠すねる
20213,ともか裸＠目そらす,st/base02_02.pgx;st/face02_13.pgx,ともか裸＠目そらす
20214,ともか裸＠きょとん,st/base02_02.pgx;st/face02_14.pgx,ともか裸＠きょとん
20215,ともか裸＠照れ,st/base02_02.pgx;st/face02_15.pgx,ともか裸＠照れ
20216,ともか裸＠照れ笑,st/base02_02.pgx;st/face02_16.pgx,ともか裸＠照れ笑
20218,ともか裸＠驚く,st/base02_02.pgx;st/face02_18.pgx,ともか裸＠驚く
20219,ともか裸＠慌てる,st/base02_02.pgx;st/face02_19.pgx,ともか裸＠慌てる
20220,ともか裸＠苦笑,st/base02_02.pgx;st/face02_20.pgx,ともか裸＠苦笑
20221,ともか裸＠怪訝,st/base02_02.pgx;st/face02_21.pgx,ともか裸＠怪訝
20222,ともか裸＠困る,st/base02_02.pgx;st/face02_22.pgx,ともか裸＠困る
20228,ともか裸＠快感に浸る,st/base02_02.pgx;st/face02_28.pgx,ともか裸＠快感に浸る
20229,ともか裸＠快感を堪える,st/base02_02.pgx;st/face02_29.pgx,ともか裸＠快感を堪える
20230,ともか裸＠快感にびくっとする,st/base02_02.pgx;st/face02_30.pgx,ともか裸＠快感にびくっとする
20231,ともか裸＠気合いを入れる,st/base02_02.pgx;st/face02_31.pgx,ともか裸＠気合いを入れる
20301,ともかブルマ＠通常,st/base02_03.pgx;st/face02_01.pgx,ともかブルマ＠通常
20302,ともかブルマ＠にっこり,st/base02_03.pgx;st/face02_02.pgx,ともかブルマ＠にっこり
20303,ともかブルマ＠笑,st/base02_03.pgx;st/face02_03.pgx,ともかブルマ＠笑
20305,ともかブルマ＠悲しい,st/base02_03.pgx;st/face02_05.pgx,ともかブルマ＠悲しい
20307,ともかブルマ＠すねる,st/base02_03.pgx;st/face02_07.pgx,ともかブルマ＠すねる
20313,ともかブルマ＠目そらす,st/base02_03.pgx;st/face02_13.pgx,ともかブルマ＠目そらす
20314,ともかブルマ＠きょとん,st/base02_03.pgx;st/face02_14.pgx,ともかブルマ＠きょとん
20315,ともかブルマ＠照れ,st/base02_03.pgx;st/face02_15.pgx,ともかブルマ＠照れ
20316,ともかブルマ＠照れ笑,st/base02_03.pgx;st/face02_16.pgx,ともかブルマ＠照れ笑
20318,ともかブルマ＠驚く,st/base02_03.pgx;st/face02_18.pgx,ともかブルマ＠驚く
20319,ともかブルマ＠慌てる,st/base02_03.pgx;st/face02_19.pgx,ともかブルマ＠慌てる
20320,ともかブルマ＠苦笑,st/base02_03.pgx;st/face02_20.pgx,ともかブルマ＠苦笑
20321,ともかブルマ＠怪訝,st/base02_03.pgx;st/face02_21.pgx,ともかブルマ＠怪訝
20322,ともかブルマ＠困る,st/base02_03.pgx;st/face02_22.pgx,ともかブルマ＠困る
20328,ともかブルマ＠快感に浸る,st/base02_03.pgx;st/face02_28.pgx,ともかブルマ＠快感に浸る
20329,ともかブルマ＠快感を堪える,st/base02_03.pgx;st/face02_29.pgx,ともかブルマ＠快感を堪える
20330,ともかブルマ＠快感にびくっとする,st/base02_03.pgx;st/face02_30.pgx,ともかブルマ＠快感にびくっとする
20331,ともかブルマ＠気合いを入れる,st/base02_03.pgx;st/face02_31.pgx,ともかブルマ＠気合いを入れる
30101,なつゆ通常＠通常,st/base03_01.pgx;st/face03_01.pgx,なつゆ通常＠通常
30102,なつゆ通常＠にっこり,st/base03_01.pgx;st/face03_02.pgx,なつゆ通常＠にっこり
30103,なつゆ通常＠笑,st/base03_01.pgx;st/face03_03.pgx,なつゆ通常＠笑
30104,なつゆ通常＠真剣、軽い怒,st/base03_01.pgx;st/face03_04.pgx,なつゆ通常＠真剣、軽い怒
30106,なつゆ通常＠すがる・怯え,st/base03_01.pgx;st/face03_06.pgx,なつゆ通常＠すがる・怯え
30112,なつゆ通常＠怒る,st/base03_01.pgx;st/face03_12.pgx,なつゆ通常＠怒る
30113,なつゆ通常＠目そらす,st/base03_01.pgx;st/face03_13.pgx,なつゆ通常＠目そらす
30115,なつゆ通常＠照れ,st/base03_01.pgx;st/face03_15.pgx,なつゆ通常＠照れ
30117,なつゆ通常＠照れ怒,st/base03_01.pgx;st/face03_17.pgx,なつゆ通常＠照れ怒
30118,なつゆ通常＠驚く,st/base03_01.pgx;st/face03_18.pgx,なつゆ通常＠驚く
30119,なつゆ通常＠慌てる,st/base03_01.pgx;st/face03_19.pgx,なつゆ通常＠慌てる
30120,なつゆ通常＠苦笑,st/base03_01.pgx;st/face03_20.pgx,なつゆ通常＠苦笑
30121,なつゆ通常＠怪訝,st/base03_01.pgx;st/face03_21.pgx,なつゆ通常＠怪訝
30122,なつゆ通常＠困る,st/base03_01.pgx;st/face03_22.pgx,なつゆ通常＠困る
30127,なつゆ通常＠不機嫌,st/base03_01.pgx;st/face03_27.pgx,なつゆ通常＠不機嫌
30128,なつゆ通常＠快感に浸る,st/base03_01.pgx;st/face03_28.pgx,なつゆ通常＠快感に浸る
30129,なつゆ通常＠快感を堪える,st/base03_01.pgx;st/face03_29.pgx,なつゆ通常＠快感を堪える
30130,なつゆ通常＠快感にびくっとする,st/base03_01.pgx;st/face03_30.pgx,なつゆ通常＠快感にびくっとする
30201,なつゆ裸＠通常,st/base03_02.pgx;st/face03_01.pgx,なつゆ裸＠通常
30202,なつゆ裸＠にっこり,st/base03_02.pgx;st/face03_02.pgx,なつゆ裸＠にっこり
30203,なつゆ裸＠笑,st/base03_02.pgx;st/face03_03.pgx,なつゆ裸＠笑
30204,なつゆ裸＠真剣、軽い怒,st/base03_02.pgx;st/face03_04.pgx,なつゆ裸＠真剣、軽い怒
30206,なつゆ裸＠すがる・怯え,st/base03_02.pgx;st/face03_06.pgx,なつゆ裸＠すがる・怯え
30212,なつゆ裸＠怒る,st/base03_02.pgx;st/face03_12.pgx,なつゆ裸＠怒る
30213,なつゆ裸＠目そらす,st/base03_02.pgx;st/face03_13.pgx,なつゆ裸＠目そらす
30215,なつゆ裸＠照れ,st/base03_02.pgx;st/face03_15.pgx,なつゆ裸＠照れ
30217,なつゆ裸＠照れ怒,st/base03_02.pgx;st/face03_17.pgx,なつゆ裸＠照れ怒
30218,なつゆ裸＠驚く,st/base03_02.pgx;st/face03_18.pgx,なつゆ裸＠驚く
30219,なつゆ裸＠慌てる,st/base03_02.pgx;st/face03_19.pgx,なつゆ裸＠慌てる
30220,なつゆ裸＠苦笑,st/base03_02.pgx;st/face03_20.pgx,なつゆ裸＠苦笑
30221,なつゆ裸＠怪訝,st/base03_02.pgx;st/face03_21.pgx,なつゆ裸＠怪訝
30222,なつゆ裸＠困る,st/base03_02.pgx;st/face03_22.pgx,なつゆ裸＠困る
30227,なつゆ裸＠不機嫌,st/base03_02.pgx;st/face03_27.pgx,なつゆ裸＠不機嫌
30228,なつゆ裸＠快感に浸る,st/base03_02.pgx;st/face03_28.pgx,なつゆ裸＠快感に浸る
30229,なつゆ裸＠快感を堪える,st/base03_02.pgx;st/face03_29.pgx,なつゆ裸＠快感を堪える
30230,なつゆ裸＠快感にびくっとする,st/base03_02.pgx;st/face03_30.pgx,なつゆ裸＠快感にびくっとする
30301,なつゆボンデージ＠通常,st/base03_03.pgx;st/face03_01.pgx,なつゆボンデージ＠通常
30302,なつゆボンデージ＠にっこり,st/base03_03.pgx;st/face03_02.pgx,なつゆボンデージ＠にっこり
30303,なつゆボンデージ＠笑,st/base03_03.pgx;st/face03_03.pgx,なつゆボンデージ＠笑
30304,なつゆボンデージ＠真剣、軽い怒,st/base03_03.pgx;st/face03_04.pgx,なつゆボンデージ＠真剣、軽い怒
30306,なつゆボンデージ＠すがる・怯え,st/base03_03.pgx;st/face03_06.pgx,なつゆボンデージ＠すがる・怯え
30312,なつゆボンデージ＠怒る,st/base03_03.pgx;st/face03_12.pgx,なつゆボンデージ＠怒る
30313,なつゆボンデージ＠目そらす,st/base03_03.pgx;st/face03_13.pgx,なつゆボンデージ＠目そらす
30315,なつゆボンデージ＠照れ,st/base03_03.pgx;st/face03_15.pgx,なつゆボンデージ＠照れ
30317,なつゆボンデージ＠照れ怒,st/base03_03.pgx;st/face03_17.pgx,なつゆボンデージ＠照れ怒
30318,なつゆボンデージ＠驚く,st/base03_03.pgx;st/face03_18.pgx,なつゆボンデージ＠驚く
30319,なつゆボンデージ＠慌てる,st/base03_03.pgx;st/face03_19.pgx,なつゆボンデージ＠慌てる
30320,なつゆボンデージ＠苦笑,st/base03_03.pgx;st/face03_20.pgx,なつゆボンデージ＠苦笑
30321,なつゆボンデージ＠怪訝,st/base03_03.pgx;st/face03_21.pgx,なつゆボンデージ＠怪訝
30322,なつゆボンデージ＠困る,st/base03_03.pgx;st/face03_22.pgx,なつゆボンデージ＠困る
30327,なつゆボンデージ＠不機嫌,st/base03_03.pgx;st/face03_27.pgx,なつゆボンデージ＠不機嫌
30328,なつゆボンデージ＠快感に浸る,st/base03_03.pgx;st/face03_28.pgx,なつゆボンデージ＠快感に浸る
30329,なつゆボンデージ＠快感を堪える,st/base03_03.pgx;st/face03_29.pgx,なつゆボンデージ＠快感を堪える
30330,なつゆボンデージ＠快感にびくっとする,st/base03_03.pgx;st/face03_30.pgx,なつゆボンデージ＠快感にびくっとする
30401,なつゆ制服＠通常,st/base03_04.pgx;st/face03_01.pgx,なつゆ制服＠通常
30402,なつゆ制服＠にっこり,st/base03_04.pgx;st/face03_02.pgx,なつゆ制服＠にっこり
30403,なつゆ制服＠笑,st/base03_04.pgx;st/face03_03.pgx,なつゆ制服＠笑
30404,なつゆ制服＠真剣、軽い怒,st/base03_04.pgx;st/face03_04.pgx,なつゆ制服＠真剣、軽い怒
30406,なつゆ制服＠すがる・怯え,st/base03_04.pgx;st/face03_06.pgx,なつゆ制服＠すがる・怯え
30412,なつゆ制服＠怒る,st/base03_04.pgx;st/face03_12.pgx,なつゆ制服＠怒る
30413,なつゆ制服＠目そらす,st/base03_04.pgx;st/face03_13.pgx,なつゆ制服＠目そらす
30415,なつゆ制服＠照れ,st/base03_04.pgx;st/face03_15.pgx,なつゆ制服＠照れ
30417,なつゆ制服＠照れ怒,st/base03_04.pgx;st/face03_17.pgx,なつゆ制服＠照れ怒
30418,なつゆ制服＠驚く,st/base03_04.pgx;st/face03_18.pgx,なつゆ制服＠驚く
30419,なつゆ制服＠慌てる,st/base03_04.pgx;st/face03_19.pgx,なつゆ制服＠慌てる
30420,なつゆ制服＠苦笑,st/base03_04.pgx;st/face03_20.pgx,なつゆ制服＠苦笑
30421,なつゆ制服＠怪訝,st/base03_04.pgx;st/face03_21.pgx,なつゆ制服＠怪訝
30422,なつゆ制服＠困る,st/base03_04.pgx;st/face03_22.pgx,なつゆ制服＠困る
30427,なつゆ制服＠不機嫌,st/base03_04.pgx;st/face03_27.pgx,なつゆ制服＠不機嫌
30428,なつゆ制服＠快感に浸る,st/base03_04.pgx;st/face03_28.pgx,なつゆ制服＠快感に浸る
30429,なつゆ制服＠快感を堪える,st/base03_04.pgx;st/face03_29.pgx,なつゆ制服＠快感を堪える
30430,なつゆ制服＠快感にびくっとする,st/base03_04.pgx;st/face03_30.pgx,なつゆ制服＠快感にびくっとする
40101,りおんメイド服＠通常,st/base04_01.pgx;st/face04_01.pgx,りおんメイド服＠通常
40102,りおんメイド服＠にっこり,st/base04_01.pgx;st/face04_02.pgx,りおんメイド服＠にっこり
40103,りおんメイド服＠笑,st/base04_01.pgx;st/face04_03.pgx,りおんメイド服＠笑
40105,りおんメイド服＠悲しい,st/base04_01.pgx;st/face04_05.pgx,りおんメイド服＠悲しい
40106,りおんメイド服＠すがる・怯え,st/base04_01.pgx;st/face04_06.pgx,りおんメイド服＠すがる・怯え
40109,りおんメイド服＠泣く（ギャグ）,st/base04_01.pgx;st/face04_09.pgx,りおんメイド服＠泣く（ギャグ）
40113,りおんメイド服＠目そらす,st/base04_01.pgx;st/face04_13.pgx,りおんメイド服＠目そらす
40114,りおんメイド服＠きょとん,st/base04_01.pgx;st/face04_14.pgx,りおんメイド服＠きょとん
40115,りおんメイド服＠照れ,st/base04_01.pgx;st/face04_15.pgx,りおんメイド服＠照れ
40116,りおんメイド服＠照れ笑,st/base04_01.pgx;st/face04_16.pgx,りおんメイド服＠照れ笑
40118,りおんメイド服＠驚く,st/base04_01.pgx;st/face04_18.pgx,りおんメイド服＠驚く
40119,りおんメイド服＠慌てる,st/base04_01.pgx;st/face04_19.pgx,りおんメイド服＠慌てる
40120,りおんメイド服＠苦笑,st/base04_01.pgx;st/face04_20.pgx,りおんメイド服＠苦笑
40121,りおんメイド服＠怪訝,st/base04_01.pgx;st/face04_21.pgx,りおんメイド服＠怪訝
40122,りおんメイド服＠困る,st/base04_01.pgx;st/face04_22.pgx,りおんメイド服＠困る
40128,りおんメイド服＠快感に浸る,st/base04_01.pgx;st/face04_28.pgx,りおんメイド服＠快感に浸る
40129,りおんメイド服＠快感を堪える,st/base04_01.pgx;st/face04_29.pgx,りおんメイド服＠快感を堪える
40130,りおんメイド服＠快感にびくっとする,st/base04_01.pgx;st/face04_30.pgx,りおんメイド服＠快感にびくっとする
40131,りおんメイド服＠気合いを入れる,st/base04_01.pgx;st/face04_31.pgx,りおんメイド服＠気合いを入れる
40201,りおん裸＠通常,st/base04_02.pgx;st/face04_01.pgx,りおん裸＠通常
40202,りおん裸＠にっこり,st/base04_02.pgx;st/face04_02.pgx,りおん裸＠にっこり
40203,りおん裸＠笑,st/base04_02.pgx;st/face04_03.pgx,りおん裸＠笑
40205,りおん裸＠悲しい,st/base04_02.pgx;st/face04_05.pgx,りおん裸＠悲しい
40206,りおん裸＠すがる・怯え,st/base04_02.pgx;st/face04_06.pgx,りおん裸＠すがる・怯え
40209,りおん裸＠泣く（ギャグ）,st/base04_02.pgx;st/face04_09.pgx,りおん裸＠泣く（ギャグ）
40213,りおん裸＠目そらす,st/base04_02.pgx;st/face04_13.pgx,りおん裸＠目そらす
40214,りおん裸＠きょとん,st/base04_02.pgx;st/face04_14.pgx,りおん裸＠きょとん
40215,りおん裸＠照れ,st/base04_02.pgx;st/face04_15.pgx,りおん裸＠照れ
40216,りおん裸＠照れ笑,st/base04_02.pgx;st/face04_16.pgx,りおん裸＠照れ笑
40218,りおん裸＠驚く,st/base04_02.pgx;st/face04_18.pgx,りおん裸＠驚く
40219,りおん裸＠慌てる,st/base04_02.pgx;st/face04_19.pgx,りおん裸＠慌てる
40220,りおん裸＠苦笑,st/base04_02.pgx;st/face04_20.pgx,りおん裸＠苦笑
40221,りおん裸＠怪訝,st/base04_02.pgx;st/face04_21.pgx,りおん裸＠怪訝
40222,りおん裸＠困る,st/base04_02.pgx;st/face04_22.pgx,りおん裸＠困る
40228,りおん裸＠快感に浸る,st/base04_02.pgx;st/face04_28.pgx,りおん裸＠快感に浸る
40229,りおん裸＠快感を堪える,st/base04_02.pgx;st/face04_29.pgx,りおん裸＠快感を堪える
40230,りおん裸＠快感にびくっとする,st/base04_02.pgx;st/face04_30.pgx,りおん裸＠快感にびくっとする
40231,りおん裸＠気合いを入れる,st/base04_02.pgx;st/face04_31.pgx,りおん裸＠気合いを入れる
40301,りおん制服＠通常,st/base04_03.pgx;st/face04_01.pgx,りおん制服＠通常
40302,りおん制服＠にっこり,st/base04_03.pgx;st/face04_02.pgx,りおん制服＠にっこり
40303,りおん制服＠笑,st/base04_03.pgx;st/face04_03.pgx,りおん制服＠笑
40305,りおん制服＠悲しい,st/base04_03.pgx;st/face04_05.pgx,りおん制服＠悲しい
40306,りおん制服＠すがる・怯え,st/base04_03.pgx;st/face04_06.pgx,りおん制服＠すがる・怯え
40309,りおん制服＠泣く（ギャグ）,st/base04_03.pgx;st/face04_09.pgx,りおん制服＠泣く（ギャグ）
40313,りおん制服＠目そらす,st/base04_03.pgx;st/face04_13.pgx,りおん制服＠目そらす
40314,りおん制服＠きょとん,st/base04_03.pgx;st/face04_14.pgx,りおん制服＠きょとん
40315,りおん制服＠照れ,st/base04_03.pgx;st/face04_15.pgx,りおん制服＠照れ
40316,りおん制服＠照れ笑,st/base04_03.pgx;st/face04_16.pgx,りおん制服＠照れ笑
40318,りおん制服＠驚く,st/base04_03.pgx;st/face04_18.pgx,りおん制服＠驚く
40319,りおん制服＠慌てる,st/base04_03.pgx;st/face04_19.pgx,りおん制服＠慌てる
40320,りおん制服＠苦笑,st/base04_03.pgx;st/face04_20.pgx,りおん制服＠苦笑
40321,りおん制服＠怪訝,st/base04_03.pgx;st/face04_21.pgx,りおん制服＠怪訝
40322,りおん制服＠困る,st/base04_03.pgx;st/face04_22.pgx,りおん制服＠困る
40328,りおん制服＠快感に浸る,st/base04_03.pgx;st/face04_28.pgx,りおん制服＠快感に浸る
40329,りおん制服＠快感を堪える,st/base04_03.pgx;st/face04_29.pgx,りおん制服＠快感を堪える
40330,りおん制服＠快感にびくっとする,st/base04_03.pgx;st/face04_30.pgx,りおん制服＠快感にびくっとする
40331,りおん制服＠気合いを入れる,st/base04_03.pgx;st/face04_31.pgx,りおん制服＠気合いを入れる
50101,はるか通常＠通常,st/base05_01.pgx;st/face05_01.pgx,はるか通常＠通常
50102,はるか通常＠にっこり,st/base05_01.pgx;st/face05_02.pgx,はるか通常＠にっこり
50103,はるか通常＠笑,st/base05_01.pgx;st/face05_03.pgx,はるか通常＠笑
50105,はるか通常＠悲しい,st/base05_01.pgx;st/face05_05.pgx,はるか通常＠悲しい
50113,はるか通常＠目そらす,st/base05_01.pgx;st/face05_13.pgx,はるか通常＠目そらす
50114,はるか通常＠きょとん,st/base05_01.pgx;st/face05_14.pgx,はるか通常＠きょとん
50115,はるか通常＠照れ,st/base05_01.pgx;st/face05_15.pgx,はるか通常＠照れ
50116,はるか通常＠照れ笑,st/base05_01.pgx;st/face05_16.pgx,はるか通常＠照れ笑
50118,はるか通常＠驚く,st/base05_01.pgx;st/face05_18.pgx,はるか通常＠驚く
50119,はるか通常＠慌てる,st/base05_01.pgx;st/face05_19.pgx,はるか通常＠慌てる
50120,はるか通常＠苦笑,st/base05_01.pgx;st/face05_20.pgx,はるか通常＠苦笑
50121,はるか通常＠怪訝,st/base05_01.pgx;st/face05_21.pgx,はるか通常＠怪訝
50122,はるか通常＠困る,st/base05_01.pgx;st/face05_22.pgx,はるか通常＠困る
50127,はるか通常＠不機嫌,st/base05_01.pgx;st/face05_27.pgx,はるか通常＠不機嫌
50128,はるか通常＠快感に浸る,st/base05_01.pgx;st/face05_28.pgx,はるか通常＠快感に浸る
50129,はるか通常＠快感を堪える,st/base05_01.pgx;st/face05_29.pgx,はるか通常＠快感を堪える
50130,はるか通常＠快感にびくっとする,st/base05_01.pgx;st/face05_30.pgx,はるか通常＠快感にびくっとする
50131,はるか通常＠気合いを入れる,st/base05_01.pgx;st/face05_31.pgx,はるか通常＠気合いを入れる
50201,はるか裸＠通常,st/base05_02.pgx;st/face05_01.pgx,はるか裸＠通常
50202,はるか裸＠にっこり,st/base05_02.pgx;st/face05_02.pgx,はるか裸＠にっこり
50203,はるか裸＠笑,st/base05_02.pgx;st/face05_03.pgx,はるか裸＠笑
50205,はるか裸＠悲しい,st/base05_02.pgx;st/face05_05.pgx,はるか裸＠悲しい
50213,はるか裸＠目そらす,st/base05_02.pgx;st/face05_13.pgx,はるか裸＠目そらす
50214,はるか裸＠きょとん,st/base05_02.pgx;st/face05_14.pgx,はるか裸＠きょとん
50215,はるか裸＠照れ,st/base05_02.pgx;st/face05_15.pgx,はるか裸＠照れ
50216,はるか裸＠照れ笑,st/base05_02.pgx;st/face05_16.pgx,はるか裸＠照れ笑
50218,はるか裸＠驚く,st/base05_02.pgx;st/face05_18.pgx,はるか裸＠驚く
50219,はるか裸＠慌てる,st/base05_02.pgx;st/face05_19.pgx,はるか裸＠慌てる
50220,はるか裸＠苦笑,st/base05_02.pgx;st/face05_20.pgx,はるか裸＠苦笑
50221,はるか裸＠怪訝,st/base05_02.pgx;st/face05_21.pgx,はるか裸＠怪訝
50222,はるか裸＠困る,st/base05_02.pgx;st/face05_22.pgx,はるか裸＠困る
50227,はるか裸＠不機嫌,st/base05_02.pgx;st/face05_27.pgx,はるか裸＠不機嫌
50228,はるか裸＠快感に浸る,st/base05_02.pgx;st/face05_28.pgx,はるか裸＠快感に浸る
50229,はるか裸＠快感を堪える,st/base05_02.pgx;st/face05_29.pgx,はるか裸＠快感を堪える
50230,はるか裸＠快感にびくっとする,st/base05_02.pgx;st/face05_30.pgx,はるか裸＠快感にびくっとする
50231,はるか裸＠気合いを入れる,st/base05_02.pgx;st/face05_31.pgx,はるか裸＠気合いを入れる
50301,はるか巫女＠通常,st/base05_03.pgx;st/face05_01.pgx,はるか巫女＠通常
50302,はるか巫女＠にっこり,st/base05_03.pgx;st/face05_02.pgx,はるか巫女＠にっこり
50303,はるか巫女＠笑,st/base05_03.pgx;st/face05_03.pgx,はるか巫女＠笑
50305,はるか巫女＠悲しい,st/base05_03.pgx;st/face05_05.pgx,はるか巫女＠悲しい
50313,はるか巫女＠目そらす,st/base05_03.pgx;st/face05_13.pgx,はるか巫女＠目そらす
50314,はるか巫女＠きょとん,st/base05_03.pgx;st/face05_14.pgx,はるか巫女＠きょとん
50315,はるか巫女＠照れ,st/base05_03.pgx;st/face05_15.pgx,はるか巫女＠照れ
50316,はるか巫女＠照れ笑,st/base05_03.pgx;st/face05_16.pgx,はるか巫女＠照れ笑
50318,はるか巫女＠驚く,st/base05_03.pgx;st/face05_18.pgx,はるか巫女＠驚く
50319,はるか巫女＠慌てる,st/base05_03.pgx;st/face05_19.pgx,はるか巫女＠慌てる
50320,はるか巫女＠苦笑,st/base05_03.pgx;st/face05_20.pgx,はるか巫女＠苦笑
50321,はるか巫女＠怪訝,st/base05_03.pgx;st/face05_21.pgx,はるか巫女＠怪訝
50322,はるか巫女＠困る,st/base05_03.pgx;st/face05_22.pgx,はるか巫女＠困る
50327,はるか巫女＠不機嫌,st/base05_03.pgx;st/face05_27.pgx,はるか巫女＠不機嫌
50328,はるか巫女＠快感に浸る,st/base05_03.pgx;st/face05_28.pgx,はるか巫女＠快感に浸る
50329,はるか巫女＠快感を堪える,st/base05_03.pgx;st/face05_29.pgx,はるか巫女＠快感を堪える
50330,はるか巫女＠快感にびくっとする,st/base05_03.pgx;st/face05_30.pgx,はるか巫女＠快感にびくっとする
50331,はるか巫女＠気合いを入れる,st/base05_03.pgx;st/face05_31.pgx,はるか巫女＠気合いを入れる
60101,けいと通常＠通常,st/base06_01.pgx;st/face06_01.pgx,けいと通常＠通常
60102,けいと通常＠にっこり,st/base06_01.pgx;st/face06_02.pgx,けいと通常＠にっこり
60103,けいと通常＠笑,st/base06_01.pgx;st/face06_03.pgx,けいと通常＠笑
60104,けいと通常＠真剣、軽い怒,st/base06_01.pgx;st/face06_04.pgx,けいと通常＠真剣、軽い怒
60105,けいと通常＠悲しい,st/base06_01.pgx;st/face06_05.pgx,けいと通常＠悲しい
60113,けいと通常＠目そらす,st/base06_01.pgx;st/face06_13.pgx,けいと通常＠目そらす
60114,けいと通常＠きょとん,st/base06_01.pgx;st/face06_14.pgx,けいと通常＠きょとん
60115,けいと通常＠照れ,st/base06_01.pgx;st/face06_15.pgx,けいと通常＠照れ
60116,けいと通常＠照れ笑,st/base06_01.pgx;st/face06_16.pgx,けいと通常＠照れ笑
60117,けいと通常＠照れ怒,st/base06_01.pgx;st/face06_17.pgx,けいと通常＠照れ怒
60118,けいと通常＠驚く,st/base06_01.pgx;st/face06_18.pgx,けいと通常＠驚く
60119,けいと通常＠慌てる,st/base06_01.pgx;st/face06_19.pgx,けいと通常＠慌てる
60120,けいと通常＠苦笑,st/base06_01.pgx;st/face06_20.pgx,けいと通常＠苦笑
60122,けいと通常＠困る,st/base06_01.pgx;st/face06_22.pgx,けいと通常＠困る
60128,けいと通常＠快感に浸る,st/base06_01.pgx;st/face06_28.pgx,けいと通常＠快感に浸る
60129,けいと通常＠快感を堪える,st/base06_01.pgx;st/face06_29.pgx,けいと通常＠快感を堪える
60130,けいと通常＠快感にびくっとする,st/base06_01.pgx;st/face06_30.pgx,けいと通常＠快感にびくっとする
60201,けいと裸＠通常,st/base06_02.pgx;st/face06_01.pgx,けいと裸＠通常
60202,けいと裸＠にっこり,st/base06_02.pgx;st/face06_02.pgx,けいと裸＠にっこり
60203,けいと裸＠笑,st/base06_02.pgx;st/face06_03.pgx,けいと裸＠笑
60204,けいと裸＠真剣、軽い怒,st/base06_02.pgx;st/face06_04.pgx,けいと裸＠真剣、軽い怒
60205,けいと裸＠悲しい,st/base06_02.pgx;st/face06_05.pgx,けいと裸＠悲しい
60213,けいと裸＠目そらす,st/base06_02.pgx;st/face06_13.pgx,けいと裸＠目そらす
60214,けいと裸＠きょとん,st/base06_02.pgx;st/face06_14.pgx,けいと裸＠きょとん
60215,けいと裸＠照れ,st/base06_02.pgx;st/face06_15.pgx,けいと裸＠照れ
60216,けいと裸＠照れ笑,st/base06_02.pgx;st/face06_16.pgx,けいと裸＠照れ笑
60217,けいと裸＠照れ怒,st/base06_02.pgx;st/face06_17.pgx,けいと裸＠照れ怒
60218,けいと裸＠驚く,st/base06_02.pgx;st/face06_18.pgx,けいと裸＠驚く
60219,けいと裸＠慌てる,st/base06_02.pgx;st/face06_19.pgx,けいと裸＠慌てる
60220,けいと裸＠苦笑,st/base06_02.pgx;st/face06_20.pgx,けいと裸＠苦笑
60222,けいと裸＠困る,st/base06_02.pgx;st/face06_22.pgx,けいと裸＠困る
60228,けいと裸＠快感に浸る,st/base06_02.pgx;st/face06_28.pgx,けいと裸＠快感に浸る
60229,けいと裸＠快感を堪える,st/base06_02.pgx;st/face06_29.pgx,けいと裸＠快感を堪える
60230,けいと裸＠快感にびくっとする,st/base06_02.pgx;st/face06_30.pgx,けいと裸＠快感にびくっとする
60301,けいとブルマ＠通常,st/base06_03.pgx;st/face06_01.pgx,けいとブルマ＠通常
60302,けいとブルマ＠にっこり,st/base06_03.pgx;st/face06_02.pgx,けいとブルマ＠にっこり
60303,けいとブルマ＠笑,st/base06_03.pgx;st/face06_03.pgx,けいとブルマ＠笑
60304,けいとブルマ＠真剣、軽い怒,st/base06_03.pgx;st/face06_04.pgx,けいとブルマ＠真剣、軽い怒
60305,けいとブルマ＠悲しい,st/base06_03.pgx;st/face06_05.pgx,けいとブルマ＠悲しい
60313,けいとブルマ＠目そらす,st/base06_03.pgx;st/face06_13.pgx,けいとブルマ＠目そらす
60314,けいとブルマ＠きょとん,st/base06_03.pgx;st/face06_14.pgx,けいとブルマ＠きょとん
60315,けいとブルマ＠照れ,st/base06_03.pgx;st/face06_15.pgx,けいとブルマ＠照れ
60316,けいとブルマ＠照れ笑,st/base06_03.pgx;st/face06_16.pgx,けいとブルマ＠照れ笑
60317,けいとブルマ＠照れ怒,st/base06_03.pgx;st/face06_17.pgx,けいとブルマ＠照れ怒
60318,けいとブルマ＠驚く,st/base06_03.pgx;st/face06_18.pgx,けいとブルマ＠驚く
60319,けいとブルマ＠慌てる,st/base06_03.pgx;st/face06_19.pgx,けいとブルマ＠慌てる
60320,けいとブルマ＠苦笑,st/base06_03.pgx;st/face06_20.pgx,けいとブルマ＠苦笑
60322,けいとブルマ＠困る,st/base06_03.pgx;st/face06_22.pgx,けいとブルマ＠困る
60328,けいとブルマ＠快感に浸る,st/base06_03.pgx;st/face06_28.pgx,けいとブルマ＠快感に浸る
60329,けいとブルマ＠快感を堪える,st/base06_03.pgx;st/face06_29.pgx,けいとブルマ＠快感を堪える
60330,けいとブルマ＠快感にびくっとする,st/base06_03.pgx;st/face06_30.pgx,けいとブルマ＠快感にびくっとする
60401,けいと女装＠通常,st/base06_04.pgx;st/face06_01.pgx,けいと女装＠通常
60402,けいと女装＠にっこり,st/base06_04.pgx;st/face06_02.pgx,けいと女装＠にっこり
60403,けいと女装＠笑,st/base06_04.pgx;st/face06_03.pgx,けいと女装＠笑
60404,けいと女装＠真剣、軽い怒,st/base06_04.pgx;st/face06_04.pgx,けいと女装＠真剣、軽い怒
60405,けいと女装＠悲しい,st/base06_04.pgx;st/face06_05.pgx,けいと女装＠悲しい
60413,けいと女装＠目そらす,st/base06_04.pgx;st/face06_13.pgx,けいと女装＠目そらす
60414,けいと女装＠きょとん,st/base06_04.pgx;st/face06_14.pgx,けいと女装＠きょとん
60415,けいと女装＠照れ,st/base06_04.pgx;st/face06_15.pgx,けいと女装＠照れ
60416,けいと女装＠照れ笑,st/base06_04.pgx;st/face06_16.pgx,けいと女装＠照れ笑
60417,けいと女装＠照れ怒,st/base06_04.pgx;st/face06_17.pgx,けいと女装＠照れ怒
60418,けいと女装＠驚く,st/base06_04.pgx;st/face06_18.pgx,けいと女装＠驚く
60419,けいと女装＠慌てる,st/base06_04.pgx;st/face06_19.pgx,けいと女装＠慌てる
60420,けいと女装＠苦笑,st/base06_04.pgx;st/face06_20.pgx,けいと女装＠苦笑
60422,けいと女装＠困る,st/base06_04.pgx;st/face06_22.pgx,けいと女装＠困る
60428,けいと女装＠快感に浸る,st/base06_04.pgx;st/face06_28.pgx,けいと女装＠快感に浸る
60429,けいと女装＠快感を堪える,st/base06_04.pgx;st/face06_29.pgx,けいと女装＠快感を堪える
60430,けいと女装＠快感にびくっとする,st/base06_04.pgx;st/face06_30.pgx,けいと女装＠快感にびくっとする
70101,ゆずパジャマ＠通常,st/base07_01.pgx;st/face07_01.pgx,ゆずパジャマ＠通常
70102,ゆずパジャマ＠にっこり,st/base07_01.pgx;st/face07_02.pgx,ゆずパジャマ＠にっこり
70103,ゆずパジャマ＠笑,st/base07_01.pgx;st/face07_03.pgx,ゆずパジャマ＠笑
70105,ゆずパジャマ＠悲しい,st/base07_01.pgx;st/face07_05.pgx,ゆずパジャマ＠悲しい
70106,ゆずパジャマ＠すがる・怯え,st/base07_01.pgx;st/face07_06.pgx,ゆずパジャマ＠すがる・怯え
70113,ゆずパジャマ＠目そらす,st/base07_01.pgx;st/face07_13.pgx,ゆずパジャマ＠目そらす
70114,ゆずパジャマ＠きょとん,st/base07_01.pgx;st/face07_14.pgx,ゆずパジャマ＠きょとん
70115,ゆずパジャマ＠照れ,st/base07_01.pgx;st/face07_15.pgx,ゆずパジャマ＠照れ
70116,ゆずパジャマ＠照れ笑,st/base07_01.pgx;st/face07_16.pgx,ゆずパジャマ＠照れ笑
70118,ゆずパジャマ＠驚く,st/base07_01.pgx;st/face07_18.pgx,ゆずパジャマ＠驚く
70119,ゆずパジャマ＠慌てる,st/base07_01.pgx;st/face07_19.pgx,ゆずパジャマ＠慌てる
70120,ゆずパジャマ＠苦笑,st/base07_01.pgx;st/face07_20.pgx,ゆずパジャマ＠苦笑
70122,ゆずパジャマ＠困る,st/base07_01.pgx;st/face07_22.pgx,ゆずパジャマ＠困る
70123,ゆずパジャマ＠寝ぼけ,st/base07_01.pgx;st/face07_23.pgx,ゆずパジャマ＠寝ぼけ
70128,ゆずパジャマ＠快感に浸る,st/base07_01.pgx;st/face07_28.pgx,ゆずパジャマ＠快感に浸る
70129,ゆずパジャマ＠快感を堪える,st/base07_01.pgx;st/face07_29.pgx,ゆずパジャマ＠快感を堪える
70130,ゆずパジャマ＠快感にびくっとする,st/base07_01.pgx;st/face07_30.pgx,ゆずパジャマ＠快感にびくっとする
70201,ゆず下着＠通常,st/base07_02.pgx;st/face07_01.pgx,ゆず下着＠通常
70202,ゆず下着＠にっこり,st/base07_02.pgx;st/face07_02.pgx,ゆず下着＠にっこり
70203,ゆず下着＠笑,st/base07_02.pgx;st/face07_03.pgx,ゆず下着＠笑
70205,ゆず下着＠悲しい,st/base07_02.pgx;st/face07_05.pgx,ゆず下着＠悲しい
70206,ゆず下着＠すがる・怯え,st/base07_02.pgx;st/face07_06.pgx,ゆず下着＠すがる・怯え
70213,ゆず下着＠目そらす,st/base07_02.pgx;st/face07_13.pgx,ゆず下着＠目そらす
70214,ゆず下着＠きょとん,st/base07_02.pgx;st/face07_14.pgx,ゆず下着＠きょとん
70215,ゆず下着＠照れ,st/base07_02.pgx;st/face07_15.pgx,ゆず下着＠照れ
70216,ゆず下着＠照れ笑,st/base07_02.pgx;st/face07_16.pgx,ゆず下着＠照れ笑
70218,ゆず下着＠驚く,st/base07_02.pgx;st/face07_18.pgx,ゆず下着＠驚く
70219,ゆず下着＠慌てる,st/base07_02.pgx;st/face07_19.pgx,ゆず下着＠慌てる
70220,ゆず下着＠苦笑,st/base07_02.pgx;st/face07_20.pgx,ゆず下着＠苦笑
70222,ゆず下着＠困る,st/base07_02.pgx;st/face07_22.pgx,ゆず下着＠困る
70223,ゆず下着＠寝ぼけ,st/base07_02.pgx;st/face07_23.pgx,ゆず下着＠寝ぼけ
70228,ゆず下着＠快感に浸る,st/base07_02.pgx;st/face07_28.pgx,ゆず下着＠快感に浸る
70229,ゆず下着＠快感を堪える,st/base07_02.pgx;st/face07_29.pgx,ゆず下着＠快感を堪える
70230,ゆず下着＠快感にびくっとする,st/base07_02.pgx;st/face07_30.pgx,ゆず下着＠快感にびくっとする
70301,ゆず制服＠通常,st/base07_03.pgx;st/face07_01.pgx,ゆず制服＠通常
70302,ゆず制服＠にっこり,st/base07_03.pgx;st/face07_02.pgx,ゆず制服＠にっこり
70303,ゆず制服＠笑,st/base07_03.pgx;st/face07_03.pgx,ゆず制服＠笑
70305,ゆず制服＠悲しい,st/base07_03.pgx;st/face07_05.pgx,ゆず制服＠悲しい
70306,ゆず制服＠すがる・怯え,st/base07_03.pgx;st/face07_06.pgx,ゆず制服＠すがる・怯え
70313,ゆず制服＠目そらす,st/base07_03.pgx;st/face07_13.pgx,ゆず制服＠目そらす
70314,ゆず制服＠きょとん,st/base07_03.pgx;st/face07_14.pgx,ゆず制服＠きょとん
70315,ゆず制服＠照れ,st/base07_03.pgx;st/face07_15.pgx,ゆず制服＠照れ
70316,ゆず制服＠照れ笑,st/base07_03.pgx;st/face07_16.pgx,ゆず制服＠照れ笑
70318,ゆず制服＠驚く,st/base07_03.pgx;st/face07_18.pgx,ゆず制服＠驚く
70319,ゆず制服＠慌てる,st/base07_03.pgx;st/face07_19.pgx,ゆず制服＠慌てる
70320,ゆず制服＠苦笑,st/base07_03.pgx;st/face07_20.pgx,ゆず制服＠苦笑
70322,ゆず制服＠困る,st/base07_03.pgx;st/face07_22.pgx,ゆず制服＠困る
70323,ゆず制服＠寝ぼけ,st/base07_03.pgx;st/face07_23.pgx,ゆず制服＠寝ぼけ
70328,ゆず制服＠快感に浸る,st/base07_03.pgx;st/face07_28.pgx,ゆず制服＠快感に浸る
70329,ゆず制服＠快感を堪える,st/base07_03.pgx;st/face07_29.pgx,ゆず制服＠快感を堪える
70330,ゆず制服＠快感にびくっとする,st/base07_03.pgx;st/face07_30.pgx,ゆず制服＠快感にびくっとする

