%line,%seq,%text,%cheffect,%effect1,%music,%bg,%cg,%ov,%truename,%name,%voice,%st_center_name,%st_center
10000 ,@sysf_start,,,,,,,,,,,,
10100 ,,,,,,,,,,,,,
10200 ,,,,,,,,,,,,,
10300 ,,,,,,,,,,,,,
10400 ,,,,,,,,,,,,,
10600 ,$call GameInit,,,,,,,,,,,,
10700 ,,,,,,,,,,,,,
10900 ,@sysf_day_begin,,,,,,,,,,,,
11000 ,$call DayInit,,,,,,,,,,,,
11100 ,,,,,,,,,,,,,
11300 ,$call CharaSel,,,,,,,,,,,,
11400 ,*CharaSel_p,,,,,,,,,,,,
11500 ,,,,,,,,,,,,,
11800 ,"$if %%puni_lesson_exist%%,==,0,$go sysf_day_end_noeffect",,,,,,,,,,,,
11900 ,,,,,,,,,,,,,
12100 ,$call ShowCalendar,,,,,,,,,,,,
12200 ,,,,,,,,,,,,,
12400 ,"$call DayOp, DayOp_p",,,,,,,,,,,,
12500 ,*DayOp_p,,,,,,,,,,,,
12600 ,,,,,,,,,,,,,
12800 ,"$call CheckHomeWork, CheckHomeWork_p",,,,,,,,,,,,
12900 ,*CheckHomeWork_p,,,,,,,,,,,,
13000 ,,,,,9,,,,,,,,
13200 ,$call SetSchedule,,,,,,,,,,,,
13300 ,,,,,,,,,,,,,
13500 ,$call Lesson,,,,,,,,,,,,
13600 ,,,,,,,,,,,,,
13900 ,"$call LessonEnd, LessonEnd_p",,,,,,,,,,,,
14000 ,*LessonEnd_p,,,,,,,,,,,,
14100 ,,,,,,,,,,,,,
14300 ,"$if %%puni_firstday%%,==,1,$go sysf_notest",,,,,,,,,,,,
14400 ,,,,,,,,,,,,,
14500 ,,,,,,,,,,,,,
14800 ,"$call TestExec, TestExec_p",,,,,,,,,,,,
14900 ,*TestExec_p,,,,,,,,,,,,
15000 ,,,,,,,,,,,,,
15200 ,"$call InTest, InTest_p",,,,,,,,,,,,
15300 ,*InTest_p,,,,,,,,,,,,
15400 ,,,,,,,,,,,,,
15600 ,"$if %%TestPass%%,==,1,$go sysf_test_good",,,,,,,,,,,,
15700 ,$go sysf_test_bad,,,,,,,,,,,,
15800 ,,,,,,,,,,,,,
15900 ,,,,,,,,,,,,,
16000 ,,,,,,,,,,,,,
16100 ,,,,,,,,,,,,,
16200 ,,,,,,,,,,,,,
16300 ,,,,,,,,,,,,,
16400 ,@sysf_test_good,,,,,,,,,,,,
16600 ,"$call HScene, HScene_p",,,,,,,,,,,,
16700 ,*HScene_p,,,,,,,,,,,,
16800 ,,,,,,,,,,,,,
17000 ,$call LevelUp,,,,,,,,,,,,
17100 ,,,,,,,,,,,,,
17200 ,$go sysf_day_end,,,,,,,,,,,,
17300 ,,,,,,,,,,,,,
17400 ,,,,,,,,,,,,,
17500 ,,,,,,,,,,,,,
17600 ,,,,,,,,,,,,,
17700 ,,,,,,,,,,,,,
17800 ,,,,,,,,,,,,,
17900 ,@sysf_test_bad,,,,,,,,,,,,
18100 ,"$call TestFailure, TestFailure_p",,,,,,,,,,,,
18200 ,*TestFailure_p,,,,,,,,,,,,
18300 ,$go sysf_HomeWork,,,,,,,,,,,,
18400 ,,,,,,,,,,,,,
18500 ,,,,,,,,,,,,,
18600 ,,,,,,,,,,,,,
18700 ,,,,,,,,,,,,,
18800 ,,,,,,,,,,,,,
18900 ,@sysf_notest,,,,,,,,,,,,
19100 ,"$gosub sysf_SetBGM_curchara, sysf_SetBGM_curchara_p",,,,,,,,,,,,
19200 ,*sysf_SetBGM_curchara_p,,,,,,,,,,,,
19300 ,,,,,,,,,,,,,
19400 ,,,,,,,,,,,,,
19500 ,,,,,,,,,,,,,
19700 ,@sysf_HomeWork,,,,,,,,,,,,
19800 ,,　今天的作蠻怎韈澆聾……。,,,,,,,,,,,
19900 ,"$call SetHomeWork, SetHomeWork_p",,,,,,,,,,,,
20000 ,*SetHomeWork_p,,,,,,,,,,,,
20100 ,,,,,,,,,,,,,
20400 ,"$call SayGoodBye, SayGoodBye_p",,,,,,,,,,,,
20500 ,*SayGoodBye_p,,,,,,,,,,,,
20600 ,,,,,,,,,,,,,
20700 ,$go sysf_day_end,,,,,,,,,,,,
20800 ,,,,,,,,,,,,,
20900 ,,,,,,,,,,,,,
21000 ,,,,,,,,,,,,,
21100 ,,,,,,,,,,,,,
21200 ,@sysf_day_end,,,,4294967295,9000,,,,,,,
21300 ,,,,,1,1,,,,,,,
21400 ,@sysf_day_end_noeffect,,,,,,,,,,,,
21600 ,$call DayEnd,,,,,,,,,,,,
21700 ,,,,,,,,,,,,,
21900 ,"$if %%puni_month%%,==,10,""$if %%puni_day%%,==,24, $go sysf_ending""",,,,,,,,,,,,
22000 ,,,,,,,,,,,,,
22200 ,$go sysf_day_begin,,,,,,,,,,,,
22300 ,,,,,,,,,,,,,
22400 ,,,,,,,,,,,,,
22500 ,,,,,,,,,,,,,
22600 ,,,,,,,,,,,,,
22700 ,,,,,,,,,,,,,
22800 ,,,,,,,,,,,,,
22900 ,,,,,,,,,,,,,
23000 ,,,,,,,,,,,,,
23100 ,@sysf_ending,,,,,,,,,,,,
23300 ,$go game_over,,,,,,,,,,,,
23400 ,,,,,,,,,,,,,
23500 ,$exit,,,,,,,,,,,,
23700 ,,,,,,,,,,,,,
23800 ,,,,,,,,,,,,,
23900 ,,,,,,,,,,,,,
24000 ,,,,,,,,,,,,,
24100 ,,,,,,,,,,,,,
24200 ,,,,,,,,,,,,,
24300 ,,,,,,,,,,,,,
24400 ,,,,,,,,,,,,,
24500 ,&sysf_SetBGM_curchara,,,,,,,,,,,,
24700 ,"$if %%puni_cur_chara%%,==,0, $go bgm_kan",,,,,,,,,,,,
24800 ,"$if %%puni_cur_chara%%,==,1, $go bgm_tom",,,,,,,,,,,,
24900 ,"$if %%puni_cur_chara%%,==,2, $go bgm_nat",,,,,,,,,,,,
25000 ,"$if %%puni_cur_chara%%,==,3, $go bgm_rio",,,,,,,,,,,,
25100 ,"$if %%puni_cur_chara%%,==,4, $go bgm_har",,,,,,,,,,,,
25200 ,"$if %%puni_cur_chara%%,==,5, $go bgm_kei",,,,,,,,,,,,
25300 ,"$if %%puni_cur_chara%%,==,6, $go bgm_yuz",,,,,,,,,,,,
25400 ,,,,,4294967295,,,,,,,,
25500 ,$return,,,,,,,,,,,,
25600 ,,,,,,,,,,,,,
25700 ,,,,,
25800 ,*bgm_kan,,,,
25900 ,,,,,2
26000 ,$return,,,,
26100 ,,,,,
26200 ,*bgm_tom,,,,
26300 ,,,,,3
26400 ,$return,,,,
26500 ,,,,,
26600 ,*bgm_nat,,,,
26700 ,,,,,6
26800 ,$return,,,,
26900 ,,,,,
27000 ,*bgm_rio,,,,
27100 ,,,,,7
27200 ,$return,,,,
27300 ,,,,,
27400 ,*bgm_har,,,,
27500 ,,,,,4
27600 ,$return,,,,
27700 ,,,,,
27800 ,*bgm_kei,,,,
27900 ,,,,,5
28000 ,$return,,,,
28100 ,,,,,
28200 ,*bgm_yuz,,,,
28300 ,,,,,8
28400 ,$return,,,,
28500 ,,,,,
28600 ,,,,,
28700 ,,,,,
28800 ,,,,,
28900 ,,
29000 ,,
29100 ,,
29200 ,,
,,
,,
,,
,,
,,
,,
,,
,,
,,
,,
,,
,,
,,,,,,,,,,,,,
,,,,,,,,,,,,,
,,,,,,,,,,,,,
,,,,,,,,,,,,,
,,,,,,,,,,,,,
,,,,,,,,,,,,,
,,,,,,,,,,,,,
,,,,,,,,,,,,,
,,,,,,,,,,,,,
,,,,,,,,,,,,,
,,,,,,,,,,,,,
,,,,,,,,,,,,,
,,,,,,,,,,,,,
,,,,,,,,,,,,,
,,,,,,,,,,,,,
,,,,,,,,,,,,,
,,
,,
,,
,,
,,
,,
,,
,,
,,
,,
,,
,,
,,
,,
,,
,,
,,
,,
,,
,,
,,
,,
,,
,,
,,
,,
,,
,,
,,
,,
,,
,,
,,
,,
,,
,,
,,
,,
,,
,,
,,
,,
,,
,,

