%line%,%seq%,%effect%,%music%,%bg%,%cg%,%ov%,%truename%,%name%,%voice%,%st0_name%,%st0_pos%,%st0_face%,%st1_name%,%st1_pos%,%st1_face%,%pageflag%,%text%
14000 ,@tsumugi2_begin,,,,,,,,,,,,,,,,
15000 ,@843,,,,,,,,,,,,,,,,
19000 ,,<!Lbegin_move>,9,9312,,,,,,,,,,,,,　色鮮やかな電飾の中を、俺たちはしっかり
　手を繋ぎあって歩いていく。
20000 ,,,,,,,,,,,,,,,,,　祭りの喧噪。雑多なにおい。高揚した心。
　小さくてやわらかいつむぎの手のひら。
21000 ,,,,,,,,,,,,,,,,,　まるで、ここではない
　夢の世界を歩いているようだった。
22000 ,,,,,,,つむぎ,つむぎ,05tum843_001.wav,"tumugi,yukata",,0,,,,,「優哉さん、射的お上手なんですね。
　あの……これ、本当に良いんですか……？」
23000 ,,,,,,,優哉,優哉,,tumugi,,0,,,,,「もう４回目だぞ、その質問」
24000 ,,,,,,,,,,tumugi,,0,,,,,　俺が射的で当てた小さなクマのぬいぐるみを
　胸に抱いて、つむぎが肩をすくめる。
25000 ,,,,,,,つむぎ,つむぎ,05tum843_002.wav,tumugi,,90,,,,,「はい、ですが……。私にはもったいなくて……」
27000 ,,,,,,,優哉,優哉,,tumugi,,90,,,,,「いいよ。むしろ俺が持っていても意味ないし」
28000 ,,,,,,,つむぎ,つむぎ,05tum843_003.wav,tumugi,,1,,,,,「ありがとうございます。嬉しいです」
29000 ,,,,,,,,,,tumugi,,1,,,,,　ぬいぐるみを見つめながら、
　つむぎが頬を染めてはにかむ。
30000 ,,,,,,,優哉,優哉,,tumugi,,1,,,,,「つむぎの輪投げは、ドンマイ！　って感じだったな」
31000 ,,,,,,,,,,tumugi,,1,,,,,　まさに全滅だった。
32000 ,,,,,,,つむぎ,つむぎ,05tum843_004.wav,tumugi,,5,,,,,「うっ……い、言わないでください……」
33000 ,,,,,,,優哉,優哉,,tumugi,,5,,,,,「はははっ。じゃあ次、どうしようか？」
34000 ,,,,,,,つむぎ,つむぎ,05tum843_005.wav,tumugi,,0,,,,,「あ、優哉さん……あれは何ですか？」
35000 ,,,,,,,,,,tumugi,,0,,,,,　子供たちがもっている風船を指さして
　目を丸くするつむぎ。
36000 ,,,,,,,つむぎ,つむぎ,05tum843_006.wav,tumugi,,2,,,,,「う、浮いてます……」
37000 ,,,,,,,優哉,優哉,,tumugi,,2,,,,,「ああ、あれは中にガスが入ってるから浮くんだよ」
38000 ,,,,,,,つむぎ,つむぎ,05tum843_007.wav,tumugi,,0,,,,,「気球……のようなものですか……」
39000 ,,,,,,,優哉,優哉,,tumugi,,0,,,,,「まあ、そのミニチュア版みたいな感じだな」
40000 ,,,,,,,つむぎ,つむぎ,05tum843_008.wav,tumugi,,2,,,,,「あっ、優哉さん……！　あれは……」
41000 ,,,,,,,,,,tumugi,,2,,,,,　発光ダイオードでキラキラ輝く
　オモチャの露店に目を見張る。
42000 ,,,,,,,優哉,優哉,,tumugi,,2,,,,,「うん、あれは電気で光ってるおもちゃ。
　夜祭りに栄えるから、最近はやってるんだよな」
43000 ,,,,,,,つむぎ,つむぎ,05tum843_009.wav,tumugi,,90,,,,,「きれいですね……」
44000 ,,,,,,,優哉,優哉,,tumugi,,90,,,,,「ああ。……欲しいか？」
45000 ,,,,,,,つむぎ,つむぎ,05tum843_010.wav,tumugi,,2,,,,,「えっ？」
46000 ,,,,,,,優哉,優哉,,tumugi,,2,,,,,「買ってやろうか？」
47000 ,,,,,,,つむぎ,つむぎ,05tum843_011.wav,tumugi,,0,,,,,「えっ、い、いえ……。
　こうやって見てるだけで、充分です」
48000 ,,,,,,,優哉,優哉,,tumugi,,0,,,,,「そっか。遠慮するなよ？」
49000 ,,,,,,,つむぎ,つむぎ,05tum843_012.wav,tumugi,,90,,,,,「はい。えっと、じゃあ優哉さん……」
50000 ,,,,,,,優哉,優哉,,tumugi,,90,,,,,「んっ？」
51000 ,,,,,,,つむぎ,つむぎ,05tum843_013.wav,tumugi,,6,,,,,「その……あの……お腹が……」
52000 ,,,,,,,優哉,優哉,,tumugi,,6,,,,,「え？」
53000 ,,,,,,,つむぎ,つむぎ,05tum843_014.wav,tumugi,,6,,,,,「空いてしまっていたことに、気づきました……」
54000 ,,,,,,,,,,tumugi,,6,,,,,　恥ずかしそうに、つむぎが周りの露店を見る。
55000 ,,,,,,,,,,tumugi,,6,,,,,　ああ、ここら辺は食い物の屋台が集中してる。
56000 ,,,,,,,優哉,優哉,,tumugi,,6,,,,,「そういえば……朝から何も食ってなかったよな」
57000 ,,,,,,,つむぎ,つむぎ,05tum843_015.wav,tumugi,,90,,,,,「はい」
58000 ,,,,,,,優哉,優哉,,tumugi,,90,,,,,「よし。じゃあ、何食おうか？
　苦手な食い物とかあるか？」
59000 ,,,,,,,つむぎ,つむぎ,05tum843_016.wav,tumugi,,3,,,,,「あ、あの……何が入っていて、どんな味なのかも分からないほど、お店の数があるので……」
60000 ,,,,,,,優哉,優哉,,tumugi,,3,,,,,「そっか。じゃあ少しずつ買って、
　二人で色々食べていこう」
61000 ,,,,,,,つむぎ,つむぎ,05tum843_017.wav,tumugi,,90,,,,,「はい」
62000 ,,,,,,,,,,tumugi,,90,,,,,　つむぎが、きゅっと手に力を込めてくる。
63000 ,,,,,,,つむぎ,つむぎ,05tum843_018.wav,tumugi,,90,,,,,「優哉さん……」
64000 ,,,,,,,優哉,優哉,,tumugi,,90,,,,,「ん……？」
65000 ,,,,,,,つむぎ,つむぎ,05tum843_019.wav,tumugi,,1,,,,,「お祭り……とても楽しいですね……」
68000 ,,<!timepass_1_long>,8,9203,,,優哉,優哉,,,,,,,,,「はーっ……なんだかんだで、けっこう食ったな」
69000 ,,,,,,,つむぎ,つむぎ,05tum843_020.wav,tumugi,,1,,,,,「はい……もうお腹がいっぱいです……」
70000 ,,,,,,,,,,tumugi,,1,,,,,　いつの間にか喧噪を離れ、
　神社の方まで来ていた。
71000 ,,,,,,,優哉,優哉,,tumugi,,1,,,,,「あのお好み焼き、うまかったな」
72000 ,,,,,,,つむぎ,つむぎ,05tum843_021.wav,tumugi,,1,,,,,「はい。綿菓子と、
　小さなカステラも美味しかったです」
73000 ,,,,,,,優哉,優哉,,tumugi,,1,,,,,「じゃあ、ちょっとここら辺で休憩するか」
74000 ,,,,,,,,,,tumugi,,1,,,,,　境内のあたりは、見える限りでは
　俺たちくらいしか人がいなかった。
75000 ,,,,,,,,,,tumugi,,1,,,,,　ちょっと離れただけなのに、
　祭りの熱気がすごく遠いものに感じてしまう。
76000 ,,,,,,,つむぎ,つむぎ,05tum843_022.wav,tumugi,,5,,,,,「………………」
77000 ,,,,,,,つむぎ,つむぎ,05tum843_023.wav,tumugi,,3,,,,,「あの……優哉さん……」
78000 ,,,,,,,優哉,優哉,,tumugi,,3,,,,,「ん？」
79000 ,,,,,,,,,,tumugi,,3,,,,,　つむぎが悲しげな顔をして、口を開く。
80000 ,,,,,,,つむぎ,つむぎ,05tum843_024.wav,tumugi,,3,,,,,「あの……今日は、楽しかったです」
81000 ,,,,,,,つむぎ,つむぎ,05tum843_025.wav,tumugi,,42,,,,,「私、今日お休みしてしまった分、
　明日はたくさん働きますね」
82000 ,,,,,,,,,,tumugi,,42,,,,,　つむぎが、つないでいた手を、するりと抜いた。
83000 ,,,,,,,優哉,優哉,,tumugi,,42,,,,,「あ……」
84000 ,,,,,,,つむぎ,つむぎ,05tum843_026.wav,tumugi,,42,,,,,「そろそろ……帰ります」
85000 ,,,,,,,,,,tumugi,,42,,,,,　何かをこらえるような顔で、つむぎが俺を見つめる。
86000 ,,,,,,,優哉,優哉,,tumugi,,42,,,,,「もう帰っちまうのか？」
87000 ,,,,,,,つむぎ,つむぎ,05tum843_027.wav,tumugi,,4,,,,,「はい……すみません」
88000 ,,,,,,,優哉,優哉,,tumugi,,4,,,,,「…………」
89000 ,,,,,,,優哉,優哉,,tumugi,,4,,,,,「……なあ、つむぎ。
　もう少し、一緒にいようぜ」
90000 ,,,,,,,つむぎ,つむぎ,05tum843_028.wav,tumugi,,2,,,,,「えっ？」
91000 ,,,,,,,優哉,優哉,,tumugi,,2,,,,,「俺は、まだまだつむぎと一緒にいたい。
　……ダメか？」
92000 ,,,,,,,つむぎ,つむぎ,05tum843_029.wav,tumugi,,2,,,,,「………………」
93000 ,,,,,,,つむぎ,つむぎ,05tum843_030.wav,tumugi,,40,,,,,「わ、私だって……！」
94000 ,,,,,,,つむぎ,つむぎ,05tum843_031.wav,tumugi,,40,,,,,「………………」
95000 ,,,,,,,優哉,優哉,,tumugi,,40,,,,,「じゃあもう少しだけ、歩こうぜ。
　俺も、無理は言わないからさ」
96000 ,,,,,,,つむぎ,つむぎ,05tum843_032.wav,tumugi,,3,,,,,「はい…………」
96090 ,,<!Lend_move>,0,9000,,,,,,,,,,,,,
99000 ,@844,,,,,,,,,,,,,,,,
102000 ,,<!Lbegin_move>,0,10302,,,優哉,優哉,,,,,,,,,「ずいぶん暗いけど……大丈夫か？」
103000 ,,,,,,,つむぎ,つむぎ,05tum844_001.wav,"tumugi,yukata",,1,,,,,「はい……優哉さんがいれば、怖くありません」
104000 ,,,,,,,,,,tumugi,,1,,,,,　闇の中に浮かんだ、つむぎの素直な笑顔が可愛い。
105000 ,,,,,,,優哉,優哉,,tumugi,,1,,,,,「ここら辺でいいかな」
106000 ,,,,,,,つむぎ,つむぎ,05tum844_002.wav,tumugi,,90,,,,,「はい」
107000 ,,,,,,,,,,tumugi,,90,,,,,　見晴らしの良いところで、並んで腰を下ろす。
108000 ,,,,,,,つむぎ,つむぎ,05tum844_003.wav,tumugi,,1,,,,,「わあ……。お祭りの灯りが、きれいですね……」
109000 ,,,,,,,優哉,優哉,,tumugi,,1,,,,,「ああ。年に一度だけの灯りだ」
110000 ,,,,,,,つむぎ,つむぎ,05tum844_004.wav,tumugi,,0,,,,,「すみさきは、どのあたりでしょうか……？」
111000 ,,,,,,,優哉,優哉,,tumugi,,0,,,,,「ん、あの辺だな」
112000 ,,,,,,,つむぎ,つむぎ,05tum844_005.wav,tumugi,,0,,,,,「学園は……」
113000 ,,,,,,,優哉,優哉,,tumugi,,0,,,,,「んー……あそこらへんかな？」
114000 ,,,,,,,,,,tumugi,,0,,,,,　つむぎが目を細めて、夜の町を眺める。
115000 ,,,,,,,つむぎ,つむぎ,05tum844_006.wav,tumugi,,42,,,,,「町が……とても遠く感じますね……」
116000 ,,,,,,,優哉,優哉,,tumugi,,42,,,,,「そうだな……」
117000 ,,,,,,,,,,tumugi,,42,,,,,　ここだけは、ほんとに静かで……。
118000 ,,,,,,,,,,tumugi,,42,,,,,　俺たち二人だけが、
　切り離された世界にいるみたいだった。
119000 ,,,,,,,つむぎ,つむぎ,05tum844_007.wav,tumugi,,90,,,,,「私……優哉さんに出会えて、良かったです……」
120000 ,,,,,,,,,,tumugi,,90,,,,,　つむぎが夜の明かりを見つめたまま、
　小さくつぶやく。
121000 ,,,,,,,優哉,優哉,,tumugi,,90,,,,,「俺も、つむぎに会えて良かった」
122000 ,,,,,,,優哉,優哉,,tumugi,,90,,,,,「…………なあ、つむぎ」
123000 ,,,,,,,つむぎ,つむぎ,05tum844_008.wav,tumugi,,90,,,,,「はい？」
124000 ,,,,,,,優哉,優哉,,tumugi,,90,,,,,「好きだ」
125000 ,,,,,,,つむぎ,つむぎ,05tum844_009.wav,tumugi,,90,,,,,「……………………」
126000 ,,,,,,,つむぎ,つむぎ,05tum844_010.wav,tumugi,,2,,,,,「えっ！？」
127000 ,,,,,,,優哉,優哉,,tumugi,,2,,,,,「好きだ、つむぎ。心の底から」
128000 ,,,3,,,,つむぎ,つむぎ,05tum844_011.wav,tumugi,,4,,,,,「ゆ、優哉さん……」
129000 ,,,,,,,つむぎ,つむぎ,05tum844_012.wav,tumugi,,40,,,,,「ふぁ、ぁ、ああ……。うれしい、です…………」
130000 ,,,,,,,つむぎ,つむぎ,05tum844_013.wav,tumugi,,40,,,,,「私……人を好きになっちゃ、いけないのに……。
　つらく、なるだけなのに……」
131000 ,,,,,,,つむぎ,つむぎ,05tum844_014.wav,tumugi,,40,,,,,「優哉さん……私、わたし…………」
132000 ,,,,,,,つむぎ,つむぎ,05tum844_015.wav,tumugi,,40,,,,,「私も、優哉さんが好きです……！！！」
133000 ,,,,,,,つむぎ,つむぎ,05tum844_016.wav,tumugi,,40,,,,,「うぅっ、ふぇっ、うぇぇぇぇ……。
　優哉、さん……。好き……。好き…………」
134000 ,,,,,,,優哉,優哉,,tumugi,,40,,,,,「つむぎ！」
135000 ,,,,,,,,,,tumugi,,40,,,,,　俺は、つむぎの身体を抱きしめた。
136000 ,,,,,,,つむぎ,つむぎ,05tum844_017.wav,tumugi,,40,,,,,「優哉さん……ずっと好きでした……。
　不器用な私をかばって、手伝ってくれて……」
137000 ,,,,,,,優哉,優哉,,tumugi,,40,,,,,「俺も、お前の姿勢に惹かれた。
　毎日を、全力で生きる姿勢に……」
138000 ,,,,,,,優哉,優哉,,tumugi,,40,,,,,「つむぎ、愛している。
　もう離さないからな」
139000 ,,,,,,,つむぎ,つむぎ,05tum844_018.wav,tumugi,,3,,,,,「………………」
140000 ,,,,,,,つむぎ,つむぎ,05tum844_019.wav,tumugi,,90,,,,,「はい…………」
140090 ,,<!Lend_move>,0,9000,,,,,,,,,,,,,
143000 ,@845,,,,,,,,,,,,,,,,
146000 ,,<!Lbegin_move>,0,1503,,,優哉,優哉,,,,,,,,,「もう、みんな寝てるよな……」
147000 ,,,,,,,,,,,,,,,,,　静まりかえった旅館内を、誰にも気づかれないように
　そろそろと移動するのは、結構なスリルがあった。
148000 ,,,,,,,つむぎ,つむぎ,05tum845_001.wav,"tumugi,yukata",,0,,,,,「はい……。
　どなたも、起こしてしまっていませんよね……？」
149000 ,,,,,,,優哉,優哉,,tumugi,,0,,,,,「そう願いたいな」
150000 ,,,,,,,,,,tumugi,,0,,,,,　ふと、空き缶が目に入る。
151000 ,,,,,,,優哉,優哉,,tumugi,,0,,,,,「つむぎ、あの空き缶ってまさか……」
152000 ,,,,,,,つむぎ,つむぎ,05tum845_002.wav,tumugi,,2,,,,,「あ…………」
153000 ,,,,,,,つむぎ,つむぎ,05tum845_003.wav,tumugi,,90,,,,,「はい……。以前、優哉さんに頂いたジュースの
　空き缶です……」
154000 ,,,,,,,優哉,優哉,,tumugi,,90,,,,,「なんでそんなモノを……」
155000 ,,,,,,,つむぎ,つむぎ,05tum845_004.wav,tumugi,,6,,,,,「だって……。
　優哉さんに頂いて、嬉しかったですから……。
　その嬉しさを、ずっと取っておきたくて……」
156000 ,,,,,,,優哉,優哉,,tumugi,,6,,,,,「つむぎ…………」
157000 ,,,,,,,,,,tumugi,,6,,,,,　生活に最低限必要なもの以外なにもない、この部屋。
158000 ,,,,,,,,,,tumugi,,6,,,,,　そこに、たったひとつだけあるイレギュラな品、
　それが、あの空き缶。
159000 ,,,,,,,優哉,優哉,,tumugi,,6,,,,,「つむぎ、俺はお前が望むなら、
　いくらでも空き缶をやるぞ」
160000 ,,,,,,,つむぎ,つむぎ,05tum845_005.wav,tumugi,,0,,,,,「えっ？」
161000 ,,,,,,,優哉,優哉,,tumugi,,0,,,,,「俺は、あの空き缶以上の思い出を、
　お前にあげ続けていきたい。これからも、ずっと」
162000 ,,,,,,,つむぎ,つむぎ,05tum845_006.wav,tumugi,,3,,,,,「優哉、さん…………」
163000 ,,,,,,,,,,tumugi,,3,,,,,　俺は、つむぎの身体を抱きしめた。
164000 ,,,,,,,優哉,優哉,,tumugi,,3,,,,,「つむぎ、好きだ」
165000 ,,,,,,,つむぎ,つむぎ,05tum845_007.wav,tumugi,,90,,,,,「はい、優哉さん……。私もです……」
166000 ,,,,,,,優哉,優哉,,tumugi,,90,,,,,「つむぎ……いいか？」
167000 ,,,,,,,つむぎ,つむぎ,05tum845_008.wav,tumugi,,2,,,,,「えっ？　あっ、あっ、はい…………」
168000 ,,,,,,,つむぎ,つむぎ,05tum845_009.wav,tumugi,,2,,,,,「……あっ！　すみません、待ってください」
169000 ,,,,,,,優哉,優哉,,tumugi,,2,,,,,「えっ？」
170000 ,,,,,,,つむぎ,つむぎ,05tum845_010.wav,tumugi,,12,,,,,「あ、あの、オーナーにお借りしたこの浴衣、
　汚すわけにはいきませんから……」
171000 ,,,,,,,優哉,優哉,,tumugi,,12,,,,,「あ、ああ、そうだな。
　すまん、俺もがっつきすぎた」
172000 ,,,,,,,,,,tumugi,,12,,,,,　焦ってしまった恥ずかしさで、
　顔から火が出そうになる。
173000 ,,,,,,,つむぎ,つむぎ,05tum845_011.wav,tumugi,,0,,,,,「私……優哉さんに、抱いて欲しいです。
　私の全てを……優哉さんのものに、して欲しいです」
174000 ,,,,,,,つむぎ,つむぎ,05tum845_012.wav,tumugi,,0,,,,,「だから、少しだけ……待っててください。
　着替えてくるついでに、湯浴みもして参ります」
175000 ,,,,,,,優哉,優哉,,tumugi,,0,,,,,「ああ、わかった」
176000 ,,,,,,,優哉,優哉,,tumugi,,0,,,,,「あ、えっと、じゃあ俺もその間にシャワーでも……」
177000 ,,,,,,,つむぎ,つむぎ,05tum845_013.wav,tumugi,,7,,,,,「ダメです」
178000 ,,,,,,,優哉,優哉,,tumugi,,7,,,,,「えっ？」
179000 ,,,,,,,つむぎ,つむぎ,05tum845_014.wav,tumugi,,90,,,,,「私、優哉さんの匂いの中に、
　包まれていたいですから……」
180000 ,,,,,,,つむぎ,つむぎ,05tum845_015.wav,tumugi,,90,,,,,「だから、優哉さんはそのままでいてください」
181000 ,,,,,,,優哉,優哉,,tumugi,,90,,,,,「い、いや、でも俺、シャワーぐらいは……」
182000 ,,,,,,,つむぎ,つむぎ,05tum845_016.wav,tumugi,,90,,,,,「優哉さんは、そのままでお願いします」
185000 ,@846,,,,,,,,,,,,,,,,
187900 ,,<!scene_h_begin>,13,,101111,,,,,,,,,,,,
187990 ,*mem,,,,101111,,,,,,,,,,,,
188000 ,,,13,,101111,,,,,,,,,,,,　思うように言葉が出てこなかった。
189000 ,,,,,101111,,,,,,,,,,,,　間近で見るつむぎの表情が、緊張で強張っている。
190000 ,,,,,101111,,,,,,,,,,,,　息遣いを聞かれることさえ恥ずかしいのか、
　顔を近づけるとうつむいて表情を隠してしまう。
191000 ,,,,,101111,,優哉,優哉,,,,,,,,,「緊張してるのか……？」
192000 ,,,,,101111,,つむぎ,つむぎ,05tum846_001.wav,,,,,,,,「あの……はい、申し訳ありません……」
193000 ,,,,,101111,,優哉,優哉,,,,,,,,,「別にあやまらなくたっていいよ。
　緊張してるのは俺も一緒だから……」
194000 ,,,,,101111,,つむぎ,つむぎ,05tum846_002.wav,,,,,,,,「あっ……」
195000 ,,,,,101111,,,,,,,,,,,,　マネキンのように固まった身体を抱き寄せると、
　つむぎは俺の胸を手で押して僅かな抵抗を見せる。
196000 ,,,,,101111,,つむぎ,つむぎ,05tum846_003.wav,,,,,,,,「す、すみません……決して嫌なわけでは……」
197000 ,,,,,101111,,優哉,優哉,,,,,,,,,「分かってる。少しずつ慣れていけばいいよ」
198000 ,,,,,101111,,,,,,,,,,,,　優しく囁いたつもりだったが、逆にそれが罪の意識を
　抱かせてしまったらしく。
199000 ,,,,,101111,,,,,,,,,,,,　つむぎは俺の胸に置いた手を震わせながら、
　申し訳なさそうに前髪で顔を隠した。
200000 ,,,,,101111,,,,,,,,,,,,　触れ合う接点が熱い。
201000 ,,,,,101111,,,,,,,,,,,,　このまま俺の体温で包んで、
　つむぎを溶かしてやりたくなる。
202000 ,,,,,101111,,つむぎ,つむぎ,05tum846_004.wav,,,,,,,,「私……どうしたらいいかわかりません……」
203000 ,,,,,101111,,優哉,優哉,,,,,,,,,「ん？」
204000 ,,,,,101111,,つむぎ,つむぎ,05tum846_005.wav,,,,,,,,「優哉さんに優しくしていただいても……。
　自分からどのようにしたらいいのか……」
205000 ,,,,,101111,,優哉,優哉,,,,,,,,,「俺に全て委ねてくれればいいよ」
206000 ,,,,,101111,,つむぎ,つむぎ,05tum846_006.wav,,,,,,,,「全てを委ねる……というのは……」
207000 ,,,,,101111,,優哉,優哉,,,,,,,,,「そうだな……子供が親に甘えるように」
208000 ,,,,,101111,,つむぎ,つむぎ,05tum846_007.wav,,,,,,,,「私……優哉さんに甘えてもよろしいんですか？」
209000 ,,,,,101111,,優哉,優哉,,,,,,,,,「当たり前だろ？
　つむぎは俺の大事な＜女＝ひと＞なんだから……」
210000 ,,,,,101111,,つむぎ,つむぎ,05tum846_008.wav,,,,,,,,「でも私っ……」
211000 ,,,,,101111,,優哉,優哉,,,,,,,,,「俺には甘えられないか？」
212000 ,,,,,101111,,つむぎ,つむぎ,05tum846_009.wav,,,,,,,,「ち、違うんです……私も……あの……」
213000 ,,,,,101111,,,,,,,,,,,,　両手にぎゅっと力を込めたつむぎは、
　頬を真っ赤に染めて言葉を続けた。
214000 ,,,,,101111,,つむぎ,つむぎ,05tum846_010.wav,,,,,,,,「っ……私も優哉さんに甘えてほしいですっ」
215000 ,,,,,101111,,,,,,,,,,,,　口にして相当恥ずかしかったのか、
　これまで以上に身体の震えが大きくなる。
216000 ,,,,,101111,,,,,,,,,,,,　そんな状態で俺の反応を待っているつむぎの姿が、
　ただただ愛おしかった。
217000 ,,,,,101111,,つむぎ,つむぎ,05tum846_011.wav,,,,,,,,「あの……申し訳ありませんっ。
　私、出過ぎたことを……」
218000 ,,,,,101111,,優哉,優哉,,,,,,,,,「嬉しいよ。つむぎがそんな風に思ってくれて……」
219000 ,,,,,101111,,つむぎ,つむぎ,05tum846_012.wav,,,,,,,,「優哉さん……」
220000 ,,,,,101111,,,,,,,,,,,,　自分が自分でないようだった。
221000 ,,,,,101111,,,,,,,,,,,,　こうしてつむぎを抱いていると、
　優しい言葉が次々にあふれてくる。
222000 ,,,,,101111,,,,,,,,,,,,　男は好きな女の前でなら、
　誰でも一流の役者になれるのかもしれない……。
223000 ,,,,,101111,,つむぎ,つむぎ,05tum846_013.wav,,,,,,,,「……言葉って難しいですね」
224000 ,,,,,101111,,優哉,優哉,,,,,,,,,「難しい？」
225000 ,,,,,101111,,つむぎ,つむぎ,05tum846_014.wav,,,,,,,,「はい……私の中にある優哉さんへの想いを、
　上手く伝えられる言葉がありません……」
226000 ,,,,,101111,,優哉,優哉,,,,,,,,,「好きとか愛してるじゃダメなのか？」
227000 ,,,,,101111,,つむぎ,つむぎ,05tum846_015.wav,,,,,,,,「っ……そんな言葉では全然足りないですっ」
228000 ,,,,,101111,,つむぎ,つむぎ,05tum846_016.wav,,,,,,,,「だから……どのようにして私の気持ちをお伝えしたらいいのか……」
229000 ,,,,,101111,,,,,,,,,,,,　これだけのことを伝えるのに、
　つむぎはどれだけの勇気を振り絞ったんだろう？
230000 ,,,,,101111,,,,,,,,,,,,　途中で唇が震え、自信なさそうに目を伏せてしまう。
231000 ,,,,,101111,,つむぎ,つむぎ,05tum846_017.wav,,,,,,,,「申し訳ありません……私また出過ぎたことを……」
232000 ,,,,,101111,,優哉,優哉,,,,,,,,,「教えてやろうか？　そういう時、どうやって相手に
　気持ちを伝えるか……」
233000 ,,,,,101111,,つむぎ,つむぎ,05tum846_018.wav,,,,,,,,「えっ……？」
234000 ,,,,,101111,,,,,,,,,,,,　つむぎは顔を上げ、
　すがるように俺を見つめてくる。
235000 ,,,,,101111,,,,,,,,,,,,　少し薄めの唇が、この瞬間だけは無防備だった。
237000 ,,,,,101112,,つむぎ,つむぎ,05tum846_019.wav,,,,,,,,「んっん！？　ちゅっ……ん……んん……ちゅっ……。
　ちゅっ……ん……」
238000 ,,,,,101112,,,,,,,,,,,,　ビクッとつむぎが腕の中で震え、
　俺の胸を押す力が強まる。
239000 ,,,,,101112,,,,,,,,,,,,　長くは唇を合わせず、
　何度か下唇を吸って緊張が解けるのを待った。
240000 ,,,,,101112,,,,,,,,,,,,　文字通り、後を引くようなキス。
241000 ,,,,,101112,,,,,,,,,,,,　つむぎの唇は、見かけよりもずっと柔らかかった。
243000 ,,,,,101111,,優哉,優哉,,,,,,,,,「俺の気持ち、伝わったか？」
244000 ,,,,,101111,,つむぎ,つむぎ,05tum846_020.wav,,,,,,,,「…………」
245000 ,,,,,101111,,,,,,,,,,,,　虚ろな瞳をして、頷きしか返ってこない。
246000 ,,,,,101111,,,,,,,,,,,,　それでもほんの少し緊張が緩み、
　俺の身体との接点が増えていく。
247000 ,,,,,101111,,つむぎ,つむぎ,05tum846_021.wav,,,,,,,,「あの……私もお伝えしたいです。優哉さんに……」
248000 ,,,,,101111,,優哉,優哉,,,,,,,,,「ああ」
250000 ,,,,,101112,,つむぎ,つむぎ,05tum846_022.wav,,,,,,,,「っ……」
251000 ,,,,,101112,,,,,,,,,,,,　覚悟を決めた様子で、
　つむぎはキュッと唇を結んでみせる。
252000 ,,,,,101112,,,,,,,,,,,,　だが自分からキスをせがんでくることはない。
253000 ,,,,,101112,,,,,,,,,,,,　好きにしてくれていい……。
　それが、つむぎなりの精一杯の決意だったんだろう。
254000 ,,,,,101112,,優哉,優哉,,,,,,,,,（……綺麗だな）
255000 ,,,,,101112,,,,,,,,,,,,　間近で見ると、本当にそう思う。
256000 ,,,,,101112,,,,,,,,,,,,　透き通るような肌というのは、
　こういうのを言うんだろうか？
257000 ,,,,,101112,,,,,,,,,,,,　再び不安で緊張し始めた肩を抱き直し、
　俺はつむぎの唇を拾い上げた。
258000 ,,,,,101112,,つむぎ,つむぎ,,,,,,,,,「んん……ちゅっ、ん……ちゅっ……はあっ……ん……優哉さ……ちゅっ……んん……ちゅっ……」
259000 ,,,,,101112,,,,,,,,,,,,　自分を抑えるのに必死だった。
260000 ,,,,,101112,,,,,,,,,,,,　自制しなければ、
　このまま壊れるほど抱きしめそうになる。
262000 ,,,,,101111,,つむぎ,つむぎ,05tum846_023.wav,,,,,,,,「はあっ……私……夢を見ているみたいです……」
263000 ,,,,,101111,,優哉,優哉,,,,,,,,,「夢？」
264000 ,,,,,101111,,つむぎ,つむぎ,05tum846_024.wav,,,,,,,,「はい……優哉さんと過ごす時間が幸せすぎて……」
265000 ,,,,,101111,,,,,,,,,,,,　気がつくと瞳から涙が溢れそうになっている。
267000 ,,,,,101112,,つむぎ,つむぎ,05tum846_025.wav,,,,,,,,「あ……」
268000 ,,,,,101112,,,,,,,,,,,,　瞼を軽く唇で吸ってやると、
　つむぎは膝を震わせてその場へ座りこもうとした。
269000 ,,,,,101112,,つむぎ,つむぎ,05tum846_026.wav,,,,,,,,「っ……申し訳ありませんっ。足に力が……んっ！？」
270000 ,,,,,101112,,つむぎ,つむぎ,05tum846_027.wav,,,,,,,,「ちゅっ、ん……んん……ちゅっ……ちゅぅっ……
　ちゅっ……ん……ちゅっ……んん……ちゅぅっ……」
271000 ,,,,,101112,,,,,,,,,,,,　甘い吐息を＜食＝は＞みながら、
　そっとつむぎのあごをすくい上げる。
272000 ,,,,,101112,,,,,,,,,,,,　色白な肌をほんのりと染める紅潮の色が、
　切ないぐらいに俺の胸を締めつけた。
273000 ,,,,,101112,,,,,,,,,,,,　こんなに傍で抱きしめているのに、
　なぜか不安になる。
274000 ,,,,,101112,,,,,,,,,,,,　この腕に抱いた温もりが、今にも俺の手から
　離れていってしまいそうな気がして……。
276000 ,,,,,101111,,つむぎ,つむぎ,05tum846_028.wav,,,,,,,,「はあぁ……待ってくださいっ、これ以上は……」
277000 ,,,,,101111,,優哉,優哉,,,,,,,,,「嫌か？」
278000 ,,,,,101111,,つむぎ,つむぎ,05tum846_029.wav,,,,,,,,「違います、苦しいんです……胸が一杯になって……」
279000 ,,,,,101111,,優哉,優哉,,,,,,,,,「じゃあ、俺の目を見てみ？」
280000 ,,,,,101111,,つむぎ,つむぎ,05tum846_030.wav,,,,,,,,「そのようなことはできませんっ……」
281000 ,,,,,101111,,,,,,,,,,,,　いつの間にか、つむぎは呼吸することすら忘れて
　頬を涙で濡らしていた。
282000 ,,,,,101111,,つむぎ,つむぎ,05tum846_031.wav,,,,,,,,「あっ……優哉さん、待ってください……。
　待ってくだ……あっ、あ、あ、優哉さ……」
283000 ,,,,,101111,,,,,,,,,,,,　無理な説得はせず、左右の頬へ無作為に唇を落とす。
284000 ,,,,,101111,,,,,,,,,,,,　自然と顔が上向きになり、つむぎは大人しく
　キスの雨を受け止めるようになる。
285000 ,,,,,101111,,,,,,,,,,,,　ありったけの印を刻みこみたかった。
286000 ,,,,,101111,,,,,,,,,,,,　つむぎを誰にも渡したくないという独占欲が、
　俺をそんな行為に走らせていた。
287000 ,,,,,101111,,つむぎ,つむぎ,05tum846_032.wav,,,,,,,,「はあっ、優哉さん……意地悪しないでください……」
288000 ,,,,,101111,,優哉,優哉,,,,,,,,,「でも随分、力は抜けてきたな」
291000 ,,,,,101112,,つむぎ,つむぎ,05tum846_033.wav,,,,,,,,「あっ、んっん！？　ちゅっ……ちゅぅっ……ん……。
　ちゅっ……んん……ちゅっ、ちゅぅっ……」
292000 ,,,,,101112,,つむぎ,つむぎ,05tum846_034.wav,,,,,,,,「ん……ちゅっ……んふ……ちゅぅっ……ちゅっ、
　ちゅぅっ……はあっ……優哉さ……ちゅぅっ……」
293000 ,,,,,101112,,,,,,,,,,,,　気が遠くなるほど甘いキス。
294000 ,,,,,101112,,,,,,,,,,,,　マネキン状態だった身体が仔猫のように柔らかくなり、俺の胸に溶けこんでくる。
295000 ,,,,,101112,,優哉,優哉,,,,,,,,,「つむぎ……」
296000 ,,,,,101112,,,,,,,,,,,,　力を込めて抱き寄せると、初めてつむぎも俺に腕を
　回してきた。
297000 ,,,,,101112,,,,,,,,,,,,　控えめに俺の背を撫で、胸に顔をうずめてくる。
298000 ,,,,,101112,,つむぎ,つむぎ,05tum846_035.wav,,,,,,,,「優哉さん……とっても大きいです」
299000 ,,,,,101112,,,,,,,,,,,,　一瞬ドキッとしたが、身体が『大きい』というだけの
　こと。
300000 ,,,,,101112,,,,,,,,,,,,　一方で下半身のアレは、つむぎの襦袢に＜擦＝こす＞れてバカ
　みたいに反り返っていた。
303000 ,,,,,101111,,つむぎ,つむぎ,05tum846_036.wav,,,,,,,,「あ……優哉さっ……んっ、ふっぅ、んっん……」
304000 ,,,,,101111,,,,,,,,,,,,　蕩けそうな背肉の感触を味わいながら、ゆっくり手を
　スライドさせていく。
305000 ,,,,,101111,,,,,,,,,,,,　ゆったりした襦袢を着ていたために気付かなかった
　が、実際に身体のラインに沿って手を這わせるとその
　スタイルのよさに驚いた。
306000 ,,,,,101111,,,,,,,,,,,,　ここまでしっかりとクビレた腰は、なかなか同年代で
　は見られないかもしれない。
309000 ,,,,,101112,,つむぎ,つむぎ,05tum846_037.wav,,,,,,,,「んっ、はあっ……そのようなところをっ……っぁ、くっふ、んんっ、ふぁっ、あぁぁっ……」
310000 ,,,,,101112,,,,,,,,,,,,　手に触れたのは、熟れすぎた白桃のような感触。
311000 ,,,,,101112,,,,,,,,,,,,　誇張ではなく、本当に下半身にも乳房があるようだっ
　た。
312000 ,,,,,101112,,,,,,,,,,,,　少し力を入れると指の隙間から尻肉がはみ出し、火で
　あぶられたように手のひらが熱くなる。
313000 ,,,,,101112,,つむぎ,つむぎ,05tum846_038.wav,,,,,,,,「はあっ、優哉さ……お待ちくださいっ。
　困ります……困りますぅ……」
314000 ,,,,,101112,,,,,,,,,,,,　さすがにつむぎも身をよじって抵抗したが、それは俺が
　待ち望んだ瞬間でもあった。
315000 ,,,,,101112,,つむぎ,つむぎ,05tum846_039.wav,,,,,,,,「んっん！？　っむ、ちゅっ、れりゅ、ちゅぅっ、
　んん……ちゅっ、んっん、ちゅぅっ、ちゅるっ、
　ちゅぅぅっ……」
316000 ,,,,,101112,,,,,,,,,,,,　ビクッ、ビクッ……と二度ほど大きくつむぎの肩が
　震える。
317000 ,,,,,101112,,,,,,,,,,,,　一度目は俺の舌が唇をかき割った瞬間。
318000 ,,,,,101112,,,,,,,,,,,,　そして二度目は、つむぎの舌を巻きこんで唾液を送り
　こんだ瞬間。
319000 ,,,,,101112,,,,,,,,,,,,　舌が絡み合うと耳元で鈴の音が響き、つむぎは腋を
　締めながら小さく縮こまっていった。
320000 ,,,,,101112,,つむぎ,つむぎ,05tum846_040.wav,,,,,,,,「ん、ちゅっ……んん……ぢゅるっ、ちゅぅっ……
　んっ、ちゅぅっ……っん、ちゅっ、ぢゅぅっ……」
321000 ,,,,,101112,,,,,,,,,,,,　再びマネキンのように固まり、臆病な舌が引っこんで
　いく。
322000 ,,,,,101112,,,,,,,,,,,,　俺は俺で唇の形が変わるぐらい激しく求め、舌の根本
　から巻きつけてやった。
323000 ,,,,,101112,,つむぎ,つむぎ,05tum846_041.wav,,,,,,,,「んっん！？　ん゛ーっ！？　ん゛ぅぅーっ！？
　ぢゅぅっ……んっん、んんっ、んう゛ーっ！？」
324000 ,,,,,101112,,,,,,,,,,,,　舌の粘膜が触れ合うと、つむぎは腰をガクリと落とし
　て俺にすがってくる。
325000 ,,,,,101112,,,,,,,,,,,,　それをさらに舌で追いこみ、砕けた腰を支えてやる。
326000 ,,,,,101112,,つむぎ,つむぎ,,,,,,,,,「ちゅっ、んっん、ゆーやふぁ……んっん！？
　ぢゅっ、んんっ！？　ぢゅっ、ぢゅるっ、ぢゅぅっ、
　っぢゅ、ぢゅるるっ……」
327000 ,,,,,101112,,,,,,,,,,,,　耳元で騒いでいた鈴の音が、何度目かの痙攣のあとに
　鎮まっていった。
328000 ,,,,,101112,,,,,,,,,,,,　絶え間なくこちらの舌使いで翻弄し、二人だけの濃密
　な時間を愉しむ。
329000 ,,,,,101112,,,,,,,,,,,,　抵抗を放棄した舌を吸い出してやると、つむぎは瞼を
　ヒクヒクさせて俺の思うままになった。
330000 ,,,,,101112,,つむぎ,つむぎ,05tum846_042.wav,,,,,,,,「ん、ちゅっ……ぴちゅ……ぴちゃ……ちゅぅっ……
　ちゅっ、んん……ちゅぅっ……」
331000 ,,,,,101112,,,,,,,,,,,,　完全に脱力し、抱き寄せると背骨がぐにゃりと後ろへ
　反っていく。
332000 ,,,,,101112,,,,,,,,,,,,　首の据わっていない赤ん坊と同じで大きく頭が揺ら
　ぎ、それをキスのしやすい角度で固定する。
333000 ,,,,,101112,,つむぎ,つむぎ,05tum846_043.wav,,,,,,,,「ぢゅっ、ぢゅぅっ、んふ、ぢゅるっ……ちゅっ、
　んん……ちゅぅっ、っむ、ぢゅっ、ぢゅるるっ……」
334000 ,,,,,101112,,,,,,,,,,,,　平衡感覚を失っているのか、キスの最中につむぎの
　身体が左の方へ傾いていった。
335000 ,,,,,101112,,,,,,,,,,,,　それを抱き止めても、つむぎは無重力の世界へ放り
　出されたような動きを見せる。
336000 ,,,,,101112,,,,,,,,,,,,　自然と白襦袢が乱れていき、唇を離すと肩からゆっく
　り滑り落ちていった。
339000 ,,,,,101113,,つむぎ,つむぎ,05tum846_044.wav,,,,,,,,「はあっ……優哉さ……見ないでください……」
340000 ,,,,,101113,,,,,,,,,,,,　ようやく我に返り、バランスを失っていた身体が立ち
　直る。
341000 ,,,,,101113,,,,,,,,,,,,　言葉では抵抗していたものの、既に俺を突き放すほど
　の力は残っていないようだった。
342000 ,,,,,101113,,優哉,優哉,,,,,,,,,「つむぎ、綺麗だ……」
343000 ,,,,,101113,,,,,,,,,,,,　露出した肩にキスの印を刻み、うなじまで舌を這わせ
　ていく。
344000 ,,,,,101113,,,,,,,,,,,,　くすぐったいのか、つむぎは身体を小さく屈めながら
　声を抑えていた。
345000 ,,,,,101113,,優哉,優哉,,,,,,,,,（背中もこんなにスベスベで……）
346000 ,,,,,101113,,,,,,,,,,,,　芸術、としか言いようがない。
347000 ,,,,,101113,,,,,,,,,,,,　あまりに完璧な身体すぎて、自分が不安になるぐらい
　だった。
348000 ,,,,,101113,,つむぎ,つむぎ,05tum846_045.wav,,,,,,,,「……私……本当にいいのでしょうか？」
349000 ,,,,,101113,,優哉,優哉,,,,,,,,,「何がだ？」
350000 ,,,,,101113,,つむぎ,つむぎ,05tum846_046.wav,,,,,,,,「このまま……優哉さんに全てを委ねてしまって……」
351000 ,,,,,101113,,優哉,優哉,,,,,,,,,「いいに決まってるだろ。
　俺ってそんなに頼りないか？」
352000 ,,,,,101113,,つむぎ,つむぎ,05tum846_047.wav,,,,,,,,「そんなことありませんっ。
　私、今でもすごく幸せで……」
353000 ,,,,,101113,,優哉,優哉,,,,,,,,,「じゃあ、もう一回キスしてもいいか？」
354000 ,,,,,101113,,つむぎ,つむぎ,05tum846_048.wav,,,,,,,,「…………」
355000 ,,,,,101113,,,,,,,,,,,,　頷いて、決意を秘めた唇を俺に向ける。
356000 ,,,,,101113,,,,,,,,,,,,　そんなつむぎの頭を撫でながら、俺はそっと額に唇を
　寄せた。
357000 ,,,,,101113,,つむぎ,つむぎ,05tum846_049.wav,,,,,,,,「あ……優哉さん……きゃっ！？」
358000 ,,,,,101113,,,,,,,,,,,,　今度は鎖骨に吸いつき、肉食獣のように喉元へ歯を
　立てる。
359000 ,,,,,101113,,,,,,,,,,,,　顎の下を舐め上げ、その延長で唇を奪う。
360000 ,,,,,101113,,つむぎ,つむぎ,05tum846_050.wav,,,,,,,,「ん……ちゅっ、ちゅぅっ……んっん、ちゅっ……
　ぢゅぅっ、んふ、ぢゅぅぅっ……ぢゅるっ……」
361000 ,,,,,101113,,,,,,,,,,,,　変則的な俺の責めに対応できず、つむぎは呆然と舌の
　蹂躙を受け入れた。
362000 ,,,,,101113,,,,,,,,,,,,　相変わらず舌が絡み合うたびにビクビクと震え、
　身体が＜傾＝かし＞いでいく。
363000 ,,,,,101113,,,,,,,,,,,,　それに乗じて体重を預け、放心状態のつむぎを布団の
　上へ押し倒した。
366000 ,,,,,101121,,,,,,,,,,,,　もはや白襦袢は肌を隠す役目を放棄し、ひとりの少女
　を恥じらわせるだけの道具に成り下がっている。
367000 ,,,,,101121,,,,,,,,,,,,　胸を隠そうとした手を掴み、布団の上で＜磔＝はりつけ＞の状態に
　すると、一気に頬の紅潮が強まった。
368000 ,,,,,101121,,優哉,優哉,,,,,,,,,「ごめん、つむぎ。優しくしなくちゃいけないって
　分かってるんだけど……」
369000 ,,,,,101121,,つむぎ,つむぎ,05tum846_051.wav,,,,,,,,「大丈夫です……でも……やっぱり恥ずかしいですっ」
370000 ,,,,,101121,,,,,,,,,,,,　思わず欲望に負けて、目の前の乳房にむしゃぶりつき
　たくなる。
371000 ,,,,,101121,,,,,,,,,,,,　この身体を自分の思うとおりに抱けると思っただけで
　脳から変な汁が出そうになった。
372000 ,,,,,101121,,,,,,,,,,,,　布団の上で扇状に広がった髪が、つむぎをより幻想的
　な存在に見せている。
373000 ,,,,,101121,,,,,,,,,,,,　このまま吸いこまれて、＜繭＝まゆ＞のように包まれるイメージ
　が思い浮かぶ。
374000 ,,,,,101121,,つむぎ,つむぎ,05tum846_052.wav,,,,,,,,「あの……私が何か優哉さんにして差し上げられることはありませんか？」
375000 ,,,,,101121,,優哉,優哉,,,,,,,,,「俺が同じ質問をしたら、なんて答える？」
376000 ,,,,,101121,,つむぎ,つむぎ,05tum846_053.wav,,,,,,,,「私は……優哉さんのそばにいられれば、それで……」
377000 ,,,,,101121,,優哉,優哉,,,,,,,,,「じゃあ、俺のそばにいてくれ。
　ずっとそばにいてくれ」
378000 ,,,,,101121,,つむぎ,つむぎ,05tum846_054.wav,,,,,,,,「でもそれだけでは、お尽くしすることができません」
379000 ,,,,,101121,,優哉,優哉,,,,,,,,,「それだけでいい。俺のそばにいてくれれば……」
380000 ,,,,,101121,,つむぎ,つむぎ,05tum846_055.wav,,,,,,,,「あ……優哉さっ……っう！？　んんっ！？　ふぁっ、ぁぁっ……」
381000 ,,,,,101121,,,,,,,,,,,,　我慢できず首筋に唇を重ねると、つむぎは両手で俺を
　押し返そうとする。
382000 ,,,,,101121,,,,,,,,,,,,　それは拒絶ではなく、恥じらいのためだと分かる。
383000 ,,,,,101121,,つむぎ,つむぎ,05tum846_056.wav,,,,,,,,「っぅ、申し訳ありません……っぁ、ふっぅ、んっ、ぁぁっ、優哉さぁん……」
384000 ,,,,,101121,,,,,,,,,,,,　構わず身体を預け、＜喉頸＝のどくび＞へ噛みつく。
385000 ,,,,,101121,,,,,,,,,,,,　するとつむぎはしばらく瀕死の生き物のように痙攣を
　繰り返し、突っ張っていた両腕の力を緩めた。
386000 ,,,,,101121,,優哉,優哉,,,,,,,,,（つむぎの匂いって……なんか落ち着くな……）
387000 ,,,,,101121,,,,,,,,,,,,　＜檜＝ひのき＞の香りに似た、森林浴でもしているような気分に
　なる匂い。
388000 ,,,,,101121,,,,,,,,,,,,　鼻腔一杯に広がる緑の香りがどこか懐かしくもあり。
389000 ,,,,,101121,,,,,,,,,,,,　気がつくと俺は、下品に鼻先を押しつけてつむぎの
　首筋から体臭を貪っていた。
390000 ,,,,,101121,,,,,,,,,,,,　意外にもつむぎの抵抗はない。
391000 ,,,,,101121,,,,,,,,,,,,　調子に乗って頬ずりを繰り返していると、何かを訴え
　かけるような視線が向けられた。
392000 ,,,,,101121,,優哉,優哉,,,,,,,,,「あ、ごめん。嫌だったか？」
393000 ,,,,,101121,,つむぎ,つむぎ,05tum846_057.wav,,,,,,,,「いえ……なんでもありません」
394000 ,,,,,101121,,優哉,優哉,,,,,,,,,「なんでもなくはないだろ、そんな泣きそうな顔して」
395000 ,,,,,101121,,つむぎ,つむぎ,05tum846_058.wav,,,,,,,,「っ……」
396000 ,,,,,101121,,優哉,優哉,,,,,,,,,「俺に気を使うなって。
　嫌なら嫌って言ってくれていいから」
397000 ,,,,,101121,,つむぎ,つむぎ,05tum846_059.wav,,,,,,,,「ち、違うんですっ。もっと首をっ……」
398000 ,,,,,101121,,優哉,優哉,,,,,,,,,「首？」
399000 ,,,,,101121,,,,,,,,,,,,　聞き返すと、つむぎは見ていられないほど顔を赤くし
　てこくんっと頷く。
400000 ,,,,,101121,,優哉,優哉,,,,,,,,,「……首をもっと噛んでほしいのか？」
401000 ,,,,,101121,,,,,,,,,,,,　率直に問いかけると、両手で顔を覆い隠そうとする。
402000 ,,,,,101121,,,,,,,,,,,,　それを許さずに布団へ押さえこむと、つむぎは観念し
　た様子で俺の唇を見つめ、
403000 ,,,,,101121,,つむぎ,つむぎ,05tum846_060.wav,,,,,,,,「っ……噛んで……ほしいですっ」
404000 ,,,,,101121,,,,,,,,,,,,　その言葉を聞いた瞬間、自分の中で何かが音を立てて
　切れるのを感じた。
405000 ,,,,,101121,,つむぎ,つむぎ,05tum846_061.wav,,,,,,,,「あっあ、優哉さっ、急にそんな噛まないでくださっ、ふっぁ、ああっ、ああっ、あああーっ」
406000 ,,,,,101121,,,,,,,,,,,,　柔らかな喉元へ歯先が喰いこんでいく感触が堪らなく
　興奮した。
407000 ,,,,,101121,,,,,,,,,,,,　つむぎは再び痙攣を繰り返し、ぐっぐっ……と布団の
　上でエビ反っていく。
408000 ,,,,,101121,,つむぎ,つむぎ,,,,,,,,,「くはっ、はあっ、ああっ、ああっ、見ないでください……こんな私を見ないでくださいっ」
409000 ,,,,,101121,,,,,,,,,,,,　首だけじゃ満足できず、肩や鎖骨の出っ張りにまで
　噛みついて歯形を残す。
410000 ,,,,,101121,,,,,,,,,,,,　そして最後に頸動脈の辺りへ歯先を立てると、
411000 ,,,,,101121,,つむぎ,つむぎ,05tum846_062.wav,,,,,,,,「ああっ、やっぁ、そこはっ……ああっ、あああっ、
　優哉さっ……ふあぁぁ～～～っ」
412000 ,,,,,101121,,,,,,,,,,,,　かわいく喉を震わせ、つむぎは背中のアーチをこれま
　で以上に大きくさせた。
413000 ,,,,,101121,,優哉,優哉,,,,,,,,,（……つむぎってＭなのかな）
414000 ,,,,,101121,,,,,,,,,,,,　これだけのことをされても、どこか満たされた表情を
　浮かべるつむぎ。
415000 ,,,,,101121,,,,,,,,,,,,　痕がつくほど手首を握っても、決して嫌がる素振りは
　見せない。
416000 ,,,,,101121,,,,,,,,,,,,　明らかにつむぎからは、イジメてちゃんオーラが出始
　めていた。
417000 ,,,,,101121,,優哉,優哉,,,,,,,,,（待て。落ち着け、俺……）
418000 ,,,,,101121,,優哉,優哉,,,,,,,,,（このモデルみたいな身体をイジメ放題とか……）
419000 ,,,,,101121,,,,,,,,,,,,　先ほどの綺麗にエビ反った姿を思い出すと、理性が
　欲望に負けそうになった。
420000 ,,,,,101121,,,,,,,,,,,,　完全に俺へ依存した弱々しい眼差し。
421000 ,,,,,101121,,,,,,,,,,,,　顔を近づけると、つむぎは自分から顎を上げて無防備
　な喉元を見せてくる。
422000 ,,,,,101121,,優哉,優哉,,,,,,,,,「も、もっと……噛んでほしいのか？」
423000 ,,,,,101121,,つむぎ,つむぎ,05tum846_063.wav,,,,,,,,「はあっ……わかりません……私……わかりませんっ」
424000 ,,,,,101121,,,,,,,,,,,,　つむぎ自身、自分の性癖が理解できていないのかも
　しれない。
425000 ,,,,,101121,,,,,,,,,,,,　言葉では戸惑いながらも、その眼差しは俺に
　『噛んでください』と訴えかけてきていた。
426000 ,,,,,101121,,優哉,優哉,,,,,,,,,「そうか、わかった。噛むって表現がダメなんだな」
427000 ,,,,,101121,,,,,,,,,,,,　わざと強引につむぎの両手首を布団に押さえつけ、
　身じろぎができないよう上から覆い被さる。
428000 ,,,,,101121,,,,,,,,,,,,　そして真上からつむぎを見下ろし、
429000 ,,,,,101121,,優哉,優哉,,,,,,,,,「……つむぎ、俺に『はむはむ』してほしいか？」
430000 ,,,,,101121,,,,,,,,,,,,　思いっきり真顔で返事を待ってみた。
431000 ,,,,,101121,,つむぎ,つむぎ,05tum846_064.wav,,,,,,,,「はむはむ……はむはむすると、優哉さんは幸せになれますか？」
432000 ,,,,,101121,,,,,,,,,,,,　神様に懺悔しつつ、笑顔で答える。
433000 ,,,,,101121,,優哉,優哉,,,,,,,,,「つむぎにはむはむできるなら死んでもいい」
434000 ,,,,,101121,,つむぎ,つむぎ,05tum846_065.wav,,,,,,,,「そんな……そんな……死んでもいいだなんて……」
435000 ,,,,,101121,,優哉,優哉,,,,,,,,,（くっ、ダメかっ）
436000 ,,,,,101121,,つむぎ,つむぎ,05tum846_066.wav,,,,,,,,「っ……私でよければ、はむはむしてくださいっ」
437000 ,,,,,101121,,,,,,,,,,,,　かぷっ！
438000 ,,,,,101121,,つむぎ,つむぎ,05tum846_067.wav,,,,,,,,「あっあ、あああっ、待ってくださっ……はむはむっ、
　やっぱりはむはむはダメですぅっ」
439000 ,,,,,101121,,つむぎ,つむぎ,05tum846_068.wav,,,,,,,,「ふっぅ、んんっ、ふあぁっ、やめてくださいっ……
　はむはむしないでくださいぃ」
440000 ,,,,,101121,,,,,,,,,,,,　頭を横に振るつむぎの喉元深くへ入り、はむはむと
　顎を動かす。
441000 ,,,,,101121,,つむぎ,つむぎ,05tum846_069.wav,,,,,,,,「あっあ、んっう、んんっ、んぅぅっ、んんっん、
　んぅぅぅーっ！？」
442000 ,,,,,101121,,,,,,,,,,,,　期待通りエビ反りになり、俺の身体を跳ね上げるほど
　の痙攣が続いた。
443000 ,,,,,101121,,,,,,,,,,,,　両腕にも力が込められていたが、男女間にある腕力の
　差を埋めるほどではない。
444000 ,,,,,101121,,優哉,優哉,,,,,,,,,「はあはあ……つむぎ……つむぎっ……」
445000 ,,,,,101121,,つむぎ,つむぎ,05tum846_070.wav,,,,,,,,「んんっ！？　んん゛ーっ！？　んう゛っ、ぢゅっ、
　んっん、ぢゅぅっ……んんっ！？　んう゛ーっ！？」
446000 ,,,,,101121,,つむぎ,つむぎ,05tum846_071.wav,,,,,,,,「んんっ、ぢゅぅっ、ぢゅるっ……んう゛っ……
　ぢゅっ、ぢゅるっ、ぢゅぅぅっ、んっんん！？」
447000 ,,,,,101121,,,,,,,,,,,,　自分を抑えきれず、勢いでつむぎの口腔を犯す。
448000 ,,,,,101121,,,,,,,,,,,,　ありったけの唾液を送りこみ、押さえつけていた手首
　を解放する。
451000 ,,,,,101122,,つむぎ,つむぎ,05tum846_072.wav,,,,,,,,「えっ……やっあ、優哉さんお待ちくださいっ。
　それは違いますぅ、はむはむじゃないですっ」
452000 ,,,,,101122,,優哉,優哉,,,,,,,,,「ああ……柔らかい……」
453000 ,,,,,101122,,,,,,,,,,,,　左右から同時に乳房を手の中に収めると、一瞬でその
　底なしの弾力に魅入られた。
454000 ,,,,,101122,,,,,,,,,,,,　ぎっしりと中身の詰まった双丘を揉みしだき、指の
　隙間から溢れ出してくる肉の厚みに酔いしれる。
455000 ,,,,,101122,,,,,,,,,,,,　つむぎの乳房は、普段学生服姿で見るよりもずっと
　ボリュームがあった。
456000 ,,,,,101122,,優哉,優哉,,,,,,,,,（すごいな、つきたての餅みたいだ……）
457000 ,,,,,101122,,,,,,,,,,,,　揉めば揉むほど手に吸いついてくる感じがして、なか
　なか手放すことができない。
458000 ,,,,,101122,,つむぎ,つむぎ,05tum846_073.wav,,,,,,,,「ん、はあっ……優哉さん、そんなにお揉みになって
　は……ふぁっ、んっん、ああっ、あぁぁ……」
459000 ,,,,,101122,,,,,,,,,,,,　麻雀牌をかき混ぜるように乳房をこね回し、ツンと
　生意気に芽吹いた先端部分を摘み上げる。
460000 ,,,,,101122,,,,,,,,,,,,　多少乱暴に引っ張っても痛がらず、そこにもつむぎの
　性癖が見え隠れしているように思えた。
461000 ,,,,,101122,,優哉,優哉,,,,,,,,,「あんまり揉まれるのは嫌か？」
462000 ,,,,,101122,,つむぎ,つむぎ,05tum846_074.wav,,,,,,,,「っ……嫌では……ありません……けど……」
463000 ,,,,,101122,,優哉,優哉,,,,,,,,,「じゃあ、もっと揉んでほしいのか？」
464000 ,,,,,101122,,つむぎ,つむぎ,05tum846_075.wav,,,,,,,,「それは絶対ダメですっ……やっ、やっ、そんなに揉みしだかないでくださいっ……」
465000 ,,,,,101122,,,,,,,,,,,,　かわいい反応が見たくて、つい意地悪をしてしまう。
466000 ,,,,,101122,,優哉,優哉,,,,,,,,,（しかしこんなおっぱいを見せられたら、男は誰だって
　こうしちゃうよな……）
468000 ,,,,,101122,,,,,,,,,,,,　すりすり。
469000 ,,,,,101122,,つむぎ,つむぎ,05tum846_076.wav,,,,,,,,「え……優哉……さん？」
470000 ,,,,,101122,,,,,,,,,,,,　深い胸の谷間に目一杯顔をうずめ、波乗り気分で乳房に
　頬ずりする。
471000 ,,,,,101122,,,,,,,,,,,,　自分でも自然と幼児化していっているのが分かる。
472000 ,,,,,101122,,優哉,優哉,,,,,,,,,「つむぎのおっぱい、やーらかくて気持ちいい」
473000 ,,,,,101122,,つむぎ,つむぎ,05tum846_077.wav,,,,,,,,「私の……やーらかいのですか？」
474000 ,,,,,101122,,優哉,優哉,,,,,,,,,「ああ。ふかふかして、温かくて……それにモチモチ
　してる……」
475000 ,,,,,101122,,つむぎ,つむぎ,05tum846_078.wav,,,,,,,,「そんなにおいしそうじゃありませんっ」
476000 ,,,,,101122,,優哉,優哉,,,,,,,,,「ていうか、俺の顔を挟めそうじゃないか？」
477000 ,,,,,101122,,つむぎ,つむぎ,05tum846_079.wav,,,,,,,,「無理です、挟めませんっ……。
　やっぁっ、そんなに寄せては……ああっ、あぁぁっ……」
478000 ,,,,,101122,,つむぎ,つむぎ,05tum846_080.wav,,,,,,,,「ごめんなさいっ、ごめんなさいっ……優哉さんのお顔っ、挟めちゃいました……」
479000 ,,,,,101122,,優哉,優哉,,,,,,,,,（ああ、ダメだ……堕落していく……）
480000 ,,,,,101122,,,,,,,,,,,,　揉んでも引っ張っても挟まれても飽きることがない、
　ある意味最強な大人のオモチャ。
481000 ,,,,,101122,,,,,,,,,,,,　つむぎは頼んでもいないのに、優しく俺の頭を撫でて
　くれていた。
482000 ,,,,,101122,,,,,,,,,,,,　目の前では、まだ世間を知らない授乳器官が大きく
　芽吹いている。
483000 ,,,,,101122,,,,,,,,,,,,　綺麗な淡紅色を指先でなぞり、俺はそっとその先を
　口に含んだ。
484000 ,,,,,101122,,つむぎ,つむぎ,05tum846_081.wav,,,,,,,,「あ……んっ、はあっ、優哉さ……ふっぁ、あぁっ、
　いけませんっ……そのようなことをっ……」
485000 ,,,,,101122,,優哉,優哉,,,,,,,,,「こんなに先っぽが尖ってるのにか？」
486000 ,,,,,101122,,つむぎ,つむぎ,,,,,,,,,「ふあぁっ、尖って……尖っ……んっぅ、んんっ、あぁっ、やぁぁっ、転がすのはダメですっ……」
487000 ,,,,,101122,,,,,,,,,,,,　それならばとおしゃぶりの部分をチュクチュク吸い、
　一足早い授乳体験をさせてやる。
488000 ,,,,,101122,,,,,,,,,,,,　両腕を掴んでいないとどこかへ吹っ飛んでいきそうな
　ほど、その身体が布団の上で弾んでいく。
489000 ,,,,,101122,,優哉,優哉,,,,,,,,,「もっと力を抜いて……」
490000 ,,,,,101122,,つむぎ,つむぎ,05tum846_082.wav,,,,,,,,「んっぅ、力を……あっあ、ああっ、あああっ、
　ふあぁぁっ、優哉さんっ……吸わないでくださいっ、
　吸わないでくださいぃぃ、やあぁぁっ……」
491000 ,,,,,101122,,つむぎ,つむぎ,05tum846_083.wav,,,,,,,,「お願いしますっ……そんなに吸ってもっ……何も出ないですからぁっ……」
492000 ,,,,,101122,,,,,,,,,,,,　母乳強奪じゃないが、つむぎは手足を拘束して乱暴に
　むしゃぶりつけばつくほど、普段は耳にできない艶め
　かしい声を洩らした。
493000 ,,,,,101122,,,,,,,,,,,,　どうやら、逃げられない状況で強引に……というのが
　いいらしい。
494000 ,,,,,101122,,つむぎ,つむぎ,05tum846_084.wav,,,,,,,,「はあはあ……もうこれ以上は無理です……私、本当に無理ですからっ……」
495000 ,,,,,101122,,つむぎ,つむぎ,05tum846_085.wav,,,,,,,,「んっん！？　ぢゅっ、んんっ、んう゛ーっ、んっん、
　ぢゅぅっ、ぢゅっ、んん゛ーっ、んんん゛ーっ！？」
496000 ,,,,,101122,,,,,,,,,,,,　左右の乳首を引っ張りながら唇を奪い、そそり立った
　ペニスを太腿に擦りつける。
497000 ,,,,,101122,,,,,,,,,,,,　弱々しく揺れる瞳から、被虐心が滲み出る。
498000 ,,,,,101122,,優哉,優哉,,,,,,,,,「くっ、つむぎっ」
499000 ,,,,,101122,,つむぎ,つむぎ,05tum846_086.wav,,,,,,,,「っん、んぅっ、優哉さんっ……あっぁ、ああっ、
　あああっ、ああああ～～～っ！？」
500000 ,,,,,101122,,,,,,,,,,,,　自分でもどうしたらいいか分からなかった。
501000 ,,,,,101122,,,,,,,,,,,,　無抵抗のつむぎを押さえつけ、その首筋に噛みつく
　と、なんとも言えない昂揚感に包まれる。
502000 ,,,,,101122,,,,,,,,,,,,　何度噛んでもエビ反りになり、ぷるぷると胸の先を
　震わせる姿が凶悪なまでにかわいい。
503000 ,,,,,101122,,つむぎ,つむぎ,05tum846_087.wav,,,,,,,,「くはっ、はあっ、あぁっ……もうお許しください……。噛むのは……首を噛むのはっ……あっあ！？」
505000 ,,,,,101122,,つむぎ,つむぎ,05tum846_088.wav,,,,,,,,「やあっ、やああっ、そっちはもっとダメですっ。
　胸はっ……あぁっ、あああっ、んんんーっ！？」
507000 ,,,,,101122,,優哉,優哉,,,,,,,,,「はぐっ、っむ、ちゅぱ、ぢゅぅっ、ぢゅるっ、
　ぢゅっぱ、あむっ、ぢゅぅっ、ぢゅっぱ……」
508000 ,,,,,101122,,つむぎ,つむぎ,05tum846_089.wav,,,,,,,,「ああっ、ああっ、優哉さっ……ああっ、ああっ、あぁぁぁ～～～っ」
509000 ,,,,,101122,,,,,,,,,,,,　つむぎが反り切れないほど背中を浮かせたところで、
　充血した乳首を甘噛みしてやる。
510000 ,,,,,101122,,,,,,,,,,,,　するとつむぎはブリッジに近い体勢で痙攣を続け、
511000 ,,,,,101122,,つむぎ,つむぎ,05tum846_090.wav,,,,,,,,「はあはあはあ……はあ……あ……ああ……あ……」
512000 ,,,,,101122,,,,,,,,,,,,　最後に俺はヘソの溝を強く唇で吸った。
513000 ,,,,,101122,,,,,,,,,,,,　懸命に呼吸を整えながら、濁った瞳を向けてくる
　つむぎ。
514000 ,,,,,101122,,,,,,,,,,,,　しばらく手を握って見つめていると、目にいっぱいの
　涙を溜め始めた。
515000 ,,,,,101122,,優哉,優哉,,,,,,,,,「悪い。俺、全然優しくできなくて……」
516000 ,,,,,101122,,つむぎ,つむぎ,05tum846_091.wav,,,,,,,,「……違うんです。
　優哉さんに手を握っていただけたのが嬉しくて……」
517000 ,,,,,101122,,優哉,優哉,,,,,,,,,「…………」
518000 ,,,,,101122,,,,,,,,,,,,　今頃になって、自分のバカさ加減に気付いていた。
519000 ,,,,,101122,,,,,,,,,,,,　つむぎを感じさせたい、この身体を独占したい……
　そんなものは全て男の傲慢だ。
520000 ,,,,,101122,,,,,,,,,,,,　ただこうやって手を握っているだけで、つむぎはこん
　なにも幸せそうに笑ってくれるのに……。
521000 ,,,,,101122,,つむぎ,つむぎ,05tum846_092.wav,,,,,,,,「気になさらないでください。
　私は大丈夫ですから……」
522000 ,,,,,101122,,,,,,,,,,,,　逆に手を握り返され、もう一方の手で優しく甲を撫で
　られる。
523000 ,,,,,101122,,優哉,優哉,,,,,,,,,「このまま続けても平気か……？」
524000 ,,,,,101122,,つむぎ,つむぎ,05tum846_093.wav,,,,,,,,「あ、えっと……あの……」
525000 ,,,,,101122,,,,,,,,,,,,　頷きかけたつむぎだったが、無節操に反り返っている
　俺のモノをチラ見して分かりやすく頬を赤らめた。
526000 ,,,,,101122,,つむぎ,つむぎ,05tum846_094.wav,,,,,,,,「……最善を尽くして……頑張ります……」
527000 ,,,,,101122,,優哉,優哉,,,,,,,,,「やっぱり怖いよな、こんなの見せられたら……」
528000 ,,,,,101122,,つむぎ,つむぎ,05tum846_095.wav,,,,,,,,「怖くはないです……ただ大きさに驚いて……」
529000 ,,,,,101122,,優哉,優哉,,,,,,,,,「けど、女の子の初体験っていうのは……」
530000 ,,,,,101122,,つむぎ,つむぎ,05tum846_096.wav,,,,,,,,「……聞いたことはあります。
　でも私、我慢しますから……」
531000 ,,,,,101122,,優哉,優哉,,,,,,,,,「……そっか」
532000 ,,,,,101122,,,,,,,,,,,,　つむぎの強い意思を感じ、俺は行為の続行を決意し
　た。
533000 ,,,,,101122,,優哉,優哉,,,,,,,,,（時間はかけない方がいいな……）
534000 ,,,,,101122,,,,,,,,,,,,　挿入に時間をかけるのは、返ってつむぎを苦しめるこ
　とになる。
535000 ,,,,,101122,,,,,,,,,,,,　もっとじっくり女性器を見てみたかったが、不安そう
　にこちらを見るつむぎから視線を外すことはできなか
　った。
536000 ,,,,,101122,,優哉,優哉,,,,,,,,,「挿れるぞ、つむぎ……」
537000 ,,,,,101122,,つむぎ,つむぎ,05tum846_097.wav,,,,,,,,「…………」
538000 ,,,,,101122,,,,,,,,,,,,　緊張した両足をＭ字に開き、下半身の湿地帯にペニス
　の先をあてがう。
539000 ,,,,,101122,,,,,,,,,,,,　強張った表情で無理に笑おうとするつむぎ。
540000 ,,,,,101122,,,,,,,,,,,,　それを見ていられず、俺は一気に腰を押しこんだ。
543000 ,,,,,101131,,つむぎ,つむぎ,05tum846_098.wav,,,,,,,,「っん、んんっ、うっん、んんっ、はあっ……ああっ、
　ああっ、あああっ、ああああーっ！？」
544000 ,,,,,101131,,,,,,,,,,,,　最初は健気に我慢していたようだが、亀頭が処女膜を
　削ぎ落とすように入りこむと激しく四肢が痙攣した。
545000 ,,,,,101131,,,,,,,,,,,,　びくっ、びくっ……と何もない宙を蹴り、あれほど
　抱き心地のよかった身体が破瓜の痛みで固縮してい
　く。
546000 ,,,,,101131,,,,,,,,,,,,『大丈夫か？』
547000 ,,,,,101131,,,,,,,,,,,,　そんな安易な言葉、かけられなかった。
548000 ,,,,,101131,,,,,,,,,,,,　出血もあり、これだけ全身が苦痛を訴えていても、
　つむぎは笑顔で『大丈夫です』と答えるに違いなか
　ったから。
549000 ,,,,,101131,,優哉,優哉,,,,,,,,,「少しずつでいいから力を抜いていって……」
550000 ,,,,,101131,,つむぎ,つむぎ,05tum846_099.wav,,,,,,,,「っ……はい……やって……みます……」
551000 ,,,,,101131,,,,,,,,,,,,　男には決して共有できない痛み。
552000 ,,,,,101131,,,,,,,,,,,,　同じ粘膜で喩えるなら、口内炎に醤油をぶっかけた
　ような痛みなんだろうか？
553000 ,,,,,101131,,,,,,,,,,,,　少なくとも、普通の打撲や切り傷とは違う質の痛みで
　あることは想像できる。
554000 ,,,,,101131,,,,,,,,,,,,　あれほど我慢強いつむぎが声を出すぐらいなのだから
　よっぽどなんだろう。
555000 ,,,,,101131,,,,,,,,,,,,　そしてそんな中、俺はと言うと……。
556000 ,,,,,101131,,優哉,優哉,,,,,,,,,「うっ！？　ああっ……」
557000 ,,,,,101131,,,,,,,,,,,,　……思わず声が出るぐらい、気持ちよかった。
558000 ,,,,,101131,,,,,,,,,,,,　サオの中程まで埋まったところで動きを止めている
　と、群生した＜膣襞＝ちつひだ＞に亀頭を締め上げられる。
559000 ,,,,,101131,,優哉,優哉,,,,,,,,,（ダメだ、搾り取られる……）
560000 ,,,,,101131,,,,,,,,,,,,　つむぎが両足を閉じると、渦を巻くように粘膜が擦り
　寄ってカリ首を圧搾してきた。
561000 ,,,,,101131,,,,,,,,,,,,　その瞬間の情けない顔を見られ、つむぎへのキスで
　ごまかす。
562000 ,,,,,101131,,つむぎ,つむぎ,05tum846_100.wav,,,,,,,,「はあっ……優哉さん……大丈夫……ですか？」
563000 ,,,,,101131,,,,,,,,,,,,　こんな状況で逆に心配されるなんて、俺もよほど
　情けない顔をしていたんだろう。
564000 ,,,,,101131,,優哉,優哉,,,,,,,,,「ああ、もう少し奥まで挿れるな？」
565000 ,,,,,101131,,つむぎ,つむぎ,05tum846_101.wav,,,,,,,,「はい……奥まで挿れ……んっん！？
　ふっあ、ああっ、んぅぅっ！？」
566000 ,,,,,101131,,,,,,,,,,,,　キシキシと締まる粘膜をかき分け、未だ誰も侵入した
　ことのないゾーンへ突入していく。
567000 ,,,,,101131,,,,,,,,,,,,　つむぎはぐ～っと布団の上で反っていき、苦しそうに
　息を詰まらせた。
568000 ,,,,,101131,,,,,,,,,,,,　そしてそんな中、俺はと言うと……。
569000 ,,,,,101131,,優哉,優哉,,,,,,,,,「うっあ！？　うううっ！？」
570000 ,,,,,101131,,,,,,,,,,,,　押し寄せる快感に耐えきれず、必死になってつむぎに
　しがみついていた。
571000 ,,,,,101131,,優哉,優哉,,,,,,,,,（な……なんで、奥にもヒダがっ……）
572000 ,,,,,101131,,,,,,,,,,,,　＜凹凸＝おうとつ＞のある粘膜が、亀頭の侵入と共にピクピク収縮し
　ていく。
573000 ,,,,,101131,,,,,,,,,,,,　そのまま処女の産道に深々と呑みこまれ、完全に
　逃げ道を塞がれる。
574000 ,,,,,101131,,,,,,,,,,,,　男を迎え入れた膣口は、池で餌をねだる鯉の口のよう
　に粘膜をせり出してきていた。
575000 ,,,,,101131,,優哉,優哉,,,,,,,,,（女の身体って……すごすぎるな……）
576000 ,,,,,101131,,,,,,,,,,,,　いきり立って挿入してみたものの、自分のちっぽけさ
　を思い知らされただけだった。
577000 ,,,,,101131,,,,,,,,,,,,　つむぎの膣内には、男が持久力を回復できる場所が
　少しもない。
578000 ,,,,,101131,,,,,,,,,,,,　どの深さに挿れていても、気を抜けば精液を吸い出さ
　れそうになる。
579000 ,,,,,101131,,つむぎ,つむぎ,05tum846_102.wav,,,,,,,,「あの……本当に大丈夫……ですか？」
580000 ,,,,,101131,,優哉,優哉,,,,,,,,,「大丈夫だよ、俺は。
　男は初めてでも痛みがあるわけじゃないから……」
581000 ,,,,,101131,,つむぎ,つむぎ,05tum846_103.wav,,,,,,,,「でも……優哉さん、とてもビクビクなさっています。
　今も私の＜膣内＝なか＞で……」
582000 ,,,,,101131,,優哉,優哉,,,,,,,,,「ん、男は幸せだとそうなるんだ」
583000 ,,,,,101131,,つむぎ,つむぎ,05tum846_104.wav,,,,,,,,「幸せだと……ビクビク……」
584000 ,,,,,101131,,,,,,,,,,,,　つむぎの言うとおり、俺のモノはいつ射精してもおか
　しくないほど、絶え間なく脈動していた。
585000 ,,,,,101131,,,,,,,,,,,,　それに釣られて膣肉もヒクつき、亀頭のエラ張った
　部分へ粘りついてくる。
586000 ,,,,,101131,,つむぎ,つむぎ,05tum846_105.wav,,,,,,,,「優哉さん、私のも……ビクビクしていますか？」
587000 ,,,,,101131,,優哉,優哉,,,,,,,,,「いや、女の子の場合はヒクヒクかな」
588000 ,,,,,101131,,つむぎ,つむぎ,05tum846_106.wav,,,,,,,,「女の子は幸せだとヒクヒクするんですね……分かり
　ました」
589000 ,,,,,101131,,,,,,,,,,,,　何が分かったのかは謎だが、つむぎは急にお祈りポー
　ズをして俺を見つめてきた。
590000 ,,,,,101131,,,,,,,,,,,,　それに反応して、俺のモノはまたビクビクと脈打って
　しまう。
591000 ,,,,,101131,,つむぎ,つむぎ,05tum846_107.wav,,,,,,,,「優哉さん、私の……ヒクヒクしていますか？」
592000 ,,,,,101131,,優哉,優哉,,,,,,,,,「はい？」
593000 ,,,,,101131,,つむぎ,つむぎ,05tum846_108.wav,,,,,,,,「私、本当に幸せで……だから……いっぱいヒクヒクしたいです」
594000 ,,,,,101131,,つむぎ,つむぎ,05tum846_109.wav,,,,,,,,「言葉では……伝えきれないので……」
595000 ,,,,,101131,,,,,,,,,,,,　一生懸命なつむぎを見ていたら、胸の奥がじんわりと
　温かくなった。
596000 ,,,,,101131,,,,,,,,,,,,　破瓜の痛みと闘いながらも、俺のことを想ってくれる
　その気持ちが嬉しかった。
597000 ,,,,,101131,,優哉,優哉,,,,,,,,,「伝わってるよ」
598000 ,,,,,101131,,つむぎ,つむぎ,05tum846_110.wav,,,,,,,,「えっ？」
599000 ,,,,,101131,,優哉,優哉,,,,,,,,,「つむぎの気持ち、全部伝わってる……」
600000 ,,,,,101131,,,,,,,,,,,,　髪を撫でながら言葉をかけると、膣肉がキュッと俺の
　モノを≪抱きしめて≫きた。
601000 ,,,,,101131,,つむぎ,つむぎ,05tum846_111.wav,,,,,,,,「ん……あっ……優哉さんの……先ほどよりも＜雄々＝おお＞しく反り返って……ああっ、大きいっ……」
602000 ,,,,,101131,,優哉,優哉,,,,,,,,,「苦しいか？」
603000 ,,,,,101131,,つむぎ,つむぎ,05tum846_112.wav,,,,,,,,「いえ、大丈夫ですっ……でも声がっ……んっぅ、んんっ、あっぁ、んんぅぅっ！？」
604000 ,,,,,101131,,,,,,,,,,,,　奥を圧迫されると自然に声が出るらしく、つむぎは
　口元を手で押さえにいく。
605000 ,,,,,101131,,,,,,,,,,,,　普段は清楚なつむぎが、こんな風に足を開いて男を
　受け入れている姿にペニスは勢いを増す一方だった。
606000 ,,,,,101131,,優哉,優哉,,,,,,,,,「つむぎの＜膣内＝なか＞、温かくて温泉に入ってるみたいだ」
607000 ,,,,,101131,,つむぎ,つむぎ,05tum846_113.wav,,,,,,,,「ん、はあっ……優哉さんの、またビクビクって……。んっん、ああっ、あああっ……」
608000 ,,,,,101131,,優哉,優哉,,,,,,,,,「少しずつ動いてみてもいいか？」
609000 ,,,,,101131,,つむぎ,つむぎ,05tum846_114.wav,,,,,,,,「はあ……はあ……平気です……動いてください……。
　私、優哉さんになら……んっぅ、ああっ！？」
612000 ,,,,,101132,,つむぎ,つむぎ,05tum846_115.wav,,,,,,,,「ああっ、んっぅ、優哉さんっ……優哉さっ……
　ああっ、あああっ、ふあぁっ、あああーっ！？」
613000 ,,,,,101132,,優哉,優哉,,,,,,,,,「くあっ！？」
614000 ,,,,,101132,,,,,,,,,,,,　ずりゅっと一往復し、全身から汗が噴き出してくる。
615000 ,,,,,101132,,,,,,,,,,,,　さらに亀頭が膨張したのは、射精直前まで追いこまれ
　たからだった。
616000 ,,,,,101132,,,,,,,,,,,,　腰を引いた際、カリ首に絡みついてくるヒダの感触が
　ヤバすぎる。
617000 ,,,,,101132,,優哉,優哉,,,,,,,,,（くそっ、なんでこんなにヒダが多いんだっ……）
618000 ,,,,,101132,,,,,,,,,,,,　額の汗を拭いつつ、二往復目の抽送に入る。
619000 ,,,,,101132,,,,,,,,,,,,　つむぎは俺とは逆に、腰を押しこんだ時の方がよく
　声が出ているようだった。
620000 ,,,,,101132,,優哉,優哉,,,,,,,,,「はあ……はあ……つむぎは挿れる時と抜く時、どっち
　がいい？」
621000 ,,,,,101132,,つむぎ,つむぎ,05tum846_116.wav,,,,,,,,「んっぅ、んんっ、そんなこと……わかりませんっ」
622000 ,,,,,101132,,優哉,優哉,,,,,,,,,「じゃあ、試しにゆっくり動いてみるぞ？」
623000 ,,,,,101132,,優哉,優哉,,,,,,,,,「こうやって奥まで挿れる時と……」
624000 ,,,,,101132,,つむぎ,つむぎ,05tum846_117.wav,,,,,,,,「あっあ、ああっ、あああっ、奥までっ……奥っ……
　んぅぅぅっ！？　んんんんーっ！？」
625000 ,,,,,101132,,優哉,優哉,,,,,,,,,「それからこうやって……抜こうとした時っ……」
626000 ,,,,,101132,,つむぎ,つむぎ,,,,,,,,,「くはっ、あぁぁっ、抜くっ……抜くぅぅっ……
　やああっ、ああぁっ、ふああぁぁっ……」
627000 ,,,,,101132,,,,,,,,,,,,　身体の反応だけを見ていても面白かった。
628000 ,,,,,101132,,,,,,,,,,,,　ペニスを奥まで挿入した時はぐーっと背中を反り、
　つむぎは息を止める。
629000 ,,,,,101132,,,,,,,,,,,,　逆に挿入を浅くした際はＭ字に開脚した足が勢いよく
　宙を蹴り、か細い＜手指＝しゅし＞でシーツを引き掴む。
630000 ,,,,,101132,,優哉,優哉,,,,,,,,,「どっちがいい？」
631000 ,,,,,101132,,つむぎ,つむぎ,05tum846_118.wav,,,,,,,,「はあはあ……どっちもダメです……」
632000 ,,,,,101132,,優哉,優哉,,,,,,,,,「どっちの方がダメ？」
633000 ,,,,,101132,,つむぎ,つむぎ,05tum846_119.wav,,,,,,,,「ああっ、やっあ、抜くっ……抜かなっ、でっ、くださっ……ふぁぁっ、はぁぁっ、やあぁぁっ……」
634000 ,,,,,101132,,つむぎ,つむぎ,05tum846_120.wav,,,,,,,,「優哉さんの出っ張りがっ……引っかかってっ……
　んっぅ、んんっ、ああっ、お腹の中がっ……引っ張ら
　れっ……んっん！？　んっんん！？」
635000 ,,,,,101132,,つむぎ,つむぎ,,,,,,,,,「やっ、やっ、ダメですっ……これ以上、おっきくっ、ならなっ……やっあ、らめれすぅぅっ」
636000 ,,,,,101132,,,,,,,,,,,,　挿入時の方が声は大きかったが、実際につむぎが虜と
　なったのはペニスを抜く際の刺激だった。
637000 ,,,,,101132,,,,,,,,,,,,　どうやら亀頭のクビレが、いい感じで粘膜に引っかか
　るらしい。
638000 ,,,,,101132,,,,,,,,,,,,　当然俺も余裕はなかったが、意識を他のことに向ける
　ことでもうしばらくは＜保＝も＞ちそうだった。
639000 ,,,,,101132,,優哉,優哉,,,,,,,,,「今度はちょっとずつ激しくしていくからな？」
640000 ,,,,,101132,,つむぎ,つむぎ,05tum846_121.wav,,,,,,,,「ええっ、激しっ……やっあ、困りますっ、そんなっ、優哉さっ……あっあ、あっ、あっ、あっ、ああっ、またおっきくなっ……んぅぅぅっ！？」
641000 ,,,,,101132,,つむぎ,つむぎ,05tum846_122.wav,,,,,,,,「んっ、あっ、あっ、ああっ、そんなに突かなっ……奥はっ……ああっ、ああっ、やぁぁっ……」
642000 ,,,,,101132,,つむぎ,つむぎ,05tum846_123.wav,,,,,,,,「許してくださいっ……堪忍してくださいっ……私っ……わたっ、しっ……んぅぅっ、んっんん！？」
643000 ,,,,,101132,,つむぎ,つむぎ,,,,,,,,,「優哉ひゃ……ゆーやひゃんっ……ゆーっ、ああっ、ああっ、ああっ、あああっ……」
644000 ,,,,,101132,,つむぎ,つむぎ,05tum846_124.wav,,,,,,,,「あっあ、ああっ、ああっ、ああっ、突かないでくださいっ、突かないでくださいっ……そんなに奥ばっかりダメですぅぅっ」
645000 ,,,,,101132,,,,,,,,,,,,　身体の相性がいいというのは、俺たちみたいなのを
　言うんだろうか？
646000 ,,,,,101132,,,,,,,,,,,,　どこにどう擦れても快感が生まれ、つむぎも処女を
　失ったばかりとは思えない反応を見せていた。
647000 ,,,,,101132,,優哉,優哉,,,,,,,,,「はあはあ、つむぎの＜膣内＝なか＞……すげえヒクヒクしてる」
648000 ,,,,,101132,,つむぎ,つむぎ,05tum846_125.wav,,,,,,,,「んはぁっ、してませんっ……私、ヒクヒクなんて……ヒクヒクなんてしてませんっ」
649000 ,,,,,101132,,優哉,優哉,,,,,,,,,「え……だってさっき、いっぱいヒクヒクしたいって
　言ってたよな？」
650000 ,,,,,101132,,つむぎ,つむぎ,05tum846_126.wav,,,,,,,,「違いますっ……私の幸せはっ……私の幸せは違うんですぅっ」
651000 ,,,,,101132,,,,,,,,,,,,　と、顔をぶんぶん横に振りながら赤面していくつむぎ。
652000 ,,,,,101132,,,,,,,,,,,,　要するに、自分が男にペニスを挿れられて幸せを感じるような『はしたない』女だとは思われたくないらしい。
653000 ,,,,,101132,,優哉,優哉,,,,,,,,,「そうだよな、つむぎはこんなことで幸せを感じるような女じゃないよな……」
654000 ,,,,,101132,,,,,,,,,,,,　理解を示しつつ根本まで挿入し、精子の吸入口をぐいぐいと圧迫する。
655000 ,,,,,101132,,,,,,,,,,,,　するとつむぎはこれまでにない勢いで宙を蹴り、
　網焼きされたスルメイカのように身体をくねらせ
　ていった。
656000 ,,,,,101132,,優哉,優哉,,,,,,,,,「……やっぱり、こうやって奥をぐりぐりされるのが
　幸せなのか」
657000 ,,,,,101132,,つむぎ,つむぎ,05tum846_127.wav,,,,,,,,「そんなことないですっ。私……本当に違うんですぅっ」
658000 ,,,,,101132,,優哉,優哉,,,,,,,,,「じゃあ、このヒクヒクしてるのは？
　ほら、さっきから足もびっくんびっくんして……」
659000 ,,,,,101132,,つむぎ,つむぎ,05tum846_128.wav,,,,,,,,「ああっ、あっあ、ああっ、もうおっきくならないでくださっ……んぅぅっ！？　んんっ！？　んっん、んぅぅぅっ！？」
660000 ,,,,,101132,,つむぎ,つむぎ,,,,,,,,,「やっあ、足が勝手にっ……びくっ……びくぅっ……んっぅ、んんっ、ああっ、優哉さんっ……」
661000 ,,,,,101132,,優哉,優哉,,,,,,,,,「そっか、また奥をぐりぐりしてほしいのか……」
662000 ,,,,,101132,,つむぎ,つむぎ,05tum846_129.wav,,,,,,,,「んう゛ーっ！？　んんん゛ぅっ！？　んんっん！？
　はあはあ、私どうしてっ……身体がっ……」
663000 ,,,,,101132,,優哉,優哉,,,,,,,,,「身体がどうかしたのか？」
664000 ,,,,,101132,,つむぎ,つむぎ,05tum846_130.wav,,,,,,,,「はあっ、おかしいんですっ……優哉さんに奥を突いていただくと……何もできなくなってしまうんですっ」
665000 ,,,,,101132,,優哉,優哉,,,,,,,,,「……それは、もっと奥を突いてほしいってことか？」
666000 ,,,,,101132,,つむぎ,つむぎ,05tum846_131.wav,,,,,,,,「ち、違いますっ。そんなつもりではっ……ああっ、あああっ、ああああっ、ふあぁぁぁっ……」
667000 ,,,,,101132,,,,,,,,,,,,　単調にならないようリズムを変え、あえて子宮口への
　粘着はやめる。
668000 ,,,,,101132,,,,,,,,,,,,　５回動いて１回を奥に当て、焦らしながら俺に突かれ
　る悦びを覚えこませていく。
669000 ,,,,,101132,,つむぎ,つむぎ,05tum846_132.wav,,,,,,,,「はあ……はあ……っ……っ……っん……っ……」
670000 ,,,,,101132,,,,,,,,,,,,　おねだりの言葉を知らないつむぎの腰が、初めて自分
　からくねり出すのが見えた。
671000 ,,,,,101132,,,,,,,,,,,,　本人はそれに気付いていない。
672000 ,,,,,101132,,,,,,,,,,,,　つむぎの本能がそうさせたのか、その動きは明らかに
　膣奥への刺激を催促するものだった。
673000 ,,,,,101132,,優哉,優哉,,,,,,,,,「知ってるか、つむぎ……こうやって奥に挿れる時って
　いうのはさ……」
674000 ,,,,,101132,,,,,,,,,,,,　おもむろにつむぎの手を握り、身体を上から被せて
　いく。
675000 ,,,,,101132,,つむぎ,つむぎ,05tum846_133.wav,,,,,,,,「んっ……ダメです……私また……ヒクヒクしてしまいます……」
676000 ,,,,,101132,,優哉,優哉,,,,,,,,,「いいんだ、ヒクヒクしたって……こうやって奥を突く
　のは、赤ちゃんをつくる時なんだから……」
677000 ,,,,,101132,,つむぎ,つむぎ,05tum846_134.wav,,,,,,,,「ああっ、奥っ……奥は……赤ちゃんなんですか？」
678000 ,,,,,101132,,優哉,優哉,,,,,,,,,「ああ。赤ちゃんが欲しい時はこうやって奥をぐりぐり
　して……」
679000 ,,,,,101132,,つむぎ,つむぎ,05tum846_135.wav,,,,,,,,「あっあ、あああっ、あああっ、ああああーっ！？」
680000 ,,,,,101132,,優哉,優哉,,,,,,,,,「はあはあ、ここっ……ここに先っぽを押しつけて射精
　するんだっ」
681000 ,,,,,101132,,つむぎ,つむぎ,05tum846_136.wav,,,,,,,,「んっぅ、分かりますっ……優哉さんのが奥にきていますっ……」
682000 ,,,,,101132,,つむぎ,つむぎ,05tum846_137.wav,,,,,,,,「いいんですよね？
　私いっぱい、ヒクヒクしてもいいんですよね？」
683000 ,,,,,101132,,優哉,優哉,,,,,,,,,「うっあ！？」
684000 ,,,,,101132,,,,,,,,,,,,　次の瞬間、ヒクヒクどころじゃない搾精の儀式が
　つむぎの産道で開始された。
685000 ,,,,,101132,,,,,,,,,,,,　膣肉自体が悲鳴を上げているような、絶え間ない収縮運動。
686000 ,,,,,101132,,,,,,,,,,,,　咄嗟に腰を引くと、それを待っていたかのように俺の
　感じる部分へヒダ肉が絡みついてくる。
687000 ,,,,,101132,,優哉,優哉,,,,,,,,,（ダメだ、奥へ吸いこまれて……）
688000 ,,,,,101132,,,,,,,,,,,,　四苦八苦している間に頭を抱き寄せられ、さらに両足
　が腰に巻きついてきた。
689000 ,,,,,101132,,優哉,優哉,,,,,,,,,「つむぎ、ちょっと待っ……」
690000 ,,,,,101132,,つむぎ,つむぎ,05tum846_138.wav,,,,,,,,「優哉さんっ……優哉さんっ……もう離れたくないですっ。ずっと一緒にいたいですっ……」
691000 ,,,,,101132,,,,,,,,,,,,　触手のように手足が巻きつけられ、俺も夢中で腰を
　振り続けた。
692000 ,,,,,101132,,,,,,,,,,,,　――言葉では……伝えきれないので……
693000 ,,,,,101132,,,,,,,,,,,,　そんなつむぎの想いが痛いほど伝わってくる。
694000 ,,,,,101132,,,,,,,,,,,,　それに応えられるだけの言葉は……やはり現存して
　いない。
695000 ,,,,,101132,,優哉,優哉,,,,,,,,,「くっ、つむぎっ」
696000 ,,,,,101132,,つむぎ,つむぎ,05tum846_139.wav,,,,,,,,「ああっ、あっ、あっ、あっ、んんっ、んぅぅっ、やっあ、優哉さっ……腰の動きがっ……すごくエッチですっ……」
697000 ,,,,,101132,,つむぎ,つむぎ,05tum846_140.wav,,,,,,,,「どうしてそんなに速くっ……動かせっ……あっあ、ああっ、あああっ、やああぁっ……」
698000 ,,,,,101132,,つむぎ,つむぎ,05tum846_141.wav,,,,,,,,「んっぅ、ああっ、優哉さん元気すぎますっ……。お腹の中でっ……どんどんっ、大きくっ……」
699000 ,,,,,101132,,つむぎ,つむぎ,05tum846_142.wav,,,,,,,,「はあはあ、優哉さんも幸せになってくださいっ……。私の＜膣内＝なか＞でビクビクしてくださいっ……」
700000 ,,,,,101132,,優哉,優哉,,,,,,,,,「ううっ、出るっ！？」
701000 ,,,,,101132,,つむぎ,つむぎ,05tum846_143.wav,,,,,,,,「ビクビクしそうですか？　優哉さん、もっと奥にきてください……奥で……赤ちゃんが産まれる所でビクビクしてくださいっ」
702000 ,,,,,101132,,つむぎ,つむぎ,05tum846_144.wav,,,,,,,,「ああっ、あああっ、あああっ、硬いっ……ですっ……
優哉さんのっ……やあっ、硬いっ……硬いっ……」
703000 ,,,,,101132,,つむぎ,つむぎ,05tum846_145.wav,,,,,,,,「奥に当たってますっ……優哉さんの硬いのが私の奥にっ……んぅぅぅっ！？　んんっん！？　ああっ、優哉さんっ……優哉さぁぁぁんっ」
704000 ,,,,,101132,,つむぎ,つむぎ,05tum846_146.wav,,,,,,,,「んっ、んんんうっ、あっ、ああっ、んっ、あっ……。んぁぁぁっ、んぅっ、あうっ、んあああぁぁぁぁぁぁっ……！！！」
708000 ,,<!ef_shasei>,,,101133,,つむぎ,つむぎ,05tum846_147.wav,,,,,,,,「あっあ、何かっ……出てっ……んぅぅっ、んんっ、ああっ、あああっ……」
709000 ,,,,,101133,,つむぎ,つむぎ,05tum846_148.wav,,,,,,,,「ビクビク……優哉さんのビクビクが……ああっ、あああっ、ふあぁぁっ……」
710000 ,,,,,101133,,,,,,,,,,,,　俺自身、痙攣が全身に飛び火するほどの激しい射精
　だった。
711000 ,,,,,101133,,,,,,,,,,,,　つむぎのヒクヒクも負けじと俺のモノを締めつけ、耳元に甘ったるい＜声音＝こわね＞が絡みついてくる。
712000 ,,,,,101133,,,,,,,,,,,,　すごい、という言葉しか思い浮かばなかった。
713000 ,,,,,101133,,,,,,,,,,,,　膣内射精の悦びを知ったペニスからは、一分以上
　精液が射出され続けた。
714000 ,,,,,101133,,,,,,,,,,,,　一時は拡がっていたつむぎの膣奥は、目一杯に精液を
　蓄えると再び収縮し始める。
715000 ,,,,,101133,,,,,,,,,,,,　俺はそんな膣肉に引き留められながら、萎えかけた
　ペニスを抜き放った。
718000 ,,,,,101134,,つむぎ,つむぎ,05tum846_149.wav,,,,,,,,「ん……あ……ああっ……やぁっ、優哉さっ……出ちゃっ……出ちゃいますっ……」
719000 ,,,,,101134,,,,,,,,,,,,　窄まりきらずにぽっかりと口を開けた膣口からは、
　選ばれなかった子種たちが溢れ出してくる。
720000 ,,,,,101134,,,,,,,,,,,,　溶岩流のように粘度の強いそれは、名残惜しそうに
　産道の入り口へ粘りついていた。
721000 ,,,,,101134,,つむぎ,つむぎ,05tum846_150.wav,,,,,,,,「あ……っあ……んぅ……んん……あぁぁ……」
722000 ,,,,,101134,,,,,,,,,,,,　こぷっ、こぽっ……と音を出して逆流する精液に、
　つむぎは切なそうな声を洩らす。
723000 ,,,,,101134,,,,,,,,,,,,　俺自身も溢れ出すそれを見ていられず、半勃ち状態の
　ペニスで産道に栓をした。
726000 ,,,,,101133,,優哉,優哉,,,,,,,,,「あぁ、つむぎのまだヒクヒクしてる……」
727000 ,,,,,101133,,つむぎ,つむぎ,05tum846_151.wav,,,,,,,,「優哉さん……あむっ……んっ……っむ、ちゅっ、あむっ……」
728000 ,,,,,101133,,,,,,,,,,,,　不意に頭を抱えこまれ、首筋に軽い痛みが奔った。
729000 ,,,,,101133,,,,,,,,,,,,　小さな口を開き、つむぎは仔猫同士がじゃれ合うよう
　に首へ噛みついてきている。
730000 ,,,,,101133,,,,,,,,,,,,　言葉で伝えられないもの、そしてこれまでの行為で
　伝えきれなかったものをそれに託すように。
731000 ,,,,,101133,,優哉,優哉,,,,,,,,,「なあ、つむぎ……」
732000 ,,,,,101133,,つむぎ,つむぎ,05tum846_152.wav,,,,,,,,「……はい」
733000 ,,,,,101133,,優哉,優哉,,,,,,,,,「好きだ。愛してる。心から……お前が好きだ」
734000 ,,,,,101133,,,,,,,,,,,,　くたっとなったつむぎを抱きしめ、もう一度だけ耳元
　で同じ愛の言葉を囁く。
735000 ,,,,,101133,,,,,,,,,,,,　するとつむぎは俺の頬を両手で包み、今にも消えそう
　な儚い笑みを浮かべて応えてくれた。
736000 ,,,,,101133,,つむぎ,つむぎ,05tum846_153.wav,,,,,,,,「私も、優哉さんのことを愛しています……」
737000 ,,,,,101133,,,,,,,,,,,,　自然と唇が惹かれ合う。
738000 ,,,,,101133,,,,,,,,,,,,　瞳に溜まっていた涙が目尻から溢れていく。
739000 ,,,,,101133,,つむぎ,つむぎ,05tum846_154.wav,,,,,,,,「ずっと……愛しています…………」
739080 ,$event_return,,,,,,,,,,,,,,,,
739090 ,,<!Lend_scene_change>,0,9000,,,,,,,,,,,,,
742000 ,@847,,,,,,,,,,,,,,,,
746000 ,,<!Lbegin_scene_change>,4,1503,,,優哉,優哉,,,,,,,,,「痛み……大丈夫か？」
747000 ,,,,,,,,,,,,,,,,,　襦袢を直したつむぎの後ろ姿に問いかける。
748000 ,,,,,,,つむぎ,つむぎ,05tum847_001.wav,"tumugi,juban",,1,,,,,「はい……」
749000 ,,,,,,,,,,tumugi,,1,,,,,　こちらを向いたつむぎが、恥ずかしそうにうなずく。
750000 ,,,,,,,優哉,優哉,,tumugi,,1,,,,,「ごめんな……。
　その、調子に乗り過ぎちゃったかもしれない」
751000 ,,,,,,,つむぎ,つむぎ,05tum847_002.wav,tumugi,,6,,,,,「いえ……」
752000 ,,,,,,,,,,tumugi,,6,,,,,　真っ赤になって両手で顔を覆うつむぎが
　すごく愛おしい。
753000 ,,,,,,,つむぎ,つむぎ,05tum847_003.wav,tumugi,,90,,,,,「優哉さん……」
754000 ,,,,,,,優哉,優哉,,tumugi,,90,,,,,「ん……？」
755000 ,,,,,,,つむぎ,つむぎ,05tum847_004.wav,tumugi,,90,,,,,「優哉さんに……あんなに求めてもらえて……。
　すごく、嬉しかったです……」
756000 ,,,,,,,,,,tumugi,,90,,,,,　あまりのいじらしさに耐えきれず、またもや
　つむぎを、ぎゅっと抱きしめてしまう。
757000 ,,,,,,,つむぎ,つむぎ,05tum847_005.wav,tumugi,,2,,,,,「ゆ、優哉さん……？　あ、あの……」
758000 ,,,,,,,優哉,優哉,,tumugi,,2,,,,,「つむぎ、今までずっと好きだった。そしてこれから、　もっともっと好きになっていくと思う」
759000 ,,,,,,,つむぎ,つむぎ,05tum847_006.wav,tumugi,,4,,,,,「優哉さん……」
760000 ,,,,,,,優哉,優哉,,tumugi,,4,,,,,「だから、ずっと一緒にいよう」
761000 ,,,,,,,,,,tumugi,,4,,,,,　つむぎが、俺の顔を見上げる。
762000 ,,,,,,,つむぎ,つむぎ,05tum847_007.wav,tumugi,,1,,,,,「はい……優哉さん……」
764000 ,,<hide><s_fade wa time=""5000"" param=""trans=2"">,,,,,,,,tumugi,,1,,,,,
762900 ,,<hide><wait time=""1000"">,,,,,,,,tumugi,,1,,,,,
763600 ,"$fset %title_pat,1",,,,,,,,,,,,,,,,過去オープン
763700 ,"$fset %ending,4",,,,,,,,,,,,,,,,
763800 ,$staffroll,,,,,,,,,,,,,,,,
763900 ,$exit tsumugi,,,,,,,,,,,,,,,,
764990 ,@tsumugi_2_start,,,,,,,,,,,,,,,,
765000 ,@848,,,,,,,,,,,,,,,,
768000 ,,<!Lbegin_day_change>,1,15000,,,,,,,,,,,,,　祭りも終わり、もう二週間近くも経ってしまった。
769000 ,,,,,,,,,,,,,,,,,　毎日が充実しているから、
　時間の流れが、すごく早いものに感じられる。
770000 ,,,,,,,,,,,,,,,,,　何か目標が定まれば、毎日の生き方が変わるって、
　誰かが言ってたけど、それ、本当だ。
771000 ,,,,,,,,,,,,,,,,,　『つむぎを絶対幸せにする』
772000 ,,,,,,,,,,,,,,,,,　つむぎと心が通じ合ったあの日から、
　俺にも確かな目標が出来たから……。
773000 ,,,,,,,,,,,,,,,,,　今、つむぎと過ごすすべての時間が、
　俺のとっての生きる意味になっている。
774000 ,,,,,,,,,,,,,,,,,　学園に行き、その後すみさきで働く
　という日々の生活のサイクル自体は
　何も変わっていない。
775000 ,,,,,,,,,,,,,,,,,　だけど、日々の輝きや行動の重みが
　グンと変わった。
776000 ,,,,,,,,,,,,,,,,,　なによりも、一番の変化が、旅館の仕事に対する
　考えな気がする。
777000 ,,,,,,,,,,,,,,,,,　つむぎがすみさきに来て以来、
　少しずつ手伝いに、やりがいを感じ始めてはいた。
778000 ,,,,,,,,,,,,,,,,,　だが、最近は、旅館の仕事をするのが
　むしろ楽しくなってきてしまっている。
779000 ,,,,,,,,,,,,,,,,,　（まあ、つむぎと一緒に働いているから……
　というところもデカいとは思うが）
780000 ,,,,,,,,,,,,,,,,,　温泉を守り、泊まりに来てくれたお客様に
　心づくしのもてなしをする日々が、楽しい。
781000 ,,,,,,,,,,,,,,,,,　くやしいが、なんとなくオヤジが旅館経営に
　入れ込む気持ちがだんだん分かってきてしまった。
782000 ,,,,,,,,,,,,,,,,,　つむぎも、すみさきで俺と一緒に働くことを、
　嬉しく感じてくれているみたいだし……。
783000 ,,,,,,,,,,,,,,,,,　こういう人生も良いんじゃないか？
　と感じてきている。
784000 ,,,,,,,,,,,,,,,,,　いまだに、時折悲しげな顔を見せるつむぎ。
785000 ,,,,,,,,,,,,,,,,,　傲慢なかもしれないが、いつか、
　俺が、つむぎの中に隠された
　その悲しみを全部消してやりたいと思う。
786000 ,,,,,,,,,,,,,,,,,　つむぎの周りから消えない暗い霧を、
　すべて取り払ってやりたい。
787000 ,,,,,,,,,,,,,,,,,　どんなものからも、つむぎを守ってやりたい。
787090 ,,<!Lend_day_change>,0,9000,,,,,,,,,,,,,
790000 ,@849,,,,,,,,,,,,,,,,
793000 ,,<!Lbegin_day_change>,8,1600,,,優哉,優哉,,,,,,,,,「トメさん、もう乾いてたから
　布団カバーとかシーツ、取り込んでおいたよ」
794000 ,,,,,,,仲居Ａ,トメさん,38naa849_001.wav,,,,,,,,「あら、助かるねぇ、若」
795000 ,,,,,,,優哉,優哉,,,,,,,,,「たたんであっちに置いといたから」
796000 ,,,,,,,仲居Ａ,トメさん,38naa849_002.wav,,,,,,,,「ありがとね。……若、頼もしくなってきたねぇ」
797000 ,,,,,,,優哉,優哉,,,,,,,,,「やめてよトメさん、まだまだ全然だって」
798000 ,,,,,,,,,,,,,,,,,　と言いつつも、褒められて悪い気はしない。
799000 ,,,,,,,仲居Ａ,トメさん,38naa849_003.wav,,,,,,,,「なんだか、支配人に似てきたような……」
800000 ,,,,,,,優哉,優哉,,,,,,,,,「……ぶはッ。そいつは勘弁してよ、トメさん」
801000 ,,,,,,,つむぎ,つむぎ,05tum849_001.wav,"tumugi,nakai",,0,,,,,「あの、外の掃除、終わりましたので……」
802000 ,,,,,,,仲居Ａ,トメさん,38naa849_004.wav,tumugi,,0,,,,,「ああ、つむぎちゃんもお疲れさん」
803000 ,,,,,,,優哉,優哉,,tumugi,,0,,,,,「お疲れ、つむぎ」
804000 ,,,,,,,つむぎ,つむぎ,05tum849_002.wav,tumugi,,90,,,,,「いえ……それでは、二階の方を回ってきます」
805000 ,,,,,,,,,,,,,,,,,　相変わらず、つむぎは働き者だ。
806000 ,,,,,,,仲居Ａ,トメさん,38naa849_005.wav,,,,,,,,「つむぎちゃんって、ほんといい娘だねぇ、若」
807000 ,,,,,,,優哉,優哉,,,,,,,,,「えっ？　うん、ああ……そうだね」
808000 ,,,,,,,仲居Ａ,トメさん,38naa849_006.wav,,,,,,,,「若いのに誠意ある接待ができてるって、
　けっこう評判になってるのよ」
809000 ,,,,,,,優哉,優哉,,,,,,,,,「へえ……」
810000 ,,,,,,,,,,,,,,,,,　つむぎのことを褒められると、こっちも嬉しくなる。
811000 ,,,,,,,仲居Ａ,トメさん,38naa849_007.wav,,,,,,,,「ほーんと、お嫁さんにピッタリの
　理想的な大和撫子だよねぇー」
812000 ,,,,,,,優哉,優哉,,,,,,,,,「な、なに……？　その目は」
813000 ,,,,,,,仲居Ａ,トメさん,38naa849_008.wav,,,,,,,,「いやいや、深い意味はないんだよ。ほっほっほ……」
814000 ,,,,,,,優哉,優哉,,,,,,,,,「…………」
815000 ,,,,,,,,,,,,,,,,,　俺たちの関係は、どうやらすでに
　すみさきで公式になってしまっているらしい。
816000 ,,,,,,,,,,,,,,,,,　恥ずかしがり屋のつむぎのためにも、一応、
　俺たちの仲は誰にも気づかれないように
　しているつもりだが……。
817000 ,,,,,,,,,,,,,,,,,　狭い旅館だ……。
　気心しれた従業員さんたちが、気づかぬわけもない。
818000 ,,,,,,,仲居Ａ,トメさん,38naa849_009.wav,,,,,,,,「ほっほっほ。この先楽しみだねぇ～」
819000 ,,,,,,,,,,,,,,,,,　トメさんの視線が、痛かった。
822000 ,,<!timepass_2_short>,,1401,,,優哉,優哉,,,,,,,,,「失礼します。ポットのお湯を交換にまいりました」
823000 ,,,,,,,お爺さん,男性客,,,,,,,,,「ああ、すまないねぇ。頼みますよ」
824000 ,,,,,,,優哉,優哉,,,,,,,,,「いえ。他に何か、ご不便はございませんか？」
825000 ,,,,,,,お婆さん,女性客,,,,,,,,,「いいえぇ……良いお宿で……。
　ゆっくりくつろいでますよぉ」
826000 ,,,,,,,優哉,優哉,,,,,,,,,「ありがとうございます」
827000 ,,,,,,,,,,,,,,,,,　平日は、定年退職した夫婦のお客が多い。
828000 ,,,,,,,,,,,,,,,,,　こういうお客さんたちって、純粋に、のんびり
　温泉を楽しみに来てくれてるって感じなんだよな。
829000 ,,,,,,,,,,,,,,,,,　一度気に入ってもらえると、
　リピーターになってくれたりするし。
830000 ,,,,,,,つむぎ,つむぎ,05tum849_003.wav,tumugi,,90,,,,,「失礼いたします。
　ひと回り小さい浴衣をお持ちしました……」
831000 ,,,,,,,優哉,優哉,,tumugi,,2,,,,,「あ……」
832000 ,,,,,,,,,,tumugi,,2,,,,,　つむぎとかち合ってしまう。
833000 ,,,,,,,つむぎ,つむぎ,05tum849_004.wav,tumugi,,0,,,,,「…………」
834000 ,,,,,,,,,,tumugi,,0,,,,,　一瞬だけ視線を合わせ、
　俺は部屋を出て行こうとする。
835000 ,,,,,,,お婆さん,女性客,,tumugi,,0,,,,,「あらあらぁ。あなたがこちらの若女将さんかしら？」
836000 ,,,,,,,つむぎ,つむぎ,05tum849_005.wav,tumugi,,2,,,,,「えっ……？」
837000 ,,,,,,,お婆さん,女性客,,tumugi,,2,,,,,「それで、あなたが若旦那さんなんでしょう？」
838000 ,,,,,,,優哉,優哉,,tumugi,,2,,,,,「あ、いや……」
839000 ,,,,,,,,,,tumugi,,2,,,,,　お婆さんの勘違いに、
　俺たち二人は大げさに赤面してしまう。
840000 ,,,,,,,お婆さん,女性客,,tumugi,,2,,,,,「ずいぶんお若いようだけど、
　お二人、とってもお似合いですよぉ」
841000 ,,,,,,,つむぎ,つむぎ,05tum849_006.wav,tumugi,,6,,,,,「えっ、あ、あの……。はぅぅ……」
842000 ,,,,,,,お婆さん,女性客,,tumugi,,6,,,,,「ねぇ、おじいさん？」
843000 ,,,,,,,お爺さん,男性客,,tumugi,,6,,,,,「そうだねぇ、若い頃のわしらを見ているようだねぇ」
844000 ,,,,,,,,,,tumugi,,6,,,,,　老夫婦二人の視線が、俺たちをさらに
　気恥ずかしくさせていく。
845000 ,,,,,,,優哉,優哉,,tumugi,,6,,,,,「ふ、夫婦って……お客様……」
846000 ,,,,,,,優哉,優哉,,tumugi,,6,,,,,「まだそんなの、若すぎるよなぁ？　つむぎ」
847000 ,,,,,,,,,,tumugi,,6,,,,,　でも、いつかは夫婦になれたら良いと思う。
　いや、絶対なりたい。
848000 ,,,,,,,,,,tumugi,,6,,,,,　照れつつも、つむぎの顔をチラリと横目で見る。
849000 ,,,,,,,つむぎ,つむぎ,05tum849_007.wav,tumugi,,42,,,,,「そ、そう、ですね……。夫婦なんて……」
850000 ,,,,,,,優哉,優哉,,tumugi,,42,,,,,「……？」
851000 ,,,,,,,,,,tumugi,,42,,,,,　恥ずかしげに、微笑むつむぎの顔に、ほんのわずか、
　またあの悲しげな色が浮かんでいた。
851090 ,,<!Lend_day_change>,0,9000,,,,,,,,,,,,,
851900 ,,<!ec_tsumugi_pri>,,,,,,,,,,,,,,,
854000 ,@850,,,,,,,,,,,,,,,,
857000 ,,<!Lbegin_day_change>,8,1200,,,,,,,,,,,,,　――今日も、放課後から旅館に。
858000 ,,,,,,,優哉,優哉,,,,,,,,,「おっと、観光マップが結構減ってるな。
　あとで補充しとくか……」
859000 ,,,,,,,,,,,,,,,,,　まずは軽く、フロントや玄関口の掃除をしておく。
860000 ,,,,,,,優哉,優哉,,,,,,,,,「さて……中はだいたい綺麗になってるから、
　外の落ち葉掃きでもするかな」
861000 ,,,,,,,つむぎ,つむぎ,05tum850_001.wav,"tumugi,nakai",,0,,,,,「あ……優哉さん、外ですか？　手伝います」
862000 ,,,,,,,優哉,優哉,,tumugi,,0,,,,,「あ、いいよいいよ。つむぎは今、休憩時間だろ？」
863000 ,,,,,,,つむぎ,つむぎ,05tum850_002.wav,tumugi,,0,,,,,「そうですが……」
864000 ,,,,,,,優哉,優哉,,tumugi,,0,,,,,「俺ひとりで平気だからさ」
865000 ,,,,,,,つむぎ,つむぎ,05tum850_003.wav,tumugi,,0,,,,,「………………」
866000 ,,,,,,,つむぎ,つむぎ,05tum850_004.wav,tumugi,,5,,,,,「優哉さんは……私と一緒ではお嫌ですか……？」
867000 ,,,,,,,優哉,優哉,,tumugi,,5,,,,,「そ、そーゆー言い方されると断れなくなるだろ」
868000 ,,,,,,,つむぎ,つむぎ,05tum850_005.wav,tumugi,,90,,,,,「では、行きましょう」
869000 ,,,,,,,,,,tumugi,,90,,,,,　いそいそと、玄関先に行こうとするつむぎ。
870000 ,,,,,,,仲居Ａ,トメさん,38naa850_001.wav,tumugi,,90,,,,,「つむぎちゃ～ん、美味しいおまんじゅう
　もらったから、休憩室で一緒に食べましょー！」
871000 ,,,,,,,,,,tumugi,,90,,,,,　奥から、トメさんの声が響く。
872000 ,,,,,,,優哉,優哉,,tumugi,,90,,,,,「あ、つむぎ……。ほら、トメさん呼んでるぜ」
873000 ,,,,,,,つむぎ,つむぎ,05tum850_006.wav,tumugi,,3,,,,,「トメさん、申し訳ありません！　あとで頂きます！」
874000 ,,,,,,,優哉,優哉,,tumugi,,3,,,,,「お、おい、いいのか？」
875000 ,,,,,,,つむぎ,つむぎ,05tum850_007.wav,tumugi,,1,,,,,「はい」
877000 ,,<!move_short>,,1100,,,優哉,優哉,,tumugi,,90,,,,,「しかし……掃いても掃いても、
　落ち葉ってのはなくならないな」
878000 ,,,,,,,つむぎ,つむぎ,05tum850_008.wav,tumugi,,90,,,,,「すごい山になってしまいましたね」
879000 ,,,,,,,優哉,優哉,,tumugi,,90,,,,,「ここは定番だが、焼き芋でもしたいところだ」
880000 ,,,,,,,つむぎ,つむぎ,05tum850_009.wav,tumugi,,1,,,,,「うふふっ、いいですね」
881000 ,,,,,,,つむぎ,つむぎ,05tum850_010.wav,tumugi,,1,,,,,「私、板場に行って、お芋がないか聞いてきます」
882000 ,,,,,,,優哉,優哉,,tumugi,,0,,,,,「ああ、頼むよ」
883000 ,,,,,,,,,,tumugi,,0,,,,,　つむぎが駆け出した、そのとき。
884000 ,,,,,,,つむぎ,つむぎ,05tum850_011.wav,tumugi,,5,,,,,「……くっ」
885000 ,,,,,,,優哉,優哉,,tumugi,,5,,,,,「つむぎ、どうした？」
886000 ,,,,,,,つむぎ,つむぎ,05tum850_012.wav,tumugi,,12,,,,,「あ、いえ、なんでもありません」
887000 ,,,,,,,優哉,優哉,,tumugi,,12,,,,,「そ、そうか……」
888000 ,,,,,,,つむぎ,つむぎ,05tum850_013.wav,tumugi,,90,,,,,「では、板場で聞いてきます」
888090 ,,<!Lend_day_change>,0,9000,,,,,,,,,,,,,
891000 ,@851,,,,,,,,,,,,,,,,
894000 ,,<!Lbegin_day_change>,8,1100,,,,,,,,,,,,,　それから、数日後。
896000 ,,<!move_normal>,,1600,,,仲居Ａ,トメさん,38naa851_001.wav,,,,,,,,「若、若、ちょっと……」
897000 ,,,,,,,優哉,優哉,,,,,,,,,「んっ？」
898000 ,,,,,,,仲居Ａ,トメさん,38naa851_002.wav,,,,,,,,「今、露天風呂の備品チェックに行ったんだけどね、
　なんだか、お湯の量が少ない気がするんだよ」
899000 ,,,,,,,優哉,優哉,,,,,,,,,「えっ？」
900000 ,,,,,,,仲居Ａ,トメさん,38naa851_003.wav,,,,,,,,「いや、大したことはないんだけどねぇ……。
　今までこんなことなかったから、気になっちゃって」
901000 ,,,,,,,優哉,優哉,,,,,,,,,「？」
902000 ,,,,,,,仲居Ａ,トメさん,38naa851_004.wav,,,,,,,,「いや、最初はあたしも、
　気のせいだって思ってたんだけど……。
　今日になったら、目に見えて減ってるんでね……」
903000 ,,,,,,,優哉,優哉,,,,,,,,,「うーん……」
904000 ,,,,,,,仲居Ａ,トメさん,38naa851_005.wav,,,,,,,,「ポンプの調子が悪いのかも知れないけど、
　あたしじゃ分からないし……」
905000 ,,,,,,,優哉,優哉,,,,,,,,,「そうだね、俺が行ってチェックしてみるよ」
906000 ,,,,,,,,,,,,,,,,,　機械の故障であればいい。
907000 ,,,,,,,,,,,,,,,,,　俺は、足早にポンプ施設に向かった。
909000 ,,<!move_short_r>,,1301,,,仲居Ａ,トメさん,38naa851_006.wav,,,,,,,,「若、どうだった？」
910000 ,,,,,,,つむぎ,つむぎ,05tum851_001.wav,"tumugi,nakai",,3,,,,,「優哉さん……」
911000 ,,,,,,,,,,tumugi,,3,,,,,　ポンプ施設から戻ってきた俺を、
　トメさんとつむぎが出迎えた。
912000 ,,,,,,,,,,tumugi,,3,,,,,　二人とも、露天風呂の様子を見ていたのだろう。
　恐らく、もっと湯量が減っているのだ。
　表情に、不安の影がさしていた。
913000 ,,,,,,,優哉,優哉,,tumugi,,3,,,,,「…………」
914000 ,,,,,,,,,,tumugi,,3,,,,,　こんな顔をしている二人に、言いづらい結果しか、
　俺は持ってこられなかった。
915000 ,,,,,,,優哉,優哉,,tumugi,,3,,,,,「機械の問題じゃないようだ。
　湯の湧く量自体が、減っている様子だった」
916000 ,,,,,,,つむぎ,つむぎ,05tum851_002.wav,tumugi,,3,,,,,「…………」
917000 ,,,,,,,,,,tumugi,,3,,,,,　二人の顔が、さらに暗くなっていく。
918000 ,,,,,,,優哉,優哉,,tumugi,,3,,,,,「まあ、
　そんなに心配しないでください」
919000 ,,,,,,,仲居Ａ,トメさん,38naa851_007.wav,tumugi,,3,,,,,「ああ、そうだね……。うん」
920000 ,,,,,,,つむぎ,つむぎ,05tum851_003.wav,tumugi,,5,,,,,「…………」
921000 ,,,,,,,優哉,優哉,,tumugi,,5,,,,,「取り合えず……俺、オヤジに報告して来るよ」
923000 ,,<!timepass_2_short>,,1200,,,,,,,,,,,,,　俺の報告を受け、オヤジはすぐにポンプ施設や
　裏山などに行き、詳しい調査を始めた。
924000 ,,,,,,,,,,,,,,,,,　山に詳しい人間も何人か連れていったので、
　俺の方は旅館の中をとりまとめるのに忙しかった。
925000 ,,,,,,,,,,,,,,,,,　気持ちが焦っていたのかも知れない。
　でも、そのフォローをつむぎがしてくれた。
926000 ,,,,,,,,,,,,,,,,,　そして、オヤジたちが、旅館に戻ってきたのは
　日も暮れ始めた頃だった
927000 ,,,,,,,優哉,優哉,,,,,,,,,「どうだったんだよ、オヤジ」
928000 ,,,,,,,英俊,英俊,13eis851_001.wav,,,,,,,,「うん、そうだねぇ……。良いとは、言えないねぇ」
929000 ,,,,,,,優哉,優哉,,,,,,,,,「詳しく教えてくれよ」
930000 ,,,,,,,英俊,英俊,13eis851_002.wav,,,,,,,,「情報がまとまったら、改めて知らせるよ。
　今はなにも、はっきりしたことは言えないからね」
930090 ,,<!Lend_scene_change>,0,9000,,,,,,,,,,,,,
933000 ,@852,,,,,,,,,,,,,,,,
935000 ,,<!Lbegin_scene_change>,10,1200,,,,,,,,,,,,,　――それから。
936000 ,,,,,,,,,,,,,,,,,　オヤジは地質学の専門家の人たちを何人か連れて、源泉を案内したり、温泉組合の方に報告したりして、旅館営業の方には携わらなくなった。
937000 ,,,,,,,,,,,,,,,,,　俺は、オヤジの代わりに
　旅館を切り盛りをするようになった。
938000 ,,,,,,,,,,,,,,,,,　つむぎとの楽しい時間はがくんと減り、俺は旅館全体のことを考えるようになっていた。
939000 ,,,,,,,,,,,,,,,,,　そして、つむぎは旅館の一部としてしか見ることができず、それに気付いて悩む時間を増えていったのだった。
940000 ,,,,,,,英俊,英俊,13eis852_001.wav,,,,,,,,「ああ、優哉。お疲れさん」
941000 ,,,,,,,英俊,英俊,13eis852_002.wav,,,,,,,,「優哉、今回の調査がまとまったが……。
　話を聞くかい？」
942000 ,,,,,,,優哉,優哉,,,,,,,,,「ああ、聞かせてくれ、オヤジ」
943000 ,,,,,,,,,,,,,,,,,　オヤジの報告は酷かった。
944000 ,,,,,,,,,,,,,,,,,　ウチの旅館は、源泉掛け流し式の贅沢な風呂が売りだ。それは他の温泉と違って、源泉に近いからなのだ。
945000 ,,,,,,,,,,,,,,,,,　もちろん、湯量も豊富だからこそ、ここまでやってこれたのである。
946000 ,,,,,,,,,,,,,,,,,　そして、それを大きく売り出したのが、露天風呂だった。
947000 ,,,,,,,英俊,英俊,13eis852_003.wav,,,,,,,,「まあそんな訳で……。今夜、星河原の同業の皆さんと　会議をしてみることになったよ」
948000 ,,,,,,,英俊,英俊,13eis852_004.wav,,,,,,,,「会議には奥の部屋を使うよ。
　どうせ、空いてるからねぇ……」
948090 ,,<!Lend_scene_change>,0,9000,,,,,,,,,,,,,
951000 ,@853,,,,,,,,,,,,,,,,
955000 ,,<!Lbegin_scene_change>,10,1200,,,仲居Ｂ,仲居さん,39nab853_001.wav,,,,,,,,「つむぎちゃん、
　会議室の人たちにお茶を出してちょうだいな」
956000 ,,,,,,,つむぎ,つむぎ,05tum853_001.wav,,,,,,,,「はい、わかりました」
957000 ,,,,,,,,,,,,,,,,,　私は、給湯室へと向かいました。
958000 ,,,,,,,,,,,,,,,,,　確か会議室では、星河原にある旅館の支配人の方々が　集まって、会議をしているばすでした。
959000 ,,,,,,,,,,,,,,,,,　議題は、おそらく……星河原一帯の
　湯量の低下のことだろうと思います。
960000 ,,,,,,,,,,,,,,,,,　私は少し陰鬱な気分になりながらも、
　それを振り払うようにして
　お茶の準備に没頭しました。
962000 ,,<!timepass_1_long>,,1602,,,,,,,,,,,,,　人数分のお茶を用意した私は、
　会議室の前に立ちました。
963000 ,,,,,,,,,,,,,,,,,　そのとき、ふと、会議室の中から会話が……
　漏れ聞こえてきてしまったのです。
965000 ,,,,,,,支配人Ａ,男,,,,,,,,,「このままでは、全ての旅館が
　閉鎖の憂き目にあうかもしれん」
966000 ,,,,,,,支配人Ｂ,男,,,,,,,,,「確かに……。このところの湯量の減少は、
　常軌を逸しています」
967000 ,,,,,,,支配人Ａ,男,,,,,,,,,「特に無理な汲み上げもなかったし、
　地盤沈下だって認められていない。
　いったい、なにが原因なのだ」
968000 ,,,,,,,英俊,英俊,13eis853_001.wav,,,,,,,,「まあ、地下のお湯のことですからねぇ……。
　地上の我々では、手の打ちようがありませんよねぇ」
969000 ,,,,,,,支配人Ｂ,男,,,,,,,,,「墨崎さん、
　そんな悠長に構えている余裕はないんですよ」
970000 ,,,,,,,支配人Ａ,男,,,,,,,,,「そうだとも。確か墨崎さんのところが、
　一番キツかったのではないか？」
971000 ,,,,,,,英俊,英俊,13eis853_002.wav,,,,,,,,「そうですね、ウチもかなり苦労しております」
972000 ,,,,,,,支配人Ｂ,男,,,,,,,,,「なればこそ、真剣に対策を考えねばなりません」
973000 ,,,,,,,英俊,英俊,13eis853_003.wav,,,,,,,,「しかし、こういうのは
　なるようにしかなりませんしねぇ……」
974000 ,,,,,,,英俊,英俊,13eis853_004.wav,,,,,,,,「どの旅館も、規定の汲み上げは
　ちゃんと守っているのですから。
　どうにもできないじゃないですか」
975000 ,,,,,,,支配人Ａ,男,,,,,,,,,「確かに、その通りだが……」
976000 ,,,,,,,英俊,英俊,13eis853_005.wav,,,,,,,,「ここでただの地下水を温泉と称してお客様に
　提供でもしたら、一時期流行った偽装温泉疑惑の
　二の舞ですし。ここはひとつ、様子を見ましょう」
977000 ,,,,,,,支配人Ｂ,男,,,,,,,,,「だから、そんな悠長に構えていては……！
　コトが起こってからでは、遅すぎるのですぞ」
978000 ,,,,,,,支配人Ａ,男,,,,,,,,,「正直……」
979000 ,,,,,,,支配人Ａ,男,,,,,,,,,「ウチは、来月には閉鎖も考えているのだ。
　もともと、儲かっている旅館ではなかったしな……」
980000 ,,,,,,,支配人Ｂ,男,,,,,,,,,「う…………」
981000 ,,,,,,,支配人Ｂ,男,,,,,,,,,「じ、実は、ウチもなのです……」
982000 ,,,,,,,英俊,英俊,13eis853_006.wav,,,,,,,,「ああ、奇遇ですねぇ。
　実はウチも閉鎖を考えてたんですよ」
983000 ,,,,,,,支配人Ａ,男,,,,,,,,,「墨崎さん……！」
984000 ,,,,,,,支配人Ｂ,男,,,,,,,,,「ともかく、ここは各旅館のトップで
　しっかり連携を取っていきましょう。
　ここに集まっていない他の旅館にも、声をかけて」
985000 ,,,,,,,支配人Ｂ,男,,,,,,,,,「下手をすると、家族で首をくくるような
　旅館が出てくるかも知れない」
986000 ,,,,,,,支配人Ａ,男,,,,,,,,,「うむ……。それは、ありえるな……」
987900 ,$heroine_begin,,,,,,,,,,,,,,,,
988000 ,,,,,,,つむぎ,つむぎ,05tum853_002.wav,,,,,,,,（あ…………）
989000 ,,,,,,,つむぎ,つむぎ,05tum853_003.wav,,,,,,,,（そんな……）
990000 ,,,,,,,,,,,,,,,,,　私はお茶を出すことができず、
　その場に立ちつくしてしまいました。
991000 ,,,,,,,,,,,,,,,,,　緑色に澄んだお茶の湯気だけが、
　その場でゆらゆらとただよっていました。
993000 ,,<!timepass_1_long>,0,1503,,,,,,,,,,,,,　私はそれから、ふらふらと自室に戻りました。
994000 ,,,,,,,,,,,,,,,,,　最低限の生活道具以外なにもない部屋の中は、
　ただひたすらに、静かでした。
995000 ,,,,,,,つむぎ,つむぎ,05tum853_004.wav,,,,,,,,「星河原の……お湯は……。
　そこまで深刻に…………」
996000 ,,,,,,,,,,,,,,,,,　このままでは、この星河原の温泉は
　全て止まりかねません。
997000 ,,,,,,,,,,,,,,,,,　そして、中には……
　自殺してしまうような家族も出てしまうと、
　男の人は話していました。
998000 ,,,,,,,,,,,,,,,,,　私は、夜通し考え続けました。
　どうすれば、星河原の温泉を救うことができるのか。
　こんな身体の私にできる、私にしかできないこと。
999000 ,,,,,,,,,,,,,,,,,　でも、答えは……出てきません。
1000000 ,,,,,,,,,,,,,,,,,　いえ、ひとつの答えなら、
　本当は最初から出ていたのでした。
1001000 ,,,,,,,,,,,,,,,,,　ただ、私はその『答え』から顔をそむけ続けました。
　その答えを否定するために、
　ひたすら考え続けていたのかも知れません。
1002000 ,,,,,,,つむぎ,つむぎ,05tum853_005.wav,,,,,,,,「優哉さん……」
1003000 ,,,,,,,,,,,,,,,,,　その『答え』のことを考えるたび、
　優哉さんの顔が頭に浮かびます。
1004000 ,,,,,,,つむぎ,つむぎ,05tum853_006.wav,,,,,,,,「でも……他の人が犠牲になるくらいなら、
　私が…………」
1005000 ,,,,,,,,,,,,,,,,,　私はそう決意すると、立ち上がりました。
1006000 ,,,,,,,,,,,,,,,,,　……きっとあの人たちなら、
　そうしていたでしょうから。
1008000 ,,,,13410,,,,,,,,,,,,,　すでに外は、明るくなっていました。
1009000 ,,,,,,,,,,,,,,,,,　鼻の奥がツンとするような冷え込みでしたが、
　不思議と、嫌な感じはありませんでした。
1009090 ,,<!Lend_day_change>,0,9000,,,,,,,,,,,,,
1009800 ,,<!ec_tsumugi_pri>,,,,,,,,,,,,,,,
1009900 ,$heroine_end,,,,,,,,,,,,,,,,
1012000 ,@854,,,,,,,,,,,,,,,,
1015000 ,,<!Lbegin_day_change>,1,13100,,,,,,,,,,,,,　――今日は日曜。
1016000 ,,,,,,,,,,,,,,,,,　特に頼まれているわけではないが、はやく
　目が覚めてしまったので、旅館に行くことにした。
1017000 ,,,,,,,,,,,,,,,,,　源泉の問題なんかで、最近、
　旅館内が暗くなっているから
　少しでも若者が、活気をつけないとな。
1018000 ,,,,,,,,,,,,,,,,,　つむぎ、何してるだろ？
　最近元気ないみたいだから……。
1019000 ,,,,,,,,,,,,,,,,,　そんなことを思いながら、俺は坂道を
　駆け上がっていく。
　
1021000 ,,<!move_look>,,1100,,,優哉,優哉,,,,,,,,,「よし、到着……っと」
1023000 ,,,,,,,優哉,優哉,,,,,,,,,「あ……」
1024000 ,,,,,,,,,,"tumugi,private",,0,,,,,　私服姿のつむぎが、ちょうどすみさきから出てきた。
1025000 ,,,,,,,,,,tumugi,,0,,,,,　……買い出しでも頼まれたか？
1026000 ,,,,,,,優哉,優哉,,tumugi,,0,,,,,「おーい、つむぎ！」
1027000 ,,,,,,,,,,tumugi,,0,,,,,　手を振りながら、つむぎに駆け寄る。
1028000 ,,,,,,,つむぎ,つむぎ,05tum854_001.wav,tumugi,,2,,,,,「……優哉さんっ！？」
1029000 ,,,,,,,,,,tumugi,,2,,,,,　俺に気付いたつむぎが、ビクッと身体を震わせる。
1030000 ,,,,,,,,,,tumugi,,5,,,,,　すごく、青ざめて、こわばった表情……。
　つむぎ、どうしたんだろう。
1031000 ,,,,,,,,,,tumugi,,5,,,,,　入り口で立ちすくむ、つむぎに近づく。
1033000 ,,,,,,,,,,,,,,,,,　突然、深く頭を下げたかと思うと、
　俺の脇をすり抜けてつむぎが走り去ってしまった。
1034000 ,,,,,,,,,,,,,,,,,　……まるで、逃げるかのように。
1035000 ,,,,,,,優哉,優哉,,,,,,,,,「なんだ……？」
1036000 ,,,,,,,,,,,,,,,,,　つむぎの姿は、坂の下に消え、
　あっという間に見えなくなってしまった。
1037000 ,,,,,,,,,,,,,,,,,　なんだろう……。
1038000 ,,,,,,,,,,,,,,,,,　気になりつつも、とりあえず、
　俺は旅館の中に入った。
1040000 ,,<!timepass_1_long>,0,1200,,,,,,,,,,,,,　露天風呂の湯質を調べたりしているうちに、
　昼近くになっていた。
1041000 ,,,,,,,,,,,,,,,,,　館内に戻ってくると、なにやら
　フロントのあたりが騒々しくなっていた。
1042000 ,,,,,,,,,,,,,,,,,　仲居さん達が集まって、何かを言い合っている。
1043000 ,,,,,,,仲居Ｂ,仲居,39nab854_001.wav,,,,,,,,「あっ、若！」
1044000 ,,,,,,,,,,,,,,,,,　血相を変えて、仲居さんたちが駆け寄ってきた。
1045000 ,,,,,,,仲居Ｂ,仲居,39nab854_002.wav,,,,,,,,「若、つむぎちゃんを見ませんでしたか？」
1046000 ,,,,,,,優哉,優哉,,,,,,,,,「えっ？」
1047000 ,,,,,,,,,,,,,,,,,　胸がザワリと騒ぐ。
1048000 ,,,,,,,仲居Ｂ,仲居,39nab854_003.wav,,,,,,,,「朝から姿が見えないので、おかしいなと思って……。
　それで部屋をのぞいたら、こんな置き手紙が……」
1049000 ,,,,,,,,,,,,,,,,,　俺は、和紙で出来た封筒を受け取る。
1050000 ,,,10,,,,,,,,,,,,,,“オーナー、皆さん。今までありがとうございました。　突然いなくなって申し訳ありません”
1051000 ,,,,,,,優哉,優哉,,,,,,,,,「……つむぎ！」
1052000 ,,,,,,,,,,,,,,,,,　俺は、弾かれたように、
　つむぎの部屋に向かう。
1054000 ,,<!move_short>,,1510,,,,,,,,,,,,,　きれいに、片付けられた部屋。
1055000 ,,,,,,,,,,,,,,,,,　制服やら仲居服やらは、きれいにたたまれて
　部屋の隅にまとめられていた。
1056000 ,,,,,,,,,,,,,,,,,　元から荷物の少ないつむぎだったが……。
1057000 ,,,,,,,,,,,,,,,,,　あいつ……あいつ……身一つで
　出てっちまったって言うのかよ！？
1058000 ,,,,,,,,,,,,,,,,,　突然……理由も言わずに……！
1059000 ,,,,,,,,,,,,,,,,,　なんで朝、つむぎの決意に気付かなかったんだ……。
1060000 ,,,,,,,優哉,優哉,,,,,,,,,「つむぎ！」
1061000 ,,,,,,,,,,,,,,,,,　俺は、無我夢中で旅館を飛び出した。
1063000 ,,<!move_short>,,1100,,,優哉,優哉,,,,,,,,,「つむぎ……何も言ってくれないなんて……」
1064000 ,,,,,,,,,,,,,,,,,　泣きたいんだか、怒りたいんだか、
　ゴチャゴチャになりすぎて、
　自分の感情が良く分らない。
1066000 ,,<!move_short>,,12300,,,,,,,,,,,,,　どこに行ったんだ？
　町の外に出てしまっていたら、
　どうやって探せばいい。
1067000 ,,,,,,,,,,,,,,,,,　俺、つむぎがどこから来たかも、
　実家のことも、何も知らない。
1068000 ,,,,,,,,,,,,,,,,,　この町で過ごした思い出しか、
　俺には手がかりがなかった。
1070000 ,,<!move_short>,,12200,,,優哉,優哉,,,,,,,,,「ここも、いない……」
1071000 ,,,,,,,,,,,,,,,,,　つむぎと初めてデートした町並み。
1072000 ,,,,,,,,,,,,,,,,,　二人で回った場所を、ひとつひとつ確認していく。
1073000 ,,,,,,,,,,,,,,,,,　バスの営業所の人にも、つむぎのことを聞いてみたが、今朝から、つむぎのような外見の女性は見かけていないと言われた。
1074000 ,,,,,,,,,,,,,,,,,　まだ、町から出ていないのか？
1075000 ,,,,,,,,,,,,,,,,,　だとしたら……どこに。
1077000 ,,<!move_short>,,12400,,,優哉,優哉,,,,,,,,,「ここも……いないか」
1079000 ,,,,,,,悠,悠,02yuu854_001.wav,"yuu,private",,0,,,,,「優哉……？」
1080000 ,,,,,,,優哉,優哉,,yuu,,0,,,,,「あ……」
1081000 ,,,,,,,悠,悠,02yuu854_002.wav,yuu,,1,,,,,「どうしたのよ、この世の終わりみたいな顔してさ」
1082000 ,,,,,,,優哉,優哉,,yuu,,1,,,,,「悠、つむぎを見なかったか！？」
1083000 ,,,,,,,悠,悠,02yuu854_003.wav,yuu,,3,,,,,「えっ、なに、どういうこと？」
1086000 ,,<!timepass_1_long>,,12200,,,悠,悠,02yuu854_004.wav,yuu,,4,,,,,「……なるほどね。
　みんなに連絡して、手分けして探すよ」
1087000 ,,,,,,,,,,yuu,,4,,,,,　ちょうどバイト上がりだった悠が、
　すぐさま恋鳥と愛歌も呼び出してくれた。
1088000 ,,,,,,,優哉,優哉,,yuu,,4,,,,,「すまん。恩に着る」
1089000 ,,,,,,,悠,悠,02yuu854_005.wav,yuu,,1,,,,,「つむぎさんは、私たち温泉部の
　大切なメンバーなんだから。当然でしょ」
1090000 ,,,,,,,悠,悠,02yuu854_006.wav,yuu,,4,,,,,「じゃあ……日が暮れるまでに見つけないと
　難しくなるから、急ぐよ！」
1091000 ,,,,,,,,,,,,,,,,,　連絡時間を決め、俺はまた走り出した。
1093000 ,,<!move_short>,,4100,,,優哉,優哉,,,,,,,,,「つむぎ、どこだよ……っ」
1094000 ,,,,,,,,,,,,,,,,,　校舎内をグルリと回ってみたが、日曜の校舎は
　寂しいだけで、人影はなかった。
1094090 ,,<!Lend_scene_change>,0,9000,,,,,,,,,,,,,
1097000 ,@855,,,,,,,,,,,,,,,,
1100000 ,,<!Lbegin_scene_change>,10,13101,,,,,,,,,,,,,　無情にもつむぎは見つからぬまま、
　日は暮れ始めていた。
1102000 ,,,,12201,,,,,,,,,,,,,　橋が見えてくる。
1103000 ,,,,,,,,,,,,,,,,,　そうだ、あの橋で俺とつむぎは
　待ち合わせをして……。
1104000 ,,,,,,,優哉,優哉,,,,,,,,,「…………！！！」
1105000 ,,,,,,,,,,,,,,,,,　橋の上に、黒髪の少女がたたずんでいる。
1106000 ,,,,,,,,,,,,,,,,,　フラフラになった足が、力を取り戻す。
1107000 ,,,,,,,,,,,,,,,,,　俺は、無意識のうちに走り出していた。
1109000 ,,,,,1111,,優哉,優哉,,,,,,,,,「つむぎっ！！！」
1110000 ,,,,,1111,,つむぎ,つむぎ,05tum855_001.wav,,,,,,,,「……………………優哉さん…………」
1111000 ,,,,,1111,,,,,,,,,,,,　俺に気付き、つむぎは踵を返して逃げようとする。
1112000 ,,,,,1111,,優哉,優哉,,,,,,,,,「待ってくれ！！　つむぎ！！！」
1113000 ,,,,,1111,,,,,,,,,,,,　橋の上に駆け上がり、俺は
　全身全霊を込めてつむぎを呼ぶ。
1114000 ,,,,,1111,,,,,,,,,,,,　つむぎの足が、ぴたりと止まる。
1115000 ,,,,,1111,,優哉,優哉,,,,,,,,,「待って……くれよ……」
1116000 ,,,,,1111,,つむぎ,つむぎ,05tum855_002.wav,,,,,,,,「優哉さん…………」
1117000 ,,,,,1111,,,,,,,,,,,,　つむぎが、ゆっくりとこちらを振り返った。
1118000 ,,,,,1111,,,,,,,,,,,,　何時間ぶりかに見る、つむぎの顔。
1119000 ,,,,,1111,,,,,,,,,,,,　毎日見ていた顔なのに、今はすごく遠く感じる。
1120000 ,,,,,1111,,優哉,優哉,,,,,,,,,「つむぎ……どこ行ってたんだよ……」
1121000 ,,,,,1111,,つむぎ,つむぎ,05tum855_003.wav,,,,,,,,「……………………」
1122000 ,,,,,1111,,,,,,,,,,,,　つむぎから発せられている雰囲気が、
　怖いくらいに静かだった。
1123000 ,,,,,1111,,,,,,,,,,,,　まるで、波紋一つたたない深い湖のような……。
1124000 ,,,,,1111,,優哉,優哉,,,,,,,,,「何で勝手にいなくなっちまうんだよ……！
　理由があるなら、なんで言ってくれないんだよ！？」
1125000 ,,,,,1111,,優哉,優哉,,,,,,,,,「俺……全力でお前を守るって約束しただろ？」
1126000 ,,,,,1111,,優哉,優哉,,,,,,,,,「つむぎ、教えてくれ。
　どこに行こうとしてるのか……。
　何をしようとしてるのか」
1127000 ,,,,,1111,,つむぎ,つむぎ,05tum855_004.wav,,,,,,,,「優哉さん……」
1128000 ,,,,,1111,,,,,,,,,,,,　すべての運命を受け入れるような静けさで、
　つむぎは俺をまっすぐに見つめてきた。
1130000 ,,,,,1112,,つむぎ,つむぎ,05tum855_005.wav,,,,,,,,「あなたには……あなたにだけは、
　全てをお話しします……」
1131000 ,,,,,1112,,つむぎ,つむぎ,05tum855_006.wav,,,,,,,,「優哉さん。今まで、黙っていてごめんなさい……」
1132000 ,,,,,1112,,つむぎ,つむぎ,05tum855_007.wav,,,,,,,,「私は…………」
1134970 ,$go tsumugi_kako_begin,,,,,,,,,,,,,,,,
1134990 ,@tsumugi2_return,,,,,,,,,,,,,,,,
1135000 ,@856,,,,,,,,,,,,,,,,
1138000 ,,,14,10301,,,,,,,,,,,,,　冷たい風が、俺たちの間を吹き抜けていった。
1139000 ,,,,,,,,,,,,,,,,,　声が出ない。
1140000 ,,,,,,,,,,,,,,,,,　頭の中が真っ白になっていた。
1141000 ,,,,,,,,,,,,,,,,,　この星河原を守るために生き、戦った人たち……。
1142000 ,,,,,,,,,,,,,,,,,　しかもそれが、今の俺たちにも色々なところで絡み合っていたなんて……。
1143000 ,,,,,,,つむぎ,つむぎ,05tum856_001.wav,"tumugi,private",,4,,,,,「私はあれからずっと、あの源泉で
　湯の流れを見守り続けてきました……」
1144000 ,,,,,,,つむぎ,つむぎ,05tum856_002.wav,tumugi,,4,,,,,「ですが、数ヶ月前、自分を縛り付けていた＜蛟＝みずち＞の力が
　なくなっていたことに気付いたんです」
1145000 ,,,,,,,つむぎ,つむぎ,05tum856_003.wav,tumugi,,4,,,,,「もう、この星河原の源泉に残っている力は、
　守り人である私が持つ、ほんのわずかのみです」
1146000 ,,,,,,,優哉,優哉,,tumugi,,4,,,,,「それじゃ……この町の温泉が、いま尽きようとしてるのは……」
1147000 ,,,,,,,優哉,優哉,,tumugi,,4,,,,,「…………」
1148000 ,,,,,,,つむぎ,つむぎ,05tum856_004.wav,tumugi,,4,,,,,「力が消えかかり、死期が近いことを知った私は、
　最後にもう一度だけこの町を見ておきたかった……」
1149000 ,,,,,,,つむぎ,つむぎ,05tum856_005.wav,tumugi,,4,,,,,「本当は、すぐ山に戻るつもりだったんです」
1150000 ,,,,,,,つむぎ,つむぎ,05tum856_006.wav,tumugi,,4,,,,,「でも……あなたに会ってしまった……」
1151000 ,,,,,,,優哉,優哉,,tumugi,,4,,,,,「…………」
1152000 ,,,,,,,つむぎ,つむぎ,05tum856_007.wav,tumugi,,4,,,,,「自分に残された時間が少ないと気づいていながら、
　あなたへの想いを、止めることができなかった……」
1153000 ,,,,,,,,,,tumugi,,4,,,,,　だから、最初はあんな風に俺を避けていたのか？
1154000 ,,,,,,,,,,tumugi,,4,,,,,　だが、それでもつむぎは、
　俺を受け入れてくれたじゃないか。
1155000 ,,,,,,,,,,tumugi,,4,,,,,　ずっと一緒だという俺の言葉に、
　うなずいてくれたじゃないか……。
1156000 ,,,,,,,優哉,優哉,,tumugi,,4,,,,,「つむぎ……だったら……
　だったら、このまま、俺と一緒に……」
1157000 ,,,,,,,つむぎ,つむぎ,05tum856_008.wav,tumugi,,5,,,,,「いえ……」
1158000 ,,,,,,,,,,tumugi,,5,,,,,　つむぎが静かに首を振る。
1159000 ,,,,,,,つむぎ,つむぎ,05tum856_009.wav,tumugi,,4,,,,,「私は、もうすぐ守り人としての役目を終えます」
1160000 ,,,,,,,つむぎ,つむぎ,05tum856_010.wav,tumugi,,4,,,,,「ですが、最後に……私に残っている力を使えば、
　温泉を復活させることができるはずです」
1161000 ,,,,,,,つむぎ,つむぎ,05tum856_011.wav,tumugi,,4,,,,,「皆さんの、この星河原の温泉は、私が必ず守ります。
　ですから……このまま私を行かせてください」
1162000 ,,,,,,,優哉,優哉,,tumugi,,4,,,,,「それって……お前が犠牲になるってことじゃ……」
1163000 ,,,,,,,つむぎ,つむぎ,05tum856_012.wav,tumugi,,5,,,,,「いえ、力を使おうが使うまいが、わずかな差でしかありません。私の終わりは、もう目前に迫っていますから……」
1164000 ,,,,,,,つむぎ,つむぎ,05tum856_013.wav,tumugi,,5,,,,,「私は、今まで堰き止めてきた『時の流れ』を、
　この身体に背負わなければなりません」
1165000 ,,,,,,,つむぎ,つむぎ,05tum856_014.wav,tumugi,,5,,,,,「この、身体に……。
　９０年の、時の流れを…………」
1166000 ,,,,,,,つむぎ,つむぎ,05tum856_015.wav,tumugi,,4,,,,,「優哉さん」
1167000 ,,,,,,,,,,tumugi,,4,,,,,　つむぎが、硬直したままの俺を見つめて
　問いかけてくる。
1168000 ,,,,,,,つむぎ,つむぎ,05tum856_016.wav,tumugi,,4,,,,,「優哉さんは、それでも私を、
　愛してくれますか……？」
1169000 ,,,,,,,優哉,優哉,,tumugi,,4,,,,,「…………」
1170000 ,,,,,,,,,,tumugi,,4,,,,,　茫然としたまま、俺は、何の答えも出せない。
1172000 ,,,,,,,,,,,,,,,,,　静かな表情を崩さずに、
　つむぎは俺の前から去っていった。
1173000 ,,,,,,,,,,,,,,,,,　どんどん小さくなっていくつむぎの背中を見つめるだけで、俺は立ち尽くすことしかできなかった。
1173090 ,,<!Lend_scene_change>,0,9000,,,,,,,,,,,,,
1176000 ,@857,,,,,,,,,,,,,,,,
1179900 ,$heroine_begin,,,,,,,,,,,,,,,,
1180000 ,,<!Lbegin_scene_change>,5,12101,,,つむぎ,つむぎ,05tum857_001.wav,,,,,,,,「……はぁ……うっ、うぅ……」
1181000 ,,,,,,,,,,,,,,,,,　自分の身体がきしむ音が聞こえます……。
1182000 ,,,,,,,,,,,,,,,,,　優哉さん……。
　あなたを傷つけてしまって、ごめんなさい。
1183000 ,,,,,,,,,,,,,,,,,　何も知らないまま、いなくなった私のことを
　いつか忘れていった方が、あなたにとって、
　どんなに幸せだったでしょうか……。
1184000 ,,,,,,,,,,,,,,,,,　いいえ、ちがいますね……。
1185000 ,,,,,,,,,,,,,,,,,　私と、出会わなければ、あなたがこんな苦悩を
　押しつけられることはなかったはずです……。
1186000 ,,,,,,,つむぎ,つむぎ,05tum857_002.wav,,,,,,,,「くっ……優哉……さんっ」
1187000 ,,,,,,,,,,,,,,,,,　ごめんなさい、ごめんなさい、ごめんなさい。
1188000 ,,,,,,,,,,,,,,,,,　あなたへの思いを我慢できなかった私を、
　許してください。
1189000 ,,,,,,,,,,,,,,,,,　私の……罪を……。
　私の、弱さを……。
1190000 ,,,,,,,つむぎ,つむぎ,05tum857_003.wav,,,,,,,,「……っ……くぅっ……」
1191000 ,,,,,,,,,,,,,,,,,　だから、私は自分の最後の力をかけて、
　星河原の温泉を……あなたの生活を守ります。
1192000 ,,,,,,,,,,,,,,,,,　あなたと、あなたの愛するこの町の人たちのために。
1193000 ,,,,,,,,,,,,,,,,,　だから、あなたは、私のことなど……。
1194000 ,,,,,,,つむぎ,つむぎ,05tum857_004.wav,,,,,,,,「……っ……優哉さん……っ」
1195000 ,,,,,,,温泉卿,温泉卿,12ons857_001.wav,"onsenkyou,private",,0,,,,,「行くのか、つむぎ」
1196000 ,,,,,,,つむぎ,つむぎ,05tum857_005.wav,onsenkyou,,0,,,,,「スバル……」
1197000 ,,,,,,,,,,onsenkyou,,0,,,,,　懐かしい友人……。
1198000 ,,,,,,,,,,onsenkyou,,0,,,,,　あの時代の思い出を共有する最後の友人が、
　私が来るのを待っていたかのように、
　姿を現わしました。
1199000 ,,,,,,,温泉卿,温泉卿,12ons857_002.wav,onsenkyou,,0,,,,,「今まで、よう耐えた。……強かったな、お主は」
1200000 ,,,,,,,つむぎ,つむぎ,05tum857_006.wav,onsenkyou,,0,,,,,「………………」
1201000 ,,,,,,,つむぎ,つむぎ,05tum857_007.wav,onsenkyou,,0,,,,,「う………………」
1202000 ,,,,,,,つむぎ,つむぎ,05tum857_008.wav,onsenkyou,,0,,,,,「うぁぁぁぁぁぁっ……！！！」
1203000 ,,,,,,,つむぎ,つむぎ,05tum857_009.wav,onsenkyou,,0,,,,,「スバル！　スバル……！
　助けて、スバル…………！！！」
1204000 ,,,,,,,温泉卿,温泉卿,12ons857_003.wav,onsenkyou,,3,,,,,「つむぎ……」
1205000 ,,,,,,,つむぎ,つむぎ,05tum857_010.wav,onsenkyou,,3,,,,,「私、やだ、死にたくない……！
　ほんとは優哉さんと、ずっと一緒にいたい……！！」
1206000 ,,,,,,,,,,onsenkyou,,3,,,,,　今まで必死に耐え続けていた言葉が……
　止まりませんでした。
1207000 ,,,,,,,つむぎ,つむぎ,05tum857_011.wav,onsenkyou,,3,,,,,「心から好きになった人なの……っ！
　私のことを愛してくれた人なの……っ！」
1208000 ,,,,,,,つむぎ,つむぎ,05tum857_012.wav,onsenkyou,,3,,,,,「私を幸せにするってっ、ずっと一緒にいるって、
　約束してくれた人なのっ！！」
1209000 ,,,,,,,つむぎ,つむぎ,05tum857_013.wav,onsenkyou,,3,,,,,「身体が……身体が痛いの！
　耐えられないぐらい、身体が痛くて……。
　もう私は保たないって、はっきりわかってる！」
1210000 ,,,,,,,温泉卿,温泉卿,12ons857_004.wav,onsenkyou,,0,,,,,「……………………」
1211000 ,,,,,,,つむぎ,つむぎ,05tum857_014.wav,onsenkyou,,0,,,,,「ううぅっ、うあぁぁ……。
　やだ……死にたくない……。
　助けて……スバル…………」
1212000 ,,,,,,,つむぎ,つむぎ,05tum857_015.wav,onsenkyou,,0,,,,,「優哉さん……優哉さん…………！！！
　ううっ、あああっ、うぁぁぁっ…………！
　うぁぁぁぁぁぁぁ……っ！！！」
1213000 ,,,,,,,温泉卿,温泉卿,12ons857_005.wav,onsenkyou,,0,,,,,「……………………」
1214000 ,,,,,,,温泉卿,温泉卿,12ons857_006.wav,onsenkyou,,3,,,,,「すまん、つむぎ……」
1215000 ,,,,,,,温泉卿,温泉卿,12ons857_007.wav,onsenkyou,,3,,,,,「俺には、どうすることもできない…………」
1216000 ,,,,,,,つむぎ,つむぎ,05tum857_016.wav,onsenkyou,,3,,,,,「ううっ、ううううっ……うぁぁぁぁ……。
　うぁぁぁぁぁ……っ！！！」
1216090 ,,<!Lend_scene_change>,0,9000,,,,,,,,,,,,,
1216900 ,$heroine_end,,,,,,,,,,,,,,,,
1219000 ,@858,,,,,,,,,,,,,,,,
1223000 ,,<!Lbegin_scene_change>,10,12101,,,千紗,千紗,06tis858_001.wav,,,,,,,,「はぁっ、はぁっ……」
1224000 ,,,,,,,,,,,,,,,,,　つむぎさん……どこなんだろ……。
1225000 ,,,,,,,,,,,,,,,,,　早く、早く見つけて、話をしなきゃ……。
1226000 ,,,,,,,,,,,,,,,,,　あんな姿のお兄ちゃん見たの、初めてだから……。
　何があったかはわからないけど、千紗、
　絶対にふたりを元に戻してあげるんだ……！
1227000 ,,,,,,,千紗,千紗,06tis858_002.wav,,,,,,,,「あっ」
1228000 ,,,,,,,,,,,,,,,,,　そこにいたのは、ちょっと怖い顔をしたお爺ちゃん。
1229000 ,,,,,,,,,,,,,,,,,　話しかけるのは、やっぱりこわいけど……
　つむぎさんを見つけないといけないから、
　勇気をふりしぼらなくちゃ。
1230000 ,,,,,,,千紗,千紗,06tis858_003.wav,,,,,,,,「あっ、あの……」
1231000 ,,,,,,,温泉卿,お爺ちゃん,12ons858_001.wav,"onsenkyou,private",,0,,,,,「ふむ……なにかな」
1232000 ,,,,,,,千紗,千紗,06tis858_004.wav,onsenkyou,,0,,,,,「えっと……この辺りで、髪の長い人……
　見ませんでしたか。ここのところに、鈴をつけた」
1233000 ,,,,,,,温泉卿,お爺ちゃん,12ons858_002.wav,onsenkyou,,0,,,,,「ほう……鈴…………」
1234000 ,,,,,,,,,,onsenkyou,,0,,,,,　お爺ちゃんは、ちょっと上の方を見て
　思い出すようなしぐさをして、
　それから千紗の目をじっと見つめてた。
1235000 ,,,,,,,温泉卿,お爺ちゃん,12ons858_003.wav,onsenkyou,,0,,,,,「お嬢ちゃんは、その娘御を探してどうする」
1236000 ,,,,,,,千紗,千紗,06tis858_005.wav,onsenkyou,,0,,,,,「え、えっと、それは…………」
1237000 ,,,,,,,千紗,千紗,06tis858_006.wav,onsenkyou,,0,,,,,「は、話をするの。大事な、お話」
1238000 ,,,,,,,温泉卿,お爺ちゃん,12ons858_004.wav,onsenkyou,,0,,,,,「ふむ……どんな話なのだ？」
1239000 ,,,,,,,千紗,千紗,06tis858_007.wav,onsenkyou,,0,,,,,「そ、それは言えないけど……。
　千紗、つむぎさんに
　伝えなきゃいけないことがあるの」
1240000 ,,,,,,,温泉卿,お爺ちゃん,12ons858_005.wav,onsenkyou,,0,,,,,「なぜ、そこまでつむぎのことを心配する」
1241000 ,,,,,,,千紗,千紗,06tis858_008.wav,onsenkyou,,0,,,,,「えっと、それは…………」
1242000 ,,,,,,,千紗,千紗,06tis858_009.wav,onsenkyou,,0,,,,,「同じひとを、好きになった……
　大切な友達だから」
1243000 ,,,,,,,温泉卿,お爺ちゃん,12ons858_006.wav,onsenkyou,,0,,,,,「……………………」
1244000 ,,,,,,,温泉卿,お爺ちゃん,12ons858_007.wav,onsenkyou,,0,,,,,「………………ふむ」
1245000 ,,,,,,,,,,onsenkyou,,0,,,,,　お爺ちゃんは小さくうなずいて、
　それから千紗の頭に大きな手を
　そっと乗っけてきたの。
1246000 ,,,,,,,千紗,千紗,06tis858_010.wav,onsenkyou,,0,,,,,「……っ？」
1247000 ,,,,,,,,,,onsenkyou,,0,,,,,　千紗はこわくてビクッってなっちゃったけど、
　お爺ちゃんはやさしく笑ってた。
1248000 ,,,,,,,温泉卿,お爺ちゃん,12ons858_008.wav,onsenkyou,,17,,,,,「つむぎは、良い友達を持ったものだな……」
1249000 ,,,,,,,千紗,千紗,06tis858_011.wav,onsenkyou,,17,,,,,「お爺ちゃん…………」
1250000 ,,,,,,,温泉卿,お爺ちゃん,12ons858_009.wav,onsenkyou,,0,,,,,「つむぎは、この先へと向かったぞ。
　まだそれほど時間は経っておらんから、
　走ればすぐに追いつけよう」
1251000 ,,,,,,,千紗,千紗,06tis858_012.wav,onsenkyou,,0,,,,,「あ……ありがと、お爺ちゃん！」
1252000 ,,,,,,,温泉卿,お爺ちゃん,12ons858_010.wav,onsenkyou,,17,,,,,「いいや。礼を言うのは、ワシの方じゃよ」
1253000 ,,,,,,,千紗,千紗,06tis858_013.wav,onsenkyou,,17,,,,,「…………？」
1254000 ,,,,,,,温泉卿,お爺ちゃん,12ons858_011.wav,onsenkyou,,0,,,,,「ほら、早く行かねば追いつけなくなってしまうぞ。
　急ぎなさい」
1255000 ,,,,,,,千紗,千紗,06tis858_014.wav,onsenkyou,,0,,,,,「あっ……う、うんっ！
　ありがとね、お爺ちゃん！」
1256000 ,,,,,,,温泉卿,お爺ちゃん,12ons858_012.wav,onsenkyou,,0,,,,,「うむ。気を付けてな」
1257000 ,,,,,,,,,,,,,,,,,　千紗はお爺ちゃんにペコッと頭を下げて、
　それから竹林の奥に向かって急いで走り出したの。
1258000 ,,,,,,,,,,,,,,,,,　最後にちょっとだけ、後ろを振り向いたら……
　お爺ちゃん、さみしそうに空を見上げてた。
1260000 ,,<!move_short>,,14301,,,千紗,千紗,06tis858_015.wav,,,,,,,,「はぁっ、はあっ、このあたりに、つむぎさんが……」
1261000 ,,,,,,,,,,,,,,,,,　あたりはもう、暗くなりかけてた。
1262000 ,,,,,,,,,,,,,,,,,　こんなとこ、夜になったら
　暗くてこわくて歩けないと思ったけど……。
1263000 ,,,,,,,,,,,,,,,,,　それでも、つむぎさんを見つけなきゃって思うと、
　不思議と勇気がわいてきた。
1264000 ,,,,,,,千紗,千紗,06tis858_016.wav,,,,,,,,「つむぎさん、こっちの方に来たはずなのに……。
　どこ……………………あっ！！！」
1265000 ,,,,,,,,,,,,,,,,,　つむぎさん……いた！
1266000 ,,,,,,,千紗,千紗,06tis858_017.wav,,,,,,,,「つむぎさんっ！　……つむぎさんっ！！！」
1267000 ,,,,,,,つむぎ,つむぎ,05tum858_001.wav,"tumugi,private",,2,,,,,「えっ……千紗ちゃん！？」
1268000 ,,,,,,,千紗,千紗,06tis858_018.wav,tumugi,,2,,,,,「はぁっ、はぁっ、はぁっ……。
　つむぎさん、見つけられて良かった……」
1269000 ,,,,,,,つむぎ,つむぎ,05tum858_002.wav,tumugi,,3,,,,,「千紗ちゃん、どうして……」
1270000 ,,,,,,,千紗,千紗,06tis858_019.wav,tumugi,,3,,,,,「お兄ちゃんが……
　話しかけても気づいてもらえないほど、
　すごくショックを受けてたから……」
1271000 ,,,,,,,千紗,千紗,06tis858_020.wav,tumugi,,3,,,,,「つむぎさんと何かあったのかなって思って、
　それで心配になって旅館に行ったら、
　つむぎさんがいなくなったって聞いて……」
1272000 ,,,,,,,千紗,千紗,06tis858_021.wav,tumugi,,3,,,,,「それから、つむぎさんのこと、
　ずっと探してたの……」
1273000 ,,,,,,,つむぎ,つむぎ,05tum858_003.wav,tumugi,,42,,,,,「そう……。
　ごめんね、心配かけちゃって……」
1274000 ,,,,,,,,,,tumugi,,42,,,,,　つむぎさんはそう言って、
　千紗の頭を優しくなでてくれた。
1275000 ,,,,,,,,,,tumugi,,42,,,,,　さっきのお爺ちゃんとは、全然ちがう指だけど……
　でも、手のひらのあたたかさはすごく似てた。
1276000 ,,,,,,,つむぎ,つむぎ,05tum858_004.wav,tumugi,,3,,,,,「本当にごめんね、千紗ちゃん」
1277000 ,,,,,,,,,,tumugi,,3,,,,,　つむぎさんは、千紗をなでながら
　やさしく見つめてくれた。
1278000 ,,,,,,,,,,tumugi,,3,,,,,　でもその目は、赤くはれてて……。
　つむぎさん、きっとものすごく泣いてたんだって、
　そう思った。
1279000 ,,,,,,,千紗,千紗,06tis858_022.wav,tumugi,,3,,,,,「ねぇつむぎさん、聞いて。お兄ちゃんはね、
　本当につむぎさんのことが大好きなんだよ」
1280000 ,,,,,,,千紗,千紗,06tis858_023.wav,tumugi,,3,,,,,「だから、お兄ちゃんは絶対、
　つむぎさんのところにやってくるから！
　だから、だから話を聞いてあげて！」
1281000 ,,,,,,,つむぎ,つむぎ,05tum858_005.wav,tumugi,,5,,,,,「千紗ちゃん…………」
1282000 ,,,,,,,千紗,千紗,06tis858_024.wav,tumugi,,5,,,,,「ね、つむぎさん。お願い。
　絶対、絶対、お兄ちゃんはやってくるから……」
1283000 ,,,,,,,つむぎ,つむぎ,05tum858_006.wav,tumugi,,5,,,,,「………………」
1284000 ,,,,,,,つむぎ,つむぎ,05tum858_007.wav,tumugi,,42,,,,,「ありがとね、千紗ちゃん。
　私、千紗ちゃんから優哉さん取っちゃったのに……」
1285000 ,,,,,,,千紗,千紗,06tis858_025.wav,tumugi,,42,,,,,「ううん。つむぎさんは悪くないよ。
　つむぎさんの方が、千紗よりも
　強かったってだけだから」
1286000 ,,,,,,,,,,tumugi,,42,,,,,　お兄ちゃんを想う……その気持ちが。
1287000 ,,,,,,,千紗,千紗,06tis858_026.wav,tumugi,,42,,,,,「だから……お兄ちゃんとつむぎさんは、
　ずっと幸せでいてほしいの」
1288000 ,,,,,,,つむぎ,つむぎ,05tum858_008.wav,tumugi,,5,,,,,「……………………」
1289000 ,,,,,,,つむぎ,つむぎ,05tum858_009.wav,tumugi,,5,,,,,「……ごめんね。それは、もうできないの。
　わかって、千紗ちゃん」
1290000 ,,,,,,,千紗,千紗,06tis858_027.wav,tumugi,,5,,,,,「うそ…………」
1291000 ,,,,,,,つむぎ,つむぎ,05tum858_010.wav,tumugi,,0,,,,,「えっ？」
1292000 ,,,,,,,千紗,千紗,06tis858_028.wav,tumugi,,0,,,,,「うそでしょ！？　それは……」
1293000 ,,,,,,,つむぎ,つむぎ,05tum858_011.wav,tumugi,,5,,,,,「…………………………」
1294000 ,,,,,,,,,,tumugi,,5,,,,,　つむぎさん……。
　わかってる。千紗、わかってるよ。
1295000 ,,,,,,,,,,tumugi,,5,,,,,　千紗も、つむぎさんと同じくらい……
　お兄ちゃんのこと、好きだったから。
1296000 ,,,,,,,,,,tumugi,,5,,,,,　だから、つむぎさんの考えることも、
　なんとなく、わかるの。
1297000 ,,,,,,,,,,tumugi,,5,,,,,　つむぎさん、自分の気持ちにうそをついて、
　お兄ちゃんと別れようとしてる。
1298000 ,,,,,,,,,,tumugi,,5,,,,,　お兄ちゃんも、迷ってる。
　なにか、すごく悲しい理由があって……。
1299000 ,,,,,,,,,,tumugi,,5,,,,,　つむぎさんを、引きとめられないんだ。
1300000 ,,,,,,,,,,tumugi,,5,,,,,　千紗は、その理由をよく知らないけど……
　けど、千紗……。
1301000 ,,,,,,,,,,tumugi,,5,,,,,　ふたりの笑ってる顔、大好きだから……。
1302000 ,,,,,,,,,,tumugi,,5,,,,,　ふたりのこと、大好きだから……。
1303000 ,,,,,,,千紗,千紗,06tis858_029.wav,tumugi,,5,,,,,「つむぎさんは、
　やっぱりお兄ちゃんといてほしいよ……」
1304000 ,,,,,,,つむぎ,つむぎ,05tum858_012.wav,tumugi,,42,,,,,「千紗ちゃん……」
1305000 ,,,,,,,つむぎ,つむぎ,05tum858_013.wav,tumugi,,42,,,,,「ありがとう。ありがとうね、千紗ちゃん。
　私、すごく嬉しいよ……」
1306000 ,,,,,,,,,,tumugi,,42,,,,,　つむぎさんはそう言って、
　千紗をぎゅっと抱きしめてくれた。
1307000 ,,,,,,,,,,tumugi,,42,,,,,　そのあたたかさは、なぜだか、
　ほとんど覚えてないはずの
　お母さんを思い出して……。
1308000 ,,,,,,,,,,tumugi,,42,,,,,　千紗、泣いちゃうのを我慢するのに、必死だった。
1308090 ,,<!Lend_scene_change>,0,9000,,,,,,,,,,,,,
1310700 ,$go 859,,,,,,,,,,,,,,,,
1311000 ,@861,,,,,,,,,,,,,,,,
1315000 ,,<!Lbegin_continue>,5,10302,,,,,,,,,,,,,　丘の上に、黒い髪の少女。
1316000 ,,,,,,,,,,,,,,,,,　俺の、誰より大切な――
1317000 ,,,,,,,優哉,優哉,,,,,,,,,「つむぎ！！！」
1318000 ,,,,,,,つむぎ,つむぎ,05tum861_001.wav,"tumugi,private",,2,,,,,「優哉…………さん……………………」
1319000 ,,,,,,,,,,tumugi,,2,,,,,　つむぎが、こちらを振り返る。
1320000 ,,,,,,,,,,tumugi,,2,,,,,　ひとりたたずむつむぎの＜瞳＝め＞には、
　涙の跡があった。
1321000 ,,,,,,,つむぎ,つむぎ,05tum861_002.wav,tumugi,,5,,,,,「優哉さん……………………。
　……ぐっ！？」
1322000 ,,,,,,,優哉,優哉,,tumugi,,5,,,,,「つむぎ！？　どうした、つむぎ！」
1323000 ,,,,,,,つむぎ,つむぎ,05tum861_003.wav,tumugi,,3,,,,,「優哉さん、ダメです……。
　引き、返して、ください…………」
1324000 ,,,,,,,優哉,優哉,,tumugi,,3,,,,,「できるか！」
1325000 ,,,,,,,,,,tumugi,,3,,,,,　俺はつむぎに駆け寄ろうとする。
1326000 ,,,,,,,つむぎ,つむぎ,05tum861_005.wav,tumugi,,3,,,,,「ダメです……。優哉さん……」
1327000 ,,,,,,,,,,tumugi,,3,,,,,　つむぎの厳しい声が、これ以上
　俺が近づくのを拒否している。
1328000 ,,,,,,,つむぎ,つむぎ,05tum861_006.wav,tumugi,,3,,,,,「もう……私には時間がありません……。だから……」
1329000 ,,,,,,,,,,tumugi,,3,,,,,　もう、なのか？
　残された時間は、そんなにも少なかったのか……？
1330000 ,,,,,,,つむぎ,つむぎ,05tum861_007.wav,tumugi,,5,,,,,「私は、ひとりで……大丈夫です……。
　ひとりで……大丈夫ですから……」
1331000 ,,,,,,,優哉,優哉,,tumugi,,5,,,,,「つむぎ、寂しいこと言うなよ……！」
1332000 ,,,,,,,つむぎ,つむぎ,05tum861_008.wav,tumugi,,3,,,,,「き、来ては……だ、だめですっ……」
1333000 ,,,,,,,,,,tumugi,,3,,,,,　両手を広げ、一歩一歩、つむぎに近づいていく。
1334000 ,,,,,,,優哉,優哉,,tumugi,,3,,,,,「一人でなんか、絶対にいかせない……。
　約束しただろ？　俺、お前のこと全力で
　守るって……」
1335000 ,,,,,,,つむぎ,つむぎ,05tum861_009.wav,tumugi,,3,,,,,「来ちゃ……だめです……」
1336000 ,,,,,,,優哉,優哉,,tumugi,,3,,,,,「約束しただろ？　ずっと一緒だって……！」
1337000 ,,,,,,,つむぎ,つむぎ,05tum861_010.wav,tumugi,,3,,,,,「き、来ちゃ……だめ……」
1338000 ,,,,,,,,,,tumugi,,3,,,,,　あと５歩の距離。
1339000 ,,,,,,,,,,tumugi,,3,,,,,　目に涙を浮かべ、心の最後の壁を、
　俺にさらけだすつむぎ。
1340000 ,,,,,,,優哉,優哉,,tumugi,,3,,,,,「つむぎ！　お前は今まで、よく頑張ってきた！」
1341000 ,,,,,,,つむぎ,つむぎ,05tum861_011.wav,tumugi,,3,,,,,「そんなこと……っ」
1342000 ,,,,,,,優哉,優哉,,tumugi,,3,,,,,「今、俺たちがここで……この星河原で生きているのは
　全部お前のおかげなんだぞ！」
1343000 ,,,,,,,優哉,優哉,,tumugi,,3,,,,,「だから、幸せになろうとしてくれ！！！」
1344000 ,,,,,,,優哉,優哉,,tumugi,,3,,,,,「たとえ、どんなに短い時間しか残されて
　いないとしても……幸せになってくれ！！！」
1345000 ,,,,,,,つむぎ,つむぎ,05tum861_012.wav,tumugi,,2,,,,,「し……しあわせ……に？」
1346000 ,,,,,,,優哉,優哉,,tumugi,,2,,,,,「ああ！　俺が幸せにする！！
　俺のすべてをかけて、つむぎを幸せにする！！」
1347000 ,,,,,,,つむぎ,つむぎ,05tum861_013.wav,tumugi,,3,,,,,「ゆ、優哉さ……」
1348000 ,,,,,,,,,,tumugi,,3,,,,,　そして、両手を広げたままつむぎの正面に立つ。
1349000 ,,,,,,,優哉,優哉,,tumugi,,3,,,,,「どんなことになっても……どんな姿になっても、
　俺は、お前を愛し続ける」
1350000 ,,,,,,,優哉,優哉,,tumugi,,3,,,,,「だから、一緒にいよう！
　俺は、つむぎと最後の一秒たりとも離れたくない！」
1351000 ,,,,,,,つむぎ,つむぎ,05tum861_014.wav,tumugi,,3,,,,,「先ほど、言ったはずです……。
　私は……今まで堰き止めた時間を、
　この身体で一気に引き受けねばなりません……」
1352000 ,,,,,,,つむぎ,つむぎ,05tum861_015.wav,tumugi,,3,,,,,「その姿になった私は……。
　もう、優哉さんと、一緒にはいられません……」
1353000 ,,,,,,,優哉,優哉,,tumugi,,3,,,,,「それがどうしたってんだよ！」
1354000 ,,,,,,,優哉,優哉,,tumugi,,3,,,,,「それぐらいで俺の気持ちは変わらねぇ！
　つむぎは、俺の約束を疑うのか！？」
1355000 ,,,,,,,つむぎ,つむぎ,05tum861_016.wav,tumugi,,3,,,,,「ゆ……優哉さん…………」
1356000 ,,,,,,,,,,tumugi,,3,,,,,　つむぎの目が、透明なもので潤みはじめる。
1357000 ,,,,,,,つむぎ,つむぎ,05tum861_017.wav,tumugi,,3,,,,,「本当に……」
1358000 ,,,,,,,つむぎ,つむぎ,05tum861_018.wav,tumugi,,3,,,,,「本当に……いいんですか……？」
1359000 ,,,,,,,優哉,優哉,,tumugi,,3,,,,,「ああ」
1360000 ,,,,,,,つむぎ,つむぎ,05tum861_019.wav,tumugi,,3,,,,,「きっと……想像以上に大変です……」
1361000 ,,,,,,,優哉,優哉,,tumugi,,3,,,,,「もちろん俺だって悩んださ！
　だけど、今、ここでつむぎと別れたら、
　俺は一生後悔する！！」
1363000 ,,,,,,,つむぎ,つむぎ,05tum861_020.wav,tumugi,,3,,,,,「ですが……、ですが……っ！！！」
1364000 ,,,,,,,優哉,優哉,,tumugi,,3,,,,,「いいんだよ、つむぎ！
　俺は、つむぎのすべてを受け入れる！！」　
1365000 ,,,,,,,優哉,優哉,,tumugi,,3,,,,,「誓うよ！　俺は絶対お前を離さない！！」
1366000 ,,,,,,,つむぎ,つむぎ,05tum861_021.wav,tumugi,,3,,,,,「わ、私……？」
1367000 ,,,,,,,優哉,優哉,,tumugi,,3,,,,,「死ぬなんて言わないでくれ！
　別れるなんて言わないでくれ！
　諦めたらだめだ！！」
1368000 ,,,,,,,優哉,優哉,,tumugi,,3,,,,,「俺は……俺は……っ」
1369000 ,,,,,,,優哉,優哉,,tumugi,,3,,,,,「嫌だ！　俺はつむぎと別れるのは嫌だ！！」
1370000 ,,,,,,,つむぎ,つむぎ,05tum861_022.wav,tumugi,,3,,,,,「…………………………！！！」
1371000 ,,,,,,,つむぎ,つむぎ,05tum861_023.wav,tumugi,,40,,,,,「優哉さんっ……！」
1373000 ,,,,,,,つむぎ,つむぎ,05tum861_024.wav,tumugi,,40,,,,,「ううっ、うぁぁぁぁっ！
　うううっ、あっ、うぁぁぁぁぁ……！！」
1374000 ,,,,,,,,,,tumugi,,40,,,,,　全身をぶつけるように、
　つむぎが俺の胸に飛び込んでくる。
1375000 ,,,,,,,つむぎ,つむぎ,05tum861_025.wav,tumugi,,40,,,,,「ううううっ、ああっ！　うううう……。
　優哉さん、優哉さん……！！」
1376000 ,,,,,,,優哉,優哉,,tumugi,,40,,,,,「つむぎ…………！！！」
1377000 ,,,,,,,,,,,,,,,,,　小さくて細い身体。
1378000 ,,,,,,,,,,,,,,,,,　この世にたった一つだけの、最愛の存在を、
　俺は思いに任せて抱きしめた。
1378090 ,,<!Lend_continue>,0,9000,,,,,,,,,,,,,
1381000 ,@862,,,,,,,,,,,,,,,,
1384000 ,,<!Lbegin_continue>,5,10302,,,,,,,,,,,,,　静寂の中で、時折
　虫の音色が心地よく響く。
1385000 ,,,,,,,優哉,優哉,,,,,,,,,「……なあ、つむぎ、覚えてるか？」
1386000 ,,,,,,,,,,,,,,,,,　丘の上で寄り添いながら、俺たちは、
　これまでの思い出を、一つ一つ語り合った。
1387000 ,,,,,,,,,,,,,,,,,　つむぎが、青白い顔で儚く微笑む。
1388000 ,,,,,,,つむぎ,つむぎ,05tum862_001.wav,"tumugi,private",,42,,,,,「学園に入って、良かったです……。
　温泉部のみなさんや、クラスの方たち……。
　たくさんの経験を、得ることができました……」
1389000 ,,,,,,,優哉,優哉,,tumugi,,42,,,,,「お前、頑張りすぎなくらい頑張ってたな……」
1390000 ,,,,,,,つむぎ,つむぎ,05tum862_002.wav,tumugi,,42,,,,,「はい……最初で最後の経験だということが、
　わかっていましたから……」
1391000 ,,,,,,,優哉,優哉,,tumugi,,42,,,,,「そんなこと、言うなよ……」
1392000 ,,,,,,,,,,tumugi,,42,,,,,　つむぎの肩を、ぎゅっと抱き寄せる。
1393000 ,,,,,,,つむぎ,つむぎ,05tum862_003.wav,tumugi,,42,,,,,「優哉さん……嬉しい……嬉しいです……
　その言葉だけで……充分です……」
1394000 ,,,,,,,優哉,優哉,,tumugi,,42,,,,,「充分なんて……言うなよ……」
1395000 ,,,,,,,,,,tumugi,,42,,,,,　つむぎの声が、どんどん弱々しくなっていく。
1396000 ,,,,,,,,,,tumugi,,42,,,,,　俺は、泣きそうになる気持ちを抑え、
　わざと明るい声をだす。
1397000 ,,,,,,,優哉,優哉,,tumugi,,42,,,,,「なあ、つむぎ……二人で町歩いたの、楽しかったな」
1398000 ,,,,,,,つむぎ,つむぎ,05tum862_004.wav,tumugi,,1,,,,,「ふふっ……はい、優哉さん……。
　優哉さんは、おろおろする私の手を
　やさしくつないでくれました……」
1399000 ,,,,,,,つむぎ,つむぎ,05tum862_005.wav,tumugi,,1,,,,,「あのとき、私……本当はとてもうれしくて……。
　胸の高鳴りが止まらなくて、幸せでした……」
1400000 ,,,,,,,優哉,優哉,,tumugi,,1,,,,,「ケーキ、旨かったな……
　お前、モンブランが好きで……」
1401000 ,,,,,,,つむぎ,つむぎ,05tum862_006.wav,tumugi,,1,,,,,「なぽれおんも、美味しかったです……
　もっと、食べてみたかったです……」
1403000 ,,,,,,,優哉,優哉,,tumugi,,1,,,,,「ばか、また絶対連れて行ってやる。
　それでまた、すみさきのみんなに
　土産を買って帰ってやろう？」
1404000 ,,,,,,,つむぎ,つむぎ,05tum862_007.wav,tumugi,,42,,,,,「そうですね……」
1405000 ,,,,,,,つむぎ,つむぎ,05tum862_008.wav,tumugi,,42,,,,,「お祭りも、楽しかったですね……」
1406000 ,,,,,,,優哉,優哉,,tumugi,,42,,,,,「ああ……。てるてる坊主、いっぱい作ったな。
　お前の頑張りのおかげで成功したんだよ」
1407000 ,,,,,,,つむぎ,つむぎ,05tum862_009.wav,tumugi,,1,,,,,「最後にお祭りに行けて、良かった……
　あなたと二人のお祭り……いまでも……
　胸の中に……しっかり残っています」
1408000 ,,,,,,,優哉,優哉,,tumugi,,1,,,,,「俺もだよ。あの日のこと、絶対忘れない」
1409000 ,,,,,,,優哉,優哉,,tumugi,,1,,,,,「浴衣のつむぎ……きれいだった……。
　ドキドキした。あの時も、二人で
　ここに登ったな？」
1410000 ,,,,,,,つむぎ,つむぎ,05tum862_010.wav,tumugi,,42,,,,,「はい……あなたに愛して貰えて、私……
　本当に、幸せでした……」
1411000 ,,,,,,,つむぎ,つむぎ,05tum862_011.wav,tumugi,,42,,,,,「私が……こんな風に、恋できるなんて……
　思いもしなかったから……」
1412000 ,,,,,,,優哉,優哉,,tumugi,,42,,,,,「本当に、幸せか？　つむぎ……今幸せか？」
1413000 ,,,,,,,つむぎ,つむぎ,05tum862_012.wav,tumugi,,1,,,,,「はい……。優哉さんのおかげです……
　優哉さん、つむぎは幸せです……」
1415000 ,,,,13102,,,,,,,,,,,,,　つむぎが、俺の肩に頭をあずけてくる。　
　遠くで、花火の音が聞こえた。
1416000 ,,,,,,,,,,,,,,,,,　どこか、ふもとの街の方で
　花火を打ち上げているらしい。
1417000 ,,,,,,,,,,,,,,,,,　ここは、別世界のように静まりかえっている。
1418000 ,,,,,,,,,,,,,,,,,　静かな、本当に静かな二人だけの世界。
1419000 ,,,,,,,,,,,,,,,,,　俺は、ただただ、つむぎの肩を抱き続けた。
1419090 ,,<!Lend_scene_change>,0,9000,,,,,,,,,,,,,
1422000 ,@863,,,,,,,,,,,,,,,,
1425000 ,,<!Lbegin_scene_change>,5,10302,,,つむぎ,つむぎ,05tum863_001.wav,"tumugi,private",,42,,,,,「静か、ですね…………」
1426000 ,,,,,,,,,,tumugi,,42,,,,,　不意に、つむぎが口を開く。
1427000 ,,,,,,,優哉,優哉,,tumugi,,42,,,,,「ああ」
1428000 ,,,,,,,つむぎ,つむぎ,05tum863_002.wav,tumugi,,90,,,,,「あの日も……こんな静かな夜でした」
1429000 ,,,,,,,,,,tumugi,,90,,,,,　そう言って、懐かしそうな目で夜空を仰ぐ。
1431000 ,,,,13102,,,,,,,,,,,,,　俺も、つむぎに倣って星空を見上げた。
1432000 ,,,,,,,,,,,,,,,,,　あの日とは……どの日なのだろうか？
1433000 ,,,,,,,,,,,,,,,,,　つむぎが、自分の運命を決めた日のことなのか？
1434000 ,,,,,,,つむぎ,つむぎ,05tum863_003.wav,,,,,,,,「昔は、今よりもっと星が多かったですが……。
　この空の……形は変わりませんね……」
1435000 ,,,,,,,優哉,優哉,,,,,,,,,「形……？」
1436000 ,,,,,,,つむぎ,つむぎ,05tum863_004.wav,,,,,,,,「はい……。狭い……あの空」
1438000 ,,,,10302,,,,,,tumugi,,4,,,,,　何かに導かれるように、
　つむぎが、不意に立ち上がった。
1439000 ,,,,,,,,,,tumugi,,4,,,,,　俺も腰を上げる。
1440000 ,,,,,,,つむぎ,つむぎ,05tum863_005.wav,tumugi,,4,,,,,「……来ないで、下さい！」
1441000 ,,,,,,,優哉,優哉,,tumugi,,4,,,,,「えっ！？」
1442000 ,,,,,,,つむぎ,つむぎ,05tum863_006.wav,tumugi,,40,,,,,「お願いです。私、決めたんです……。
　優哉さんに、迷惑はかけたくないですから……」
1443000 ,,,,,,,つむぎ,つむぎ,05tum863_007.wav,tumugi,,40,,,,,「だからやっぱり……私だけが行きます」
1444000 ,,,,,,,優哉,優哉,,tumugi,,40,,,,,「待てよつむぎ、ずっと一緒だって言っただろ！？」
1445000 ,,,,,,,つむぎ,つむぎ,05tum863_008.wav,tumugi,,40,,,,,「もう、充分一緒にいていただきました……」
1446000 ,,,,,,,優哉,優哉,,tumugi,,40,,,,,「まだだよ！　まだ足りない！
　俺は、最後の最後まで、お前のそばにいる！」
1447000 ,,,,,,,つむぎ,つむぎ,05tum863_009.wav,tumugi,,42,,,,,「いいえ……もう、いいんです。
　あなたは、あなたの未来を生きてください……」
1448000 ,,,,,,,優哉,優哉,,tumugi,,42,,,,,「俺の未来は、お前と一緒じゃないと嫌だ！」
1449000 ,,,,,,,つむぎ,つむぎ,05tum863_010.wav,tumugi,,42,,,,,「いえ……」
1450000 ,,,,,,,つむぎ,つむぎ,05tum863_011.wav,tumugi,,42,,,,,「私にはもう、わずかな未来しかないのですから……」
1451000 ,,,,,,,優哉,優哉,,tumugi,,42,,,,,「つむぎ！」
1452000 ,,,,,,,つむぎ,つむぎ,05tum863_012.wav,tumugi,,40,,,,,「さよなら、優哉さん……」
1453000 ,,,,,,,優哉,優哉,,tumugi,,40,,,,,「…………ッ！」
1454000 ,,,,,,,,,,,,,,,,,　つむぎが、遠ざかっていく。
1455000 ,,,,,,,,,,,,,,,,,　声が出ない。足が震える。
1456000 ,,,,,,,優哉,優哉,,,,,,,,,「……ッッ……」
1457000 ,,,,,,,,,,,,,,,,,　なんで、こんな風に終りにしようとするんだつむぎ。
1458000 ,,,,,,,,,,,,,,,,,　本当に、もうつむぎは充分なのか？
1459000 ,,,,,,,,,,,,,,,,,　俺は、つむぎを幸せにできたのか？
1460000 ,,,,,,,,,,,,,,,,,　つむぎには、もう何の後悔もないのか？
1461000 ,,,,,,,,,,,,,,,,,　でも、俺は……俺は…………！！！
1464000 ,,<!ef_shasei>,,,100141,,つむぎ,つむぎ,05tum863_013.wav,,,,,,,,「あ…………」
1465000 ,,,,,100141,,,,,,,,,,,,　しっかりと、逃げ場なんて一つもないくらい、
　つむぎを抱きしめる。
1466000 ,,,,,100141,,優哉,優哉,,,,,,,,,「つむぎ……。
　俺は絶対にお前をを離さないって、
　さっき誓ったはずだ」
1467000 ,,,,,100141,,つむぎ,つむぎ,05tum863_014.wav,,,,,,,,「ダメです、優哉さん……。
　来ないでって、言ったのに……」
1468000 ,,,,,100141,,優哉,優哉,,,,,,,,,「悪いな、つむぎ。
　好きな相手の願いも聞けない男で……」
1469000 ,,,,,100141,,つむぎ,つむぎ,05tum863_015.wav,,,,,,,,「私……あなたを苦しめたくない……
　あなたを縛りたくない……」
1470000 ,,,,,100141,,優哉,優哉,,,,,,,,,「ちがうよ、つむぎ……」
1471000 ,,,,,100141,,優哉,優哉,,,,,,,,,「俺がお前を離したくないんだ。
　俺が、お前から離れられないんだ。
　俺が、後悔したくないんだ……」
1472000 ,,,,,100141,,つむぎ,つむぎ,05tum863_016.wav,,,,,,,,「ちがいます……ちがうんです……！」
1473000 ,,,,,100141,,つむぎ,つむぎ,05tum863_017.wav,,,,,,,,「私があなたの優しさに甘えて、
　あなたの未来を奪ってしまう……」
1474000 ,,,,,100141,,つむぎ,つむぎ,05tum863_018.wav,,,,,,,,「だから！　だから……！
　たくさん悩んだから、別れようって決めたのに……」
1475000 ,,,,,100141,,優哉,優哉,,,,,,,,,「ぜったいに別れるもんかよ！
　愛してる、愛してるんだよ！　つむぎ！」
1476000 ,,,,,100141,,つむぎ,つむぎ,05tum863_019.wav,,,,,,,,「優哉、さん……」
1477000 ,,,,,100141,,,,,,,,,,,,　俺の腕の中で、つむぎの身体が震え出す。
1479000 ,,,,,100142,,つむぎ,つむぎ,05tum863_020.wav,,,,,,,,「うっ、ううっ、ううううっ……！
　うぁぁっ、ううっ、うああぁぁぁ……！！」
1480000 ,,,,,100142,,つむぎ,つむぎ,05tum863_021.wav,,,,,,,,「優哉さん、優哉さん……！
　ああっ、ううっ、うぁぁぁっ……！！」
1481000 ,,,,,100142,,,,,,,,,,,,　つむぎが、声を上げて泣き出す。
1482000 ,,,,,100142,,優哉,優哉,,,,,,,,,「つむぎ、つむぎ……！」
1483000 ,,,,,100142,,,,,,,,,,,,　俺も、声をあげて泣いた。
1484000 ,,,,,100142,,,,,,,,,,,,　悲しいからだけじゃない。
　本当に、つむぎのことが愛おしいから。
1485000 ,,,,,100142,,,,,,,,,,,,　相手のことを深く思えば思うほど、
　涙が止まらなかった。
1486000 ,,,,,100142,,優哉,優哉,,,,,,,,,「ぜったい……ぜったい離れないッ……！
　つむぎっ……一緒だからっ……！！」　
1487000 ,,,,,100142,,,,,,,,,,,,　子供のように泣きじゃくる俺たちを、
　狭い星空が見守っていた。
1489000 ,,,,13102,,,優哉,優哉,,,,,,,,,「つむぎ……。これからも、ずっと一緒に……」
1490000 ,,,,,,,つむぎ,つむぎ,05tum863_022.wav,,,,,,,,「はい……。優哉さん……」
1491000 ,,,,,,,,,,,,,,,,,　俺たちは、しっかり互いの手を繋ぎ合う。
1492000 ,,,,,,,,,,,,,,,,,　目と目を見合わせれば、互いの考えていることが
　手に取るようにわかった。
1493000 ,,,,,,,,,,,,,,,,,　俺たちは、はじまりの場所であり、
　最後の場所である、源泉へと歩き出した……。
1493090 ,,<!Lend_move>,0,9000,,,,,,,,,,,,,
1496000 ,@864,,,,,,,,,,,,,,,,
1499000 ,,<!Lbegin_move>,0,9000,,,つむぎ,つむぎ,05tum864_001.wav,,,,,,,,「これが、私の最後の力……。
　どうか、生き返って……」
1500000 ,,,,,,,,,,,,,,,,,　水溜まり程度の大きさになってしまった
　源泉に、つむぎが両手をつける。
1501000 ,,,,,,,つむぎ,つむぎ,05tum864_002.wav,,,,,,,,「星河原の町に、もう一度優しい湯の恵みを
　与えてあげて……！」
1502000 ,,,6,,,,,,,,,,,,,,　つむぎの身体が、淡い光で輝きだす。
1503000 ,,,,,,,,,,,,,,,,,　その輝きが、吸い込まれるようにして、
　源泉の中へと消えていく。
1504000 ,,,,,,,,,,,,,,,,,　どんどんつむぎをとりまく光が薄くなっていく。
1505000 ,,,,,,,,,,,,,,,,,　俺はその身体を、後ろから抱きしめ続けた。
1507000 ,,<s_fade time=""2000"">,,,100151,,,,,,,,,,,,　すべての力を使い果たしたつむぎを、
　俺は抱きしめ続ける。
1508000 ,,,,,100151,,,,,,,,,,,,　さっきまで濁った水溜まりのようだった源泉から、
　どんどん澄み切った湯が湧き上がってきている。
1509000 ,,,,,100151,,,,,,,,,,,,　俺たち二人は、驚くくらい心穏やかに、
　“その時”を待つことが出来た。
1510000 ,,,,,100151,,,,,,,,,,,,　泉の周辺に生える楓だけが、碧い。
1511000 ,,,,,100151,,,,,,,,,,,,　それはまるで、紅葉を忘れているかのような、
　若々しい碧さだった。
1512000 ,,,,,100151,,つむぎ,つむぎ,05tum864_003.wav,,,,,,,,「優哉さん、ありがとうございます……」
1513000 ,,,,,100151,,つむぎ,つむぎ,05tum864_004.wav,,,,,,,,「あなたがこうしていてくれるから……
　私は怖くない……」
1514000 ,,,,,100151,,つむぎ,つむぎ,05tum864_005.wav,,,,,,,,「こんな、穏やかな気持ちで
　この瞬間を迎えられるなんて……」
1515000 ,,,,,100151,,優哉,優哉,,,,,,,,,「つむぎ…………」
1516000 ,,,,,100151,,,,,,,,,,,,　緑色の楓が、ざわざわと音を立てる。
1517000 ,,,,,100151,,つむぎ,つむぎ,05tum864_006.wav,,,,,,,,「いよいよ……。時が、進むんですね……」
1518000 ,,,,,100151,,,,,,,,,,,,　つむぎの声は、穏やかだった。
1519000 ,,,,,100151,,優哉,優哉,,,,,,,,,「つむぎ。愛してる」
1520000 ,,,,,100151,,つむぎ,つむぎ,05tum864_007.wav,,,,,,,,「はい……。私もです……」
1521000 ,,,,,100151,,つむぎ,つむぎ,05tum864_008.wav,,,,,,,,「優哉さん。ありがとうございます……。
　私、あなたと出会えて……」
1522000 ,,,,,100151,,つむぎ,つむぎ,05tum864_009.wav,,,,,,,,「９０年分の恋が、できました……」
1523000 ,,,,,100151,,優哉,優哉,,,,,,,,,「おまえと過ごした時間は、かけがえのない宝物だ。
　そして、これからの日々も……」
1524000 ,,,,,100151,,つむぎ,つむぎ,05tum864_010.wav,,,,,,,,「うれしい……」
1525000 ,,,,,100151,,,,,,,,,,,,　つむぎが、にこりと、やわらかく、満ち足りた
　微笑みを浮かべる。
1526000 ,,,,,100151,,,,,,,,,,,,　その瞬間。
1527000 ,,,6,,100151,,,,,,,,,,,,　俺の腕の中にあったつむぎの身体が、
　ふっと、軽くなった。
1528000 ,,,,,100151,,つむぎ,つむぎ,05tum864_011.wav,,,,,,,,「優哉さん…………」
1529000 ,,,,,100151,,つむぎ,つむぎ,05tum864_012.wav,,,,,,,,「ようやく、私…………」
1530000 ,,,,,100151,,つむぎ,つむぎ,05tum864_013.wav,,,,,,,,「前に、進める……」
1530900 ,,<hide><s_fade wa type=""shadeoff"" time=""1300"" param=""type=b"">,,,"100152,13,-102,1.6",,,,,,,,,,,,
1530990 ,,<hide><s_fade wa time=""1100"" type=""zoom"">,,,"100152,0,0,1.0",,,,,,,,,,,,
1530998 ,,<hide><wait time=""2500"" skip=""false"">,,,100152,,,,,,,,,,,,
1530999 ,,<hide><s_fade wa time=""15000"" param=""file=af/p001.af&range=-250&trans=3"">,,,100153,,,,,,,,,,,,
ERR,,<hide><wait time=""1000"" skip=""false"">,,,100153,,,,,,,,,,,,
1534800 ,,<hide><m_fade fadeout=""15000"">,0,,100153,,,,,,,,,,,,
1534900 ,,<hide><s_fade wa type=""shadeoff"" time=""15000"">,,9001,,,,,,,,,,,,,
1534990 ,,<hide><wait time=""5000"" skip=""false"">,,,,,,,,,,,,,,,
1538000 ,@865,,,,,,,,,,,,,,,,
1585600 ,,<hide><s_fade type=""shadeoff"" time=""4000"">,,9001,,,,,,,,,,,,,
1585700 ,$ending,,,,,,,,,,,,,,,,
1585800 ,"$fset %ending,0",,,,,,,,,,,,,,,,
1585900 ,$staffroll,,,,,,,,,,,,,,,,
1586000 ,,,13,9000,,,,,,,,,,,,,　風が、吹いていた。
1587000 ,,,,,,,,,,,,,,,,,　秋の終わりを告げる、鋭さを帯びた風だった。
1589000 ,,,,,,,,,,,,,,,,,「そろそろ戻ろうか。冷たい風は、身体に毒だよ」
1591000 ,,,,,,,,,,,,,,,,,「はい」
1592000 ,,,,,,,,,,,,,,,,,　俺たちの間を、再び風が吹き抜ける。
1593000 ,,,,,,,,,,,,,,,,,　その風から彼女をかばうように、俺は身体を寄せた。
1596000 ,,<s_fade time=""4000"">,,,100161,,,,,,,,,,,,「あ…………」
1597000 ,,,,,100161,,,,,,,,,,,,　ふれあう、俺たちの手。
1599000 ,,,,,100161,,,,,,,,,,,,「ごめんなさい、優哉さん……」
1600000 ,,,,,100161,,,,,,,,,,,,　そう言った彼女の小さな手を、
　俺はそっと握りしめた。
1601000 ,,,,,100161,,,,,,,,,,,,　永遠のぬくもりは、確かに、
　俺たちふたりの中に息づいていた。
1604700 ,,<hide><s_fade type=""shadeoff"" time=""4000"">,,9001,,,,,,,,,,,,,
1604790 ,"$fset %title_pat,2",,,,,,,,,,,,,,,,全部オープン
1604900 ,$exit true,,,,,,,,,,,,,,,,
1605500 ,@859,,,,,,,,,,,,,,,,
1608500 ,,<!Lbegin_scene_change>,8,12201,,,大和,大和,08yam859_001.wav,"yamato,uniform",,4,,,,,「おい、優哉！」
1609500 ,,,,,,,優哉,優哉,,"yamato,uniform",,4,,,,,「大和……」
1610500 ,,,,,,,大和,大和,08yam859_002.wav,yamato,,0,,,,,「つむぎ、見つかったのか？」
1611500 ,,,,,,,優哉,優哉,,yamato,,0,,,,,「……ああ、見つかった」
1612500 ,,,,,,,大和,大和,08yam859_003.wav,yamato,,1,,,,,「見つかった！？　そいつぁ良かった！」
1613500 ,,,,,,,優哉,優哉,,yamato,,1,,,,,「いや……そうでもない」
1614500 ,,,,,,,大和,大和,08yam859_004.wav,yamato,,4,,,,,「……どうした、なにかあったのか、優哉」
1615500 ,,,,,,,優哉,優哉,,yamato,,4,,,,,「ああ…………」
1616500 ,,,,,,,,,,,,,,,,,　俺は、かいつまんでつむぎの事情を話した。
1617500 ,,,,,,,,,,,,,,,,,　大和に話すことで、
　自分の気持ちも楽になれるような気がしたから。
1618500 ,,,,,,,大和,大和,08yam859_005.wav,yamato,,3,,,,,「そうか…………」
1619500 ,,,,,,,,,,yamato,,3,,,,,　大和は、短くうなずいた。
1620500 ,,,,,,,,,,yamato,,3,,,,,　そして長い沈黙のあと、大和は静かに口を開いた。
1621500 ,,,,,,,大和,大和,08yam859_006.wav,yamato,,4,,,,,「今のお前に、どんな言葉をかけても
　つらいだけだと思うが……」
1622500 ,,,,,,,大和,大和,08yam859_007.wav,yamato,,4,,,,,「いつか、きっと笑える日が来る。
　この谷底の街だって、必ず陽は照らされる」
1623500 ,,,,,,,大和,大和,08yam859_008.wav,yamato,,4,,,,,「だから……あとから後悔しないように、
　しっかりと自分を見つめるんだ」
1624500 ,,,,,,,大和,大和,08yam859_009.wav,yamato,,4,,,,,「精一杯、悩んで、迷って、自分を見つめ抜いて……。
　そうすれば、答えも見つかるはずだぜ」
1625500 ,,,,,,,大和,大和,08yam859_010.wav,yamato,,4,,,,,「その答えが、正しいか間違っているかなんて、
　すぐにはわかりゃしない」
1626500 ,,,,,,,大和,大和,08yam859_011.wav,yamato,,4,,,,,「でも、自分を見つめ抜いて出した答えなら……
　後悔は、しないはずだ」
1627500 ,,,,,,,大和,大和,08yam859_012.wav,yamato,,4,,,,,「あとあと、悔いが残るほど……
　つらいことはないぜ、優哉」
1628500 ,,,,,,,優哉,優哉,,yamato,,4,,,,,「大和…………」
1629500 ,,,,,,,大和,大和,08yam859_013.wav,yamato,,0,,,,,「頑張れよ、優哉。
　お前なら、必ず答えを見つけ出せるはずだ」
1630500 ,,,,,,,優哉,優哉,,yamato,,0,,,,,「……ああ」
1631500 ,,,,,,,優哉,優哉,,yamato,,0,,,,,「すまん、大和。
　だいぶ気持ちが楽になったぜ。助かった」
1632500 ,,,,,,,大和,大和,08yam859_014.wav,yamato,,1,,,,,「そりゃ、俺はお前の親友だからな。当然だ」
1633500 ,,,,,,,,,,yamato,,1,,,,,　大和はそう言って、大げさにおどけてみせる。
1634500 ,,,,,,,優哉,優哉,,yamato,,1,,,,,「俺、行ってくる」
1635500 ,,,,,,,,,,yamato,,1,,,,,　無意識に差し出した俺の拳を、
　大和も同じく拳でこつんと叩き返した。
1636500 ,,,,,,,優哉,優哉,,yamato,,1,,,,,「じゃあな」
1637500 ,,,,,,,大和,大和,08yam859_015.wav,yamato,,0,,,,,「ああ」
1638500 ,,,,,,,,,,,,,,,,,　それだけの短い言葉を交わし、俺は走り出した。
1639400 ,,<!Lend_move>,0,9000,,,,,,,,,,,,,
1641500 ,@860,,,,,,,,,,,,,,,,
1644500 ,,<!Lbegin_move>,12,12101,,,,,,,,,,,,,　俺は、つむぎを追いかけ、
　全速力で竹林を駆け抜けていく。
1645500 ,,,,,,,優哉,優哉,,,,,,,,,「はぁッ、はぁッ……つむぎ！！」
1646500 ,,,,,,,,,,,,,,,,,　もう迷わない。
1647500 ,,,,,,,,,,,,,,,,,　それがどんなに困難な道でも、
　俺はつむぎと一緒にそこを歩く！
1648500 ,,,,,,,温泉卿,温泉卿,12ons860_001.wav,"onsenkyou,private",,0,,,,,「坊主……。つむぎを追ってきたか」
1649500 ,,,,,,,優哉,優哉,,onsenkyou,,0,,,,,「爺さん……！」
1650500 ,,,,,,,温泉卿,温泉卿,12ons860_002.wav,onsenkyou,,4,,,,,「何をしにきた、坊主」
1651500 ,,,,,,,優哉,優哉,,onsenkyou,,4,,,,,「つむぎを幸せにするために、戻ってきた」
1652500 ,,,,,,,温泉卿,温泉卿,12ons860_003.wav,onsenkyou,,4,,,,,「ほう……。残された時間も少ないつむぎを、
　お主が幸せにできると思っておるのか」
1653500 ,,,,,,,優哉,優哉,,onsenkyou,,4,,,,,「それはわからない。
　……だが、俺は、俺の信念を最後まで貫く」
1654500 ,,,,,,,温泉卿,温泉卿,12ons860_004.wav,onsenkyou,,3,,,,,「………………」
1655500 ,,,,,,,温泉卿,温泉卿,12ons860_005.wav,onsenkyou,,0,,,,,「覚悟は、できておるようじゃな」
1656500 ,,,,,,,温泉卿,温泉卿,12ons860_006.wav,onsenkyou,,0,,,,,「もはや、なにも言うまい。
　早う行け。つむぎはこの先におる」
1657500 ,,,,,,,,,,onsenkyou,,0,,,,,　爺さんが、竹林の先を指し示す。
1658500 ,,,,,,,優哉,優哉,,onsenkyou,,0,,,,,「ありがとう、爺さん」
1659500 ,,,,,,,温泉卿,温泉卿,12ons860_007.wav,onsenkyou,,0,,,,,「うむ」
1660400 ,,<hide><s_fade wa time=""1200"" param=""file=af/d003.af&range=128&trans=0"">,,9000,,,,,,,,,,,,,
1660500 ,,<hide><s_fade time=""1800"" param=""file=af/d003.af&range=255&trans=0"">,,12101,,,温泉卿,温泉卿,12ons860_008.wav,onsenkyou,,17,,,,,「武貞、叔夜、鉄太……。
　あの男なら、つむぎを安心して任せられよう」
1661500 ,,,,,,,温泉卿,温泉卿,12ons860_009.wav,onsenkyou,,17,,,,,「わしも、肩の荷が下りたな……」
1663500 ,,<!move_normal>,,13101,,,,,,,,,,,,,　竹林を抜け、別れ道に出る。
1664500 ,,,,,,,優哉,優哉,,,,,,,,,「どっちだ……やっぱり、丘か……？」
1665500 ,,,,,,,千紗,千紗,06tis860_001.wav,,,,,,,,「お兄ちゃん……！」
1667500 ,,<!move_short>,,14301,,,優哉,優哉,,,,,,,,,「千紗！」
1668500 ,,,,,,,,,,,,,,,,,　吊り橋の方から、千紗が歩いてくる。
1669500 ,,,,,,,優哉,優哉,,,,,,,,,「千紗、つむぎに会わ――」
1670500 ,,,,,,,千紗,千紗,06tis860_002.wav,chisa,,41,,,,,「早く行って！　お兄ちゃんっ！
　つむぎさん、橋を渡って丘の方に行ったからっ！」
1671500 ,,,,,,,優哉,優哉,,chisa,,41,,,,,「会ったのか！？」
1672500 ,,,,,,,千紗,千紗,06tis860_003.wav,chisa,,4,,,,,「うんっ！　千紗、つむぎさんに、
　お兄ちゃんは絶対来るから……だから待っててって、
　お願いしておいたから！」
1673500 ,,,,,,,千紗,千紗,06tis860_004.wav,chisa,,41,,,,,「だから、だから早くっ！！」
1674500 ,,,,,,,優哉,優哉,,chisa,,41,,,,,「千紗、すまん」
1675500 ,,,,,,,千紗,千紗,06tis860_005.wav,chisa,,41,,,,,「いいから早く行って、お兄ちゃん！」
1676500 ,,,,,,,優哉,優哉,,chisa,,41,,,,,「わかった！」
1677500 ,,,,,,,,,,chisa,,41,,,,,　千紗の横を通り抜け、俺は橋を賭け渡る。
1678400 ,,<hide><s_fade wa time=""1200"" param=""file=af/d003.af&range=128&trans=0"">,,9000,,,,,,,,,,,,,
1678500 ,,<hide><s_fade time=""1800"" param=""file=af/d003.af&range=255&trans=0"">,,14301,,,千紗,千紗,06tis860_006.wav,chisa,,4,,,,,「…………」
1679500 ,,,,,,,千紗,千紗,06tis860_007.wav,chisa,,4,,,,,「……頑張って、お兄ちゃん」
1681500 ,,<!move_normal>,,14402,,,優哉,優哉,,,,,,,,,「くっ……はぁっ、はぁっ、はぁっ……」
1682500 ,,,,,,,,,,,,,,,,,　陽が落ちてきた。
　山全体が、どんどん暗くなっていく。
1683500 ,,,,,,,優哉,優哉,,,,,,,,,「くそっ……完全に暗くなる前に、見つけないと！」
1684500 ,,,,,,,,,,,,,,,,,　木の根や、枯れ草に、足を取られそうになりながら、
　一心不乱に坂を駆け上がる。
1685500 ,,,,,,,,,,,,,,,,,　心臓が壊れそうだ。
1686500 ,,,,,,,,,,,,,,,,,　だけどつむぎに会うまでは、ぜったいぜったい
　足を止めてたまるか！
1687500 ,,,,,,,優哉,優哉,,,,,,,,,「はぁ、はぁ……つむぎっ！！」
1688500 ,,<m_fade fadeout=""6000"">,0,13102,,,,,,,,,,,,,　山道を登りきったところで、視界が開けた。
1689400 ,,<!Lend_continue>,0,9000,,,,,,,,,,,,,
1691500 ,$go 861,,,,,,,,,,,,,,,,


